run_id,variant,game,seed,step,action,score,state,won,note
24808684,reflexion_arc,complex_maze,5,0,ACTION1,0,GameState.NOT_FINISHED,False,reflection=The game is in an initial state with no previous actions or effects to
24808684,reflexion_arc,complex_maze,5,1,ACTION2,0,GameState.NOT_FINISHED,False,reflection=The game has started with an initial grid layout and symbol counts. Th
24808684,reflexion_arc,complex_maze,5,2,ACTION6,0,GameState.NOT_FINISHED,False,reflection=updated lessons
24808684,reflexion_arc,complex_maze,5,3,ACTION3,0,GameState.NOT_FINISHED,False,"reflection=Observed that actions can change the grid, ACTION1, ACTION2, and ACTIO"
24808684,reflexion_arc,complex_maze,5,4,ACTION3,0,GameState.NOT_FINISHED,False,"reflection=Observed that actions can change the grid, ACTION1, ACTION2, and ACTIO"
24808684,reflexion_arc,complex_maze,5,5,ACTION4,0,GameState.NOT_FINISHED,False,"reflection=Observed that actions can change the grid, ACTION1, ACTION2, ACTION3, "
24808684,reflexion_arc,complex_maze,5,6,ACTION6,0,GameState.NOT_FINISHED,False,"reflection=Observed that actions can change the grid, ACTION1, ACTION2, ACTION3, "
24808684,reflexion_arc,complex_maze,5,7,ACTION6,0,GameState.NOT_FINISHED,False,"reflection=Observed that actions can change the grid, ACTION1, ACTION2, ACTION3, "
24808684,reflexion_arc,complex_maze,5,8,ACTION4,0,GameState.NOT_FINISHED,False,"reflection=Observed that actions can change the grid, ACTION1, ACTION2, ACTION3, "
24808684,reflexion_arc,complex_maze,5,9,ACTION6,0,GameState.NOT_FINISHED,False,"reflection=Observed that actions can change the grid, ACTION1, ACTION2, ACTION3, "
24808684,reflexion_arc,complex_maze,5,10,ACTION6,0,GameState.NOT_FINISHED,False,"reflection=Observed that actions can change the grid, ACTION1, ACTION2, ACTION3, "
24808684,reflexion_arc,complex_maze,5,11,ACTION6,0,GameState.NOT_FINISHED,False,"reflection=Observed that actions can change the grid, ACTION1, ACTION2, ACTION3, "
24808684,reflexion_arc,complex_maze,5,12,ACTION6,0,GameState.NOT_FINISHED,False,"reflection=Observed that actions can change the grid, ACTION1, ACTION2, ACTION3, "
24808684,reflexion_arc,complex_maze,5,13,ACTION6,0,GameState.NOT_FINISHED,False,"reflection=Observed that actions can change the grid, ACTION1, ACTION2, ACTION3, "
24808684,reflexion_arc,complex_maze,5,14,ACTION6,0,GameState.NOT_FINISHED,False,"reflection=Observed that actions can change the grid, ACTION1, ACTION2, ACTION3, "
24808684,reflexion_arc,complex_maze,5,15,ACTION6,0,GameState.NOT_FINISHED,False,"reflection=Observed that actions can change the grid, ACTION1, ACTION2, ACTION3, "
24808684,reflexion_arc,complex_maze,5,16,ACTION6,0,GameState.NOT_FINISHED,False,"reflection=Observed that actions can change the grid, ACTION1, ACTION2, ACTION3, "
24808684,reflexion_arc,complex_maze,5,17,ACTION6,0,GameState.NOT_FINISHED,False,"reflection=Observed that actions can change the grid, ACTION1, ACTION2, ACTION3, "
24808684,reflexion_arc,complex_maze,5,18,ACTION6,0,GameState.NOT_FINISHED,False,"reflection=Observed that actions can change the grid, ACTION1, ACTION2, ACTION3, "
24808684,reflexion_arc,complex_maze,5,19,ACTION6,0,GameState.NOT_FINISHED,False,"reflection=Observed that ACTION6 changes cells from 6 to 3, possibly indicating a"
24808684,reflexion_arc,complex_maze,5,20,ACTION1,0,GameState.NOT_FINISHED,False,"reflection=ACTION6 appears to have a localized effect, changing cells from 6 to 3"
24808684,reflexion_arc,complex_maze,5,21,ACTION2,0,GameState.NOT_FINISHED,False,"reflection=ACTION6 has a localized effect, changing cells from 6 to 3. ACTION1's "
24808684,reflexion_arc,complex_maze,5,22,ACTION2,0,GameState.NOT_FINISHED,False,"reflection=ACTION6 has a localized effect, changing cells from 6 to 3. ACTION1's "
24808684,reflexion_arc,complex_maze,5,23,ACTION2,0,GameState.NOT_FINISHED,False,"reflection=ACTION6 has a localized effect, changing cells from 6 to 3. ACTION1's "
24808684,reflexion_arc,complex_maze,5,24,ACTION3,0,GameState.NOT_FINISHED,False,"reflection=ACTION6 has a localized effect, changing cells from 6 to 3. ACTION1's "
24808684,reflexion_arc,complex_maze,5,25,ACTION4,0,GameState.NOT_FINISHED,False,"reflection=ACTION6 has a localized effect, changing cells from 6 to 3. ACTION1's "
24808684,reflexion_arc,complex_maze,5,26,ACTION4,0,GameState.NOT_FINISHED,False,"reflection=ACTION6 has a localized effect, changing cells from 6 to 3. ACTION1's "
24808684,reflexion_arc,complex_maze,5,27,ACTION5,0,GameState.NOT_FINISHED,False,"reflection=ACTION6 has a localized effect, changing cells from 6 to 3. ACTION1's "
24808684,reflexion_arc,complex_maze,5,28,ACTION5,0,GameState.NOT_FINISHED,False,"reflection=ACTION6 has a localized effect, changing cells from 6 to 3. ACTION1's "
24808684,reflexion_arc,complex_maze,5,29,ACTION5,0,GameState.NOT_FINISHED,False,"reflection=ACTION6 changes cells with value 6 to 3, ACTION1, ACTION2, ACTION3, AC"
24808684,reflexion_arc,complex_maze,5,30,ACTION5,0,GameState.NOT_FINISHED,False,"reflection=ACTION6 changes cells with value 6 to 3, ACTION1, ACTION2, ACTION3, AC"
24808684,reflexion_arc,complex_maze,5,31,ACTION6,0,GameState.NOT_FINISHED,False,"reflection=ACTION6 changes cells with value 6 to 3, ACTION1, ACTION2, ACTION3, AC"
24808684,reflexion_arc,complex_maze,5,32,ACTION2,0,GameState.NOT_FINISHED,False,"reflection=ACTION6 changes cells with value 6 to 3, ACTION1, ACTION2, ACTION3, AC"
24808684,reflexion_arc,complex_maze,5,33,ACTION3,0,GameState.NOT_FINISHED,False,"reflection=ACTION6 changes cells with value 6 to 3, ACTION1, ACTION2, ACTION3, AC"
24808684,reflexion_arc,complex_maze,5,34,ACTION2,0,GameState.NOT_FINISHED,False,"reflection=ACTION6 changes cells with value 6 to 3, ACTION1, ACTION2, ACTION3, AC"
24808684,reflexion_arc,complex_maze,5,35,ACTION1,0,GameState.NOT_FINISHED,False,"reflection=ACTION6 changes cells with value 6 to 3, ACTION1, ACTION2, ACTION3, AC"
24808684,reflexion_arc,complex_maze,5,36,ACTION1,0,GameState.NOT_FINISHED,False,"reflection=ACTION6 changes cells with value 6 to 3, ACTION1, ACTION2, ACTION3, AC"
24808684,reflexion_arc,complex_maze,5,37,ACTION1,0,GameState.NOT_FINISHED,False,"reflection=ACTION6 changes cells with value 6 to 3, ACTION1, ACTION2, ACTION3, AC"
24808684,reflexion_arc,complex_maze,5,38,ACTION1,0,GameState.NOT_FINISHED,False,"reflection=ACTION6 changes cells with value 6 to 3, ACTION1, ACTION2, ACTION3, AC"
24808684,reflexion_arc,complex_maze,5,39,ACTION1,0,GameState.NOT_FINISHED,False,"reflection=ACTION6 changes cells with value 6 to 3, ACTION1, ACTION2, ACTION3, AC"
24808684,reflexion_arc,complex_maze,5,40,ACTION1,0,GameState.NOT_FINISHED,False,"reflection=ACTION6 changes cells with value 6 to 3, ACTION1, ACTION2, ACTION3, AC"
24808684,reflexion_arc,complex_maze,5,41,ACTION1,0,GameState.NOT_FINISHED,False,"reflection=ACTION6 changes cells with value 6 to 3, ACTION1, ACTION2, ACTION3, AC"
24808684,reflexion_arc,complex_maze,5,42,ACTION1,0,GameState.NOT_FINISHED,False,"reflection=ACTION6 changes cells with value 6 to 3, ACTION1, ACTION2, ACTION3, AC"
24808684,reflexion_arc,complex_maze,5,43,ACTION2,0,GameState.NOT_FINISHED,False,"reflection=ACTION6 changes cells with value 6 to 3, ACTION1, ACTION2, ACTION3, AC"
24808684,reflexion_arc,complex_maze,5,44,ACTION1,0,GameState.NOT_FINISHED,False,"reflection=ACTION6 changes cells with value 6 to 3, ACTION1, ACTION2, ACTION3, AC"
24808684,reflexion_arc,complex_maze,5,45,ACTION3,0,GameState.NOT_FINISHED,False,"reflection=ACTION6 changes cells with value 6 to 3, ACTION1, ACTION2, ACTION3, AC"
24808684,reflexion_arc,complex_maze,5,46,ACTION1,0,GameState.NOT_FINISHED,False,"reflection=ACTION6 changes cells with value 6 to 3, ACTION1, ACTION2, ACTION3, AC"
24808684,reflexion_arc,complex_maze,5,47,ACTION1,0,GameState.NOT_FINISHED,False,"reflection=ACTION6 changes cells with value 6 to 3, ACTION1, ACTION2, ACTION3, AC"
24808684,reflexion_arc,complex_maze,5,48,ACTION1,0,GameState.NOT_FINISHED,False,"reflection=ACTION6 changes cells with value 6 to 3, ACTION1, ACTION2, ACTION3, AC"
24808684,reflexion_arc,complex_maze,5,49,ACTION1,0,GameState.NOT_FINISHED,False,"reflection=ACTION6 changes cells with value 6 to 3, ACTION1, ACTION2, ACTION3, AC"
24808684,reflexion_arc,complex_maze,6,0,ACTION1,0,GameState.NOT_FINISHED,False,"reflection=The grid is 32x32 with various symbols, the goal and actions are unkno"
24808684,reflexion_arc,complex_maze,6,1,ACTION2,0,GameState.NOT_FINISHED,False,"reflection=The initial action ACTION1 changed the top-left cell from 6 to 3, indi"
24808684,reflexion_arc,complex_maze,6,2,ACTION3,0,GameState.NOT_FINISHED,False,"reflection=The initial action ACTION1 changed the top-left cell from 6 to 3, indi"
24808684,reflexion_arc,complex_maze,6,3,ACTION6,0,GameState.NOT_FINISHED,False,"reflection=The initial action ACTION1 changed the top-left cell from 6 to 3, indi"
24808684,reflexion_arc,complex_maze,6,4,ACTION3,0,GameState.NOT_FINISHED,False,"reflection=The initial actions have shown that the grid can be modified, with ACT"
24808684,reflexion_arc,complex_maze,6,5,ACTION6,0,GameState.NOT_FINISHED,False,reflection=updated lessons
24808684,reflexion_arc,complex_maze,6,6,ACTION1,0,GameState.NOT_FINISHED,False,reflection=updated lessons
24808684,reflexion_arc,complex_maze,6,7,ACTION6,0,GameState.NOT_FINISHED,False,reflection=updated lessons
24808684,reflexion_arc,complex_maze,6,8,ACTION6,0,GameState.NOT_FINISHED,False,reflection=updated lessons
24808684,reflexion_arc,complex_maze,6,9,ACTION2,0,GameState.NOT_FINISHED,False,"reflection=Observed that actions can change the grid, some actions change the gri"
24808684,reflexion_arc,complex_maze,6,10,ACTION4,0,GameState.NOT_FINISHED,False,"reflection=Observed that actions can change the grid, some actions change the gri"
24808684,reflexion_arc,complex_maze,6,11,ACTION6,0,GameState.NOT_FINISHED,False,"reflection=Observed that actions can change the grid, some actions change the gri"
24808684,reflexion_arc,complex_maze,6,12,ACTION4,0,GameState.NOT_FINISHED,False,"reflection=Observed that actions can change the grid, some actions change the gri"
24808684,reflexion_arc,complex_maze,6,13,ACTION6,0,GameState.NOT_FINISHED,False,"reflection=Continuing to explore the effects of different actions, noticing the d"
24808684,reflexion_arc,complex_maze,6,14,ACTION6,0,GameState.NOT_FINISHED,False,reflection=updated lessons
24808684,reflexion_arc,complex_maze,6,15,ACTION6,0,GameState.NOT_FINISHED,False,"reflection=Observed that ACTION6 changes cells, ACTION2 and ACTION4 also change t"
24808684,reflexion_arc,complex_maze,6,16,ACTION6,0,GameState.NOT_FINISHED,False,"reflection=ACTION6 consistently replaces '6' with '3', exploring its effects furt"
24808684,reflexion_arc,complex_maze,6,17,ACTION6,0,GameState.NOT_FINISHED,False,"reflection=ACTION6 consistently replaces '6' with '3', exploring its effects furt"
24808684,reflexion_arc,complex_maze,6,18,ACTION6,0,GameState.NOT_FINISHED,False,"reflection=ACTION6 consistently replaces '6' with '3', exploring its effects furt"
24808684,reflexion_arc,complex_maze,6,19,ACTION1,0,GameState.NOT_FINISHED,False,"reflection=ACTION6 consistently replaces '6' with '3', exploring its effects furt"
24808684,reflexion_arc,complex_maze,6,20,ACTION6,0,GameState.NOT_FINISHED,False,"reflection=ACTION6 consistently replaces '6' with '3', exploring its effects furt"
24808684,reflexion_arc,complex_maze,6,21,ACTION6,0,GameState.NOT_FINISHED,False,"reflection=ACTION6 consistently replaces '6' with '3', exploring its effects furt"
24808684,reflexion_arc,complex_maze,6,22,ACTION6,0,GameState.NOT_FINISHED,False,"reflection=ACTION6 consistently replaces '6' with '3', exploring its effects furt"
24808684,reflexion_arc,complex_maze,6,23,ACTION6,0,GameState.NOT_FINISHED,False,"reflection=ACTION6 consistently replaces '6' with '3', exploring its effects furt"
24808684,reflexion_arc,complex_maze,6,24,ACTION6,0,GameState.NOT_FINISHED,False,"reflection=ACTION6 consistently replaces '6' with '3', exploring its effects furt"
24808684,reflexion_arc,complex_maze,6,25,ACTION6,0,GameState.NOT_FINISHED,False,"reflection=ACTION6 consistently replaces '6' with '3', exploring its effects furt"
24808684,reflexion_arc,complex_maze,6,26,ACTION6,0,GameState.NOT_FINISHED,False,"reflection=ACTION6 consistently replaces '6' with '3', exploring its effects furt"
24808684,reflexion_arc,complex_maze,6,27,ACTION6,0,GameState.NOT_FINISHED,False,reflection=updated lessons
24808684,reflexion_arc,complex_maze,6,28,ACTION1,0,GameState.NOT_FINISHED,False,"reflection=ACTION6 seems to be changing cells from 6 to 3, potentially revealing "
24808684,reflexion_arc,complex_maze,6,29,ACTION1,0,GameState.NOT_FINISHED,False,reflection=updated lessons
24808684,reflexion_arc,complex_maze,6,30,ACTION6,0,GameState.NOT_FINISHED,False,"reflection=Observed that ACTION6 changes cells, ACTION1 also changes cells, but t"
24808684,reflexion_arc,complex_maze,6,31,ACTION6,0,GameState.NOT_FINISHED,False,reflection=updated lessons
24808684,reflexion_arc,complex_maze,6,32,ACTION6,0,GameState.NOT_FINISHED,False,"reflection=Observed that ACTION6 changes the grid, specifically the last cell in "
24808684,reflexion_arc,complex_maze,6,33,ACTION6,0,GameState.NOT_FINISHED,False,reflection=Continuing to experiment with ACTION6 to identify any patterns or chan
24808684,reflexion_arc,complex_maze,6,34,ACTION6,0,GameState.NOT_FINISHED,False,reflection=Noted that ACTION6 consistently changes cells in the top-right area of
24808684,reflexion_arc,complex_maze,6,35,ACTION2,0,GameState.NOT_FINISHED,False,"reflection=ACTION6 appears to modify the top-right area, ACTION1's effects are un"
24808684,reflexion_arc,complex_maze,6,36,ACTION2,0,GameState.NOT_FINISHED,False,"reflection=ACTION6 seems to modify the top-right area, ACTION1's effects are uncl"
24808684,reflexion_arc,complex_maze,6,37,ACTION2,0,GameState.NOT_FINISHED,False,"reflection=ACTION6 seems to modify the top-right area, ACTION1's effects are rela"
24808684,reflexion_arc,complex_maze,6,38,ACTION6,0,GameState.NOT_FINISHED,False,"reflection=ACTION6 seems to modify the top-right area, ACTION1's effects are rela"
24808684,reflexion_arc,complex_maze,6,39,ACTION2,0,GameState.NOT_FINISHED,False,"reflection=ACTION6 seems to modify the top-right area, ACTION1's effects are rela"
24808684,reflexion_arc,complex_maze,6,40,ACTION6,0,GameState.NOT_FINISHED,False,"reflection=ACTION6 seems to modify the top-right area, ACTION1's effects are rela"
24808684,reflexion_arc,complex_maze,6,41,ACTION6,0,GameState.NOT_FINISHED,False,reflection=updated lessons
24808684,reflexion_arc,complex_maze,6,42,ACTION6,0,GameState.NOT_FINISHED,False,reflection=Observed that ACTION2 and ACTION6 can change the grid. ACTION6 seems t
24808684,reflexion_arc,complex_maze,6,43,ACTION6,0,GameState.NOT_FINISHED,False,reflection=Observed that ACTION2 and ACTION6 can change the grid. ACTION6 seems t
24808684,reflexion_arc,complex_maze,6,44,ACTION6,0,GameState.NOT_FINISHED,False,reflection=Observed that ACTION2 and ACTION6 can change the grid. ACTION6 seems t
24808684,reflexion_arc,complex_maze,6,45,ACTION6,0,GameState.NOT_FINISHED,False,reflection=Observed that ACTION2 and ACTION6 can change the grid. ACTION6 seems t
24808684,reflexion_arc,complex_maze,6,46,ACTION6,0,GameState.NOT_FINISHED,False,reflection=Observed that ACTION2 and ACTION6 can change the grid. ACTION6 seems t
24808684,reflexion_arc,complex_maze,6,47,ACTION3,0,GameState.NOT_FINISHED,False,reflection=updated lessons
24808684,reflexion_arc,complex_maze,6,48,ACTION1,0,GameState.NOT_FINISHED,False,reflection=I've noticed that ACTION6 has been used repeatedly and has resulted in
24808684,reflexion_arc,complex_maze,6,49,ACTION1,0,GameState.NOT_FINISHED,False,reflection=ACTION6 seems to change cells from 6 to 3 and also introduces 8s in th
24808684,reflexion_arc,complex_maze,7,0,ACTION1,0,GameState.NOT_FINISHED,False,reflection=The game is in an initial state with no previous actions or lessons le
24808684,reflexion_arc,complex_maze,7,1,ACTION2,0,GameState.NOT_FINISHED,False,reflection=The game starts with a 32x32 grid containing various symbols. The goal
24808684,reflexion_arc,complex_maze,7,2,ACTION3,0,GameState.NOT_FINISHED,False,"reflection=ACTION1 changes a '6' to a '3', ACTION2 also changes the grid, the goa"
24808684,reflexion_arc,complex_maze,7,3,ACTION4,0,GameState.NOT_FINISHED,False,"reflection=ACTION1 changes a '6' to a '3', ACTION2 and ACTION3 also change the gr"
24808684,reflexion_arc,complex_maze,7,4,ACTION5,0,GameState.NOT_FINISHED,False,"reflection=ACTION1 changes a '6' to a '3', ACTION2 and ACTION3 also change the gr"
24808684,reflexion_arc,complex_maze,7,5,ACTION5,0,GameState.NOT_FINISHED,False,"reflection=ACTION1 changes a '6' to a '3', ACTION2 and ACTION3 also change the gr"
24808684,reflexion_arc,complex_maze,7,6,ACTION5,0,GameState.NOT_FINISHED,False,"reflection=ACTION1 changes a '6' to a '3', ACTION2 and ACTION3 also change the gr"
24808684,reflexion_arc,complex_maze,7,7,ACTION6,0,GameState.NOT_FINISHED,False,"reflection=ACTION1 changes a '6' to a '3', ACTION2 and ACTION3 also change the gr"
24808684,reflexion_arc,complex_maze,7,8,ACTION6,0,GameState.NOT_FINISHED,False,"reflection=ACTION1 changes a '6' to a '3', ACTION2 and ACTION3 also change the gr"
24808684,reflexion_arc,complex_maze,7,9,ACTION6,0,GameState.NOT_FINISHED,False,"reflection=ACTION1 changes a '6' to a '3', ACTION2 and ACTION3 also change the gr"
24808684,reflexion_arc,complex_maze,7,10,ACTION6,0,GameState.NOT_FINISHED,False,reflection=updated lessons
24808684,reflexion_arc,complex_maze,7,11,ACTION4,0,GameState.NOT_FINISHED,False,"reflection=Observed that actions can change the grid, ACTION4 and ACTION5 have be"
24808684,reflexion_arc,complex_maze,7,12,ACTION6,0,GameState.NOT_FINISHED,False,"reflection=Observed that actions can change the grid, ACTION4 and ACTION5 have be"
24808684,reflexion_arc,complex_maze,7,13,ACTION6,0,GameState.NOT_FINISHED,False,reflection=updated lessons
24808684,reflexion_arc,complex_maze,7,14,ACTION6,0,GameState.NOT_FINISHED,False,reflection=The game starts with a large grid filled with various symbols. The goa
24808684,reflexion_arc,complex_maze,7,15,ACTION6,0,GameState.NOT_FINISHED,False,"reflection=ACTION6 appears to be related to movement or modification of the grid,"
24808684,reflexion_arc,complex_maze,7,16,ACTION6,0,GameState.NOT_FINISHED,False,"reflection=ACTION6 appears to be related to movement or modification of the grid,"
24808684,reflexion_arc,complex_maze,7,17,ACTION6,0,GameState.NOT_FINISHED,False,"reflection=ACTION6 appears to be related to movement or modification of the grid,"
24808684,reflexion_arc,complex_maze,7,18,ACTION4,0,GameState.NOT_FINISHED,False,"reflection=ACTION6 appears to be related to movement or modification of the grid,"
24808684,reflexion_arc,complex_maze,7,19,ACTION6,0,GameState.NOT_FINISHED,False,"reflection=ACTION6 appears to be related to movement or modification of the grid,"
24808684,reflexion_arc,complex_maze,7,20,ACTION1,0,GameState.NOT_FINISHED,False,"reflection=ACTION6 appears to be related to movement or modification of the grid,"
24808684,reflexion_arc,complex_maze,7,21,ACTION6,0,GameState.NOT_FINISHED,False,"reflection=ACTION6 appears to be related to movement or modification of the grid,"
24808684,reflexion_arc,complex_maze,7,22,ACTION6,0,GameState.NOT_FINISHED,False,reflection=ACTION6's consistent effect suggests targeted exploration or modificat
24808684,reflexion_arc,complex_maze,7,23,ACTION6,0,GameState.NOT_FINISHED,False,reflection=ACTION6's consistent effect suggests targeted exploration or modificat
24808684,reflexion_arc,complex_maze,7,24,ACTION6,0,GameState.NOT_FINISHED,False,reflection=ACTION6's consistent effect suggests targeted exploration or modificat
24808684,reflexion_arc,complex_maze,7,25,ACTION6,0,GameState.NOT_FINISHED,False,reflection=updated lessons
24808684,reflexion_arc,complex_maze,7,26,ACTION6,0,GameState.NOT_FINISHED,False,reflection=Observed that ACTION6 has been effective in changing the grid multiple
24808684,reflexion_arc,complex_maze,7,27,ACTION6,0,GameState.NOT_FINISHED,False,"reflection=ACTION6 has been effective in changing the grid, with 8 recent instanc"
24808684,reflexion_arc,complex_maze,7,28,ACTION6,0,GameState.NOT_FINISHED,False,"reflection=ACTION6 has been effective in changing the grid, with 8 recent instanc"
24808684,reflexion_arc,complex_maze,7,29,ACTION6,0,GameState.NOT_FINISHED,False,"reflection=ACTION6 has consistently changed the grid, often replacing '6' with '3"
24808684,reflexion_arc,complex_maze,7,30,ACTION6,0,GameState.NOT_FINISHED,False,"reflection=ACTION6 consistently replaces '6' with '3', potentially indicating a p"
24808684,reflexion_arc,complex_maze,7,31,ACTION6,0,GameState.NOT_FINISHED,False,reflection=updated lessons
24808684,reflexion_arc,complex_maze,7,32,ACTION6,0,GameState.NOT_FINISHED,False,"reflection=ACTION6 seems to change a cell from 6 to 3, possibly indicating a tran"
24808684,reflexion_arc,complex_maze,7,33,ACTION6,0,GameState.NOT_FINISHED,False,reflection=updated lessons
24808684,reflexion_arc,complex_maze,7,34,ACTION6,0,GameState.NOT_FINISHED,False,"reflection=ACTION6 seems to be changing cells from 6 to 3, possibly indicating a "
24808684,reflexion_arc,complex_maze,7,35,ACTION1,0,GameState.NOT_FINISHED,False,"reflection=ACTION6 consistently changes cells from 6 to 3, suggesting a potential"
24808684,reflexion_arc,complex_maze,7,36,ACTION1,0,GameState.NOT_FINISHED,False,"reflection=ACTION6 consistently changes cells from 6 to 3, ACTION1's effects are "
24808684,reflexion_arc,complex_maze,7,37,ACTION1,0,GameState.NOT_FINISHED,False,"reflection=ACTION6 consistently changes cells from 6 to 3, ACTION1's effects are "
24808684,reflexion_arc,complex_maze,7,38,ACTION1,0,GameState.NOT_FINISHED,False,"reflection=ACTION6 consistently changes cells from 6 to 3, ACTION1's effects are "
24808684,reflexion_arc,complex_maze,7,39,ACTION1,0,GameState.NOT_FINISHED,False,"reflection=ACTION6 consistently changes cells from 6 to 3, ACTION1's effects are "
24808684,reflexion_arc,complex_maze,7,40,ACTION1,0,GameState.NOT_FINISHED,False,"reflection=ACTION6 consistently changes cells from 6 to 3, ACTION1's effects are "
24808684,reflexion_arc,complex_maze,7,41,ACTION1,0,GameState.NOT_FINISHED,False,"reflection=ACTION6 consistently changes cells from 6 to 3, ACTION1's effects are "
24808684,reflexion_arc,complex_maze,7,42,ACTION1,0,GameState.NOT_FINISHED,False,"reflection=ACTION6 consistently changes cells from 6 to 3, ACTION1's effects are "
24808684,reflexion_arc,complex_maze,7,43,ACTION1,0,GameState.NOT_FINISHED,False,"reflection=ACTION6 consistently changes cells from 6 to 3, ACTION1's effects are "
24808684,reflexion_arc,complex_maze,7,44,ACTION1,0,GameState.NOT_FINISHED,False,"reflection=ACTION6 consistently changes cells from 6 to 3, ACTION1's effects are "
24808684,reflexion_arc,complex_maze,7,45,ACTION6,0,GameState.NOT_FINISHED,False,reflection=updated lessons
24808684,reflexion_arc,complex_maze,7,46,ACTION1,0,GameState.NOT_FINISHED,False,"reflection=ACTION1 seems to have a consistent effect, changing the grid in a pred"
24808684,reflexion_arc,complex_maze,7,47,ACTION6,0,GameState.NOT_FINISHED,False,reflection=ACTION1's consistent effect suggests it might be used to manipulate th
24808684,reflexion_arc,complex_maze,7,48,ACTION6,0,GameState.NOT_FINISHED,False,"reflection=ACTION1 might be used for general grid manipulation, ACTION6 for targe"
24808684,reflexion_arc,complex_maze,7,49,ACTION6,0,GameState.NOT_FINISHED,False,"reflection=ACTION1 appears to cause general changes, while ACTION6 seems to targe"
24808684,reflexion_arc,complex_maze,8,0,ACTION1,0,GameState.NOT_FINISHED,False,"reflection=The grid is 32x32, with various symbols. The goal and actions are unkn"
24808684,reflexion_arc,complex_maze,8,1,ACTION1,0,GameState.NOT_FINISHED,False,"reflection=The grid is 32x32, with various symbols. The goal and actions are unkn"
24808684,reflexion_arc,complex_maze,8,2,ACTION2,0,GameState.NOT_FINISHED,False,"reflection=The grid has various symbols, and ACTION1 has changed the grid twice. "
24808684,reflexion_arc,complex_maze,8,3,ACTION3,0,GameState.NOT_FINISHED,False,"reflection=ACTION1 changes '6' to '3', ACTION2's effect is unknown but changes th"
24808684,reflexion_arc,complex_maze,8,4,ACTION4,0,GameState.NOT_FINISHED,False,"reflection=ACTION1 changes '6' to '3', ACTION2's effect is unknown but changes th"
24808684,reflexion_arc,complex_maze,8,5,ACTION5,0,GameState.NOT_FINISHED,False,"reflection=ACTION1 changes '6' to '3', ACTION2's effect is unknown but changes th"
24808684,reflexion_arc,complex_maze,8,6,ACTION6,0,GameState.NOT_FINISHED,False,"reflection=ACTION1 changes '6' to '3', ACTION2's effect is unknown but changes th"
24808684,reflexion_arc,complex_maze,8,7,ACTION6,0,GameState.NOT_FINISHED,False,"reflection=ACTION1 changes '6' to '3', ACTION2's effect is unknown but changes th"
24808684,reflexion_arc,complex_maze,8,8,ACTION6,0,GameState.NOT_FINISHED,False,"reflection=ACTION1 consistently changes '6' to '3', ACTION6's effect is still unk"
24808684,reflexion_arc,complex_maze,8,9,ACTION6,0,GameState.NOT_FINISHED,False,"reflection=ACTION1 consistently changes '6' to '3', ACTION6's effect is still unk"
24808684,reflexion_arc,complex_maze,8,10,ACTION6,0,GameState.NOT_FINISHED,False,"reflection=ACTION1 consistently changes '6' to '3', ACTION6's effect is still unk"
24808684,reflexion_arc,complex_maze,8,11,ACTION6,0,GameState.NOT_FINISHED,False,"reflection=ACTION1 consistently changes '6' to '3', ACTION6's effect is still unk"
24808684,reflexion_arc,complex_maze,8,12,ACTION6,0,GameState.NOT_FINISHED,False,"reflection=ACTION1 consistently changes '6' to '3', ACTION6's effect is still unk"
24808684,reflexion_arc,complex_maze,8,13,ACTION6,0,GameState.NOT_FINISHED,False,"reflection=ACTION1 consistently changes '6' to '3', ACTION6's effect is still unk"
24808684,reflexion_arc,complex_maze,8,14,ACTION6,0,GameState.NOT_FINISHED,False,"reflection=ACTION1 consistently changes '6' to '3', ACTION6's effect is still unk"
24808684,reflexion_arc,complex_maze,8,15,ACTION6,0,GameState.NOT_FINISHED,False,"reflection=ACTION1 consistently changes '6' to '3', ACTION6's effect is still unk"
24808684,reflexion_arc,complex_maze,8,16,ACTION6,0,GameState.NOT_FINISHED,False,reflection=updated lessons
24808684,reflexion_arc,complex_maze,8,17,ACTION1,0,GameState.NOT_FINISHED,False,"reflection=ACTION6 seems to be changing cells from 6 to 3, potentially revealing "
24808684,reflexion_arc,complex_maze,8,18,ACTION2,0,GameState.NOT_FINISHED,False,"reflection=ACTION6 seems to change cells from 6 to 3, potentially revealing a pat"
24808684,reflexion_arc,complex_maze,8,19,ACTION2,0,GameState.NOT_FINISHED,False,"reflection=ACTION6 seems to change cells from 6 to 3, potentially revealing a pat"
24808684,reflexion_arc,complex_maze,8,20,ACTION3,0,GameState.NOT_FINISHED,False,"reflection=ACTION6 seems to change cells from 6 to 3, potentially revealing a pat"
24808684,reflexion_arc,complex_maze,8,21,ACTION4,0,GameState.NOT_FINISHED,False,"reflection=ACTION6 consistently changes cells from 6 to 3, ACTION1 and ACTION2 ha"
24808684,reflexion_arc,complex_maze,8,22,ACTION6,0,GameState.NOT_FINISHED,False,"reflection=ACTION6 consistently changes cells from 6 to 3, ACTION1 and ACTION2 ha"
24808684,reflexion_arc,complex_maze,8,23,ACTION5,0,GameState.NOT_FINISHED,False,"reflection=ACTION6 consistently changes cells from 6 to 3, ACTION1 and ACTION2 ha"
24808684,reflexion_arc,complex_maze,8,24,ACTION6,0,GameState.NOT_FINISHED,False,"reflection=ACTION6 consistently changes cells from 6 to 3, ACTION1 and ACTION2 ha"
24808684,reflexion_arc,complex_maze,8,25,ACTION6,0,GameState.NOT_FINISHED,False,"reflection=ACTION6 consistently changes cells from 6 to 3, ACTION1 and ACTION2 ha"
24808684,reflexion_arc,complex_maze,8,26,ACTION6,0,GameState.NOT_FINISHED,False,"reflection=ACTION6 consistently changes cells from 6 to 3, ACTION1 and ACTION2 ha"
24808684,reflexion_arc,complex_maze,8,27,ACTION6,0,GameState.NOT_FINISHED,False,"reflection=ACTION6 consistently changes cells from 6 to 3, ACTION1 and ACTION2 ha"
24808684,reflexion_arc,complex_maze,8,28,ACTION6,0,GameState.NOT_FINISHED,False,"reflection=ACTION6 consistently changes cells from 6 to 3, ACTION1 and ACTION2 ha"
24808684,reflexion_arc,complex_maze,8,29,ACTION6,0,GameState.NOT_FINISHED,False,"reflection=ACTION6 consistently changes cells from 6 to 3, ACTION1 and ACTION2 ha"
24808684,reflexion_arc,complex_maze,8,30,ACTION6,0,GameState.NOT_FINISHED,False,"reflection=ACTION6 consistently changes cells from 6 to 3, ACTION1 and ACTION2 ha"
24808684,reflexion_arc,complex_maze,8,31,ACTION6,0,GameState.NOT_FINISHED,False,"reflection=ACTION6 consistently changes cells from 6 to 3, ACTION1 and ACTION2 ha"
24808684,reflexion_arc,complex_maze,8,32,ACTION6,0,GameState.NOT_FINISHED,False,reflection=updated lessons
24808684,reflexion_arc,complex_maze,8,33,ACTION6,0,GameState.NOT_FINISHED,False,"reflection=ACTION6 seems to change a cell from 6 to 3, possibly indicating a tran"
24808684,reflexion_arc,complex_maze,8,34,ACTION6,0,GameState.NOT_FINISHED,False,reflection=updated lessons
24808684,reflexion_arc,complex_maze,8,35,ACTION1,0,GameState.NOT_FINISHED,False,"reflection=ACTION6 seems to be changing cells from 6 to 3, possibly indicating a "
24808684,reflexion_arc,complex_maze,8,36,ACTION1,0,GameState.NOT_FINISHED,False,"reflection=ACTION6 appears to change cells from 6 to 3, potentially indicating a "
24808684,reflexion_arc,complex_maze,8,37,ACTION1,0,GameState.NOT_FINISHED,False,"reflection=ACTION6 consistently changes cells from 6 to 3, potentially clearing t"
24808684,reflexion_arc,complex_maze,8,38,ACTION1,0,GameState.NOT_FINISHED,False,"reflection=ACTION6 consistently changes cells from 6 to 3, potentially clearing t"
24808684,reflexion_arc,complex_maze,8,39,ACTION1,0,GameState.NOT_FINISHED,False,"reflection=ACTION6 consistently changes cells from 6 to 3, potentially clearing t"
24808684,reflexion_arc,complex_maze,8,40,ACTION1,0,GameState.NOT_FINISHED,False,"reflection=ACTION6 consistently changes cells from 6 to 3, potentially clearing t"
24808684,reflexion_arc,complex_maze,8,41,ACTION1,0,GameState.NOT_FINISHED,False,"reflection=ACTION6 consistently changes cells from 6 to 3, potentially clearing t"
24808684,reflexion_arc,complex_maze,8,42,ACTION1,0,GameState.NOT_FINISHED,False,"reflection=ACTION6 consistently changes cells from 6 to 3, potentially clearing t"
24808684,reflexion_arc,complex_maze,8,43,ACTION1,0,GameState.NOT_FINISHED,False,"reflection=ACTION6 consistently changes cells from 6 to 3, potentially clearing t"
24808684,reflexion_arc,complex_maze,8,44,ACTION6,0,GameState.NOT_FINISHED,False,reflection=updated lessons
24808684,reflexion_arc,complex_maze,8,45,ACTION1,0,GameState.NOT_FINISHED,False,reflection=updated lessons
24808684,reflexion_arc,complex_maze,8,46,ACTION1,0,GameState.NOT_FINISHED,False,reflection=The game is in an unknown state with unknown actions and an unknown go
24808684,reflexion_arc,complex_maze,8,47,ACTION1,0,GameState.NOT_FINISHED,False,"reflection=ACTION1 appears to be modifying the grid in a consistent manner, while"
24808684,reflexion_arc,complex_maze,8,48,ACTION6,0,GameState.NOT_FINISHED,False,reflection=ACTION1's consistent modification of the grid and ACTION6's distinct e
24808684,reflexion_arc,complex_maze,8,49,ACTION6,0,GameState.NOT_FINISHED,False,"reflection=ACTION1 appears to modify the grid consistently, while ACTION6 has a d"
24808684,reflexion_arc,complex_maze,9,0,ACTION6,0,GameState.NOT_FINISHED,False,reflection=no lessons yet
24808684,reflexion_arc,complex_maze,9,1,ACTION6,0,GameState.NOT_FINISHED,False,reflection=The game starts with a grid of 32x32 cells. The effect of ACTION6 is t
24808684,reflexion_arc,complex_maze,9,2,ACTION1,0,GameState.NOT_FINISHED,False,reflection=The game starts with a grid of 32x32 cells. The effect of ACTION6 is t
24808684,reflexion_arc,complex_maze,9,3,ACTION1,0,GameState.NOT_FINISHED,False,reflection=The game starts with a grid of 32x32 cells. The effect of ACTION6 is t
24808684,reflexion_arc,complex_maze,9,4,ACTION6,0,GameState.NOT_FINISHED,False,reflection=The game starts with a grid of 32x32 cells. The effect of ACTION6 is t
24808684,reflexion_arc,complex_maze,9,5,ACTION6,0,GameState.NOT_FINISHED,False,reflection=The game starts with a grid of 32x32 cells. The effect of ACTION6 is t
24808684,reflexion_arc,complex_maze,9,6,ACTION6,0,GameState.NOT_FINISHED,False,reflection=The game starts with a grid of 32x32 cells. The effect of ACTION6 is t
24808684,reflexion_arc,complex_maze,9,7,ACTION6,0,GameState.NOT_FINISHED,False,reflection=The game starts with a grid of 32x32 cells. The effect of ACTION6 is t
24808684,reflexion_arc,complex_maze,9,8,ACTION6,0,GameState.NOT_FINISHED,False,reflection=The game starts with a grid of 32x32 cells. The effect of ACTION6 is t
24808684,reflexion_arc,complex_maze,9,9,ACTION6,0,GameState.NOT_FINISHED,False,reflection=The game starts with a grid of 32x32 cells. The effect of ACTION6 is t
24808684,reflexion_arc,complex_maze,9,10,ACTION6,0,GameState.NOT_FINISHED,False,reflection=The game starts with a grid of 32x32 cells. The effect of ACTION6 is t
24808684,reflexion_arc,complex_maze,9,11,ACTION2,0,GameState.NOT_FINISHED,False,reflection=The game starts with a grid of 32x32 cells. The effect of ACTION6 is t
24808684,reflexion_arc,complex_maze,9,12,ACTION6,0,GameState.NOT_FINISHED,False,reflection=The game starts with a grid of 32x32 cells. The effect of ACTION6 is t
24808684,reflexion_arc,complex_maze,9,13,ACTION1,0,GameState.NOT_FINISHED,False,reflection=The game starts with a grid of 32x32 cells. The effect of ACTION6 is t
24808684,reflexion_arc,complex_maze,9,14,ACTION6,0,GameState.NOT_FINISHED,False,reflection=updated lessons
24808684,reflexion_arc,complex_maze,9,15,ACTION6,0,GameState.NOT_FINISHED,False,"reflection=Observed that ACTION6 changes a cell from 6 to 3, and it has been used"
24808684,reflexion_arc,complex_maze,9,16,ACTION6,0,GameState.NOT_FINISHED,False,reflection=updated lessons
24808684,reflexion_arc,complex_maze,9,17,ACTION6,0,GameState.NOT_FINISHED,False,reflection=updated lessons
24808684,reflexion_arc,complex_maze,9,18,ACTION6,0,GameState.NOT_FINISHED,False,"reflection=Observed that ACTION6 changes cells, possibly related to the '3' and '"
24808684,reflexion_arc,complex_maze,9,19,ACTION6,0,GameState.NOT_FINISHED,False,"reflection=ACTION6 seems to be transforming '6' to '3' in certain areas, ACTION1 "
24808684,reflexion_arc,complex_maze,9,20,ACTION6,0,GameState.NOT_FINISHED,False,reflection=updated lessons
24808684,reflexion_arc,complex_maze,9,21,ACTION6,0,GameState.NOT_FINISHED,False,"reflection=Observed that ACTION6 causes changes in the grid, specifically changin"
24808684,reflexion_arc,complex_maze,9,22,ACTION6,0,GameState.NOT_FINISHED,False,"reflection=Observed that ACTION6 causes changes in the grid, specifically changin"
24808684,reflexion_arc,complex_maze,9,23,ACTION1,0,GameState.NOT_FINISHED,False,"reflection=Observed that ACTION6 causes changes in the grid, specifically changin"
24808684,reflexion_arc,complex_maze,9,24,ACTION6,0,GameState.NOT_FINISHED,False,"reflection=Observed that ACTION6 causes changes in the grid, specifically changin"
24808684,reflexion_arc,complex_maze,9,25,ACTION6,0,GameState.NOT_FINISHED,False,"reflection=Observed that ACTION6 causes changes in the grid, specifically changin"
24808684,reflexion_arc,complex_maze,9,26,ACTION6,0,GameState.NOT_FINISHED,False,"reflection=ACTION6 changes '6' to '3', ACTION1's effect is unknown, '5' is the mo"
24808684,reflexion_arc,complex_maze,9,27,ACTION6,0,GameState.NOT_FINISHED,False,"reflection=ACTION6 changes '6' to '3', ACTION1's effect is unknown, '5' is the mo"
24808684,reflexion_arc,complex_maze,9,28,ACTION6,0,GameState.NOT_FINISHED,False,"reflection=ACTION6 changes '6' to '3', ACTION1's effect is unknown, '5' is the mo"
24808684,reflexion_arc,complex_maze,9,29,ACTION1,0,GameState.NOT_FINISHED,False,"reflection=ACTION6 consistently changes '6' to '3' in the top-right area, ACTION1"
24808684,reflexion_arc,complex_maze,9,30,ACTION1,0,GameState.NOT_FINISHED,False,"reflection=ACTION6 consistently changes '6' to '3' in the top-right area, ACTION1"
24808684,reflexion_arc,complex_maze,9,31,ACTION1,0,GameState.NOT_FINISHED,False,"reflection=ACTION6 consistently changes '6' to '3' in the top-right area, ACTION1"
24808684,reflexion_arc,complex_maze,9,32,ACTION2,0,GameState.NOT_FINISHED,False,"reflection=ACTION6 consistently changes '6' to '3' in the top-right area, ACTION1"
24808684,reflexion_arc,complex_maze,9,33,ACTION3,0,GameState.NOT_FINISHED,False,"reflection=ACTION6 consistently changes '6' to '3' in the top-right area, ACTION1"
24808684,reflexion_arc,complex_maze,9,34,ACTION3,0,GameState.NOT_FINISHED,False,reflection=updated lessons
24808684,reflexion_arc,complex_maze,9,35,ACTION6,0,GameState.NOT_FINISHED,False,reflection=updated lessons
24808684,reflexion_arc,complex_maze,9,36,ACTION6,0,GameState.NOT_FINISHED,False,"reflection=Observed that ACTION6 can change cells, ACTION1 and ACTION3 also modif"
24808684,reflexion_arc,complex_maze,9,37,ACTION6,0,GameState.NOT_FINISHED,False,"reflection=ACTION6 can change cells, ACTION1 and ACTION3 also modify the grid. AC"
24808684,reflexion_arc,complex_maze,9,38,ACTION6,0,GameState.NOT_FINISHED,False,"reflection=ACTION6 can change cells, ACTION1 and ACTION3 also modify the grid. AC"
24808684,reflexion_arc,complex_maze,9,39,ACTION6,0,GameState.NOT_FINISHED,False,reflection=updated lessons
24808684,reflexion_arc,complex_maze,9,40,ACTION1,0,GameState.NOT_FINISHED,False,"reflection=The game is in an unfinished state, and the goal is unknown. The grid "
24808684,reflexion_arc,complex_maze,9,41,ACTION1,0,GameState.NOT_FINISHED,False,"reflection=The game is in an unfinished state, and the goal is unknown. The grid "
24808684,reflexion_arc,complex_maze,9,42,ACTION2,0,GameState.NOT_FINISHED,False,"reflection=The game is in an unfinished state, and the goal is unknown. The grid "
24808684,reflexion_arc,complex_maze,9,43,ACTION2,0,GameState.NOT_FINISHED,False,"reflection=The game is in an unfinished state, and the goal is unknown. The grid "
24808684,reflexion_arc,complex_maze,9,44,ACTION2,0,GameState.NOT_FINISHED,False,"reflection=The game is in an unfinished state, and the goal is unknown. The grid "
24808684,reflexion_arc,complex_maze,9,45,ACTION6,0,GameState.NOT_FINISHED,False,reflection=updated lessons
24808684,reflexion_arc,complex_maze,9,46,ACTION6,0,GameState.NOT_FINISHED,False,"reflection=The goal and actions are unknown, but ACTION6 seems to change cells ne"
24808684,reflexion_arc,complex_maze,9,47,ACTION6,0,GameState.NOT_FINISHED,False,"reflection=The goal and actions are unknown, but ACTION6 seems to change cells ne"
24808684,reflexion_arc,complex_maze,9,48,ACTION6,0,GameState.NOT_FINISHED,False,"reflection=ACTION6 seems to change cells near the bottom right, ACTION1 and ACTIO"
24808684,reflexion_arc,complex_maze,9,49,ACTION6,0,GameState.NOT_FINISHED,False,"reflection=ACTION6 changes cells near the bottom right, ACTION1 and ACTION2 also "
24808684,reflexion_arc,merge,5,0,ACTION1,0,GameState.NOT_FINISHED,False,reflection=The grid is 16x16 with various symbols. The goal and actions are unkno
24808684,reflexion_arc,merge,5,1,ACTION2,0,GameState.NOT_FINISHED,False,"reflection=ACTION1 caused a change in the grid, swapping two cells. The goal and "
24808684,reflexion_arc,merge,5,2,ACTION2,0,GameState.NOT_FINISHED,False,"reflection=ACTION1 swaps two cells, ACTION2 also changes the grid, goal and most "
24808684,reflexion_arc,merge,5,3,ACTION2,0,GameState.NOT_FINISHED,False,reflection=trying to understand the pattern of ACTION2
24808684,reflexion_arc,merge,5,4,ACTION3,0,GameState.NOT_FINISHED,False,"reflection=ACTION2 seems to be swapping or moving cells, ACTION1 had a different "
24808684,reflexion_arc,merge,5,5,ACTION1,0,GameState.NOT_FINISHED,False,"reflection=ACTION2 appears to swap or move cells, ACTION1 has a distinct effect, "
24808684,reflexion_arc,merge,5,6,ACTION2,0,GameState.NOT_FINISHED,False,"reflection=ACTION2 likely swaps adjacent cells, ACTION1 may create or move '9', A"
24808684,reflexion_arc,merge,5,7,ACTION4,0,GameState.NOT_FINISHED,False,"reflection=ACTION2 likely swaps adjacent cells, ACTION1 may create or move '9', A"
24808684,reflexion_arc,merge,5,8,ACTION5,0,GameState.NOT_FINISHED,False,"reflection=ACTION2 likely swaps adjacent cells, ACTION1 may create or move '9', A"
24808684,reflexion_arc,merge,5,9,ACTION1,0,GameState.NOT_FINISHED,False,"reflection=ACTION2 likely swaps adjacent cells, ACTION1 may create or move '9', A"
24808684,reflexion_arc,merge,5,10,ACTION6,0,GameState.NOT_FINISHED,False,reflection=updated lessons
24808684,reflexion_arc,merge,5,11,ACTION6,0,GameState.NOT_FINISHED,False,reflection=updated lessons
24808684,reflexion_arc,merge,5,12,ACTION6,0,GameState.NOT_FINISHED,False,"reflection=It seems that actions ACTION3, ACTION1, ACTION2, and ACTION4 have caus"
24808684,reflexion_arc,merge,5,13,ACTION6,0,GameState.NOT_FINISHED,False,reflection=updated lessons
24808684,reflexion_arc,merge,5,14,ACTION3,0,GameState.NOT_FINISHED,False,"reflection=Noted that ACTION2, ACTION4, and ACTION1 cause changes in the grid, wh"
24808684,reflexion_arc,merge,5,15,ACTION3,0,GameState.NOT_FINISHED,False,"reflection=ACTION2, ACTION4, and ACTION1 cause changes in the grid. ACTION5 and A"
24808684,reflexion_arc,merge,5,16,ACTION3,0,GameState.NOT_FINISHED,False,"reflection=ACTION2, ACTION4, and ACTION1 cause changes in the grid. ACTION5 and A"
24808684,reflexion_arc,merge,5,17,ACTION3,0,GameState.NOT_FINISHED,False,"reflection=ACTION1 may be involved in swapping symbols, ACTION3's effect is incon"
24808684,reflexion_arc,merge,5,18,ACTION2,0,GameState.NOT_FINISHED,False,"reflection=ACTION1's role in swapping symbols is still unclear, ACTION3's inconsi"
24808684,reflexion_arc,merge,5,19,ACTION2,0,GameState.NOT_FINISHED,False,"reflection=ACTION1's role in swapping symbols is still unclear, ACTION3's inconsi"
24808684,reflexion_arc,merge,5,20,ACTION2,0,GameState.NOT_FINISHED,False,"reflection=ACTION1's role in swapping symbols is still unclear, ACTION3's inconsi"
24808684,reflexion_arc,merge,5,21,ACTION2,0,GameState.NOT_FINISHED,False,"reflection=ACTION1's role in swapping symbols is still unclear, ACTION3's inconsi"
24808684,reflexion_arc,merge,5,22,ACTION2,0,GameState.NOT_FINISHED,False,"reflection=ACTION1's role in swapping symbols is still unclear, ACTION3's inconsi"
24808684,reflexion_arc,merge,5,23,ACTION2,0,GameState.NOT_FINISHED,False,"reflection=ACTION1's role in swapping symbols is still unclear, ACTION3's inconsi"
24808684,reflexion_arc,merge,5,24,ACTION1,0,GameState.NOT_FINISHED,False,reflection=ACTION2's effect on the grid suggests it may be related to symbol mani
24808684,reflexion_arc,merge,5,25,ACTION4,0,GameState.NOT_FINISHED,False,reflection=ACTION2's effect on the grid suggests it may be related to symbol mani
24808684,reflexion_arc,merge,5,26,ACTION1,0,GameState.NOT_FINISHED,False,reflection=ACTION2's effect on the grid suggests it may be related to symbol mani
24808684,reflexion_arc,merge,5,27,ACTION1,0,GameState.NOT_FINISHED,False,reflection=ACTION2's effect on the grid suggests it may be related to symbol mani
24808684,reflexion_arc,merge,5,28,ACTION1,0,GameState.NOT_FINISHED,False,reflection=ACTION2's effect on the grid suggests it may be related to symbol mani
24808684,reflexion_arc,merge,5,29,ACTION5,0,GameState.NOT_FINISHED,False,reflection=ACTION2's inconsistent effect may indicate a dependency on symbol patt
24808684,reflexion_arc,merge,5,30,ACTION3,0,GameState.NOT_FINISHED,False,reflection=ACTION2's inconsistent effect may indicate a dependency on symbol patt
24808684,reflexion_arc,merge,5,31,ACTION3,0,GameState.NOT_FINISHED,False,reflection=ACTION2's inconsistent effect may indicate a dependency on symbol patt
24808684,reflexion_arc,merge,5,32,ACTION3,0,GameState.NOT_FINISHED,False,"reflection=ACTION1 and ACTION4 consistently change the grid, ACTION3's effect is "
24808684,reflexion_arc,merge,5,33,ACTION2,0,GameState.NOT_FINISHED,False,"reflection=ACTION1 and ACTION4 consistently change the grid, ACTION3's effect is "
24808684,reflexion_arc,merge,5,34,ACTION6,0,GameState.NOT_FINISHED,False,"reflection=ACTION1 and ACTION4 consistently change the grid, ACTION3's effect is "
24808684,reflexion_arc,merge,5,35,ACTION6,0,GameState.NOT_FINISHED,False,reflection=updated lessons
24808684,reflexion_arc,merge,5,36,ACTION4,0,GameState.NOT_FINISHED,False,"reflection=Actions 1, 2, 3, and 5 have caused changes in the grid at some point, "
24808684,reflexion_arc,merge,5,37,ACTION1,0,GameState.NOT_FINISHED,False,"reflection=Actions 1, 2, 3, and 5 have caused changes in the grid at some point, "
24808684,reflexion_arc,merge,5,38,ACTION1,0,GameState.NOT_FINISHED,False,"reflection=Actions 1, 2, 3, and 5 have caused changes in the grid at some point, "
24808684,reflexion_arc,merge,5,39,ACTION5,0,GameState.NOT_FINISHED,False,"reflection=Actions 1, 2, and 5 have caused changes in the grid, with ACTION5 caus"
24808684,reflexion_arc,merge,5,40,ACTION1,0,GameState.NOT_FINISHED,False,"reflection=Actions 1, 2, and 4 have caused changes in the grid, suggesting they m"
24808684,reflexion_arc,merge,5,41,ACTION3,0,GameState.NOT_FINISHED,False,"reflection=Actions 1, 2, and 4 have caused changes in the grid, suggesting they m"
24808684,reflexion_arc,merge,5,42,ACTION2,0,GameState.NOT_FINISHED,False,"reflection=Actions 1, 3, and 4 have caused changes in the grid, suggesting they m"
24808684,reflexion_arc,merge,5,43,ACTION6,0,GameState.NOT_FINISHED,False,"reflection=Actions 1, 3, and 4 are likely related to movement or cell modificatio"
24808684,reflexion_arc,merge,5,44,ACTION6,0,GameState.NOT_FINISHED,False,reflection=updated lessons
24808684,reflexion_arc,merge,5,45,ACTION1,0,GameState.NOT_FINISHED,False,"reflection=ACTION1, ACTION3, and ACTION2 have caused changes in the grid, while A"
24808684,reflexion_arc,merge,5,46,ACTION1,0,GameState.NOT_FINISHED,False,"reflection=ACTION1, ACTION3, and ACTION2 have caused changes in the grid, while A"
24808684,reflexion_arc,merge,5,47,ACTION2,0,GameState.NOT_FINISHED,False,"reflection=ACTION1, ACTION3, and ACTION2 have caused changes in the grid, while A"
24808684,reflexion_arc,merge,5,48,ACTION4,0,GameState.NOT_FINISHED,False,"reflection=ACTION1, ACTION3, and ACTION2 have caused changes in the grid, while A"
24808684,reflexion_arc,merge,5,49,ACTION6,0,GameState.NOT_FINISHED,False,reflection=updated lessons
24808684,reflexion_arc,merge,6,0,ACTION1,0,GameState.NOT_FINISHED,False,reflection=The game is in an unknown state with unknown actions and an unknown go
24808684,reflexion_arc,merge,6,1,ACTION2,0,GameState.NOT_FINISHED,False,reflection=The game has started with an initial grid state and symbol counts. The
24808684,reflexion_arc,merge,6,2,ACTION3,0,GameState.NOT_FINISHED,False,reflection=The game has started with an initial grid state and symbol counts. The
24808684,reflexion_arc,merge,6,3,ACTION4,0,GameState.NOT_FINISHED,False,reflection=The game has started with an initial grid state and symbol counts. The
24808684,reflexion_arc,merge,6,4,ACTION5,0,GameState.NOT_FINISHED,False,reflection=Continuing to explore the effects of each action to learn more about t
24808684,reflexion_arc,merge,6,5,ACTION6,0,GameState.NOT_FINISHED,False,"reflection=ACTION5 had no effect, suggesting it might be related to a specific co"
24808684,reflexion_arc,merge,6,6,ACTION6,0,GameState.NOT_FINISHED,False,"reflection=ACTION5 and ACTION6 had no effect previously, suggesting they might re"
24808684,reflexion_arc,merge,6,7,ACTION6,0,GameState.NOT_FINISHED,False,"reflection=ACTION5 and ACTION6 had no effect previously, suggesting they might re"
24808684,reflexion_arc,merge,6,8,ACTION6,0,GameState.NOT_FINISHED,False,"reflection=ACTION5 and ACTION6 had no effect previously, suggesting they might re"
24808684,reflexion_arc,merge,6,9,ACTION6,0,GameState.NOT_FINISHED,False,"reflection=ACTION5 and ACTION6 had no effect previously, suggesting they might re"
24808684,reflexion_arc,merge,6,10,ACTION6,0,GameState.NOT_FINISHED,False,"reflection=ACTION5 and ACTION6 had no effect previously, suggesting they might re"
24808684,reflexion_arc,merge,6,11,ACTION6,0,GameState.NOT_FINISHED,False,"reflection=ACTION5 and ACTION6 had no effect previously, suggesting they might re"
24808684,reflexion_arc,merge,6,12,ACTION6,0,GameState.NOT_FINISHED,False,"reflection=ACTION5 and ACTION6 had no effect previously, suggesting they might re"
24808684,reflexion_arc,merge,6,13,ACTION1,0,GameState.NOT_FINISHED,False,"reflection=ACTION5 and ACTION6 had no effect previously, suggesting they might re"
24808684,reflexion_arc,merge,6,14,ACTION1,0,GameState.NOT_FINISHED,False,"reflection=ACTION1 caused a swap between two cells, suggesting it might be used f"
24808684,reflexion_arc,merge,6,15,ACTION2,0,GameState.NOT_FINISHED,False,"reflection=ACTION1 can swap adjacent cells, ACTION6 may require specific conditio"
24808684,reflexion_arc,merge,6,16,ACTION2,0,GameState.NOT_FINISHED,False,"reflection=ACTION1 can swap adjacent cells, ACTION6 may require specific conditio"
24808684,reflexion_arc,merge,6,17,ACTION2,0,GameState.NOT_FINISHED,False,"reflection=ACTION1 can swap adjacent cells, ACTION6 may require specific conditio"
24808684,reflexion_arc,merge,6,18,ACTION2,0,GameState.NOT_FINISHED,False,"reflection=ACTION1 can swap adjacent cells, ACTION6 may require specific conditio"
24808684,reflexion_arc,merge,6,19,ACTION6,0,GameState.NOT_FINISHED,False,reflection=updated lessons
24808684,reflexion_arc,merge,6,20,ACTION6,0,GameState.NOT_FINISHED,False,"reflection=The grid has a mix of symbols, with '1' being the most frequent. The g"
24808684,reflexion_arc,merge,6,21,ACTION1,0,GameState.NOT_FINISHED,False,"reflection=ACTION1 and ACTION2 have shown potential in changing the grid, while A"
24808684,reflexion_arc,merge,6,22,ACTION1,0,GameState.NOT_FINISHED,False,"reflection=ACTION1 and ACTION2 have shown potential in changing the grid, while A"
24808684,reflexion_arc,merge,6,23,ACTION3,0,GameState.NOT_FINISHED,False,"reflection=ACTION1 and ACTION2 continue to show potential, ACTION6 has consistent"
24808684,reflexion_arc,merge,6,24,ACTION3,0,GameState.NOT_FINISHED,False,"reflection=ACTION1 and ACTION2 have altered the grid, ACTION6 has no effect, ACTI"
24808684,reflexion_arc,merge,6,25,ACTION4,0,GameState.NOT_FINISHED,False,reflection=updated lessons
24808684,reflexion_arc,merge,6,26,ACTION5,0,GameState.NOT_FINISHED,False,"reflection=Observed that ACTION1, ACTION2, ACTION3, and ACTION4 can change the gr"
24808684,reflexion_arc,merge,6,27,ACTION2,0,GameState.NOT_FINISHED,False,"reflection=ACTION1, ACTION3, and ACTION4 have caused changes in the grid, suggest"
24808684,reflexion_arc,merge,6,28,ACTION6,0,GameState.NOT_FINISHED,False,"reflection=ACTION1, ACTION3, and ACTION4 are likely movement or modification acti"
24808684,reflexion_arc,merge,6,29,ACTION6,0,GameState.NOT_FINISHED,False,"reflection=ACTION1, ACTION3, and ACTION4 are likely movement or modification acti"
24808684,reflexion_arc,merge,6,30,ACTION6,0,GameState.NOT_FINISHED,False,"reflection=ACTION1, ACTION3, and ACTION4 are likely movement or modification acti"
24808684,reflexion_arc,merge,6,31,ACTION6,0,GameState.NOT_FINISHED,False,reflection=updated lessons
24808684,reflexion_arc,merge,6,32,ACTION6,0,GameState.NOT_FINISHED,False,reflection=updated lessons
24808684,reflexion_arc,merge,6,33,ACTION1,0,GameState.NOT_FINISHED,False,"reflection=It seems that ACTION4 and ACTION2 have caused changes in the grid, whi"
24808684,reflexion_arc,merge,6,34,ACTION1,0,GameState.NOT_FINISHED,False,"reflection=ACTION1 and ACTION2 have caused changes in the grid, while ACTION5 and"
24808684,reflexion_arc,merge,6,35,ACTION6,0,GameState.NOT_FINISHED,False,reflection=updated lessons
24808684,reflexion_arc,merge,6,36,ACTION1,0,GameState.NOT_FINISHED,False,reflection=Repeatedly using ACTION6 has had no effect on the grid. ACTION1 has ch
24808684,reflexion_arc,merge,6,37,ACTION1,0,GameState.NOT_FINISHED,False,"reflection=ACTION1 has consistently changed the grid, while ACTION6 has had no ef"
24808684,reflexion_arc,merge,6,38,ACTION1,0,GameState.NOT_FINISHED,False,reflection=updated lessons
24808684,reflexion_arc,merge,6,39,ACTION1,0,GameState.NOT_FINISHED,False,"reflection=ACTION1 seems to cause changes in the grid, while ACTION6 often result"
24808684,reflexion_arc,merge,6,40,ACTION1,0,GameState.NOT_FINISHED,False,"reflection=ACTION1 appears to swap or move cells, potentially based on adjacency "
24808684,reflexion_arc,merge,6,41,ACTION1,0,GameState.NOT_FINISHED,False,"reflection=ACTION1 appears to swap or move cells, potentially based on adjacency "
24808684,reflexion_arc,merge,6,42,ACTION1,0,GameState.NOT_FINISHED,False,"reflection=ACTION1's effects seem consistent with swapping adjacent cells, potent"
24808684,reflexion_arc,merge,6,43,ACTION1,0,GameState.NOT_FINISHED,False,"reflection=ACTION1's effects seem consistent with swapping adjacent cells, potent"
24808684,reflexion_arc,merge,6,44,ACTION6,0,GameState.NOT_FINISHED,False,reflection=updated lessons
24808684,reflexion_arc,merge,6,45,ACTION2,0,GameState.NOT_FINISHED,False,"reflection=ACTION1 has been tried multiple times with varying effects, while ACTI"
24808684,reflexion_arc,merge,6,46,ACTION2,0,GameState.NOT_FINISHED,False,"reflection=ACTION1 has varying effects, ACTION6 has no effect, trying ACTION2 to "
24808684,reflexion_arc,merge,6,47,ACTION3,0,GameState.NOT_FINISHED,False,"reflection=ACTION1 has varying effects, ACTION6 has no effect, ACTION2 has consis"
24808684,reflexion_arc,merge,6,48,ACTION4,0,GameState.NOT_FINISHED,False,"reflection=ACTION1 has varying effects, ACTION6 has no effect, ACTION2 has consis"
24808684,reflexion_arc,merge,6,49,ACTION4,0,GameState.NOT_FINISHED,False,reflection=ACTION1's varying effects suggest it might be related to the symbol or
24808684,reflexion_arc,merge,7,0,ACTION1,0,GameState.NOT_FINISHED,False,reflection=The grid is 16x16 with various symbols. The goal and actions are unkno
24808684,reflexion_arc,merge,7,1,ACTION2,0,GameState.NOT_FINISHED,False,reflection=The grid has various symbols with '1' being the most frequent. ACTION1
24808684,reflexion_arc,merge,7,2,ACTION2,0,GameState.NOT_FINISHED,False,"reflection=ACTION1 seems to swap or change cells, ACTION2 also changes the grid, "
24808684,reflexion_arc,merge,7,3,ACTION3,0,GameState.NOT_FINISHED,False,"reflection=ACTION1 seems to swap or change cells, ACTION2 also changes the grid, "
24808684,reflexion_arc,merge,7,4,ACTION4,0,GameState.NOT_FINISHED,False,"reflection=ACTION1 and ACTION2 change the grid, ACTION3 also has an effect, '9' a"
24808684,reflexion_arc,merge,7,5,ACTION4,0,GameState.NOT_FINISHED,False,"reflection=ACTION1 and ACTION2 change the grid, ACTION3 also has an effect, '9' a"
24808684,reflexion_arc,merge,7,6,ACTION6,0,GameState.NOT_FINISHED,False,reflection=updated lessons
24808684,reflexion_arc,merge,7,7,ACTION1,0,GameState.NOT_FINISHED,False,reflection=updated lessons
24808684,reflexion_arc,merge,7,8,ACTION5,0,GameState.NOT_FINISHED,False,"reflection=Actions 1, 2, 3, and 4 have been observed to change the grid, while ac"
24808684,reflexion_arc,merge,7,9,ACTION6,0,GameState.NOT_FINISHED,False,"reflection=Actions 1, 2, 3, and 4 have been observed to change the grid, while ac"
24808684,reflexion_arc,merge,7,10,ACTION2,0,GameState.NOT_FINISHED,False,"reflection=Actions 1, 2, 3, and 4 have been observed to change the grid, while ac"
24808684,reflexion_arc,merge,7,11,ACTION6,0,GameState.NOT_FINISHED,False,"reflection=Actions 1, 2, 3, and 4 change the grid, while actions 5 and 6 do not, "
24808684,reflexion_arc,merge,7,12,ACTION6,0,GameState.NOT_FINISHED,False,"reflection=Actions 1, 2, 3, and 4 change the grid, while actions 5 and 6 do not, "
24808684,reflexion_arc,merge,7,13,ACTION6,0,GameState.NOT_FINISHED,False,reflection=updated lessons
24808684,reflexion_arc,merge,7,14,ACTION3,0,GameState.NOT_FINISHED,False,"reflection=ACTION1 and ACTION2 have caused changes in the grid, while ACTION6 has"
24808684,reflexion_arc,merge,7,15,ACTION3,0,GameState.NOT_FINISHED,False,"reflection=ACTION1, ACTION2, and ACTION3 have caused changes in the grid, while A"
24808684,reflexion_arc,merge,7,16,ACTION3,0,GameState.NOT_FINISHED,False,"reflection=ACTION1, ACTION2, and ACTION3 have caused changes in the grid, while A"
24808684,reflexion_arc,merge,7,17,ACTION3,0,GameState.NOT_FINISHED,False,"reflection=ACTION1, ACTION2, and ACTION3 have caused changes in the grid, while A"
24808684,reflexion_arc,merge,7,18,ACTION3,0,GameState.NOT_FINISHED,False,"reflection=ACTION1, ACTION2, and ACTION3 have caused changes in the grid, while A"
24808684,reflexion_arc,merge,7,19,ACTION3,0,GameState.NOT_FINISHED,False,"reflection=ACTION1, ACTION2, and ACTION3 have caused changes in the grid, while A"
24808684,reflexion_arc,merge,7,20,ACTION3,0,GameState.NOT_FINISHED,False,"reflection=ACTION1, ACTION2, and ACTION3 have caused changes in the grid, while A"
24808684,reflexion_arc,merge,7,21,ACTION1,0,GameState.NOT_FINISHED,False,"reflection=ACTION1, ACTION2, and ACTION3 have caused changes in the grid, while A"
24808684,reflexion_arc,merge,7,22,ACTION3,0,GameState.NOT_FINISHED,False,"reflection=ACTION1, ACTION2, and ACTION3 have caused changes in the grid, while A"
24808684,reflexion_arc,merge,7,23,ACTION3,0,GameState.NOT_FINISHED,False,"reflection=ACTION1, ACTION2, and ACTION3 have caused changes in the grid, while A"
24808684,reflexion_arc,merge,7,24,ACTION3,0,GameState.NOT_FINISHED,False,reflection=updated lessons
24808684,reflexion_arc,merge,7,25,ACTION2,0,GameState.NOT_FINISHED,False,"reflection=Repeatedly using ACTION3 has had no effect on the grid, suggesting it "
24808684,reflexion_arc,merge,7,26,ACTION4,0,GameState.NOT_FINISHED,False,"reflection=Repeatedly using ACTION3 has had no effect on the grid, suggesting it "
24808684,reflexion_arc,merge,7,27,ACTION5,0,GameState.NOT_FINISHED,False,"reflection=Repeatedly using ACTION3 has had no effect on the grid, suggesting it "
24808684,reflexion_arc,merge,7,28,ACTION6,0,GameState.NOT_FINISHED,False,"reflection=ACTION3 appears to be ineffective, while ACTION1, ACTION2, and ACTION4"
24808684,reflexion_arc,merge,7,29,ACTION6,0,GameState.NOT_FINISHED,False,"reflection=ACTION3 appears to be ineffective, while ACTION1, ACTION2, and ACTION4"
24808684,reflexion_arc,merge,7,30,ACTION6,0,GameState.NOT_FINISHED,False,"reflection=ACTION3 is ineffective, ACTION2 and ACTION4 have changed the grid, ACT"
24808684,reflexion_arc,merge,7,31,ACTION6,0,GameState.NOT_FINISHED,False,"reflection=ACTION3 is ineffective, ACTION2 and ACTION4 have changed the grid, ACT"
24808684,reflexion_arc,merge,7,32,ACTION6,0,GameState.NOT_FINISHED,False,"reflection=ACTION3 is ineffective, ACTION2 and ACTION4 have changed the grid, ACT"
24808684,reflexion_arc,merge,7,33,ACTION1,0,GameState.NOT_FINISHED,False,"reflection=ACTION3 is ineffective, ACTION2 and ACTION4 have changed the grid, ACT"
24808684,reflexion_arc,merge,7,34,ACTION1,0,GameState.NOT_FINISHED,False,"reflection=ACTION1 is the next priority to explore, as it has changed the grid an"
24808684,reflexion_arc,merge,7,35,ACTION1,0,GameState.NOT_FINISHED,False,reflection=updated lessons
24808684,reflexion_arc,merge,7,36,ACTION1,0,GameState.NOT_FINISHED,False,"reflection=ACTION1 seems to cause changes in the grid, while ACTION6 does not. Th"
24808684,reflexion_arc,merge,7,37,ACTION1,0,GameState.NOT_FINISHED,False,"reflection=ACTION1 causes a swap of two adjacent cells, ACTION6 seems to be a 'no"
24808684,reflexion_arc,merge,7,38,ACTION2,0,GameState.NOT_FINISHED,False,"reflection=ACTION1 causes a swap of two adjacent cells, ACTION6 seems to be a 'no"
24808684,reflexion_arc,merge,7,39,ACTION2,0,GameState.NOT_FINISHED,False,"reflection=ACTION1 causes a swap of two adjacent cells, ACTION6 seems to be a 'no"
24808684,reflexion_arc,merge,7,40,ACTION2,0,GameState.NOT_FINISHED,False,"reflection=ACTION1 causes a swap of two adjacent cells, ACTION6 seems to be a 'no"
24808684,reflexion_arc,merge,7,41,ACTION2,0,GameState.NOT_FINISHED,False,"reflection=ACTION1 causes a swap of two adjacent cells, ACTION6 seems to be a 'no"
24808684,reflexion_arc,merge,7,42,ACTION3,0,GameState.NOT_FINISHED,False,reflection=updated lessons
24808684,reflexion_arc,merge,7,43,ACTION1,0,GameState.NOT_FINISHED,False,"reflection=ACTION1 seems to cause changes in the grid, possibly related to the '1"
24808684,reflexion_arc,merge,7,44,ACTION1,0,GameState.NOT_FINISHED,False,"reflection=ACTION1 seems to cause changes in the grid, possibly related to the '1"
24808684,reflexion_arc,merge,7,45,ACTION4,0,GameState.NOT_FINISHED,False,"reflection=ACTION1 seems to cause swaps or moves of '1' and '9' symbols, ACTION2'"
24808684,reflexion_arc,merge,7,46,ACTION5,0,GameState.NOT_FINISHED,False,"reflection=ACTION1 seems to cause swaps or moves of '1' and '9' symbols, ACTION2'"
24808684,reflexion_arc,merge,7,47,ACTION6,0,GameState.NOT_FINISHED,False,"reflection=ACTION1 seems to cause swaps or moves of '1' and '9' symbols, ACTION2'"
24808684,reflexion_arc,merge,7,48,ACTION6,0,GameState.NOT_FINISHED,False,"reflection=ACTION1 seems to cause swaps or moves of '1' and '9' symbols, ACTION2'"
24808684,reflexion_arc,merge,7,49,ACTION1,0,GameState.NOT_FINISHED,False,reflection=updated lessons
24808684,reflexion_arc,merge,8,0,ACTION1,0,GameState.NOT_FINISHED,False,reflection=The grid is 16x16 with various symbols. The goal and actions are unkno
24808684,reflexion_arc,merge,8,1,ACTION2,0,GameState.NOT_FINISHED,False,"reflection=ACTION1 caused a change in the grid, suggesting it may be related to s"
24808684,reflexion_arc,merge,8,2,ACTION6,0,GameState.NOT_FINISHED,False,reflection=updated lessons
24808684,reflexion_arc,merge,8,3,ACTION1,0,GameState.NOT_FINISHED,False,"reflection=The grid has a mix of symbols, with '1' being the most frequent. The g"
24808684,reflexion_arc,merge,8,4,ACTION1,0,GameState.NOT_FINISHED,False,"reflection=ACTION1 and ACTION2 have altered the grid, indicating potential moveme"
24808684,reflexion_arc,merge,8,5,ACTION6,0,GameState.NOT_FINISHED,False,reflection=ACTION1 and ACTION2 have shown potential for movement or transformatio
24808684,reflexion_arc,merge,8,6,ACTION3,0,GameState.NOT_FINISHED,False,reflection=ACTION1 and ACTION2 have shown potential for movement or transformatio
24808684,reflexion_arc,merge,8,7,ACTION4,0,GameState.NOT_FINISHED,False,reflection=ACTION1 and ACTION2 have shown potential for movement or transformatio
24808684,reflexion_arc,merge,8,8,ACTION3,0,GameState.NOT_FINISHED,False,reflection=updated lessons
24808684,reflexion_arc,merge,8,9,ACTION5,0,GameState.NOT_FINISHED,False,"reflection=ACTION2 and ACTION1 seem to cause changes in the grid, while ACTION6 d"
24808684,reflexion_arc,merge,8,10,ACTION2,0,GameState.NOT_FINISHED,False,"reflection=ACTION1, ACTION3, and ACTION4 cause changes in the grid, while ACTION5"
24808684,reflexion_arc,merge,8,11,ACTION2,0,GameState.NOT_FINISHED,False,"reflection=ACTION1, ACTION3, and ACTION4 cause changes in the grid, while ACTION5"
24808684,reflexion_arc,merge,8,12,ACTION4,0,GameState.NOT_FINISHED,False,"reflection=ACTION1, ACTION3, and ACTION4 cause changes in the grid, while ACTION5"
24808684,reflexion_arc,merge,8,13,ACTION1,0,GameState.NOT_FINISHED,False,"reflection=ACTION1, ACTION3, and ACTION4 cause changes in the grid, while ACTION5"
24808684,reflexion_arc,merge,8,14,ACTION6,0,GameState.NOT_FINISHED,False,"reflection=ACTION1, ACTION3, and ACTION4 cause changes in the grid, while ACTION5"
24808684,reflexion_arc,merge,8,15,ACTION6,0,GameState.NOT_FINISHED,False,"reflection=ACTION1, ACTION3, and ACTION4 cause changes in the grid, while ACTION5"
24808684,reflexion_arc,merge,8,16,ACTION6,0,GameState.NOT_FINISHED,False,"reflection=ACTION1, ACTION3, and ACTION4 cause changes in the grid, while ACTION5"
24808684,reflexion_arc,merge,8,17,ACTION3,0,GameState.NOT_FINISHED,False,"reflection=ACTION1, ACTION2, ACTION3, and ACTION4 cause changes in the grid, whil"
24808684,reflexion_arc,merge,8,18,ACTION2,0,GameState.NOT_FINISHED,False,"reflection=ACTION1, ACTION2, ACTION3, and ACTION4 cause changes in the grid, whil"
24808684,reflexion_arc,merge,8,19,ACTION1,0,GameState.NOT_FINISHED,False,"reflection=ACTION1, ACTION2, ACTION3, and ACTION4 cause changes in the grid, whil"
24808684,reflexion_arc,merge,8,20,ACTION4,0,GameState.NOT_FINISHED,False,"reflection=ACTION1, ACTION2, ACTION3, and ACTION4 cause changes in the grid, whil"
24808684,reflexion_arc,merge,8,21,ACTION5,0,GameState.NOT_FINISHED,False,"reflection=ACTION1, ACTION2, ACTION3, and ACTION4 cause changes in the grid, whil"
24808684,reflexion_arc,merge,8,22,ACTION6,0,GameState.NOT_FINISHED,False,reflection=updated lessons
24808684,reflexion_arc,merge,8,23,ACTION6,0,GameState.NOT_FINISHED,False,"reflection=ACTION3, ACTION1, ACTION2, and ACTION4 have caused changes in the grid"
24808684,reflexion_arc,merge,8,24,ACTION6,0,GameState.NOT_FINISHED,False,"reflection=ACTION3, ACTION1, ACTION2, and ACTION4 have caused changes in the grid"
24808684,reflexion_arc,merge,8,25,ACTION6,0,GameState.NOT_FINISHED,False,"reflection=ACTION3, ACTION1, ACTION2, and ACTION4 have caused changes in the grid"
24808684,reflexion_arc,merge,8,26,ACTION6,0,GameState.NOT_FINISHED,False,"reflection=ACTION3, ACTION1, ACTION2, and ACTION4 have caused changes in the grid"
24808684,reflexion_arc,merge,8,27,ACTION1,0,GameState.NOT_FINISHED,False,"reflection=ACTION3, ACTION1, ACTION2, and ACTION4 have caused changes in the grid"
24808684,reflexion_arc,merge,8,28,ACTION6,0,GameState.NOT_FINISHED,False,"reflection=ACTION3, ACTION1, ACTION2, and ACTION4 have caused changes in the grid"
24808684,reflexion_arc,merge,8,29,ACTION6,0,GameState.NOT_FINISHED,False,"reflection=ACTION3, ACTION1, ACTION2, and ACTION4 have caused changes in the grid"
24808684,reflexion_arc,merge,8,30,ACTION6,0,GameState.NOT_FINISHED,False,"reflection=ACTION1 swaps '1' and '9', ACTION3, ACTION1, ACTION2, and ACTION4 caus"
24808684,reflexion_arc,merge,8,31,ACTION3,0,GameState.NOT_FINISHED,False,"reflection=ACTION1 swaps '1' and '9', ACTION3, ACTION1, ACTION2, and ACTION4 caus"
24808684,reflexion_arc,merge,8,32,ACTION2,0,GameState.NOT_FINISHED,False,"reflection=ACTION1 swaps '1' and '9', ACTION3 causes changes, ACTION1, ACTION2, a"
24808684,reflexion_arc,merge,8,33,ACTION2,0,GameState.NOT_FINISHED,False,"reflection=ACTION1 swaps '1' and '9', ACTION3 causes changes, ACTION1, ACTION2, a"
24808684,reflexion_arc,merge,8,34,ACTION2,0,GameState.NOT_FINISHED,False,"reflection=ACTION1 swaps '1' and '9', ACTION3 causes changes, ACTION1, ACTION2, a"
24808684,reflexion_arc,merge,8,35,ACTION2,0,GameState.NOT_FINISHED,False,"reflection=ACTION1 swaps '1' and '9', ACTION3 causes changes, ACTION1, ACTION2, a"
24808684,reflexion_arc,merge,8,36,ACTION2,0,GameState.NOT_FINISHED,False,"reflection=ACTION1 swaps '1' and '9', ACTION3 causes changes, ACTION1, ACTION2, a"
24808684,reflexion_arc,merge,8,37,ACTION2,0,GameState.NOT_FINISHED,False,"reflection=ACTION1 swaps '1' and '9', ACTION3 causes changes, ACTION1, ACTION2, a"
24808684,reflexion_arc,merge,8,38,ACTION2,0,GameState.NOT_FINISHED,False,"reflection=ACTION1 swaps '1' and '9', ACTION3 causes changes, ACTION1, ACTION2, a"
24808684,reflexion_arc,merge,8,39,ACTION3,0,GameState.NOT_FINISHED,False,"reflection=ACTION1 swaps '1' and '9', ACTION3 causes changes, ACTION1, ACTION2, a"
24808684,reflexion_arc,merge,8,40,ACTION2,0,GameState.NOT_FINISHED,False,"reflection=ACTION1 swaps '1' and '9', ACTION3 causes changes, ACTION1, ACTION2, a"
24808684,reflexion_arc,merge,8,41,ACTION2,0,GameState.NOT_FINISHED,False,"reflection=ACTION1 swaps '1' and '9', ACTION3 causes changes, ACTION1, ACTION2, a"
24808684,reflexion_arc,merge,8,42,ACTION2,0,GameState.NOT_FINISHED,False,"reflection=ACTION1 swaps '1' and '9', ACTION3 causes changes, ACTION1, ACTION2, a"
24808684,reflexion_arc,merge,8,43,ACTION2,0,GameState.NOT_FINISHED,False,"reflection=ACTION1 swaps '1' and '9', ACTION3 causes changes, ACTION1, ACTION2, a"
24808684,reflexion_arc,merge,8,44,ACTION2,0,GameState.NOT_FINISHED,False,"reflection=ACTION1 swaps '1' and '9', ACTION3 causes changes, ACTION1, ACTION2, a"
24808684,reflexion_arc,merge,8,45,ACTION2,0,GameState.NOT_FINISHED,False,"reflection=ACTION1 swaps '1' and '9', ACTION3 causes changes, ACTION1, ACTION2, a"
24808684,reflexion_arc,merge,8,46,ACTION2,0,GameState.NOT_FINISHED,False,reflection=updated lessons
24808684,reflexion_arc,merge,8,47,ACTION3,0,GameState.NOT_FINISHED,False,"reflection=It seems that ACTION2 has been tried multiple times with no effect, su"
24808684,reflexion_arc,merge,8,48,ACTION6,0,GameState.NOT_FINISHED,False,reflection=updated lessons
24808684,reflexion_arc,merge,8,49,ACTION1,0,GameState.NOT_FINISHED,False,"reflection=Repeatedly using ACTION2 had no effect, and using ACTION3 and ACTION6 "
24808684,reflexion_arc,merge,9,0,ACTION1,0,GameState.NOT_FINISHED,False,reflection=The grid is 16x16 with various symbols. The goal and actions are unkno
24808684,reflexion_arc,merge,9,1,ACTION2,0,GameState.NOT_FINISHED,False,"reflection=ACTION1 caused a change in the grid, swapping two cells. The goal and "
24808684,reflexion_arc,merge,9,2,ACTION3,0,GameState.NOT_FINISHED,False,"reflection=ACTION1 swaps two cells, ACTION2 also changes the grid, possibly relat"
24808684,reflexion_arc,merge,9,3,ACTION4,0,GameState.NOT_FINISHED,False,"reflection=ACTION1 swaps two cells, ACTION2 also changes the grid, possibly relat"
24808684,reflexion_arc,merge,9,4,ACTION5,0,GameState.NOT_FINISHED,False,"reflection=ACTION1 swaps two cells, ACTION2 and ACTION3 change the grid, possibly"
24808684,reflexion_arc,merge,9,5,ACTION1,0,GameState.NOT_FINISHED,False,"reflection=ACTION1 swaps two cells, ACTION2 and ACTION3 change the grid, possibly"
24808684,reflexion_arc,merge,9,6,ACTION6,0,GameState.NOT_FINISHED,False,reflection=updated lessons
24808684,reflexion_arc,merge,9,7,ACTION1,0,GameState.NOT_FINISHED,False,"reflection=Actions 5 and 6 have resulted in no change to the grid so far, suggest"
24808684,reflexion_arc,merge,9,8,ACTION2,0,GameState.NOT_FINISHED,False,"reflection=Continuing to explore actions 1 through 4, as they have shown direct i"
24808684,reflexion_arc,merge,9,9,ACTION2,0,GameState.NOT_FINISHED,False,"reflection=Continuing to explore actions 1 through 4, as they have shown direct i"
24808684,reflexion_arc,merge,9,10,ACTION2,0,GameState.NOT_FINISHED,False,reflection=Continuing to explore actions 1 through 4 to identify patterns and rul
24808684,reflexion_arc,merge,9,11,ACTION2,0,GameState.NOT_FINISHED,False,reflection=Continuing exploration of actions 1 through 4 to identify patterns and
24808684,reflexion_arc,merge,9,12,ACTION2,0,GameState.NOT_FINISHED,False,reflection=Continuing to explore ACTION2 for consistency and potential pattern re
24808684,reflexion_arc,merge,9,13,ACTION2,0,GameState.NOT_FINISHED,False,"reflection=ACTION2's consistent effects suggest a potential pattern, ACTION1's sw"
24808684,reflexion_arc,merge,9,14,ACTION3,0,GameState.NOT_FINISHED,False,"reflection=ACTION2's consistent effects suggest a potential pattern, ACTION1's sw"
24808684,reflexion_arc,merge,9,15,ACTION6,0,GameState.NOT_FINISHED,False,reflection=updated lessons
24808684,reflexion_arc,merge,9,16,ACTION6,0,GameState.NOT_FINISHED,False,reflection=updated lessons
24808684,reflexion_arc,merge,9,17,ACTION6,0,GameState.NOT_FINISHED,False,reflection=updated lessons
24808684,reflexion_arc,merge,9,18,ACTION2,0,GameState.NOT_FINISHED,False,"reflection=ACTION2 seems to have an effect on the grid, while ACTION6 does not. A"
24808684,reflexion_arc,merge,9,19,ACTION1,0,GameState.NOT_FINISHED,False,"reflection=ACTION2 and ACTION3 have effects on the grid, while ACTION6 does not. "
24808684,reflexion_arc,merge,9,20,ACTION1,0,GameState.NOT_FINISHED,False,"reflection=ACTION2 and ACTION3 have effects on the grid, while ACTION6 does not. "
24808684,reflexion_arc,merge,9,21,ACTION1,0,GameState.NOT_FINISHED,False,"reflection=ACTION2 and ACTION3 have effects on the grid, while ACTION6 does not. "
24808684,reflexion_arc,merge,9,22,ACTION1,0,GameState.NOT_FINISHED,False,"reflection=ACTION2 and ACTION3 have effects on the grid, while ACTION6 does not. "
24808684,reflexion_arc,merge,9,23,ACTION2,0,GameState.NOT_FINISHED,False,reflection=updated lessons
24808684,reflexion_arc,merge,9,24,ACTION6,0,GameState.NOT_FINISHED,False,reflection=updated lessons
24808684,reflexion_arc,merge,9,25,ACTION6,0,GameState.NOT_FINISHED,False,"reflection=ACTION1 has caused changes in the grid multiple times, suggesting it m"
24808684,reflexion_arc,merge,9,26,ACTION1,0,GameState.NOT_FINISHED,False,"reflection=ACTION1 is likely related to movement or interaction, ACTION2 has occa"
24808684,reflexion_arc,merge,9,27,ACTION1,0,GameState.NOT_FINISHED,False,"reflection=ACTION1 appears to swap or move cells, ACTION2's effects are unpredict"
24808684,reflexion_arc,merge,9,28,ACTION1,0,GameState.NOT_FINISHED,False,reflection=ACTION1's consistent effects suggest it may be used to create patterns
24808684,reflexion_arc,merge,9,29,ACTION1,0,GameState.NOT_FINISHED,False,reflection=updated lessons
24808684,reflexion_arc,merge,9,30,ACTION1,0,GameState.NOT_FINISHED,False,"reflection=ACTION1 seems to change the grid, ACTION2 also changes the grid, but A"
24808684,reflexion_arc,merge,9,31,ACTION2,0,GameState.NOT_FINISHED,False,"reflection=ACTION1 seems to change the grid, ACTION2 also changes the grid and ca"
24808684,reflexion_arc,merge,9,32,ACTION2,0,GameState.NOT_FINISHED,False,"reflection=ACTION1 and ACTION2 change the grid, ACTION6 does nothing, ACTION2 can"
24808684,reflexion_arc,merge,9,33,ACTION3,0,GameState.NOT_FINISHED,False,"reflection=ACTION1 and ACTION2 change the grid, ACTION6 does nothing, ACTION2 can"
24808684,reflexion_arc,merge,9,34,ACTION3,0,GameState.NOT_FINISHED,False,"reflection=ACTION1 and ACTION2 change the grid, ACTION6 does nothing, ACTION2 can"
24808684,reflexion_arc,merge,9,35,ACTION4,0,GameState.NOT_FINISHED,False,"reflection=ACTION1 and ACTION2 change the grid, ACTION6 does nothing, ACTION2 can"
24808684,reflexion_arc,merge,9,36,ACTION5,0,GameState.NOT_FINISHED,False,"reflection=ACTION1 and ACTION2 change the grid, ACTION6 does nothing, ACTION2 can"
24808684,reflexion_arc,merge,9,37,ACTION6,0,GameState.NOT_FINISHED,False,reflection=updated lessons
24808684,reflexion_arc,merge,9,38,ACTION6,0,GameState.NOT_FINISHED,False,"reflection=Actions ACTION1, ACTION2, ACTION3, and ACTION4 have been observed to c"
24808684,reflexion_arc,merge,9,39,ACTION6,0,GameState.NOT_FINISHED,False,reflection=updated lessons
24808684,reflexion_arc,merge,9,40,ACTION6,0,GameState.NOT_FINISHED,False,reflection=updated lessons
24808684,reflexion_arc,merge,9,41,ACTION1,0,GameState.NOT_FINISHED,False,"reflection=ACTION3 and ACTION4 have caused changes in the grid, while ACTION1, AC"
24808684,reflexion_arc,merge,9,42,ACTION1,0,GameState.NOT_FINISHED,False,"reflection=ACTION3 and ACTION4 have caused changes in the grid, while ACTION1, AC"
24808684,reflexion_arc,merge,9,43,ACTION6,0,GameState.NOT_FINISHED,False,reflection=updated lessons
24808684,reflexion_arc,merge,9,44,ACTION1,0,GameState.NOT_FINISHED,False,reflection=updated lessons
24808684,reflexion_arc,merge,9,45,ACTION1,0,GameState.NOT_FINISHED,False,reflection=updated lessons
24808684,reflexion_arc,merge,9,46,ACTION1,0,GameState.NOT_FINISHED,False,"reflection=ACTION1 seems to cause changes in the grid, while ACTION6 does not. Th"
24808684,reflexion_arc,merge,9,47,ACTION2,0,GameState.NOT_FINISHED,False,"reflection=ACTION1 seems to cause changes in the grid, potentially swapping or ch"
24808684,reflexion_arc,merge,9,48,ACTION2,0,GameState.NOT_FINISHED,False,"reflection=ACTION1 seems to cause changes in the grid, potentially swapping or ch"
24808684,reflexion_arc,merge,9,49,ACTION2,0,GameState.NOT_FINISHED,False,"reflection=ACTION1 seems to cause changes in the grid, potentially swapping or ch"
24808684,reflexion_arc,simple_maze,5,0,ACTION1,0,GameState.NOT_FINISHED,False,reflection=Initial observation of the grid and available actions. No clear goal o
24808684,reflexion_arc,simple_maze,5,1,ACTION6,0,GameState.NOT_FINISHED,False,reflection=Exploring the effects of each action to gather more information
24808684,reflexion_arc,simple_maze,5,2,ACTION2,0,GameState.NOT_FINISHED,False,"reflection=Actions ACTION1 and ACTION6 have been tried, but nothing changed in th"
24808684,reflexion_arc,simple_maze,5,3,ACTION3,0,GameState.NOT_FINISHED,False,"reflection=ACTION1 and ACTION6 have no effect on the grid, ACTION2 causes 2 cells"
24808684,reflexion_arc,simple_maze,5,4,ACTION4,0,GameState.NOT_FINISHED,False,"reflection=ACTION1 and ACTION6 have no effect on the grid, ACTION2 causes changes"
24808684,reflexion_arc,simple_maze,5,5,ACTION5,0,GameState.NOT_FINISHED,False,"reflection=ACTION1 and ACTION6 have no effect on the grid, ACTION2 causes changes"
24808684,reflexion_arc,simple_maze,5,6,ACTION4,0,GameState.NOT_FINISHED,False,"reflection=ACTION1 and ACTION6 have no effect on the grid, ACTION2 causes changes"
24808684,reflexion_arc,simple_maze,5,7,ACTION4,0,GameState.NOT_FINISHED,False,"reflection=ACTION1 and ACTION6 have no effect on the grid, ACTION2 causes changes"
24808684,reflexion_arc,simple_maze,5,8,ACTION2,0,GameState.NOT_FINISHED,False,"reflection=ACTION1, ACTION3, ACTION4, ACTION5, and ACTION6 have no effect on the "
24808684,reflexion_arc,simple_maze,5,9,ACTION2,0,GameState.NOT_FINISHED,False,"reflection=ACTION1, ACTION3, ACTION4, ACTION5, and ACTION6 have no effect on the "
24808684,reflexion_arc,simple_maze,5,10,ACTION2,0,GameState.NOT_FINISHED,False,"reflection=ACTION2 appears to cause a swap or movement between cells, potentially"
24808684,reflexion_arc,simple_maze,5,11,ACTION2,0,GameState.NOT_FINISHED,False,"reflection=ACTION2 appears to cause a swap or movement between cells, potentially"
24808684,reflexion_arc,simple_maze,5,12,ACTION2,0,GameState.NOT_FINISHED,False,"reflection=ACTION2 appears to cause a swap or movement between cells, potentially"
24808684,reflexion_arc,simple_maze,5,13,ACTION2,0,GameState.NOT_FINISHED,False,"reflection=ACTION2 appears to cause a swap or movement between cells, potentially"
24808684,reflexion_arc,simple_maze,5,14,ACTION2,0,GameState.NOT_FINISHED,False,"reflection=ACTION2 appears to cause a swap or movement between cells, potentially"
24808684,reflexion_arc,simple_maze,5,15,ACTION2,0,GameState.NOT_FINISHED,False,"reflection=ACTION2 appears to cause a swap or movement between cells, potentially"
24808684,reflexion_arc,simple_maze,5,16,ACTION1,0,GameState.NOT_FINISHED,False,"reflection=ACTION2 appears to cause a swap or movement between cells, potentially"
24808684,reflexion_arc,simple_maze,5,17,ACTION1,0,GameState.NOT_FINISHED,False,"reflection=ACTION2 appears to cause a swap or movement between cells, potentially"
24808684,reflexion_arc,simple_maze,5,18,ACTION2,0,GameState.NOT_FINISHED,False,"reflection=ACTION2 appears to cause a swap or movement between cells, potentially"
24808684,reflexion_arc,simple_maze,5,19,ACTION2,0,GameState.NOT_FINISHED,False,"reflection=ACTION2 appears to cause a swap or movement between cells, potentially"
24808684,reflexion_arc,simple_maze,5,20,ACTION2,0,GameState.NOT_FINISHED,False,"reflection=ACTION2 appears to cause a swap or movement between cells, potentially"
24808684,reflexion_arc,simple_maze,5,21,ACTION2,0,GameState.NOT_FINISHED,False,"reflection=ACTION2 appears to cause a swap or movement between cells, potentially"
24808684,reflexion_arc,simple_maze,5,22,ACTION2,0,GameState.NOT_FINISHED,False,"reflection=ACTION2 appears to cause a swap or movement between cells, potentially"
24808684,reflexion_arc,simple_maze,5,23,ACTION2,0,GameState.NOT_FINISHED,False,"reflection=ACTION2 appears to cause a swap or movement between cells, potentially"
24808684,reflexion_arc,simple_maze,5,24,ACTION2,0,GameState.NOT_FINISHED,False,"reflection=ACTION2 appears to cause a swap or movement between cells, potentially"
24808684,reflexion_arc,simple_maze,5,25,ACTION2,0,GameState.NOT_FINISHED,False,"reflection=ACTION2 appears to cause a swap or movement between cells, potentially"
24808684,reflexion_arc,simple_maze,5,26,ACTION2,0,GameState.NOT_FINISHED,False,"reflection=ACTION2 appears to cause a swap or movement between cells, potentially"
24808684,reflexion_arc,simple_maze,5,27,ACTION6,0,GameState.NOT_FINISHED,False,reflection=updated lessons
24808684,reflexion_arc,simple_maze,5,28,ACTION1,0,GameState.NOT_FINISHED,False,"reflection=Repeatedly applying ACTION2 has not changed the grid, suggesting it ma"
24808684,reflexion_arc,simple_maze,5,29,ACTION3,0,GameState.NOT_FINISHED,False,"reflection=Repeatedly applying ACTION2 has not changed the grid, suggesting it ma"
24808684,reflexion_arc,simple_maze,5,30,ACTION3,0,GameState.NOT_FINISHED,False,"reflection=Repeatedly applying ACTION2 has not changed the grid, suggesting it ma"
24808684,reflexion_arc,simple_maze,5,31,ACTION4,0,GameState.NOT_FINISHED,False,"reflection=Repeated ACTION2 and single ACTION6 had no effect, ACTION1 changed gri"
24808684,reflexion_arc,simple_maze,5,32,ACTION5,0,GameState.NOT_FINISHED,False,"reflection=Repeated ACTION2 and single ACTION6 had no effect, ACTION1 changed gri"
24808684,reflexion_arc,simple_maze,5,33,ACTION6,0,GameState.NOT_FINISHED,False,"reflection=Repeated ACTION2 and single ACTION6 had no effect, ACTION1 changed gri"
24808684,reflexion_arc,simple_maze,5,34,ACTION6,0,GameState.NOT_FINISHED,False,"reflection=ACTION1 changed the grid, suggesting it may be related to the goal, wh"
24808684,reflexion_arc,simple_maze,5,35,ACTION6,0,GameState.NOT_FINISHED,False,"reflection=ACTION1 is likely key to progress, ACTION6 will be tried with varying "
24808684,reflexion_arc,simple_maze,5,36,ACTION6,0,GameState.NOT_FINISHED,False,"reflection=ACTION1 is likely key to progress, ACTION6 will continue to be explore"
24808684,reflexion_arc,simple_maze,5,37,ACTION1,0,GameState.NOT_FINISHED,False,"reflection=ACTION1 is still a mystery, ACTION6 seems to have no effect regardless"
24808684,reflexion_arc,simple_maze,5,38,ACTION2,0,GameState.NOT_FINISHED,False,"reflection=ACTION1 has some effect, ACTION6 has no effect, considering exploring "
24808684,reflexion_arc,simple_maze,5,39,ACTION2,0,GameState.NOT_FINISHED,False,"reflection=ACTION1 and ACTION2 have effects, ACTION6 has no effect, ACTION4 had a"
24808684,reflexion_arc,simple_maze,5,40,ACTION1,0,GameState.NOT_FINISHED,False,reflection=updated lessons
24808684,reflexion_arc,simple_maze,5,41,ACTION3,0,GameState.NOT_FINISHED,False,"reflection=ACTION1 and ACTION2 have caused changes in the grid, while repeated AC"
24808684,reflexion_arc,simple_maze,5,42,ACTION4,0,GameState.NOT_FINISHED,False,"reflection=ACTION1 and ACTION2 have caused changes in the grid, while repeated AC"
24808684,reflexion_arc,simple_maze,5,43,ACTION4,0,GameState.NOT_FINISHED,False,"reflection=ACTION1 and ACTION2 have caused changes in the grid, ACTION1 has cause"
24808684,reflexion_arc,simple_maze,5,44,ACTION4,0,GameState.NOT_FINISHED,False,"reflection=ACTION1 and ACTION2 have caused changes in the grid, ACTION1 has cause"
24808684,reflexion_arc,simple_maze,5,45,ACTION5,0,GameState.NOT_FINISHED,False,"reflection=ACTION1 and ACTION2 have caused changes in the grid, ACTION1 has cause"
24808684,reflexion_arc,simple_maze,5,46,ACTION6,0,GameState.NOT_FINISHED,False,"reflection=ACTION1 and ACTION2 have caused changes in the grid, ACTION1 has cause"
24808684,reflexion_arc,simple_maze,5,47,ACTION6,0,GameState.NOT_FINISHED,False,"reflection=ACTION1 and ACTION2 have caused changes in the grid, ACTION1 has cause"
24808684,reflexion_arc,simple_maze,5,48,ACTION6,0,GameState.NOT_FINISHED,False,reflection=updated lessons
24808684,reflexion_arc,simple_maze,5,49,ACTION1,0,GameState.NOT_FINISHED,False,"reflection=So far, none of the actions have resulted in any changes to the grid. "
24808684,reflexion_arc,simple_maze,6,0,ACTION1,0,GameState.NOT_FINISHED,False,"reflection=Started with an 8x8 grid, unknown goal, and six available actions. The"
24808684,reflexion_arc,simple_maze,6,1,ACTION2,0,GameState.NOT_FINISHED,False,"reflection=Started with an 8x8 grid, unknown goal, and six available actions. The"
24808684,reflexion_arc,simple_maze,6,2,ACTION1,0,GameState.NOT_FINISHED,False,"reflection=Started with an 8x8 grid, unknown goal, and six available actions. The"
24808684,reflexion_arc,simple_maze,6,3,ACTION3,0,GameState.NOT_FINISHED,False,"reflection=ACTION1 initially had no effect, but after ACTION2, ACTION1 caused a c"
24808684,reflexion_arc,simple_maze,6,4,ACTION4,0,GameState.NOT_FINISHED,False,"reflection=ACTION1's effect is conditional, ACTION2 has an effect, '8' and '9' ar"
24808684,reflexion_arc,simple_maze,6,5,ACTION5,0,GameState.NOT_FINISHED,False,"reflection=ACTION1's effect is conditional, ACTION2 has an effect, '8' and '9' ar"
24808684,reflexion_arc,simple_maze,6,6,ACTION6,0,GameState.NOT_FINISHED,False,"reflection=ACTION1's effect is conditional, ACTION2 has an effect, '8' and '9' ar"
24808684,reflexion_arc,simple_maze,6,7,ACTION6,0,GameState.NOT_FINISHED,False,"reflection=ACTION1's effect is conditional, ACTION2 has an effect, '8' and '9' ar"
24808684,reflexion_arc,simple_maze,6,8,ACTION6,0,GameState.NOT_FINISHED,False,reflection=updated lessons
24808684,reflexion_arc,simple_maze,6,9,ACTION6,0,GameState.NOT_FINISHED,False,reflection=updated lessons
24808684,reflexion_arc,simple_maze,6,10,ACTION2,0,GameState.NOT_FINISHED,False,"reflection=Some actions (ACTION1, ACTION4) have been observed to change the grid,"
24808684,reflexion_arc,simple_maze,6,11,ACTION1,0,GameState.NOT_FINISHED,False,"reflection=Some actions (ACTION1, ACTION4) have been observed to change the grid,"
24808684,reflexion_arc,simple_maze,6,12,ACTION1,0,GameState.NOT_FINISHED,False,reflection=updated lessons
24808684,reflexion_arc,simple_maze,6,13,ACTION3,0,GameState.NOT_FINISHED,False,"reflection=So far, none of the actions have resulted in any changes to the grid. "
24808684,reflexion_arc,simple_maze,6,14,ACTION3,0,GameState.NOT_FINISHED,False,"reflection=So far, ACTION3 has resulted in a change to the grid, specifically mov"
24808684,reflexion_arc,simple_maze,6,15,ACTION6,0,GameState.NOT_FINISHED,False,"reflection=ACTION3 has shown potential for changing the grid, possibly related to"
24808684,reflexion_arc,simple_maze,6,16,ACTION6,0,GameState.NOT_FINISHED,False,"reflection=ACTION3 has shown potential for changing the grid, possibly related to"
24808684,reflexion_arc,simple_maze,6,17,ACTION6,0,GameState.NOT_FINISHED,False,"reflection=ACTION3 has shown potential for changing the grid, possibly related to"
24808684,reflexion_arc,simple_maze,6,18,ACTION6,0,GameState.NOT_FINISHED,False,reflection=updated lessons
24808684,reflexion_arc,simple_maze,6,19,ACTION2,0,GameState.NOT_FINISHED,False,"reflection=ACTION1 and ACTION6 seem to have no effect most of the time, ACTION3 h"
24808684,reflexion_arc,simple_maze,6,20,ACTION4,0,GameState.NOT_FINISHED,False,"reflection=ACTION1 and ACTION6 seem to have no effect most of the time, ACTION3 h"
24808684,reflexion_arc,simple_maze,6,21,ACTION4,0,GameState.NOT_FINISHED,False,"reflection=ACTION1 and ACTION6 seem to have no effect most of the time, ACTION3 h"
24808684,reflexion_arc,simple_maze,6,22,ACTION4,0,GameState.NOT_FINISHED,False,"reflection=ACTION1 and ACTION6 seem to have no effect most of the time, ACTION3 h"
24808684,reflexion_arc,simple_maze,6,23,ACTION5,0,GameState.NOT_FINISHED,False,"reflection=ACTION1 and ACTION6 seem to have no effect most of the time, ACTION3 h"
24808684,reflexion_arc,simple_maze,6,24,ACTION5,0,GameState.NOT_FINISHED,False,"reflection=ACTION1 and ACTION6 seem to have no effect most of the time, ACTION3 h"
24808684,reflexion_arc,simple_maze,6,25,ACTION6,0,GameState.NOT_FINISHED,False,reflection=updated lessons
24808684,reflexion_arc,simple_maze,6,26,ACTION1,0,GameState.NOT_FINISHED,False,reflection=updated lessons
24808684,reflexion_arc,simple_maze,6,27,ACTION2,0,GameState.NOT_FINISHED,False,"reflection=ACTION2 and ACTION1 cause changes in the grid, while ACTION4, ACTION5,"
24808684,reflexion_arc,simple_maze,6,28,ACTION1,0,GameState.NOT_FINISHED,False,"reflection=ACTION2 and ACTION1 cause changes in the grid, while ACTION4, ACTION5,"
24808684,reflexion_arc,simple_maze,6,29,ACTION2,0,GameState.NOT_FINISHED,False,"reflection=ACTION2 and ACTION1 cause changes in the grid, while ACTION4, ACTION5,"
24808684,reflexion_arc,simple_maze,6,30,ACTION6,0,GameState.NOT_FINISHED,False,"reflection=ACTION2 and ACTION1 cause changes in the grid, while ACTION4, ACTION5,"
24808684,reflexion_arc,simple_maze,6,31,ACTION4,0,GameState.NOT_FINISHED,False,"reflection=ACTION2 and ACTION1 cause changes in the grid, while ACTION4, ACTION5,"
24808684,reflexion_arc,simple_maze,6,32,ACTION3,0,GameState.NOT_FINISHED,False,"reflection=ACTION2 and ACTION1 cause changes in the grid, while ACTION4, ACTION5,"
24808684,reflexion_arc,simple_maze,6,33,ACTION1,0,GameState.NOT_FINISHED,False,"reflection=ACTION2 and ACTION1 cause changes in the grid, ACTION4, ACTION5, and A"
24808684,reflexion_arc,simple_maze,6,34,ACTION5,0,GameState.NOT_FINISHED,False,"reflection=ACTION2 and ACTION1 cause changes in the grid, ACTION4, ACTION5, and A"
24808684,reflexion_arc,simple_maze,6,35,ACTION6,0,GameState.NOT_FINISHED,False,"reflection=ACTION2 and ACTION1 cause changes in the grid, ACTION4, ACTION5, and A"
24808684,reflexion_arc,simple_maze,6,36,ACTION6,0,GameState.NOT_FINISHED,False,"reflection=ACTION2 and ACTION1 cause changes in the grid, ACTION4, ACTION5, and A"
24808684,reflexion_arc,simple_maze,6,37,ACTION6,0,GameState.NOT_FINISHED,False,"reflection=ACTION2 and ACTION1 cause changes in the grid, ACTION4, ACTION5, and A"
24808684,reflexion_arc,simple_maze,6,38,ACTION6,0,GameState.NOT_FINISHED,False,"reflection=ACTION1 moves '8' right and up in a cycle, ACTION2 moves '8' down, ACT"
24808684,reflexion_arc,simple_maze,6,39,ACTION6,0,GameState.NOT_FINISHED,False,"reflection=ACTION1 moves '8' right and up in a cycle, ACTION2 moves '8' down, ACT"
24808684,reflexion_arc,simple_maze,6,40,ACTION6,0,GameState.NOT_FINISHED,False,"reflection=ACTION1 moves '8' right and up in a cycle, ACTION2 moves '8' down, ACT"
24808684,reflexion_arc,simple_maze,6,41,ACTION6,0,GameState.NOT_FINISHED,False,"reflection=ACTION1 moves '8' right and up in a cycle, ACTION2 moves '8' down, ACT"
24808684,reflexion_arc,simple_maze,6,42,ACTION6,0,GameState.NOT_FINISHED,False,"reflection=ACTION1 moves '8' right and up in a cycle, ACTION2 moves '8' down, ACT"
24808684,reflexion_arc,simple_maze,6,43,ACTION6,0,GameState.NOT_FINISHED,False,"reflection=ACTION1 moves '8' right and up in a cycle, ACTION2 moves '8' down, ACT"
24808684,reflexion_arc,simple_maze,6,44,ACTION6,0,GameState.NOT_FINISHED,False,"reflection=ACTION1 moves '8' right and up in a cycle, ACTION2 moves '8' down, ACT"
24808684,reflexion_arc,simple_maze,6,45,ACTION6,0,GameState.NOT_FINISHED,False,"reflection=ACTION1 moves '8' right and up in a cycle, ACTION2 moves '8' down, ACT"
24808684,reflexion_arc,simple_maze,6,46,ACTION6,0,GameState.NOT_FINISHED,False,"reflection=ACTION1 moves '8' right and up in a cycle, ACTION2 moves '8' down, ACT"
24808684,reflexion_arc,simple_maze,6,47,ACTION3,0,GameState.NOT_FINISHED,False,"reflection=ACTION1 moves '8' right and up in a cycle, ACTION2 moves '8' down, ACT"
24808684,reflexion_arc,simple_maze,6,48,ACTION6,0,GameState.NOT_FINISHED,False,"reflection=ACTION1 moves '8' right and up in a cycle, ACTION2 moves '8' down, ACT"
24808684,reflexion_arc,simple_maze,6,49,ACTION6,0,GameState.NOT_FINISHED,False,"reflection=ACTION1 moves '8' right and up in a cycle, ACTION2 moves '8' down, ACT"
24808684,reflexion_arc,simple_maze,7,0,ACTION6,0,GameState.NOT_FINISHED,False,reflection=no lessons yet
24808684,reflexion_arc,simple_maze,7,1,ACTION1,0,GameState.NOT_FINISHED,False,"reflection=ACTION6 does not change the grid, suggesting it might be a 'noop' or '"
24808684,reflexion_arc,simple_maze,7,2,ACTION2,0,GameState.NOT_FINISHED,False,"reflection=ACTION6 appears to be a 'noop' or 'wait' action, ACTION1 also doesn't "
24808684,reflexion_arc,simple_maze,7,3,ACTION2,0,GameState.NOT_FINISHED,False,"reflection=ACTION6 and ACTION1 appear to be 'noop' or 'wait' actions, ACTION2 cha"
24808684,reflexion_arc,simple_maze,7,4,ACTION2,0,GameState.NOT_FINISHED,False,"reflection=ACTION6 and ACTION1 are likely 'noop' or 'wait' actions, ACTION2 chang"
24808684,reflexion_arc,simple_maze,7,5,ACTION2,0,GameState.NOT_FINISHED,False,"reflection=ACTION6 and ACTION1 are likely 'noop' or 'wait' actions, ACTION2 chang"
24808684,reflexion_arc,simple_maze,7,6,ACTION2,0,GameState.NOT_FINISHED,False,"reflection=ACTION6 and ACTION1 are likely 'noop' or 'wait' actions, ACTION2 chang"
24808684,reflexion_arc,simple_maze,7,7,ACTION1,0,GameState.NOT_FINISHED,False,"reflection=ACTION6 and ACTION1 are likely 'noop' or 'wait' actions, ACTION2 chang"
24808684,reflexion_arc,simple_maze,7,8,ACTION2,0,GameState.NOT_FINISHED,False,"reflection=ACTION6 and ACTION1 are likely 'noop' or 'wait' actions, ACTION2 chang"
24808684,reflexion_arc,simple_maze,7,9,ACTION6,0,GameState.NOT_FINISHED,False,reflection=updated lessons
24808684,reflexion_arc,simple_maze,7,10,ACTION3,0,GameState.NOT_FINISHED,False,"reflection=ACTION2 has been effective in changing the grid multiple times, but it"
24808684,reflexion_arc,simple_maze,7,11,ACTION3,0,GameState.NOT_FINISHED,False,"reflection=ACTION2's effectiveness is diminishing, ACTION1 has changed the grid o"
24808684,reflexion_arc,simple_maze,7,12,ACTION4,0,GameState.NOT_FINISHED,False,"reflection=ACTION2's effectiveness is diminishing, ACTION1 has changed the grid o"
24808684,reflexion_arc,simple_maze,7,13,ACTION5,0,GameState.NOT_FINISHED,False,"reflection=ACTION2's effectiveness is diminishing, ACTION1 has changed the grid o"
24808684,reflexion_arc,simple_maze,7,14,ACTION5,0,GameState.NOT_FINISHED,False,"reflection=ACTION2's effectiveness is diminishing, ACTION1 has changed the grid o"
24808684,reflexion_arc,simple_maze,7,15,ACTION5,0,GameState.NOT_FINISHED,False,"reflection=ACTION2's effectiveness is diminishing, ACTION1 has changed the grid o"
24808684,reflexion_arc,simple_maze,7,16,ACTION1,0,GameState.NOT_FINISHED,False,"reflection=ACTION2's effectiveness is diminishing, ACTION1's effect is unknown, A"
24808684,reflexion_arc,simple_maze,7,17,ACTION1,0,GameState.NOT_FINISHED,False,reflection=updated lessons
24808684,reflexion_arc,simple_maze,7,18,ACTION2,0,GameState.NOT_FINISHED,False,"reflection=ACTION3 and ACTION5 have been repeated with no effect, ACTION4 changed"
24808684,reflexion_arc,simple_maze,7,19,ACTION6,0,GameState.NOT_FINISHED,False,"reflection=ACTION3 and ACTION5 have been repeated with no effect, ACTION4 changed"
24808684,reflexion_arc,simple_maze,7,20,ACTION4,0,GameState.NOT_FINISHED,False,"reflection=ACTION3 and ACTION5 have been repeated with no effect, ACTION4 changed"
24808684,reflexion_arc,simple_maze,7,21,ACTION6,0,GameState.NOT_FINISHED,False,reflection=updated lessons
24808684,reflexion_arc,simple_maze,7,22,ACTION6,0,GameState.NOT_FINISHED,False,reflection=updated lessons
24808684,reflexion_arc,simple_maze,7,23,ACTION4,0,GameState.NOT_FINISHED,False,"reflection=It seems that most actions (ACTION1, ACTION2, ACTION3, ACTION5, ACTION"
24808684,reflexion_arc,simple_maze,7,24,ACTION4,0,GameState.NOT_FINISHED,False,"reflection=ACTION4 has consistently changed the grid, while other actions have no"
24808684,reflexion_arc,simple_maze,7,25,ACTION4,0,GameState.NOT_FINISHED,False,"reflection=ACTION4 has consistently changed the grid, suggesting it may be a key "
24808684,reflexion_arc,simple_maze,7,26,ACTION4,0,GameState.NOT_FINISHED,False,reflection=ACTION4's consistent effect on the grid suggests it may be related to 
24808684,reflexion_arc,simple_maze,7,27,ACTION1,0,GameState.NOT_FINISHED,False,"reflection=ACTION4 seems to cause changes, possibly movement or modification, whi"
24808684,reflexion_arc,simple_maze,7,28,ACTION1,0,GameState.NOT_FINISHED,False,"reflection=ACTION4 seems to cause changes, possibly movement or modification, whi"
24808684,reflexion_arc,simple_maze,7,29,ACTION1,0,GameState.NOT_FINISHED,False,"reflection=ACTION4 causes changes, ACTION6 does nothing, ACTION1, ACTION2, ACTION"
24808684,reflexion_arc,simple_maze,7,30,ACTION2,0,GameState.NOT_FINISHED,False,"reflection=ACTION4 causes changes, ACTION6 does nothing, ACTION1, ACTION2, ACTION"
24808684,reflexion_arc,simple_maze,7,31,ACTION3,0,GameState.NOT_FINISHED,False,"reflection=ACTION4 causes changes, ACTION6 does nothing, ACTION1, ACTION2, ACTION"
24808684,reflexion_arc,simple_maze,7,32,ACTION5,0,GameState.NOT_FINISHED,False,"reflection=ACTION4 does not cause changes, ACTION2 caused a change in the past, A"
24808684,reflexion_arc,simple_maze,7,33,ACTION5,0,GameState.NOT_FINISHED,False,"reflection=ACTION4 does not cause changes, ACTION2 caused a change in the past, A"
24808684,reflexion_arc,simple_maze,7,34,ACTION6,0,GameState.NOT_FINISHED,False,"reflection=ACTION4 and ACTION5 do not cause changes, ACTION2 caused a change in t"
24808684,reflexion_arc,simple_maze,7,35,ACTION6,0,GameState.NOT_FINISHED,False,"reflection=ACTION1, ACTION3, and ACTION6 are untested and might be related to '8'"
24808684,reflexion_arc,simple_maze,7,36,ACTION2,0,GameState.NOT_FINISHED,False,"reflection=ACTION1, ACTION3, and ACTION6 may interact with '8' or '9', ACTION2 ha"
24808684,reflexion_arc,simple_maze,7,37,ACTION2,0,GameState.NOT_FINISHED,False,"reflection=ACTION1, ACTION3, and ACTION6 may interact with '8' or '9', ACTION2 ha"
24808684,reflexion_arc,simple_maze,7,38,ACTION2,0,GameState.NOT_FINISHED,False,"reflection=ACTION1, ACTION3, and ACTION6 may interact with '8' or '9', ACTION2's "
24808684,reflexion_arc,simple_maze,7,39,ACTION1,0,GameState.NOT_FINISHED,False,"reflection=Considering the lack of effect from recent actions, it's possible that"
24808684,reflexion_arc,simple_maze,7,40,ACTION1,0,GameState.NOT_FINISHED,False,"reflection=ACTION1 previously changed the grid, placing the '8' character. This s"
24808684,reflexion_arc,simple_maze,7,41,ACTION1,0,GameState.NOT_FINISHED,False,"reflection=ACTION1 previously changed the grid by placing the '8' character, sugg"
24808684,reflexion_arc,simple_maze,7,42,ACTION1,0,GameState.NOT_FINISHED,False,"reflection=ACTION1 has shown potential in modifying the grid, specifically placin"
24808684,reflexion_arc,simple_maze,7,43,ACTION1,0,GameState.NOT_FINISHED,False,"reflection=ACTION1 has shown potential in modifying the grid, specifically placin"
24808684,reflexion_arc,simple_maze,7,44,ACTION1,0,GameState.NOT_FINISHED,False,reflection=updated lessons
24808684,reflexion_arc,simple_maze,7,45,ACTION3,0,GameState.NOT_FINISHED,False,"reflection=ACTION1 has caused a change in the grid in the past, but recent repeat"
24808684,reflexion_arc,simple_maze,7,46,ACTION3,0,GameState.NOT_FINISHED,False,"reflection=ACTION1 has caused a change in the grid in the past, but recent repeat"
24808684,reflexion_arc,simple_maze,7,47,ACTION3,0,GameState.NOT_FINISHED,False,"reflection=ACTION1 has caused a change in the grid in the past, but recent repeat"
24808684,reflexion_arc,simple_maze,7,48,ACTION1,0,GameState.NOT_FINISHED,False,"reflection=ACTION1 has caused a change in the grid in the past, but recent repeat"
24808684,reflexion_arc,simple_maze,7,49,ACTION2,0,GameState.NOT_FINISHED,False,"reflection=ACTION1's effectiveness seems to be context-dependent, ACTION3 has sho"
24808684,reflexion_arc,simple_maze,8,0,ACTION1,0,GameState.NOT_FINISHED,False,reflection=The game is in an unknown state with unknown actions and an unknown go
24808684,reflexion_arc,simple_maze,8,1,ACTION2,0,GameState.NOT_FINISHED,False,reflection=The game is in an unknown state with unknown actions and an unknown go
24808684,reflexion_arc,simple_maze,8,2,ACTION3,0,GameState.NOT_FINISHED,False,"reflection=ACTION1 had no effect, ACTION2 changed the grid, suggesting that some "
24808684,reflexion_arc,simple_maze,8,3,ACTION4,0,GameState.NOT_FINISHED,False,"reflection=ACTION1 and ACTION3 had no effect, ACTION2 changed the grid, ACTION2 m"
24808684,reflexion_arc,simple_maze,8,4,ACTION6,0,GameState.NOT_FINISHED,False,"reflection=ACTION1 and ACTION3 had no effect, ACTION2 moved '8' from (2,1) to (2,"
24808684,reflexion_arc,simple_maze,8,5,ACTION6,0,GameState.NOT_FINISHED,False,"reflection=ACTION1, ACTION3, and ACTION4 had no effect, ACTION2 moved '8' from (2"
24808684,reflexion_arc,simple_maze,8,6,ACTION6,0,GameState.NOT_FINISHED,False,"reflection=ACTION1, ACTION3, and ACTION4 had no effect, ACTION2 moved '8' from (2"
24808684,reflexion_arc,simple_maze,8,7,ACTION6,0,GameState.NOT_FINISHED,False,"reflection=ACTION1, ACTION3, and ACTION4 had no effect, ACTION2 moved '8' from (2"
24808684,reflexion_arc,simple_maze,8,8,ACTION6,0,GameState.NOT_FINISHED,False,"reflection=ACTION1, ACTION3, and ACTION4 had no effect, ACTION2 moved '8' from (2"
24808684,reflexion_arc,simple_maze,8,9,ACTION6,0,GameState.NOT_FINISHED,False,"reflection=ACTION1, ACTION3, and ACTION4 had no effect, ACTION2 moved '8' from (2"
24808684,reflexion_arc,simple_maze,8,10,ACTION6,0,GameState.NOT_FINISHED,False,"reflection=ACTION1, ACTION3, and ACTION4 had no effect, ACTION2 moved '8' from (2"
24808684,reflexion_arc,simple_maze,8,11,ACTION6,0,GameState.NOT_FINISHED,False,"reflection=ACTION1, ACTION3, and ACTION4 had no effect, ACTION2 moved '8' from (2"
24808684,reflexion_arc,simple_maze,8,12,ACTION6,0,GameState.NOT_FINISHED,False,"reflection=ACTION1, ACTION3, and ACTION4 had no effect, ACTION2 moved '8' from (2"
24808684,reflexion_arc,simple_maze,8,13,ACTION6,0,GameState.NOT_FINISHED,False,reflection=updated lessons
24808684,reflexion_arc,simple_maze,8,14,ACTION1,0,GameState.NOT_FINISHED,False,reflection=Repeatedly applying ACTION6 has resulted in no changes to the grid. It
24808684,reflexion_arc,simple_maze,8,15,ACTION2,0,GameState.NOT_FINISHED,False,"reflection=ACTION6 has no effect after multiple attempts, ACTION1 caused a change"
24808684,reflexion_arc,simple_maze,8,16,ACTION1,0,GameState.NOT_FINISHED,False,"reflection=ACTION6 has no effect, ACTION1 and ACTION2 cause changes, next step is"
24808684,reflexion_arc,simple_maze,8,17,ACTION3,0,GameState.NOT_FINISHED,False,"reflection=ACTION6 has no effect, ACTION1 and ACTION2 cause changes, exploring AC"
24808684,reflexion_arc,simple_maze,8,18,ACTION3,0,GameState.NOT_FINISHED,False,"reflection=ACTION6 has no effect, ACTION1 and ACTION2 cause changes, ACTION3's ef"
24808684,reflexion_arc,simple_maze,8,19,ACTION3,0,GameState.NOT_FINISHED,False,"reflection=ACTION6 has no effect, ACTION1 and ACTION2 cause changes, ACTION3's ef"
24808684,reflexion_arc,simple_maze,8,20,ACTION4,0,GameState.NOT_FINISHED,False,"reflection=ACTION6 has no effect, ACTION1 and ACTION2 cause changes, ACTION3's ef"
24808684,reflexion_arc,simple_maze,8,21,ACTION5,0,GameState.NOT_FINISHED,False,"reflection=ACTION6 has no effect, ACTION1 and ACTION2 cause changes, ACTION3's ef"
24808684,reflexion_arc,simple_maze,8,22,ACTION5,0,GameState.NOT_FINISHED,False,"reflection=ACTION1, ACTION2, and ACTION4 cause changes in the grid, ACTION3 and A"
24808684,reflexion_arc,simple_maze,8,23,ACTION3,0,GameState.NOT_FINISHED,False,"reflection=ACTION1, ACTION2, and ACTION4 cause changes in the grid, ACTION3 and A"
24808684,reflexion_arc,simple_maze,8,24,ACTION3,0,GameState.NOT_FINISHED,False,"reflection=ACTION1, ACTION2, and ACTION4 cause changes in the grid, ACTION3 and A"
24808684,reflexion_arc,simple_maze,8,25,ACTION3,0,GameState.NOT_FINISHED,False,"reflection=ACTION1, ACTION2, and ACTION4 cause changes in the grid, ACTION3 and A"
24808684,reflexion_arc,simple_maze,8,26,ACTION3,0,GameState.NOT_FINISHED,False,"reflection=ACTION1, ACTION2, and ACTION4 cause changes in the grid, ACTION3 and A"
24808684,reflexion_arc,simple_maze,8,27,ACTION3,0,GameState.NOT_FINISHED,False,reflection=updated lessons
24808684,reflexion_arc,simple_maze,8,28,ACTION4,0,GameState.NOT_FINISHED,False,"reflection=ACTION4 and ACTION3 have caused changes in the grid in the past, while"
24808684,reflexion_arc,simple_maze,8,29,ACTION1,0,GameState.NOT_FINISHED,False,"reflection=ACTION4 and ACTION3 have caused changes in the grid, ACTION5 has not. "
24808684,reflexion_arc,simple_maze,8,30,ACTION1,0,GameState.NOT_FINISHED,False,"reflection=ACTION4 and ACTION3 have caused changes, ACTION5 has not. ACTION3's in"
24808684,reflexion_arc,simple_maze,8,31,ACTION1,0,GameState.NOT_FINISHED,False,reflection=updated lessons
24808684,reflexion_arc,simple_maze,8,32,ACTION2,0,GameState.NOT_FINISHED,False,"reflection=Repeatedly using the same action (ACTION3, ACTION1) does not yield any"
24808684,reflexion_arc,simple_maze,8,33,ACTION2,0,GameState.NOT_FINISHED,False,"reflection=Repeatedly using the same action does not yield changes, ACTION4 chang"
24808684,reflexion_arc,simple_maze,8,34,ACTION5,0,GameState.NOT_FINISHED,False,"reflection=Repeatedly using the same action does not yield changes, ACTION4 chang"
24808684,reflexion_arc,simple_maze,8,35,ACTION6,0,GameState.NOT_FINISHED,False,"reflection=ACTION4 is the only action that has changed the grid so far, repeatedl"
24808684,reflexion_arc,simple_maze,8,36,ACTION6,0,GameState.NOT_FINISHED,False,reflection=updated lessons
24808684,reflexion_arc,simple_maze,8,37,ACTION3,0,GameState.NOT_FINISHED,False,"reflection=So far, none of the actions have resulted in any changes to the grid. "
24808684,reflexion_arc,simple_maze,8,38,ACTION3,0,GameState.NOT_FINISHED,False,"reflection=So far, ACTION3 is the only action that resulted in a change to the gr"
24808684,reflexion_arc,simple_maze,8,39,ACTION6,0,GameState.NOT_FINISHED,False,"reflection=ACTION3 has shown to cause a change in the grid, specifically swapping"
24808684,reflexion_arc,simple_maze,8,40,ACTION4,0,GameState.NOT_FINISHED,False,"reflection=ACTION3 has shown to cause a change in the grid, specifically swapping"
24808684,reflexion_arc,simple_maze,8,41,ACTION4,0,GameState.NOT_FINISHED,False,"reflection=ACTION3 is likely a swap or movement action, and its effectiveness may"
24808684,reflexion_arc,simple_maze,8,42,ACTION4,0,GameState.NOT_FINISHED,False,"reflection=ACTION3 is likely a swap or movement action, and its effectiveness may"
24808684,reflexion_arc,simple_maze,8,43,ACTION4,0,GameState.NOT_FINISHED,False,reflection=ACTION3 may be a swap or movement action with conditional effectivenes
24808684,reflexion_arc,simple_maze,8,44,ACTION4,0,GameState.NOT_FINISHED,False,reflection=ACTION3 may be a swap or movement action with conditional effectivenes
24808684,reflexion_arc,simple_maze,8,45,ACTION1,0,GameState.NOT_FINISHED,False,reflection=updated lessons
24808684,reflexion_arc,simple_maze,8,46,ACTION2,0,GameState.NOT_FINISHED,False,"reflection=ACTION4 has caused changes in the grid in the past, but not recently. "
24808684,reflexion_arc,simple_maze,8,47,ACTION2,0,GameState.NOT_FINISHED,False,"reflection=ACTION4 has caused changes in the grid in the past, but not recently. "
24808684,reflexion_arc,simple_maze,8,48,ACTION2,0,GameState.NOT_FINISHED,False,"reflection=ACTION4's effectiveness may be context-dependent, ACTION2's changes co"
24808684,reflexion_arc,simple_maze,8,49,ACTION6,0,GameState.NOT_FINISHED,False,"reflection=ACTION4's effectiveness may be context-dependent, ACTION2's changes co"
24808684,reflexion_arc,simple_maze,9,0,ACTION6,0,GameState.NOT_FINISHED,False,reflection=no lessons yet
24808684,reflexion_arc,simple_maze,9,1,ACTION1,0,GameState.NOT_FINISHED,False,"reflection=ACTION6 had no effect on the grid, suggesting it might be a 'noop' or "
24808684,reflexion_arc,simple_maze,9,2,ACTION2,0,GameState.NOT_FINISHED,False,"reflection=ACTION6 appears to be a noop, ACTION1 also had no effect, considering "
24808684,reflexion_arc,simple_maze,9,3,ACTION3,0,GameState.NOT_FINISHED,False,"reflection=ACTION6 is likely a noop, ACTION1 had no effect, ACTION2 caused a chan"
24808684,reflexion_arc,simple_maze,9,4,ACTION3,0,GameState.NOT_FINISHED,False,"reflection=ACTION6 and ACTION1 are likely noops, ACTION2 caused a change, ACTION3"
24808684,reflexion_arc,simple_maze,9,5,ACTION4,0,GameState.NOT_FINISHED,False,"reflection=ACTION6 and ACTION1 are likely noops, ACTION2 caused a change, ACTION3"
24808684,reflexion_arc,simple_maze,9,6,ACTION4,0,GameState.NOT_FINISHED,False,"reflection=ACTION6 and ACTION1 are likely noops, ACTION2 caused a change, ACTION3"
24808684,reflexion_arc,simple_maze,9,7,ACTION5,0,GameState.NOT_FINISHED,False,"reflection=ACTION6 and ACTION1 are likely noops, ACTION2 caused a change, ACTION3"
24808684,reflexion_arc,simple_maze,9,8,ACTION5,0,GameState.NOT_FINISHED,False,"reflection=ACTION6 and ACTION1 are likely noops, ACTION2 caused a change, ACTION3"
24808684,reflexion_arc,simple_maze,9,9,ACTION5,0,GameState.NOT_FINISHED,False,"reflection=ACTION6 and ACTION1 are likely noops, ACTION2 caused a change, ACTION3"
24808684,reflexion_arc,simple_maze,9,10,ACTION3,0,GameState.NOT_FINISHED,False,"reflection=ACTION2 caused a change, suggesting it may be related to the goal, ACT"
24808684,reflexion_arc,simple_maze,9,11,ACTION3,0,GameState.NOT_FINISHED,False,"reflection=ACTION2 caused a change, suggesting it may be related to the goal, ACT"
24808684,reflexion_arc,simple_maze,9,12,ACTION3,0,GameState.NOT_FINISHED,False,reflection=updated lessons
24808684,reflexion_arc,simple_maze,9,13,ACTION6,0,GameState.NOT_FINISHED,False,"reflection=So far, none of the actions have resulted in any changes to the grid. "
24808684,reflexion_arc,simple_maze,9,14,ACTION1,0,GameState.NOT_FINISHED,False,"reflection=So far, none of the actions have resulted in any changes to the grid. "
24808684,reflexion_arc,simple_maze,9,15,ACTION6,0,GameState.NOT_FINISHED,False,"reflection=So far, none of the actions have resulted in significant changes to th"
24808684,reflexion_arc,simple_maze,9,16,ACTION2,0,GameState.NOT_FINISHED,False,"reflection=ACTION1 is likely related to movement or swapping, while ACTION6 may r"
24808684,reflexion_arc,simple_maze,9,17,ACTION6,0,GameState.NOT_FINISHED,False,reflection=updated lessons
24808684,reflexion_arc,simple_maze,9,18,ACTION1,0,GameState.NOT_FINISHED,False,"reflection=ACTION1 and ACTION2 have caused changes in the grid, while ACTION3 and"
24808684,reflexion_arc,simple_maze,9,19,ACTION4,0,GameState.NOT_FINISHED,False,"reflection=ACTION1 and ACTION2 have caused changes in the grid, while ACTION3 and"
24808684,reflexion_arc,simple_maze,9,20,ACTION5,0,GameState.NOT_FINISHED,False,"reflection=ACTION1 and ACTION2 have caused changes in the grid, ACTION4 has also "
24808684,reflexion_arc,simple_maze,9,21,ACTION3,0,GameState.NOT_FINISHED,False,"reflection=ACTION1, ACTION2, and ACTION4 have caused changes, suggesting they may"
24808684,reflexion_arc,simple_maze,9,22,ACTION6,0,GameState.NOT_FINISHED,False,"reflection=ACTION1, ACTION2, and ACTION4 have caused changes, suggesting they may"
24808684,reflexion_arc,simple_maze,9,23,ACTION3,0,GameState.NOT_FINISHED,False,"reflection=ACTION1, ACTION2, and ACTION4 have caused changes, suggesting they may"
24808684,reflexion_arc,simple_maze,9,24,ACTION6,0,GameState.NOT_FINISHED,False,reflection=updated lessons
24808684,reflexion_arc,simple_maze,9,25,ACTION6,0,GameState.NOT_FINISHED,False,reflection=updated lessons
24808684,reflexion_arc,simple_maze,9,26,ACTION1,0,GameState.NOT_FINISHED,False,"reflection=Some actions (ACTION1, ACTION4, ACTION3) have been observed to change "
24808684,reflexion_arc,simple_maze,9,27,ACTION6,0,GameState.NOT_FINISHED,False,"reflection=Some actions (ACTION1, ACTION4, ACTION3) have been observed to change "
24808684,reflexion_arc,simple_maze,9,28,ACTION2,0,GameState.NOT_FINISHED,False,"reflection=ACTION3 has changed the grid twice, but the second time it had no effe"
24808684,reflexion_arc,simple_maze,9,29,ACTION4,0,GameState.NOT_FINISHED,False,"reflection=ACTION3 has changed the grid twice with an effect, then no effect, sug"
24808684,reflexion_arc,simple_maze,9,30,ACTION5,0,GameState.NOT_FINISHED,False,"reflection=ACTION3 may have conditional dependency or limited uses, ACTION1 and A"
24808684,reflexion_arc,simple_maze,9,31,ACTION4,0,GameState.NOT_FINISHED,False,"reflection=ACTION3 may have conditional dependency or limited uses, ACTION1 and A"
24808684,reflexion_arc,simple_maze,9,32,ACTION4,0,GameState.NOT_FINISHED,False,reflection=updated lessons
24808684,reflexion_arc,simple_maze,9,33,ACTION2,0,GameState.NOT_FINISHED,False,"reflection=ACTION2 changed the grid, while others had no effect; ACTION2 is a pot"
24808684,reflexion_arc,simple_maze,9,34,ACTION6,0,GameState.NOT_FINISHED,False,"reflection=ACTION2 has a clear impact on the grid, swapping cells; ACTION6's lack"
24808684,reflexion_arc,simple_maze,9,35,ACTION2,0,GameState.NOT_FINISHED,False,"reflection=ACTION2 seems to swap cells, potentially useful for moving symbols aro"
24808684,reflexion_arc,simple_maze,9,36,ACTION2,0,GameState.NOT_FINISHED,False,"reflection=ACTION2 appears to swap cells, potentially useful for moving symbols; "
24808684,reflexion_arc,simple_maze,9,37,ACTION2,0,GameState.NOT_FINISHED,False,"reflection=ACTION2 appears to swap cells, potentially useful for moving symbols; "
24808684,reflexion_arc,simple_maze,9,38,ACTION2,0,GameState.NOT_FINISHED,False,"reflection=ACTION2 seems to swap cells, ACTION6 and ACTION4 are still unclear, AC"
24808684,reflexion_arc,simple_maze,9,39,ACTION1,0,GameState.NOT_FINISHED,False,"reflection=ACTION2 seems to swap cells, ACTION6 and ACTION4 are still unclear, AC"
24808684,reflexion_arc,simple_maze,9,40,ACTION3,0,GameState.NOT_FINISHED,False,"reflection=ACTION2 seems to swap cells, ACTION6 and ACTION4 are still unclear, AC"
24808684,reflexion_arc,simple_maze,9,41,ACTION3,0,GameState.NOT_FINISHED,False,"reflection=ACTION2 seems to swap cells, ACTION6 and ACTION4 are still unclear, AC"
24808684,reflexion_arc,simple_maze,9,42,ACTION5,0,GameState.NOT_FINISHED,False,"reflection=ACTION2 seems to swap cells, ACTION6 and ACTION4 are still unclear, AC"
24808684,reflexion_arc,simple_maze,9,43,ACTION6,0,GameState.NOT_FINISHED,False,reflection=updated lessons
24808684,reflexion_arc,simple_maze,9,44,ACTION2,0,GameState.NOT_FINISHED,False,reflection=It seems that ACTION2 and ACTION1 have caused changes in the grid in t
24808684,reflexion_arc,simple_maze,9,45,ACTION6,0,GameState.NOT_FINISHED,False,reflection=updated lessons
24808684,reflexion_arc,simple_maze,9,46,ACTION4,0,GameState.NOT_FINISHED,False,"reflection=It seems that some actions cause changes in the grid, while others do "
24808684,reflexion_arc,simple_maze,9,47,ACTION6,0,GameState.NOT_FINISHED,False,"reflection=ACTION1, ACTION2, and ACTION4 have caused changes in the grid, while A"
24808684,reflexion_arc,simple_maze,9,48,ACTION1,0,GameState.NOT_FINISHED,False,"reflection=ACTION1, ACTION2, and ACTION4 have caused changes in the grid, while A"
24808684,reflexion_arc,simple_maze,9,49,ACTION1,0,GameState.NOT_FINISHED,False,"reflection=ACTION1, ACTION2, and ACTION4 have caused changes in the grid, while A"
