run_id,variant,game,seed,step,action,score,state,won,note
229560de,probe_arc,complex_maze,0,0,ACTION1,0,GameState.NOT_FINISHED,False,"mechanics=The goal appears to be clearing levels, and the actions might be related to movi | EXPERIMENT"
229560de,probe_arc,complex_maze,0,1,ACTION2,0,GameState.NOT_FINISHED,False,mechanics=The goal is to clear levels by changing the grid. The actions might be related t
229560de,probe_arc,complex_maze,0,2,ACTION3,0,GameState.NOT_FINISHED,False,mechanics=The goal is to clear levels by changing the grid. ACTION1 changes the cell value
229560de,probe_arc,complex_maze,0,3,ACTION4,0,GameState.NOT_FINISHED,False,mechanics=The goal is to clear levels by changing the grid. ACTION1 changes the cell value
229560de,probe_arc,complex_maze,0,4,ACTION5,0,GameState.NOT_FINISHED,False,mechanics=The goal is to clear levels by changing the grid. ACTION1 changes the cell value
229560de,probe_arc,complex_maze,0,5,ACTION6,0,GameState.NOT_FINISHED,False,mechanics=The goal is to clear levels by changing the grid. ACTION1 changes the cell value
229560de,probe_arc,complex_maze,0,6,ACTION6,0,GameState.NOT_FINISHED,False,mechanics=The goal is to clear levels by changing the grid. ACTION1 changes the cell value
229560de,probe_arc,complex_maze,0,7,ACTION6,0,GameState.NOT_FINISHED,False,mechanics=The goal is to create a connected path of '5's or '6's from the top to the botto | EXPERIMENT
229560de,probe_arc,complex_maze,0,8,ACTION1,0,GameState.NOT_FINISHED,False,"mechanics=The goal is to create a solid block of '5's or '6's without any gaps, and the ac | EXPERIMENT"
229560de,probe_arc,complex_maze,0,9,ACTION6,0,GameState.NOT_FINISHED,False,mechanics=The goal is to create a solid block of '5's or '6's without any gaps by manipula | EXPERIMENT
229560de,probe_arc,complex_maze,0,10,ACTION6,0,GameState.NOT_FINISHED,False,mechanics=The goal is to create a solid block of '5's or '6's without any gaps by manipula | EXPERIMENT
229560de,probe_arc,complex_maze,0,11,ACTION4,0,GameState.NOT_FINISHED,False,"mechanics=The goal is to create a specific pattern or arrangement of numbers, possibly rel | EXPERIMENT"
229560de,probe_arc,complex_maze,0,12,ACTION1,0,GameState.NOT_FINISHED,False,mechanics=The goal is to clear rows or columns by creating a continuous sequence of the sa | EXPERIMENT
229560de,probe_arc,complex_maze,0,13,ACTION2,0,GameState.NOT_FINISHED,False,mechanics=The goal is to create a continuous sequence of the same number in a specific pat | EXPERIMENT
229560de,probe_arc,complex_maze,0,14,ACTION1,0,GameState.NOT_FINISHED,False,mechanics=The goal is to clear a specific number of cells by creating clusters of the same | EXPERIMENT
229560de,probe_arc,complex_maze,0,15,ACTION6,0,GameState.NOT_FINISHED,False,mechanics=The goal is to create a chain reaction of transformations by using ACTION1-5 to  | EXPERIMENT
229560de,probe_arc,complex_maze,0,16,ACTION1,0,GameState.NOT_FINISHED,False,mechanics=The goal is to clear the grid by creating a chain reaction of transformations. A | EXPERIMENT
229560de,probe_arc,complex_maze,0,17,ACTION6,0,GameState.NOT_FINISHED,False,mechanics=The goal is to create a chain reaction of transformations by using ACTION1-5 to  | EXPERIMENT
229560de,probe_arc,complex_maze,0,18,ACTION1,0,GameState.NOT_FINISHED,False,mechanics=The goal is to create a chain reaction of transformations by using ACTION1-5 to  | EXPERIMENT
229560de,probe_arc,complex_maze,0,19,ACTION4,0,GameState.NOT_FINISHED,False,"mechanics=The goal is to isolate and transform specific patterns of symbols, possibly usin | EXPERIMENT"
229560de,probe_arc,complex_maze,0,20,ACTION1,0,GameState.NOT_FINISHED,False,mechanics=The goal is to create a chain reaction of transformations by using ACTION1-5 to  | EXPERIMENT
229560de,probe_arc,complex_maze,0,21,ACTION1,0,GameState.NOT_FINISHED,False,"mechanics=The goal is to isolate and transform specific patterns or groups of cells, with  | EXPERIMENT"
229560de,probe_arc,complex_maze,0,22,ACTION1,0,GameState.NOT_FINISHED,False,"mechanics=The goal is to create a chain reaction of cell transformations, with ACTION1-5 u | EXPERIMENT"
229560de,probe_arc,complex_maze,0,23,ACTION6,0,GameState.NOT_FINISHED,False,"mechanics=The goal is to create a chain reaction of cell transformations, with ACTION1-5 u | EXPERIMENT"
229560de,probe_arc,complex_maze,0,24,ACTION2,0,GameState.NOT_FINISHED,False,"mechanics=The goal is to create a chain reaction of cell transformations, with ACTION1-5 u | EXPERIMENT"
229560de,probe_arc,complex_maze,0,25,ACTION6,0,GameState.NOT_FINISHED,False,"mechanics=The goal is to isolate or remove the '8' and '9' cells, which may be obstacles o | EXPERIMENT"
229560de,probe_arc,complex_maze,0,26,ACTION3,0,GameState.NOT_FINISHED,False,"mechanics=The goal is to create a connected path of '5' cells, and the actions may be used | EXPERIMENT"
229560de,probe_arc,complex_maze,0,27,ACTION4,0,GameState.NOT_FINISHED,False,"mechanics=The goal is to transform '6' cells into '3' cells, and the actions may be used t | EXPERIMENT"
229560de,probe_arc,complex_maze,0,28,ACTION1,0,GameState.NOT_FINISHED,False,mechanics=The goal is to create a connected path of '3' cells from the top to the bottom o | EXPERIMENT
229560de,probe_arc,complex_maze,0,29,ACTION6,0,GameState.NOT_FINISHED,False,"mechanics=The goal is to clear '5' cells to reveal a hidden path, and the actions may be u | EXPERIMENT"
229560de,probe_arc,complex_maze,0,30,ACTION2,0,GameState.NOT_FINISHED,False,"mechanics=The goal is to transform '6' cells into '3' cells, and the actions may be used t | EXPERIMENT"
229560de,probe_arc,complex_maze,0,31,ACTION6,0,GameState.NOT_FINISHED,False,"mechanics=The goal is to transform '6' cells into '3' cells, and the actions may be used t | EXPERIMENT"
229560de,probe_arc,complex_maze,0,32,ACTION1,0,GameState.NOT_FINISHED,False,mechanics=The goal is to create a connected path of '5' cells from the top to the bottom o | EXPERIMENT
229560de,probe_arc,complex_maze,0,33,ACTION6,0,GameState.NOT_FINISHED,False,mechanics=The goal is to clear the grid of '8' cells by creating a connected path of '5' c | EXPERIMENT
229560de,probe_arc,complex_maze,0,34,ACTION1,0,GameState.NOT_FINISHED,False,mechanics=The goal is to clear the grid of '8' cells by creating a connected path of '5' c | EXPERIMENT
229560de,probe_arc,complex_maze,0,35,ACTION4,0,GameState.NOT_FINISHED,False,mechanics=The goal is to transform '8' cells into '5' cells by using ACTION1-5 to change t | EXPERIMENT
229560de,probe_arc,complex_maze,0,36,ACTION3,0,GameState.NOT_FINISHED,False,mechanics=The goal is to create a continuous path of '5' cells from the top to the bottom  | EXPERIMENT
229560de,probe_arc,complex_maze,0,37,ACTION1,0,GameState.NOT_FINISHED,False,mechanics=The goal is to clear the grid of '8' cells by using ACTION1-5 to move '8' cells  | EXPERIMENT
229560de,probe_arc,complex_maze,0,38,ACTION2,0,GameState.NOT_FINISHED,False,mechanics=The goal is to create a path of '3' cells from the top to the bottom of the grid | EXPERIMENT
229560de,probe_arc,complex_maze,0,39,ACTION1,0,GameState.NOT_FINISHED,False,mechanics=The goal is to create a solid wall of '5' cells to separate the '3' cells from t | EXPERIMENT
229560de,probe_arc,complex_maze,0,40,ACTION6,0,GameState.NOT_FINISHED,False,"mechanics=The goal is to create a path for the '3' cells to reach the '6' cells, using ACT | EXPERIMENT"
229560de,probe_arc,complex_maze,0,41,ACTION1,0,GameState.NOT_FINISHED,False,"mechanics=The goal is to clear '8' cells by surrounding them with '5' cells, using ACTION1 | EXPERIMENT"
229560de,probe_arc,complex_maze,0,42,ACTION1,0,GameState.NOT_FINISHED,False,mechanics=The goal is to create a connected component of '5' cells that surrounds all '8'  | EXPERIMENT
229560de,probe_arc,complex_maze,0,43,ACTION4,0,GameState.NOT_FINISHED,False,mechanics=The goal is to create a path of '5' cells that connects the top and bottom edges | EXPERIMENT
229560de,probe_arc,complex_maze,0,44,ACTION6,0,GameState.NOT_FINISHED,False,mechanics=The goal is to clear the grid of '8' cells by creating a path of '5' cells that  | EXPERIMENT
229560de,probe_arc,complex_maze,0,45,ACTION6,0,GameState.NOT_FINISHED,False,"mechanics=The goal is to create a chain reaction of '5' cells to clear '8' cells, but the  | EXPERIMENT"
229560de,probe_arc,complex_maze,0,46,ACTION6,0,GameState.NOT_FINISHED,False,"mechanics=The goal is to create a solid path of '5' cells to connect '3' and '9' cells, an | EXPERIMENT"
229560de,probe_arc,complex_maze,0,47,ACTION1,0,GameState.NOT_FINISHED,False,"mechanics=The goal is to create a solid path of '5' cells to connect '3' and '9' cells, an | EXPERIMENT"
229560de,probe_arc,complex_maze,0,48,ACTION1,0,GameState.NOT_FINISHED,False,"mechanics=The goal is to create a solid path of '5' cells to surround '3' and '9' cells, a | EXPERIMENT"
229560de,probe_arc,complex_maze,0,49,ACTION6,0,GameState.NOT_FINISHED,False,"mechanics=The goal is to create a solid path of '5' cells to connect '3' and '9' cells, an | EXPERIMENT"
229560de,probe_arc,complex_maze,1,0,ACTION1,0,GameState.NOT_FINISHED,False,mechanics=My initial hypothesis is that the actions might change the state of the grid by  | EXPERIMENT
229560de,probe_arc,complex_maze,1,1,ACTION2,0,GameState.NOT_FINISHED,False,mechanics=My updated hypothesis is that ACTION1 changes the top-left cell of the grid. I w
229560de,probe_arc,complex_maze,1,2,ACTION3,0,GameState.NOT_FINISHED,False,"mechanics=ACTION1 changes the top-left cell, ACTION2 clears cells in a specific pattern, g"
229560de,probe_arc,complex_maze,1,3,ACTION4,0,GameState.NOT_FINISHED,False,"mechanics=ACTION1 changes a cell in the top row, ACTION2 clears cells in a specific patter"
229560de,probe_arc,complex_maze,1,4,ACTION5,0,GameState.NOT_FINISHED,False,"mechanics=ACTION1 changes a cell in the top row, ACTION2 clears cells in a specific patter"
229560de,probe_arc,complex_maze,1,5,ACTION6,0,GameState.NOT_FINISHED,False,"mechanics=ACTION1 replaces '6' with '3' in the top row, ACTION2 and ACTION3 change the gri"
229560de,probe_arc,complex_maze,1,6,ACTION4,0,GameState.NOT_FINISHED,False,"mechanics=ACTION1 replaces '6' with '3' in the top row, ACTION2 and ACTION3 change the gri"
229560de,probe_arc,complex_maze,1,7,ACTION4,0,GameState.NOT_FINISHED,False,"mechanics=ACTION1 replaces '6' with '3' in the top row, ACTION2 and ACTION3 change the gri | EXPERIMENT"
229560de,probe_arc,complex_maze,1,8,ACTION4,0,GameState.NOT_FINISHED,False,"mechanics=ACTION1 replaces '6' with '3' in the top row, ACTION2 and ACTION3 change the gri | EXPERIMENT"
229560de,probe_arc,complex_maze,1,9,ACTION4,0,GameState.NOT_FINISHED,False,"mechanics=ACTION1 might be related to replacing '6' with '3' in any row, ACTION2 and ACTIO | EXPERIMENT"
229560de,probe_arc,complex_maze,1,10,ACTION4,0,GameState.NOT_FINISHED,False,"mechanics=ACTION1 might be related to replacing '6' with '3' in any row, but now I think i | EXPERIMENT"
229560de,probe_arc,complex_maze,1,11,ACTION1,0,GameState.NOT_FINISHED,False,mechanics=I hypothesize that the goal is to create a continuous path of '5's from the top  | EXPERIMENT
229560de,probe_arc,complex_maze,1,12,ACTION1,0,GameState.NOT_FINISHED,False,mechanics=I now hypothesize that the goal is to clear the grid of '8' and '9' symbols by u | EXPERIMENT
229560de,probe_arc,complex_maze,1,13,ACTION2,0,GameState.NOT_FINISHED,False,mechanics=I now hypothesize that the goal is to create a connected path of '5' symbols fro | EXPERIMENT
229560de,probe_arc,complex_maze,1,14,ACTION6,0,GameState.NOT_FINISHED,False,mechanics=I now hypothesize that the goal is to clear the grid of '8' and '9' symbols. ACT | EXPERIMENT
229560de,probe_arc,complex_maze,1,15,ACTION4,0,GameState.NOT_FINISHED,False,mechanics=I now hypothesize that the goal is to create a connected path of '5' symbols fro | EXPERIMENT
229560de,probe_arc,complex_maze,1,16,ACTION4,0,GameState.NOT_FINISHED,False,mechanics=I now hypothesize that the goal is to clear the grid of '6' and '9' symbols by c | EXPERIMENT
229560de,probe_arc,complex_maze,1,17,ACTION6,0,GameState.NOT_FINISHED,False,mechanics=I now hypothesize that the goal is to create a specific pattern or arrangement o | EXPERIMENT
229560de,probe_arc,complex_maze,1,18,ACTION5,0,GameState.NOT_FINISHED,False,mechanics=I now hypothesize that the goal is to create a contiguous path of '5' symbols fr | EXPERIMENT
229560de,probe_arc,complex_maze,1,19,ACTION6,0,GameState.NOT_FINISHED,False,mechanics=I now hypothesize that the goal is to remove all '3' and '6' symbols from the gr | EXPERIMENT
229560de,probe_arc,complex_maze,1,20,ACTION1,0,GameState.NOT_FINISHED,False,mechanics=I now hypothesize that the goal is to create a specific pattern or arrangement o | EXPERIMENT
229560de,probe_arc,complex_maze,1,21,ACTION1,0,GameState.NOT_FINISHED,False,mechanics=I now hypothesize that the goal is to clear a path or create a connection betwee | EXPERIMENT
229560de,probe_arc,complex_maze,1,22,ACTION1,0,GameState.NOT_FINISHED,False,mechanics=I now hypothesize that the goal is to create a specific pattern or arrangement o | EXPERIMENT
229560de,probe_arc,complex_maze,1,23,ACTION4,0,GameState.NOT_FINISHED,False,"mechanics=I now hypothesize that the goal is to clear the grid of certain symbols, and the | EXPERIMENT"
229560de,probe_arc,complex_maze,1,24,ACTION1,0,GameState.NOT_FINISHED,False,mechanics=I now hypothesize that the goal is to create a specific pattern or arrangement o | EXPERIMENT
229560de,probe_arc,complex_maze,1,25,ACTION1,0,GameState.NOT_FINISHED,False,"mechanics=I now hypothesize that the actions may have a cumulative effect, and the goal is | EXPERIMENT"
229560de,probe_arc,complex_maze,1,26,ACTION5,0,GameState.NOT_FINISHED,False,"mechanics=I now hypothesize that the actions may have a spatial effect, and the goal is to | EXPERIMENT"
229560de,probe_arc,complex_maze,1,27,ACTION1,0,GameState.NOT_FINISHED,False,"mechanics=I now hypothesize that the actions may have a cumulative effect, and the goal is | EXPERIMENT"
229560de,probe_arc,complex_maze,1,28,ACTION1,0,GameState.NOT_FINISHED,False,mechanics=I now hypothesize that the actions may be related to the manipulation of specifi | EXPERIMENT
229560de,probe_arc,complex_maze,1,29,ACTION6,0,GameState.NOT_FINISHED,False,mechanics=I now hypothesize that the actions may be related to the manipulation of specifi | EXPERIMENT
229560de,probe_arc,complex_maze,1,30,ACTION1,0,GameState.NOT_FINISHED,False,mechanics=I now hypothesize that the actions may be related to the manipulation of specifi | EXPERIMENT
229560de,probe_arc,complex_maze,1,31,ACTION4,0,GameState.NOT_FINISHED,False,mechanics=I now hypothesize that the actions may be related to the manipulation of specifi | EXPERIMENT
229560de,probe_arc,complex_maze,1,32,ACTION1,0,GameState.NOT_FINISHED,False,mechanics=I now hypothesize that the actions may be related to the manipulation of the '8' | EXPERIMENT
229560de,probe_arc,complex_maze,1,33,ACTION1,0,GameState.NOT_FINISHED,False,mechanics=I now hypothesize that the actions may be related to the manipulation of the '3' | EXPERIMENT
229560de,probe_arc,complex_maze,1,34,ACTION1,0,GameState.NOT_FINISHED,False,mechanics=I now hypothesize that the actions may be related to the manipulation of the '.' | EXPERIMENT
229560de,probe_arc,complex_maze,1,35,ACTION1,0,GameState.NOT_FINISHED,False,mechanics=I now hypothesize that the actions may be related to the manipulation of the num | EXPERIMENT
229560de,probe_arc,complex_maze,1,36,ACTION1,0,GameState.NOT_FINISHED,False,mechanics=I now hypothesize that the actions may be related to the manipulation of specifi | EXPERIMENT
229560de,probe_arc,complex_maze,1,37,ACTION6,0,GameState.NOT_FINISHED,False,mechanics=I now hypothesize that the actions may be related to the manipulation of specifi | EXPERIMENT
229560de,probe_arc,complex_maze,1,38,ACTION1,0,GameState.NOT_FINISHED,False,mechanics=I now hypothesize that the actions may be related to the manipulation of specifi | EXPERIMENT
229560de,probe_arc,complex_maze,1,39,ACTION4,0,GameState.NOT_FINISHED,False,mechanics=I now hypothesize that the actions may be related to the manipulation of specifi | EXPERIMENT
229560de,probe_arc,complex_maze,1,40,ACTION1,0,GameState.NOT_FINISHED,False,mechanics=I now hypothesize that the actions may be related to the manipulation of specifi | EXPERIMENT
229560de,probe_arc,complex_maze,1,41,ACTION1,0,GameState.NOT_FINISHED,False,mechanics=I now hypothesize that the actions may be related to the manipulation of specifi | EXPERIMENT
229560de,probe_arc,complex_maze,1,42,ACTION1,0,GameState.NOT_FINISHED,False,mechanics=I now hypothesize that the actions may be related to the manipulation of specifi | EXPERIMENT
229560de,probe_arc,complex_maze,1,43,ACTION1,0,GameState.NOT_FINISHED,False,mechanics=I now hypothesize that the actions may be related to the manipulation of specifi | EXPERIMENT
229560de,probe_arc,complex_maze,1,44,ACTION1,0,GameState.NOT_FINISHED,False,mechanics=I now hypothesize that the actions may be related to the manipulation of specifi | EXPERIMENT
229560de,probe_arc,complex_maze,1,45,ACTION1,0,GameState.NOT_FINISHED,False,mechanics=I now hypothesize that the actions may be related to the manipulation of the '5' | EXPERIMENT
229560de,probe_arc,complex_maze,1,46,ACTION6,0,GameState.NOT_FINISHED,False,mechanics=I now hypothesize that the actions may be related to the manipulation of the '.' | EXPERIMENT
229560de,probe_arc,complex_maze,1,47,ACTION4,0,GameState.NOT_FINISHED,False,mechanics=I now hypothesize that the actions may be related to the manipulation of the '5' | EXPERIMENT
229560de,probe_arc,complex_maze,1,48,ACTION1,0,GameState.NOT_FINISHED,False,mechanics=I now hypothesize that the actions may be related to the manipulation of the gri | EXPERIMENT
229560de,probe_arc,complex_maze,1,49,ACTION1,0,GameState.NOT_FINISHED,False,mechanics=I now hypothesize that the actions may be related to the manipulation of specifi | EXPERIMENT
229560de,probe_arc,complex_maze,2,0,ACTION1,0,GameState.NOT_FINISHED,False,mechanics=I hypothesize that the actions might be related to moving or changing the state  | EXPERIMENT
229560de,probe_arc,complex_maze,2,1,ACTION2,0,GameState.NOT_FINISHED,False,mechanics=I believe the actions might be related to changing the state of the cells in the
229560de,probe_arc,complex_maze,2,2,ACTION3,0,GameState.NOT_FINISHED,False,mechanics=I believe the actions might be related to changing the state of the cells in the
229560de,probe_arc,complex_maze,2,3,ACTION6,0,GameState.NOT_FINISHED,False,"mechanics=The actions seem to be related to changing the state of the cells in the grid, w"
229560de,probe_arc,complex_maze,2,4,ACTION4,0,GameState.NOT_FINISHED,False,"mechanics=The actions seem to be related to changing the state of the cells in the grid, w"
229560de,probe_arc,complex_maze,2,5,ACTION5,0,GameState.NOT_FINISHED,False,"mechanics=The actions seem to be related to changing the state of the cells in the grid, w"
229560de,probe_arc,complex_maze,2,6,ACTION1,0,GameState.NOT_FINISHED,False,"mechanics=The actions seem to be related to changing the state of the cells in the grid, w"
229560de,probe_arc,complex_maze,2,7,ACTION1,0,GameState.NOT_FINISHED,False,mechanics=The actions might be related to transforming or replacing specific characters in | EXPERIMENT
229560de,probe_arc,complex_maze,2,8,ACTION1,0,GameState.NOT_FINISHED,False,mechanics=The actions might be related to transforming or replacing specific characters in | EXPERIMENT
229560de,probe_arc,complex_maze,2,9,ACTION6,0,GameState.NOT_FINISHED,False,mechanics=The actions might be related to transforming or replacing specific characters in | EXPERIMENT
229560de,probe_arc,complex_maze,2,10,ACTION6,0,GameState.NOT_FINISHED,False,mechanics=The actions might be related to transforming or replacing specific characters in | EXPERIMENT
229560de,probe_arc,complex_maze,2,11,ACTION1,0,GameState.NOT_FINISHED,False,mechanics=The actions might be related to transforming or replacing specific characters in | EXPERIMENT
229560de,probe_arc,complex_maze,2,12,ACTION4,0,GameState.NOT_FINISHED,False,mechanics=I hypothesize that the actions are related to swapping or rotating blocks of cha | EXPERIMENT
229560de,probe_arc,complex_maze,2,13,ACTION1,0,GameState.NOT_FINISHED,False,mechanics=I hypothesize that the actions are related to shifting or removing blocks of cha | EXPERIMENT
229560de,probe_arc,complex_maze,2,14,ACTION1,0,GameState.NOT_FINISHED,False,mechanics=I now hypothesize that the actions are related to transforming specific characte | EXPERIMENT
229560de,probe_arc,complex_maze,2,15,ACTION1,0,GameState.NOT_FINISHED,False,mechanics=I now hypothesize that the actions are related to swapping or moving characters  | EXPERIMENT
229560de,probe_arc,complex_maze,2,16,ACTION1,0,GameState.NOT_FINISHED,False,mechanics=I now hypothesize that the actions are related to transforming or replacing char | EXPERIMENT
229560de,probe_arc,complex_maze,2,17,ACTION6,0,GameState.NOT_FINISHED,False,"mechanics=The actions are related to transforming or replacing characters in the grid, and | EXPERIMENT"
229560de,probe_arc,complex_maze,2,18,ACTION1,0,GameState.NOT_FINISHED,False,mechanics=The actions might be related to transforming characters in a specific sequence o | EXPERIMENT
229560de,probe_arc,complex_maze,2,19,ACTION1,0,GameState.NOT_FINISHED,False,mechanics=The actions might be related to transforming characters in a specific location o | EXPERIMENT
229560de,probe_arc,complex_maze,2,20,ACTION4,0,GameState.NOT_FINISHED,False,mechanics=The actions might be related to transforming characters in a specific location o | EXPERIMENT
229560de,probe_arc,complex_maze,2,21,ACTION1,0,GameState.NOT_FINISHED,False,mechanics=The actions might be related to transforming characters in a specific location o | EXPERIMENT
229560de,probe_arc,complex_maze,2,22,ACTION1,0,GameState.NOT_FINISHED,False,mechanics=The actions might be related to transforming characters in a specific location o | EXPERIMENT
229560de,probe_arc,complex_maze,2,23,ACTION1,0,GameState.NOT_FINISHED,False,mechanics=The actions might be related to transforming characters in a specific location o | EXPERIMENT
229560de,probe_arc,complex_maze,2,24,ACTION6,0,GameState.NOT_FINISHED,False,mechanics=The actions might be related to transforming characters in a specific location o | EXPERIMENT
229560de,probe_arc,complex_maze,2,25,ACTION1,0,GameState.NOT_FINISHED,False,mechanics=I hypothesize that the actions are related to shifting or rotating blocks of cha | EXPERIMENT
229560de,probe_arc,complex_maze,2,26,ACTION1,0,GameState.NOT_FINISHED,False,mechanics=I now hypothesize that the actions are related to replacing or modifying specifi | EXPERIMENT
229560de,probe_arc,complex_maze,2,27,ACTION1,0,GameState.NOT_FINISHED,False,mechanics=I now hypothesize that the actions are related to shifting or rotating sections  | EXPERIMENT
229560de,probe_arc,complex_maze,2,28,ACTION1,0,GameState.NOT_FINISHED,False,mechanics=I now hypothesize that the actions are related to replacing or modifying specifi | EXPERIMENT
229560de,probe_arc,complex_maze,2,29,ACTION1,0,GameState.NOT_FINISHED,False,mechanics=I now hypothesize that the actions are related to shifting or rotating sections  | EXPERIMENT
229560de,probe_arc,complex_maze,2,30,ACTION1,0,GameState.NOT_FINISHED,False,mechanics=I now hypothesize that the actions are related to replacing or modifying specifi | EXPERIMENT
229560de,probe_arc,complex_maze,2,31,ACTION1,0,GameState.NOT_FINISHED,False,mechanics=I now hypothesize that the actions are related to shifting or rotating sections  | EXPERIMENT
229560de,probe_arc,complex_maze,2,32,ACTION1,0,GameState.NOT_FINISHED,False,mechanics=I now hypothesize that the actions are related to swapping or replacing characte | EXPERIMENT
229560de,probe_arc,complex_maze,2,33,ACTION6,0,GameState.NOT_FINISHED,False,mechanics=I now hypothesize that the actions are related to shifting or rotating sections  | EXPERIMENT
229560de,probe_arc,complex_maze,2,34,ACTION1,0,GameState.NOT_FINISHED,False,mechanics=I now hypothesize that the actions are related to replacing or modifying specifi | EXPERIMENT
229560de,probe_arc,complex_maze,2,35,ACTION1,0,GameState.NOT_FINISHED,False,mechanics=I now hypothesize that the actions are related to shifting or rotating sections  | EXPERIMENT
229560de,probe_arc,complex_maze,2,36,ACTION1,0,GameState.NOT_FINISHED,False,mechanics=I now hypothesize that the actions are related to replacing or modifying specifi | EXPERIMENT
229560de,probe_arc,complex_maze,2,37,ACTION1,0,GameState.NOT_FINISHED,False,mechanics=I now hypothesize that the actions are related to shifting or rotating sections  | EXPERIMENT
229560de,probe_arc,complex_maze,2,38,ACTION1,0,GameState.NOT_FINISHED,False,mechanics=I now hypothesize that the actions are related to replacing or modifying specifi | EXPERIMENT
229560de,probe_arc,complex_maze,2,39,ACTION1,0,GameState.NOT_FINISHED,False,mechanics=I now hypothesize that the actions are related to shifting or rotating sections  | EXPERIMENT
229560de,probe_arc,complex_maze,2,40,ACTION1,0,GameState.NOT_FINISHED,False,mechanics=I now hypothesize that the actions are related to replacing or modifying specifi | EXPERIMENT
229560de,probe_arc,complex_maze,2,41,ACTION1,0,GameState.NOT_FINISHED,False,mechanics=I now hypothesize that the actions are related to moving or rotating a subset of | EXPERIMENT
229560de,probe_arc,complex_maze,2,42,ACTION1,0,GameState.NOT_FINISHED,False,mechanics=I now hypothesize that the actions are related to replacing or modifying specifi | EXPERIMENT
229560de,probe_arc,complex_maze,2,43,ACTION6,0,GameState.NOT_FINISHED,False,mechanics=I now hypothesize that the actions are related to shifting or rotating specific  | EXPERIMENT
229560de,probe_arc,complex_maze,2,44,ACTION1,0,GameState.NOT_FINISHED,False,mechanics=I now hypothesize that the actions are related to shifting or rotating specific  | EXPERIMENT
229560de,probe_arc,complex_maze,2,45,ACTION1,0,GameState.NOT_FINISHED,False,mechanics=I now hypothesize that the actions are related to changing the state of specific | EXPERIMENT
229560de,probe_arc,complex_maze,2,46,ACTION1,0,GameState.NOT_FINISHED,False,mechanics=I now hypothesize that the actions are related to moving or transforming cells i | EXPERIMENT
229560de,probe_arc,complex_maze,2,47,ACTION2,0,GameState.NOT_FINISHED,False,mechanics=I now hypothesize that the actions are related to rotating or mirroring a subset | EXPERIMENT
229560de,probe_arc,complex_maze,2,48,ACTION1,0,GameState.NOT_FINISHED,False,mechanics=I now hypothesize that the actions are related to moving or clearing cells in a  | EXPERIMENT
229560de,probe_arc,complex_maze,2,49,ACTION4,0,GameState.NOT_FINISHED,False,mechanics=I now hypothesize that the actions are related to transforming or replacing spec | EXPERIMENT
229560de,probe_arc,complex_maze,3,0,ACTION1,0,GameState.NOT_FINISHED,False,mechanics=I hypothesize that the actions might be related to moving or modifying the grid  | EXPERIMENT
229560de,probe_arc,complex_maze,3,1,ACTION2,0,GameState.NOT_FINISHED,False,"mechanics=I believe the actions might be related to modifying the grid, with ACTION1 chang"
229560de,probe_arc,complex_maze,3,2,ACTION3,0,GameState.NOT_FINISHED,False,"mechanics=I believe the actions are related to modifying the grid, with each action potent"
229560de,probe_arc,complex_maze,3,3,ACTION4,0,GameState.NOT_FINISHED,False,"mechanics=I believe the actions are related to modifying the grid, with each action potent"
229560de,probe_arc,complex_maze,3,4,ACTION5,0,GameState.NOT_FINISHED,False,"mechanics=I believe the actions modify the grid, with each action having a unique effect. "
229560de,probe_arc,complex_maze,3,5,ACTION6,0,GameState.NOT_FINISHED,False,"mechanics=I believe the actions modify the grid, with each action having a unique effect. "
229560de,probe_arc,complex_maze,3,6,ACTION6,0,GameState.NOT_FINISHED,False,"mechanics=I believe the actions modify the grid, with each action having a unique effect. "
229560de,probe_arc,complex_maze,3,7,ACTION1,0,GameState.NOT_FINISHED,False,mechanics=I hypothesize that the actions might be dependent on the current state of the gr | EXPERIMENT
229560de,probe_arc,complex_maze,3,8,ACTION1,0,GameState.NOT_FINISHED,False,mechanics=I hypothesize that the actions are context-dependent and require a specific sequ | EXPERIMENT
229560de,probe_arc,complex_maze,3,9,ACTION1,0,GameState.NOT_FINISHED,False,mechanics=I now hypothesize that the actions are related to cell transformations based on  | EXPERIMENT
229560de,probe_arc,complex_maze,3,10,ACTION1,0,GameState.NOT_FINISHED,False,mechanics=I now hypothesize that the actions are related to cell transformations based on  | EXPERIMENT
229560de,probe_arc,complex_maze,3,11,ACTION4,0,GameState.NOT_FINISHED,False,mechanics=I now hypothesize that the actions are related to cell transformations based on  | EXPERIMENT
229560de,probe_arc,complex_maze,3,12,ACTION1,0,GameState.NOT_FINISHED,False,mechanics=I now hypothesize that the actions are related to cell transformations based on  | EXPERIMENT
229560de,probe_arc,complex_maze,3,13,ACTION6,0,GameState.NOT_FINISHED,False,mechanics=I now hypothesize that the actions are related to cell transformations based on  | EXPERIMENT
229560de,probe_arc,complex_maze,3,14,ACTION1,0,GameState.NOT_FINISHED,False,mechanics=I now hypothesize that the actions are related to cell transformations based on  | EXPERIMENT
229560de,probe_arc,complex_maze,3,15,ACTION1,0,GameState.NOT_FINISHED,False,mechanics=I now hypothesize that the actions are related to cell transformations based on  | EXPERIMENT
229560de,probe_arc,complex_maze,3,16,ACTION1,0,GameState.NOT_FINISHED,False,mechanics=I now hypothesize that the actions are related to cell transformations based on  | EXPERIMENT
229560de,probe_arc,complex_maze,3,17,ACTION1,0,GameState.NOT_FINISHED,False,mechanics=I now hypothesize that the actions are related to cell transformations based on  | EXPERIMENT
229560de,probe_arc,complex_maze,3,18,ACTION1,0,GameState.NOT_FINISHED,False,mechanics=I now hypothesize that the actions are related to cell transformations based on  | EXPERIMENT
229560de,probe_arc,complex_maze,3,19,ACTION4,0,GameState.NOT_FINISHED,False,mechanics=I now hypothesize that the actions are related to cell transformations based on  | EXPERIMENT
229560de,probe_arc,complex_maze,3,20,ACTION1,0,GameState.NOT_FINISHED,False,mechanics=I now hypothesize that the actions are related to cell transformations based on  | EXPERIMENT
229560de,probe_arc,complex_maze,3,21,ACTION6,0,GameState.NOT_FINISHED,False,mechanics=I now hypothesize that the actions are related to cell transformations based on  | EXPERIMENT
229560de,probe_arc,complex_maze,3,22,ACTION6,0,GameState.NOT_FINISHED,False,mechanics=I hypothesize that the actions are related to cell transformations based on thei | EXPERIMENT
229560de,probe_arc,complex_maze,3,23,ACTION2,0,GameState.NOT_FINISHED,False,mechanics=I now hypothesize that the actions are related to cell transformations based on  | EXPERIMENT
229560de,probe_arc,complex_maze,3,24,ACTION1,0,GameState.NOT_FINISHED,False,mechanics=I now hypothesize that the actions are related to cell transformations based on  | EXPERIMENT
229560de,probe_arc,complex_maze,3,25,ACTION1,0,GameState.NOT_FINISHED,False,mechanics=I now hypothesize that the actions are related to cell transformations based on  | EXPERIMENT
229560de,probe_arc,complex_maze,3,26,ACTION1,0,GameState.NOT_FINISHED,False,mechanics=I now hypothesize that the actions are related to cell transformations based on  | EXPERIMENT
229560de,probe_arc,complex_maze,3,27,ACTION4,0,GameState.NOT_FINISHED,False,mechanics=I now hypothesize that the actions are related to cell transformations based on  | EXPERIMENT
229560de,probe_arc,complex_maze,3,28,ACTION1,0,GameState.NOT_FINISHED,False,mechanics=I now hypothesize that the actions are related to cell transformations based on  | EXPERIMENT
229560de,probe_arc,complex_maze,3,29,ACTION1,0,GameState.NOT_FINISHED,False,mechanics=I now hypothesize that the actions are related to cell transformations based on  | EXPERIMENT
229560de,probe_arc,complex_maze,3,30,ACTION6,0,GameState.NOT_FINISHED,False,mechanics=I now hypothesize that the actions are related to cell transformations based on  | EXPERIMENT
229560de,probe_arc,complex_maze,3,31,ACTION1,0,GameState.NOT_FINISHED,False,mechanics=I now hypothesize that the actions are related to cell transformations based on  | EXPERIMENT
229560de,probe_arc,complex_maze,3,32,ACTION1,0,GameState.NOT_FINISHED,False,mechanics=I now hypothesize that the actions are related to cell transformations based on  | EXPERIMENT
229560de,probe_arc,complex_maze,3,33,ACTION1,0,GameState.NOT_FINISHED,False,mechanics=I now hypothesize that the actions are related to cell transformations based on  | EXPERIMENT
229560de,probe_arc,complex_maze,3,34,ACTION1,0,GameState.NOT_FINISHED,False,mechanics=I now hypothesize that the actions are related to cell transformations based on  | EXPERIMENT
229560de,probe_arc,complex_maze,3,35,ACTION4,0,GameState.NOT_FINISHED,False,mechanics=I now hypothesize that the actions are related to cell transformations based on  | EXPERIMENT
229560de,probe_arc,complex_maze,3,36,ACTION1,0,GameState.NOT_FINISHED,False,mechanics=I now hypothesize that the actions are related to cell transformations based on  | EXPERIMENT
229560de,probe_arc,complex_maze,3,37,ACTION1,0,GameState.NOT_FINISHED,False,mechanics=I now hypothesize that the actions are related to cell transformations based on  | EXPERIMENT
229560de,probe_arc,complex_maze,3,38,ACTION1,0,GameState.NOT_FINISHED,False,mechanics=I now hypothesize that the actions are related to cell transformations based on  | EXPERIMENT
229560de,probe_arc,complex_maze,3,39,ACTION6,0,GameState.NOT_FINISHED,False,mechanics=I now hypothesize that the actions are related to cell transformations based on  | EXPERIMENT
229560de,probe_arc,complex_maze,3,40,ACTION1,0,GameState.NOT_FINISHED,False,mechanics=I now hypothesize that the actions are related to cell transformations based on  | EXPERIMENT
229560de,probe_arc,complex_maze,3,41,ACTION6,0,GameState.NOT_FINISHED,False,mechanics=I now hypothesize that the actions are related to cell transformations based on  | EXPERIMENT
229560de,probe_arc,complex_maze,3,42,ACTION1,0,GameState.NOT_FINISHED,False,mechanics=I now hypothesize that the actions are related to cell transformations based on  | EXPERIMENT
229560de,probe_arc,complex_maze,3,43,ACTION1,0,GameState.NOT_FINISHED,False,mechanics=I now hypothesize that the actions are related to cell transformations based on  | EXPERIMENT
229560de,probe_arc,complex_maze,3,44,ACTION1,0,GameState.NOT_FINISHED,False,mechanics=I now hypothesize that the actions are related to cell transformations based on  | EXPERIMENT
229560de,probe_arc,complex_maze,3,45,ACTION1,0,GameState.NOT_FINISHED,False,mechanics=I now hypothesize that the actions are related to cell transformations based on  | EXPERIMENT
229560de,probe_arc,complex_maze,3,46,ACTION2,0,GameState.NOT_FINISHED,False,mechanics=The actions might be related to cell transformations based on their current stat | EXPERIMENT
229560de,probe_arc,complex_maze,3,47,ACTION1,0,GameState.NOT_FINISHED,False,mechanics=The actions might be related to cell transformations based on their current stat | EXPERIMENT
229560de,probe_arc,complex_maze,3,48,ACTION1,0,GameState.NOT_FINISHED,False,mechanics=The actions might be related to cell transformations based on their current stat | EXPERIMENT
229560de,probe_arc,complex_maze,3,49,ACTION1,0,GameState.NOT_FINISHED,False,mechanics=The actions might be related to cell transformations based on their current stat | EXPERIMENT
229560de,probe_arc,complex_maze,4,0,ACTION1,0,GameState.NOT_FINISHED,False,mechanics=I believe the actions might be related to moving or changing the grid in some wa | EXPERIMENT
229560de,probe_arc,complex_maze,4,1,ACTION2,0,GameState.NOT_FINISHED,False,"mechanics=I believe the actions might change the grid by replacing or moving cells, and th"
229560de,probe_arc,complex_maze,4,2,ACTION3,0,GameState.NOT_FINISHED,False,mechanics=I believe the actions change the grid by replacing or moving cells. ACTION1 chan
229560de,probe_arc,complex_maze,4,3,ACTION4,0,GameState.NOT_FINISHED,False,mechanics=I believe the actions change the grid by replacing or moving cells. ACTION1 chan
229560de,probe_arc,complex_maze,4,4,ACTION5,0,GameState.NOT_FINISHED,False,mechanics=I believe the actions change the grid by replacing or moving cells. ACTION1 chan
229560de,probe_arc,complex_maze,4,5,ACTION6,0,GameState.NOT_FINISHED,False,mechanics=I believe the actions change the grid by replacing or moving cells. ACTION1 chan
229560de,probe_arc,complex_maze,4,6,ACTION6,0,GameState.NOT_FINISHED,False,mechanics=I believe the actions change the grid by replacing or moving cells. The goal mig
229560de,probe_arc,complex_maze,4,7,ACTION1,0,GameState.NOT_FINISHED,False,mechanics=I now believe the actions might be related to changing specific patterns or sequ | EXPERIMENT
229560de,probe_arc,complex_maze,4,8,ACTION1,0,GameState.NOT_FINISHED,False,mechanics=I now believe the actions might be related to manipulating the grid in a way tha | EXPERIMENT
229560de,probe_arc,complex_maze,4,9,ACTION1,0,GameState.NOT_FINISHED,False,mechanics=I now believe the actions might be related to manipulating the grid in a way tha | EXPERIMENT
229560de,probe_arc,complex_maze,4,10,ACTION1,0,GameState.NOT_FINISHED,False,mechanics=I now believe the actions might be related to rotating or shifting blocks in a s | EXPERIMENT
229560de,probe_arc,complex_maze,4,11,ACTION4,0,GameState.NOT_FINISHED,False,mechanics=I now hypothesize that the actions might be related to changing the state of spe | EXPERIMENT
229560de,probe_arc,complex_maze,4,12,ACTION1,0,GameState.NOT_FINISHED,False,mechanics=I now hypothesize that the actions are related to cluster formation and dissolut | EXPERIMENT
229560de,probe_arc,complex_maze,4,13,ACTION1,0,GameState.NOT_FINISHED,False,"mechanics=I now hypothesize that the actions are related to cell state changes, where each | EXPERIMENT"
229560de,probe_arc,complex_maze,4,14,ACTION6,0,GameState.NOT_FINISHED,False,mechanics=I now hypothesize that the actions are related to cell state changes based on th | EXPERIMENT
229560de,probe_arc,complex_maze,4,15,ACTION1,0,GameState.NOT_FINISHED,False,mechanics=I now hypothesize that the actions are related to cell state changes based on th | EXPERIMENT
229560de,probe_arc,complex_maze,4,16,ACTION1,0,GameState.NOT_FINISHED,False,mechanics=I now hypothesize that the actions are related to cell state changes based on th | EXPERIMENT
229560de,probe_arc,complex_maze,4,17,ACTION1,0,GameState.NOT_FINISHED,False,mechanics=I now hypothesize that the actions are related to cell state changes based on th | EXPERIMENT
229560de,probe_arc,complex_maze,4,18,ACTION1,0,GameState.NOT_FINISHED,False,mechanics=I now hypothesize that the actions are related to cell state changes based on th | EXPERIMENT
229560de,probe_arc,complex_maze,4,19,ACTION1,0,GameState.NOT_FINISHED,False,mechanics=I now hypothesize that the actions are related to cell state changes based on th | EXPERIMENT
229560de,probe_arc,complex_maze,4,20,ACTION1,0,GameState.NOT_FINISHED,False,mechanics=I now hypothesize that the actions are related to cell state changes based on th | EXPERIMENT
229560de,probe_arc,complex_maze,4,21,ACTION1,0,GameState.NOT_FINISHED,False,mechanics=I now hypothesize that the actions are related to cell state changes based on th | EXPERIMENT
229560de,probe_arc,complex_maze,4,22,ACTION1,0,GameState.NOT_FINISHED,False,mechanics=I now hypothesize that the actions are related to cell state changes based on th | EXPERIMENT
229560de,probe_arc,complex_maze,4,23,ACTION1,0,GameState.NOT_FINISHED,False,mechanics=I now hypothesize that the actions are related to cell state changes based on th | EXPERIMENT
229560de,probe_arc,complex_maze,4,24,ACTION6,0,GameState.NOT_FINISHED,False,mechanics=I now hypothesize that the actions are related to cell state changes based on th | EXPERIMENT
229560de,probe_arc,complex_maze,4,25,ACTION1,0,GameState.NOT_FINISHED,False,mechanics=I now hypothesize that the actions are related to cell state changes based on th | EXPERIMENT
229560de,probe_arc,complex_maze,4,26,ACTION1,0,GameState.NOT_FINISHED,False,mechanics=I now hypothesize that the actions are related to cell state changes based on th | EXPERIMENT
229560de,probe_arc,complex_maze,4,27,ACTION2,0,GameState.NOT_FINISHED,False,mechanics=I now hypothesize that the actions are related to cell state changes based on th | EXPERIMENT
229560de,probe_arc,complex_maze,4,28,ACTION1,0,GameState.NOT_FINISHED,False,mechanics=I now hypothesize that the actions are related to cell state changes based on th | EXPERIMENT
229560de,probe_arc,complex_maze,4,29,ACTION1,0,GameState.NOT_FINISHED,False,mechanics=I now hypothesize that the actions are related to cell state changes based on th | EXPERIMENT
229560de,probe_arc,complex_maze,4,30,ACTION1,0,GameState.NOT_FINISHED,False,mechanics=I now hypothesize that the actions are related to cell state changes based on th | EXPERIMENT
229560de,probe_arc,complex_maze,4,31,ACTION1,0,GameState.NOT_FINISHED,False,mechanics=I now hypothesize that the actions are related to cell state changes based on th | EXPERIMENT
229560de,probe_arc,complex_maze,4,32,ACTION1,0,GameState.NOT_FINISHED,False,mechanics=I now hypothesize that the actions are related to cell state changes based on th | EXPERIMENT
229560de,probe_arc,complex_maze,4,33,ACTION6,0,GameState.NOT_FINISHED,False,mechanics=I now hypothesize that the actions are related to cell state changes based on th | EXPERIMENT
229560de,probe_arc,complex_maze,4,34,ACTION1,0,GameState.NOT_FINISHED,False,mechanics=I now hypothesize that the actions are related to cell state changes based on th | EXPERIMENT
229560de,probe_arc,complex_maze,4,35,ACTION1,0,GameState.NOT_FINISHED,False,mechanics=I now hypothesize that the actions are related to cell state changes based on th | EXPERIMENT
229560de,probe_arc,complex_maze,4,36,ACTION1,0,GameState.NOT_FINISHED,False,mechanics=I now hypothesize that the actions are related to cell state changes based on th | EXPERIMENT
229560de,probe_arc,complex_maze,4,37,ACTION1,0,GameState.NOT_FINISHED,False,mechanics=I now hypothesize that the actions are related to cell state changes based on th | EXPERIMENT
229560de,probe_arc,complex_maze,4,38,ACTION1,0,GameState.NOT_FINISHED,False,mechanics=I now hypothesize that the actions are related to cell state changes based on th | EXPERIMENT
229560de,probe_arc,complex_maze,4,39,ACTION1,0,GameState.NOT_FINISHED,False,mechanics=I now hypothesize that the actions are related to cell state changes based on th | EXPERIMENT
229560de,probe_arc,complex_maze,4,40,ACTION1,0,GameState.NOT_FINISHED,False,mechanics=I now hypothesize that the actions are related to cell state changes based on th | EXPERIMENT
229560de,probe_arc,complex_maze,4,41,ACTION1,0,GameState.NOT_FINISHED,False,mechanics=I now hypothesize that the actions are related to cell state changes based on th | EXPERIMENT
229560de,probe_arc,complex_maze,4,42,ACTION6,0,GameState.NOT_FINISHED,False,mechanics=I now hypothesize that the actions are related to cell state changes based on th | EXPERIMENT
229560de,probe_arc,complex_maze,4,43,ACTION1,0,GameState.NOT_FINISHED,False,mechanics=I now hypothesize that the actions are related to cell state changes based on th | EXPERIMENT
229560de,probe_arc,complex_maze,4,44,ACTION1,0,GameState.NOT_FINISHED,False,mechanics=I now hypothesize that the actions are related to cell state changes based on th | EXPERIMENT
229560de,probe_arc,complex_maze,4,45,ACTION1,0,GameState.NOT_FINISHED,False,mechanics=I now hypothesize that the actions are related to cell state changes based on th | EXPERIMENT
229560de,probe_arc,complex_maze,4,46,ACTION1,0,GameState.NOT_FINISHED,False,mechanics=I now hypothesize that the actions are related to cell state changes based on th | EXPERIMENT
229560de,probe_arc,complex_maze,4,47,ACTION1,0,GameState.NOT_FINISHED,False,mechanics=I now hypothesize that the actions are related to cell state changes based on th | EXPERIMENT
229560de,probe_arc,complex_maze,4,48,ACTION1,0,GameState.NOT_FINISHED,False,mechanics=I now hypothesize that the actions are related to cell state changes based on th | EXPERIMENT
229560de,probe_arc,complex_maze,4,49,ACTION1,0,GameState.NOT_FINISHED,False,mechanics=I now hypothesize that the actions are related to cell state changes based on th | EXPERIMENT
229560de,probe_arc,merge,0,0,ACTION1,0,GameState.NOT_FINISHED,False,mechanics=I hypothesize that the actions might be related to moving or transforming the sy | EXPERIMENT
229560de,probe_arc,merge,0,1,ACTION2,0,GameState.NOT_FINISHED,False,mechanics=I believe the actions might be related to swapping or moving symbols in the grid
229560de,probe_arc,merge,0,2,ACTION3,0,GameState.NOT_FINISHED,False,mechanics=I believe the actions are related to swapping or moving symbols in the grid. ACT
229560de,probe_arc,merge,0,3,ACTION4,0,GameState.NOT_FINISHED,False,mechanics=I believe the actions are related to swapping or moving symbols in the grid. ACT
229560de,probe_arc,merge,0,4,ACTION5,0,GameState.NOT_FINISHED,False,mechanics=I believe the actions are related to swapping or moving symbols in the grid. ACT
229560de,probe_arc,merge,0,5,ACTION6,0,GameState.NOT_FINISHED,False,mechanics=I believe the actions are related to swapping or moving symbols in the grid. ACT
229560de,probe_arc,merge,0,6,ACTION6,0,GameState.NOT_FINISHED,False,mechanics=I believe the actions are related to swapping or moving symbols in the grid. ACT
229560de,probe_arc,merge,0,7,ACTION1,0,GameState.NOT_FINISHED,False,mechanics=I believe the actions are related to grouping or clustering symbols in the grid. | EXPERIMENT
229560de,probe_arc,merge,0,8,ACTION1,0,GameState.NOT_FINISHED,False,"mechanics=I now believe the actions are related to swapping or moving symbols in the grid, | EXPERIMENT"
229560de,probe_arc,merge,0,9,ACTION2,0,GameState.NOT_FINISHED,False,mechanics=I now believe the actions are related to rotating or flipping sections of the gr | EXPERIMENT
229560de,probe_arc,merge,0,10,ACTION1,0,GameState.NOT_FINISHED,False,mechanics=I now believe the actions are related to swapping or moving individual cells or  | EXPERIMENT
229560de,probe_arc,merge,0,11,ACTION4,0,GameState.NOT_FINISHED,False,mechanics=I now believe the actions are related to manipulating the '5' symbols to create  | EXPERIMENT
229560de,probe_arc,merge,0,12,ACTION1,0,GameState.NOT_FINISHED,False,mechanics=I now believe the actions are related to swapping or moving specific symbols ('8 | EXPERIMENT
229560de,probe_arc,merge,0,13,ACTION5,0,GameState.NOT_FINISHED,False,mechanics=I now believe the actions are related to manipulating the '1' and '5' symbols to | EXPERIMENT
229560de,probe_arc,merge,0,14,ACTION1,0,GameState.NOT_FINISHED,False,mechanics=I now believe the actions are related to rotating or shifting sections of the gr | EXPERIMENT
229560de,probe_arc,merge,0,15,ACTION6,0,GameState.NOT_FINISHED,False,mechanics=I now believe the actions are related to swapping or replacing specific symbols  | EXPERIMENT
229560de,probe_arc,merge,0,16,ACTION1,1,GameState.NOT_FINISHED,False,mechanics=I now believe the actions are related to shifting or rotating sections of the gr | EXPERIMENT
229560de,probe_arc,merge,0,17,ACTION2,1,GameState.NOT_FINISHED,False,"mechanics=I believe the actions are related to shifting or rotating sections of the grid, "
229560de,probe_arc,merge,0,18,ACTION1,1,GameState.NOT_FINISHED,False,"mechanics=I believe the actions are related to shifting or rotating sections of the grid, "
229560de,probe_arc,merge,0,19,ACTION3,1,GameState.NOT_FINISHED,False,"mechanics=I believe the actions are related to shifting or rotating sections of the grid, "
229560de,probe_arc,merge,0,20,ACTION2,1,GameState.NOT_FINISHED,False,"mechanics=I believe ACTION1 shifts a row or column, ACTION2 rotates a section, ACTION3 swa"
229560de,probe_arc,merge,0,21,ACTION4,1,GameState.NOT_FINISHED,False,"mechanics=I believe ACTION1 shifts a row or column, ACTION2 rotates a section, ACTION3 swa"
229560de,probe_arc,merge,0,22,ACTION6,1,GameState.NOT_FINISHED,False,"mechanics=I believe ACTION1 shifts a row or column, ACTION2 rotates a section, ACTION3 swa"
229560de,probe_arc,merge,0,23,ACTION5,1,GameState.NOT_FINISHED,False,"mechanics=I believe ACTION1 shifts a row or column, ACTION2 rotates a section, ACTION3 swa"
229560de,probe_arc,merge,0,24,ACTION6,1,GameState.NOT_FINISHED,False,"mechanics=I believe ACTION1 shifts a row or column, ACTION2 rotates a section, ACTION3 swa"
229560de,probe_arc,merge,0,25,ACTION1,1,GameState.NOT_FINISHED,False,"mechanics=I now believe the actions are related to the 'b' symbols, and the goal is to iso | EXPERIMENT"
229560de,probe_arc,merge,0,26,ACTION6,1,GameState.NOT_FINISHED,False,"mechanics=I now believe the actions are related to the '1' and '5' symbols, and the goal i | EXPERIMENT"
229560de,probe_arc,merge,0,27,ACTION6,1,GameState.NOT_FINISHED,False,"mechanics=I believe the actions are related to the 'b' symbols, and the goal is to clear t | EXPERIMENT"
229560de,probe_arc,merge,0,28,ACTION2,1,GameState.NOT_FINISHED,False,"mechanics=I now believe the actions are related to the '1' and '5' symbols, and the goal i | EXPERIMENT"
229560de,probe_arc,merge,0,29,ACTION6,1,GameState.NOT_FINISHED,False,"mechanics=I now believe the actions are related to the 'b' and '8' symbols, and the goal i | EXPERIMENT"
229560de,probe_arc,merge,0,30,ACTION1,1,GameState.NOT_FINISHED,False,"mechanics=I now believe the actions are related to the '1' and '5' symbols, and the goal i | EXPERIMENT"
229560de,probe_arc,merge,0,31,ACTION6,1,GameState.NOT_FINISHED,False,"mechanics=I now believe the actions are related to the 'b' and '8' symbols, and the goal i | EXPERIMENT"
229560de,probe_arc,merge,0,32,ACTION6,1,GameState.NOT_FINISHED,False,"mechanics=I now believe the actions are related to the '1' and '5' symbols, and the goal i | EXPERIMENT"
229560de,probe_arc,merge,0,33,ACTION3,1,GameState.NOT_FINISHED,False,"mechanics=I now believe the actions are related to the 'b' and '8' symbols, and the goal i | EXPERIMENT"
229560de,probe_arc,merge,0,34,ACTION4,1,GameState.NOT_FINISHED,False,"mechanics=I now believe the actions are related to the '1' and '5' symbols, and the goal i | EXPERIMENT"
229560de,probe_arc,merge,0,35,ACTION6,1,GameState.NOT_FINISHED,False,"mechanics=I now believe the actions are related to the 'b' and '8' symbols, and the goal i | EXPERIMENT"
229560de,probe_arc,merge,0,36,ACTION6,1,GameState.NOT_FINISHED,False,"mechanics=I now believe the actions are related to the '1' and '5' symbols, and the goal i | EXPERIMENT"
229560de,probe_arc,merge,0,37,ACTION2,1,GameState.NOT_FINISHED,False,"mechanics=I now believe the actions are related to the 'b' and '8' symbols, and the goal i | EXPERIMENT"
229560de,probe_arc,merge,0,38,ACTION5,1,GameState.NOT_FINISHED,False,"mechanics=I now believe the actions are related to the '1' and '5' symbols, and the goal i | EXPERIMENT"
229560de,probe_arc,merge,0,39,ACTION1,1,GameState.NOT_FINISHED,False,"mechanics=I now believe the actions are related to the 'b' and '8' symbols, and the goal i | EXPERIMENT"
229560de,probe_arc,merge,0,40,ACTION6,1,GameState.NOT_FINISHED,False,"mechanics=I now believe the actions are related to the '1' and '5' symbols, and the goal i | EXPERIMENT"
229560de,probe_arc,merge,0,41,ACTION6,1,GameState.NOT_FINISHED,False,mechanics=I believe the actions are related to removing or altering the '8' and '9' symbol | EXPERIMENT
229560de,probe_arc,merge,0,42,ACTION6,1,GameState.NOT_FINISHED,False,"mechanics=I now believe the actions are related to manipulating the 'b' symbols, and the g | EXPERIMENT"
229560de,probe_arc,merge,0,43,ACTION2,1,GameState.NOT_FINISHED,False,"mechanics=I now believe the actions are related to manipulating the '1' and '5' symbols, a | EXPERIMENT"
229560de,probe_arc,merge,0,44,ACTION3,1,GameState.NOT_FINISHED,False,"mechanics=I now believe the actions are related to manipulating the 'b' symbols, and the g | EXPERIMENT"
229560de,probe_arc,merge,0,45,ACTION4,1,GameState.NOT_FINISHED,False,"mechanics=I believe the actions are related to changing the '1' and '5' symbols, and the g | EXPERIMENT"
229560de,probe_arc,merge,0,46,ACTION1,1,GameState.NOT_FINISHED,False,mechanics=I now believe the actions are related to changing the '1' and '5' symbols in a s | EXPERIMENT
229560de,probe_arc,merge,0,47,ACTION1,1,GameState.NOT_FINISHED,False,mechanics=I now believe the actions are related to swapping or moving symbols in a specifi | EXPERIMENT
229560de,probe_arc,merge,0,48,ACTION1,1,GameState.NOT_FINISHED,False,mechanics=I now believe the actions are related to rotating or reflecting a subset of the  | EXPERIMENT
229560de,probe_arc,merge,0,49,ACTION6,1,GameState.NOT_FINISHED,False,mechanics=I now believe the actions are related to swapping or moving specific symbols ('1 | EXPERIMENT
229560de,probe_arc,merge,1,0,ACTION1,0,GameState.NOT_FINISHED,False,mechanics=I hypothesize that the actions might be related to moving or modifying the '1' b | EXPERIMENT
229560de,probe_arc,merge,1,1,ACTION2,0,GameState.NOT_FINISHED,False,"mechanics=I believe the actions might be related to swapping or moving blocks, and the goa"
229560de,probe_arc,merge,1,2,ACTION3,0,GameState.NOT_FINISHED,False,"mechanics=I believe the actions might be related to swapping or moving blocks, and the goa"
229560de,probe_arc,merge,1,3,ACTION4,0,GameState.NOT_FINISHED,False,"mechanics=I believe the actions are related to swapping or moving blocks, with ACTION1 swa"
229560de,probe_arc,merge,1,4,ACTION5,0,GameState.NOT_FINISHED,False,"mechanics=I believe the actions are related to swapping or moving blocks, with each action"
229560de,probe_arc,merge,1,5,ACTION6,0,GameState.NOT_FINISHED,False,"mechanics=I believe the actions are related to swapping or moving blocks, with each action"
229560de,probe_arc,merge,1,6,ACTION6,0,GameState.NOT_FINISHED,False,"mechanics=I believe the actions are related to swapping or moving blocks, with each action"
229560de,probe_arc,merge,1,7,ACTION1,0,GameState.NOT_FINISHED,False,mechanics=I now believe the actions might be related to rotating or flipping sections of t | EXPERIMENT
229560de,probe_arc,merge,1,8,ACTION1,0,GameState.NOT_FINISHED,False,mechanics=I believe the actions are related to swapping or replacing specific blocks in th | EXPERIMENT
229560de,probe_arc,merge,1,9,ACTION2,0,GameState.NOT_FINISHED,False,mechanics=I now believe the actions are related to rotating or mirroring specific sections | EXPERIMENT
229560de,probe_arc,merge,1,10,ACTION1,0,GameState.NOT_FINISHED,False,mechanics=I now believe the actions are related to swapping or moving specific blocks in t | EXPERIMENT
229560de,probe_arc,merge,1,11,ACTION3,0,GameState.NOT_FINISHED,False,mechanics=I now believe the actions are related to rotating or reflecting specific section | EXPERIMENT
229560de,probe_arc,merge,1,12,ACTION1,0,GameState.NOT_FINISHED,False,mechanics=I now believe the actions are related to swapping or moving specific blocks in t | EXPERIMENT
229560de,probe_arc,merge,1,13,ACTION4,0,GameState.NOT_FINISHED,False,mechanics=I now believe the actions are related to rotating or reflecting a subset of the  | EXPERIMENT
229560de,probe_arc,merge,1,14,ACTION1,0,GameState.NOT_FINISHED,False,mechanics=I now believe the actions are related to swapping or moving blocks within the gr | EXPERIMENT
229560de,probe_arc,merge,1,15,ACTION6,0,GameState.NOT_FINISHED,False,mechanics=I now believe the actions are related to rotating or reflecting blocks within th | EXPERIMENT
229560de,probe_arc,merge,1,16,ACTION1,0,GameState.NOT_FINISHED,False,mechanics=I now believe the actions are related to moving the '8' and '9' blocks to specif | EXPERIMENT
229560de,probe_arc,merge,1,17,ACTION1,0,GameState.NOT_FINISHED,False,mechanics=I now believe the actions are related to swapping or rotating blocks in a specif | EXPERIMENT
229560de,probe_arc,merge,1,18,ACTION6,0,GameState.NOT_FINISHED,False,mechanics=I now believe the actions are related to shifting or moving blocks in a specific | EXPERIMENT
229560de,probe_arc,merge,1,19,ACTION2,0,GameState.NOT_FINISHED,False,"mechanics=I now believe the actions are related to rotating or flipping the grid, and the  | EXPERIMENT"
229560de,probe_arc,merge,1,20,ACTION1,0,GameState.NOT_FINISHED,False,"mechanics=I now believe the actions are related to swapping or moving blocks, and the goal | EXPERIMENT"
229560de,probe_arc,merge,1,21,ACTION6,0,GameState.NOT_FINISHED,False,"mechanics=I now believe the actions are related to rotating or flipping the grid, and the  | EXPERIMENT"
229560de,probe_arc,merge,1,22,ACTION3,0,GameState.NOT_FINISHED,False,"mechanics=I now believe the actions are related to moving or removing blocks, and the goal | EXPERIMENT"
229560de,probe_arc,merge,1,23,ACTION4,0,GameState.NOT_FINISHED,False,"mechanics=I now believe the actions are related to swapping or rotating blocks, and the go | EXPERIMENT"
229560de,probe_arc,merge,1,24,ACTION5,0,GameState.NOT_FINISHED,False,mechanics=I now believe the actions are related to shifting or moving blocks in a specific | EXPERIMENT
229560de,probe_arc,merge,1,25,ACTION6,0,GameState.NOT_FINISHED,False,"mechanics=I now believe the actions are related to rotating or flipping blocks, and the go | EXPERIMENT"
229560de,probe_arc,merge,1,26,ACTION2,0,GameState.NOT_FINISHED,False,"mechanics=I now believe the actions are related to moving or removing blocks, and the goal | EXPERIMENT"
229560de,probe_arc,merge,1,27,ACTION2,0,GameState.NOT_FINISHED,False,mechanics=I now believe the actions are related to rotating or flipping sections of the gr | EXPERIMENT
229560de,probe_arc,merge,1,28,ACTION1,0,GameState.NOT_FINISHED,False,mechanics=I now believe the actions are related to swapping or moving specific cells in th | EXPERIMENT
229560de,probe_arc,merge,1,29,ACTION2,0,GameState.NOT_FINISHED,False,mechanics=I now believe the actions are related to rotating or flipping specific sections  | EXPERIMENT
229560de,probe_arc,merge,1,30,ACTION5,0,GameState.NOT_FINISHED,False,mechanics=I now believe the actions are related to swapping or moving specific blocks with | EXPERIMENT
229560de,probe_arc,merge,1,31,ACTION4,0,GameState.NOT_FINISHED,False,mechanics=I now believe the actions are related to rotating or mirroring specific sections | EXPERIMENT
229560de,probe_arc,merge,1,32,ACTION2,0,GameState.NOT_FINISHED,False,mechanics=I now believe the actions are related to swapping or moving specific blocks in t | EXPERIMENT
229560de,probe_arc,merge,1,33,ACTION2,0,GameState.NOT_FINISHED,False,mechanics=I now believe the actions are related to rotating or flipping specific sections  | EXPERIMENT
229560de,probe_arc,merge,1,34,ACTION6,0,GameState.NOT_FINISHED,False,mechanics=I now believe the actions are related to rotating or flipping specific sections  | EXPERIMENT
229560de,probe_arc,merge,1,35,ACTION1,0,GameState.NOT_FINISHED,False,mechanics=I now believe the actions are related to moving or swapping specific blocks on t | EXPERIMENT
229560de,probe_arc,merge,1,36,ACTION1,0,GameState.NOT_FINISHED,False,mechanics=I now believe the actions are related to rotating or flipping sections of the gr | EXPERIMENT
229560de,probe_arc,merge,1,37,ACTION2,0,GameState.NOT_FINISHED,False,mechanics=I now believe the actions are related to swapping or moving individual cells or  | EXPERIMENT
229560de,probe_arc,merge,1,38,ACTION4,0,GameState.NOT_FINISHED,False,mechanics=I now believe the actions are related to rotating or reflecting small groups of  | EXPERIMENT
229560de,probe_arc,merge,1,39,ACTION6,0,GameState.NOT_FINISHED,False,mechanics=I now believe the actions are related to swapping or moving individual cells or  | EXPERIMENT
229560de,probe_arc,merge,1,40,ACTION6,0,GameState.NOT_FINISHED,False,mechanics=I now believe the actions are related to rotating or reflecting larger sections  | EXPERIMENT
229560de,probe_arc,merge,1,41,ACTION6,0,GameState.NOT_FINISHED,False,mechanics=I now believe the actions are related to swapping or moving individual cells or  | EXPERIMENT
229560de,probe_arc,merge,1,42,ACTION1,0,GameState.GAME_OVER,False,mechanics=I now believe the actions are related to rotating or reflecting a subset of the  | EXPERIMENT
229560de,probe_arc,merge,2,0,ACTION1,0,GameState.NOT_FINISHED,False,mechanics=I hypothesize that the actions might be related to moving or modifying the '1' b | EXPERIMENT
229560de,probe_arc,merge,2,1,ACTION2,0,GameState.NOT_FINISHED,False,mechanics=I believe ACTION1 swaps two adjacent '1' blocks. The goal might be to create a s
229560de,probe_arc,merge,2,2,ACTION3,0,GameState.NOT_FINISHED,False,mechanics=I believe ACTION1 swaps two adjacent '1' blocks. ACTION2 might be shifting a row
229560de,probe_arc,merge,2,3,ACTION4,0,GameState.NOT_FINISHED,False,"mechanics=I believe ACTION1 swaps two adjacent '1' blocks, ACTION2 shifts a row or column "
229560de,probe_arc,merge,2,4,ACTION5,0,GameState.NOT_FINISHED,False,"mechanics=I believe ACTION1 swaps two adjacent '1' blocks, ACTION2 shifts a row or column "
229560de,probe_arc,merge,2,5,ACTION6,0,GameState.NOT_FINISHED,False,"mechanics=I believe ACTION1 swaps two adjacent '1' blocks, ACTION2 shifts a row or column "
229560de,probe_arc,merge,2,6,ACTION5,0,GameState.NOT_FINISHED,False,"mechanics=I believe ACTION1 swaps two adjacent '1' blocks, ACTION2 shifts a row or column "
229560de,probe_arc,merge,2,7,ACTION6,0,GameState.NOT_FINISHED,False,"mechanics=I now believe ACTION1 merges two adjacent '1' blocks into a single '5' block, AC | EXPERIMENT"
229560de,probe_arc,merge,2,8,ACTION6,0,GameState.NOT_FINISHED,False,"mechanics=I now believe ACTION1 splits a '5' block into two adjacent '1' blocks, ACTION2 s | EXPERIMENT"
229560de,probe_arc,merge,2,9,ACTION1,0,GameState.NOT_FINISHED,False,"mechanics=I now believe ACTION1 merges two adjacent '1' blocks into a '5' block, ACTION2 s | EXPERIMENT"
229560de,probe_arc,merge,2,10,ACTION2,0,GameState.NOT_FINISHED,False,"mechanics=I now believe ACTION1 splits a '5' block into two '1' blocks, ACTION2 shifts all | EXPERIMENT"
229560de,probe_arc,merge,2,11,ACTION3,0,GameState.NOT_FINISHED,False,"mechanics=I now believe ACTION1 and ACTION2 are involved in block manipulation, possibly r | EXPERIMENT"
229560de,probe_arc,merge,2,12,ACTION1,0,GameState.NOT_FINISHED,False,mechanics=I now believe the game involves manipulating '1' blocks to create a specific pat | EXPERIMENT
229560de,probe_arc,merge,2,13,ACTION6,0,GameState.NOT_FINISHED,False,mechanics=I now believe the game involves creating a connection or path between '5' blocks | EXPERIMENT
229560de,probe_arc,merge,2,14,ACTION4,0,GameState.NOT_FINISHED,False,mechanics=I now believe the game involves grouping '1' blocks together to create a large c | EXPERIMENT
229560de,probe_arc,merge,2,15,ACTION5,0,GameState.NOT_FINISHED,False,mechanics=I now believe the game involves creating a path or connection between '8' and '9 | EXPERIMENT
229560de,probe_arc,merge,2,16,ACTION6,0,GameState.NOT_FINISHED,False,"mechanics=I now believe the game involves clustering or grouping '1' blocks together, and  | EXPERIMENT"
229560de,probe_arc,merge,2,17,ACTION6,0,GameState.NOT_FINISHED,False,mechanics=I now believe the game involves creating a path or connection between the '8' an | EXPERIMENT
229560de,probe_arc,merge,2,18,ACTION1,0,GameState.NOT_FINISHED,False,"mechanics=I now believe the game involves clustering or grouping the '1' blocks together,  | EXPERIMENT"
229560de,probe_arc,merge,2,19,ACTION6,0,GameState.NOT_FINISHED,False,mechanics=I now believe the game involves creating a path or connection between the '8' an | EXPERIMENT
229560de,probe_arc,merge,2,20,ACTION1,0,GameState.NOT_FINISHED,False,"mechanics=I now believe the game involves grouping or clustering the '1' blocks together,  | EXPERIMENT"
229560de,probe_arc,merge,2,21,ACTION2,0,GameState.NOT_FINISHED,False,"mechanics=I now believe the game involves transforming the '1' blocks into '9' blocks, and | EXPERIMENT"
229560de,probe_arc,merge,2,22,ACTION3,0,GameState.NOT_FINISHED,False,"mechanics=I now believe the game involves creating groups of '1' blocks to clear them, and | EXPERIMENT"
229560de,probe_arc,merge,2,23,ACTION4,0,GameState.NOT_FINISHED,False,mechanics=I now believe the game involves creating a path or connection between '8' blocks | EXPERIMENT
229560de,probe_arc,merge,2,24,ACTION5,0,GameState.NOT_FINISHED,False,"mechanics=I now believe the game involves grouping '1' blocks together to clear levels, an | EXPERIMENT"
229560de,probe_arc,merge,2,25,ACTION1,0,GameState.NOT_FINISHED,False,mechanics=The game involves removing '5' blocks to create a path for '1' blocks to connect | EXPERIMENT
229560de,probe_arc,merge,2,26,ACTION1,0,GameState.NOT_FINISHED,False,mechanics=The game involves transforming '1' blocks into '9' blocks to create a chain reac | EXPERIMENT
229560de,probe_arc,merge,2,27,ACTION6,0,GameState.NOT_FINISHED,False,mechanics=The game involves transforming '1' blocks into '9' blocks to create a chain reac | EXPERIMENT
229560de,probe_arc,merge,2,28,ACTION1,0,GameState.NOT_FINISHED,False,"mechanics=The game involves clustering '1' blocks together to create a chain reaction, and | EXPERIMENT"
229560de,probe_arc,merge,2,29,ACTION2,0,GameState.NOT_FINISHED,False,mechanics=The game involves transforming '5' blocks into '1' blocks to create a path or a  | EXPERIMENT
229560de,probe_arc,merge,2,30,ACTION6,0,GameState.NOT_FINISHED,False,mechanics=The game involves transforming '5' blocks into '1' blocks to create a path or a  | EXPERIMENT
229560de,probe_arc,merge,2,31,ACTION6,0,GameState.NOT_FINISHED,False,"mechanics=The game involves removing '5' blocks to reveal a hidden pattern or path, and th | EXPERIMENT"
229560de,probe_arc,merge,2,32,ACTION6,0,GameState.NOT_FINISHED,False,"mechanics=The game involves removing '5' blocks to reveal a hidden pattern or path, and th | EXPERIMENT"
229560de,probe_arc,merge,2,33,ACTION1,0,GameState.NOT_FINISHED,False,"mechanics=The game involves removing '5' blocks to reveal a hidden pattern or path, and th | EXPERIMENT"
229560de,probe_arc,merge,2,34,ACTION3,0,GameState.NOT_FINISHED,False,mechanics=The game involves transforming '1' blocks into '9' blocks to create a specific p | EXPERIMENT
229560de,probe_arc,merge,2,35,ACTION4,0,GameState.NOT_FINISHED,False,"mechanics=The game involves clearing '1' blocks by creating groups of '5' blocks, and the  | EXPERIMENT"
229560de,probe_arc,merge,2,36,ACTION5,0,GameState.NOT_FINISHED,False,mechanics=The game involves transforming '1' blocks into '5' blocks by applying actions in | EXPERIMENT
229560de,probe_arc,merge,2,37,ACTION5,0,GameState.NOT_FINISHED,False,mechanics=The game involves grouping '1' blocks together to create a large contiguous area | EXPERIMENT
229560de,probe_arc,merge,2,38,ACTION2,0,GameState.NOT_FINISHED,False,mechanics=The game involves removing '8' and '9' blocks to create a path for '1' blocks to | EXPERIMENT
229560de,probe_arc,merge,2,39,ACTION1,0,GameState.NOT_FINISHED,False,mechanics=The game involves changing the state of '9' blocks to '1' blocks to potentially  | EXPERIMENT
229560de,probe_arc,merge,2,40,ACTION6,0,GameState.NOT_FINISHED,False,"mechanics=The game involves manipulating '1', '5', '8', and '9' blocks to create a specifi | EXPERIMENT"
229560de,probe_arc,merge,2,41,ACTION5,0,GameState.NOT_FINISHED,False,mechanics=The game involves clustering '1' blocks together to create a large connected com | EXPERIMENT
229560de,probe_arc,merge,2,42,ACTION6,0,GameState.NOT_FINISHED,False,"mechanics=The game involves creating a path or connection between '8' and '9' blocks, with | EXPERIMENT"
229560de,probe_arc,merge,2,43,ACTION1,0,GameState.NOT_FINISHED,False,"mechanics=The game involves creating a path or connection between '8' and '9' blocks, with | EXPERIMENT"
229560de,probe_arc,merge,2,44,ACTION6,0,GameState.NOT_FINISHED,False,"mechanics=The game involves clustering '1' blocks together to form a large group, with '5' | EXPERIMENT"
229560de,probe_arc,merge,2,45,ACTION3,0,GameState.NOT_FINISHED,False,mechanics=The game involves removing '5' blocks to create a path for '1' blocks to fill th | EXPERIMENT
229560de,probe_arc,merge,2,46,ACTION6,0,GameState.NOT_FINISHED,False,"mechanics=The game involves manipulating '1', '5', '8', and '9' blocks to create a specifi | EXPERIMENT"
229560de,probe_arc,merge,2,47,ACTION4,0,GameState.NOT_FINISHED,False,mechanics=The game involves manipulating blocks to create a specific pattern. ACTION1 and  | EXPERIMENT
229560de,probe_arc,merge,2,48,ACTION2,0,GameState.NOT_FINISHED,False,"mechanics=The game involves manipulating blocks to create a specific pattern, but the goal | EXPERIMENT"
229560de,probe_arc,merge,2,49,ACTION2,0,GameState.NOT_FINISHED,False,"mechanics=The game involves manipulating blocks to create a specific pattern, with ACTION1 | EXPERIMENT"
229560de,probe_arc,merge,3,0,ACTION1,0,GameState.NOT_FINISHED,False,mechanics=I hypothesize that the actions are related to moving or modifying the grid cells | EXPERIMENT
229560de,probe_arc,merge,3,1,ACTION2,0,GameState.NOT_FINISHED,False,"mechanics=I believe the actions are related to swapping or modifying adjacent cells, and t"
229560de,probe_arc,merge,3,2,ACTION3,0,GameState.NOT_FINISHED,False,"mechanics=I believe the actions are related to swapping or modifying adjacent cells, and t"
229560de,probe_arc,merge,3,3,ACTION4,0,GameState.NOT_FINISHED,False,"mechanics=I believe the actions are related to swapping or modifying adjacent cells, and t"
229560de,probe_arc,merge,3,4,ACTION6,0,GameState.NOT_FINISHED,False,"mechanics=The actions are related to swapping or modifying adjacent cells, and the goal is"
229560de,probe_arc,merge,3,5,ACTION5,0,GameState.NOT_FINISHED,False,"mechanics=The actions are related to swapping or modifying adjacent cells, and the goal is"
229560de,probe_arc,merge,3,6,ACTION4,0,GameState.NOT_FINISHED,False,"mechanics=The actions are related to swapping or modifying adjacent cells, and the goal is"
229560de,probe_arc,merge,3,7,ACTION6,0,GameState.NOT_FINISHED,False,"mechanics=The actions might be related to modifying cells in a specific pattern, and the g | EXPERIMENT"
229560de,probe_arc,merge,3,8,ACTION6,0,GameState.NOT_FINISHED,False,mechanics=The actions might be related to clearing '1' cells to create a path for '5' cell | EXPERIMENT
229560de,probe_arc,merge,3,9,ACTION1,0,GameState.NOT_FINISHED,False,mechanics=The actions might be related to manipulating '8' and '9' cells to create a speci | EXPERIMENT
229560de,probe_arc,merge,3,10,ACTION2,0,GameState.NOT_FINISHED,False,mechanics=The actions might be related to manipulating the '1' cells to create a specific  | EXPERIMENT
229560de,probe_arc,merge,3,11,ACTION1,0,GameState.NOT_FINISHED,False,mechanics=The actions might be related to manipulating the '1' cells to create a specific  | EXPERIMENT
229560de,probe_arc,merge,3,12,ACTION6,0,GameState.NOT_FINISHED,False,mechanics=The actions might be related to manipulating the '5' cells to create a border or | EXPERIMENT
229560de,probe_arc,merge,3,13,ACTION6,0,GameState.NOT_FINISHED,False,mechanics=The actions might be related to manipulating the '1' cells to create a path or a | EXPERIMENT
229560de,probe_arc,merge,3,14,ACTION6,0,GameState.NOT_FINISHED,False,mechanics=The actions might be related to manipulating the '5' cells to create a border or | EXPERIMENT
229560de,probe_arc,merge,3,15,ACTION1,0,GameState.NOT_FINISHED,False,mechanics=The actions might be related to manipulating the '1' cells to create a path or a | EXPERIMENT
229560de,probe_arc,merge,3,16,ACTION6,0,GameState.NOT_FINISHED,False,mechanics=The actions might be related to manipulating the '1' cells to create a path or a | EXPERIMENT
229560de,probe_arc,merge,3,17,ACTION6,0,GameState.NOT_FINISHED,False,mechanics=The actions might be related to manipulating the '8' and '9' cells to create a s | EXPERIMENT
229560de,probe_arc,merge,3,18,ACTION6,0,GameState.NOT_FINISHED,False,mechanics=The actions might be related to creating a chain reaction or a specific path bet | EXPERIMENT
229560de,probe_arc,merge,3,19,ACTION2,0,GameState.NOT_FINISHED,False,mechanics=The actions might be related to creating a cluster or a group of connected '1' c | EXPERIMENT
229560de,probe_arc,merge,3,20,ACTION1,0,GameState.NOT_FINISHED,False,"mechanics=The actions might be related to swapping or moving cells, and the goal could be  | EXPERIMENT"
229560de,probe_arc,merge,3,21,ACTION3,0,GameState.NOT_FINISHED,False,"mechanics=The actions might be related to rotating or mirroring cells, and the goal could  | EXPERIMENT"
229560de,probe_arc,merge,3,22,ACTION4,0,GameState.NOT_FINISHED,False,"mechanics=The actions might be related to swapping or moving cells, and the goal could be  | EXPERIMENT"
229560de,probe_arc,merge,3,23,ACTION6,0,GameState.NOT_FINISHED,False,mechanics=I hypothesize that the actions are related to rotating or flipping sections of t | EXPERIMENT
229560de,probe_arc,merge,3,24,ACTION5,0,GameState.NOT_FINISHED,False,mechanics=I hypothesize that the actions are related to moving or removing specific symbol | EXPERIMENT
229560de,probe_arc,merge,3,25,ACTION6,0,GameState.NOT_FINISHED,False,mechanics=I hypothesize that the actions are related to swapping or rotating groups of sym | EXPERIMENT
229560de,probe_arc,merge,3,26,ACTION6,0,GameState.NOT_FINISHED,False,mechanics=I now hypothesize that the actions are related to modifying the grid in a way th | EXPERIMENT
229560de,probe_arc,merge,3,27,ACTION2,0,GameState.NOT_FINISHED,False,mechanics=I now hypothesize that the actions are related to modifying the grid in a way th | EXPERIMENT
229560de,probe_arc,merge,3,28,ACTION1,0,GameState.NOT_FINISHED,False,mechanics=I now hypothesize that the actions are related to swapping or moving specific ce | EXPERIMENT
229560de,probe_arc,merge,3,29,ACTION1,0,GameState.NOT_FINISHED,False,mechanics=I hypothesize that the actions are related to rotating or flipping specific cell | EXPERIMENT
229560de,probe_arc,merge,3,30,ACTION4,0,GameState.NOT_FINISHED,False,mechanics=I now hypothesize that the actions are related to swapping or moving cells in a  | EXPERIMENT
229560de,probe_arc,merge,3,31,ACTION1,0,GameState.GAME_OVER,False,mechanics=I now hypothesize that the actions are related to changing the state of specific | EXPERIMENT
229560de,probe_arc,merge,4,0,ACTION1,0,GameState.NOT_FINISHED,False,mechanics=I hypothesize that the actions might be related to manipulating the symbols in t | EXPERIMENT
229560de,probe_arc,merge,4,1,ACTION2,0,GameState.NOT_FINISHED,False,mechanics=I believe the actions might be related to swapping or moving symbols in the grid
229560de,probe_arc,merge,4,2,ACTION3,0,GameState.NOT_FINISHED,False,mechanics=I believe the actions are related to swapping or moving symbols in the grid. The
229560de,probe_arc,merge,4,3,ACTION4,0,GameState.NOT_FINISHED,False,mechanics=I believe the actions are related to swapping or moving symbols in the grid. The
229560de,probe_arc,merge,4,4,ACTION5,0,GameState.NOT_FINISHED,False,mechanics=I believe the actions are related to swapping or moving symbols in the grid. ACT
229560de,probe_arc,merge,4,5,ACTION6,0,GameState.NOT_FINISHED,False,mechanics=I believe the actions are related to swapping or moving symbols in the grid. ACT
229560de,probe_arc,merge,4,6,ACTION6,0,GameState.NOT_FINISHED,False,mechanics=I believe the actions are related to swapping or moving symbols in the grid. ACT
229560de,probe_arc,merge,4,7,ACTION6,0,GameState.NOT_FINISHED,False,mechanics=I believe the actions are related to manipulating the grid to create a certain p | EXPERIMENT
229560de,probe_arc,merge,4,8,ACTION1,0,GameState.NOT_FINISHED,False,mechanics=I believe the actions are related to manipulating the grid to create a certain p | EXPERIMENT
229560de,probe_arc,merge,4,9,ACTION2,0,GameState.NOT_FINISHED,False,mechanics=I now believe the actions are related to swapping or moving symbols in a specifi | EXPERIMENT
229560de,probe_arc,merge,4,10,ACTION3,0,GameState.NOT_FINISHED,False,mechanics=I now believe the actions are related to manipulating the '1' and '5' symbols to | EXPERIMENT
229560de,probe_arc,merge,4,11,ACTION4,0,GameState.NOT_FINISHED,False,mechanics=I now believe the actions are related to swapping or moving specific symbols to  | EXPERIMENT
229560de,probe_arc,merge,4,12,ACTION6,0,GameState.NOT_FINISHED,False,mechanics=I now believe the actions are related to rotating or mirroring a subset of the g | EXPERIMENT
229560de,probe_arc,merge,4,13,ACTION5,0,GameState.NOT_FINISHED,False,"mechanics=I now believe the actions are related to manipulating the '1' and '5' symbols, w | EXPERIMENT"
229560de,probe_arc,merge,4,14,ACTION6,0,GameState.NOT_FINISHED,False,"mechanics=I believe the actions are related to manipulating the '1', '5', '8', and '9' sym | EXPERIMENT"
229560de,probe_arc,merge,4,15,ACTION6,0,GameState.NOT_FINISHED,False,"mechanics=The actions are related to manipulating the '1', '5', '8', and '9' symbols to cr | EXPERIMENT"
229560de,probe_arc,merge,4,16,ACTION6,0,GameState.NOT_FINISHED,False,mechanics=The actions might be related to manipulating the grid in a way that creates a ch | EXPERIMENT
229560de,probe_arc,merge,4,17,ACTION1,0,GameState.NOT_FINISHED,False,mechanics=The actions might be related to manipulating the grid in a way that creates a sp | EXPERIMENT
229560de,probe_arc,merge,4,18,ACTION2,0,GameState.NOT_FINISHED,False,mechanics=The actions might be related to manipulating the grid in a way that creates a sp | EXPERIMENT
229560de,probe_arc,merge,4,19,ACTION1,0,GameState.NOT_FINISHED,False,mechanics=The actions might be related to manipulating the grid in a way that creates a sp | EXPERIMENT
229560de,probe_arc,merge,4,20,ACTION4,0,GameState.NOT_FINISHED,False,mechanics=I hypothesize that the actions are related to shifting or rotating sections of t | EXPERIMENT
229560de,probe_arc,merge,4,21,ACTION3,0,GameState.NOT_FINISHED,False,mechanics=I now hypothesize that the actions are related to manipulating specific symbols  | EXPERIMENT
229560de,probe_arc,merge,4,22,ACTION6,0,GameState.NOT_FINISHED,False,mechanics=I now hypothesize that the actions are related to manipulating the '8' and '9' s | EXPERIMENT
229560de,probe_arc,merge,4,23,ACTION5,0,GameState.NOT_FINISHED,False,mechanics=I now hypothesize that the actions are related to manipulating the '5' and '1' s | EXPERIMENT
229560de,probe_arc,merge,4,24,ACTION6,0,GameState.NOT_FINISHED,False,mechanics=I now hypothesize that the actions are related to manipulating the less frequent | EXPERIMENT
229560de,probe_arc,merge,4,25,ACTION1,0,GameState.NOT_FINISHED,False,mechanics=I now hypothesize that the actions are related to manipulating the grid in a way | EXPERIMENT
229560de,probe_arc,merge,4,26,ACTION2,0,GameState.NOT_FINISHED,False,mechanics=I now hypothesize that the actions are related to rotating or flipping sections  | EXPERIMENT
229560de,probe_arc,merge,4,27,ACTION1,0,GameState.NOT_FINISHED,False,mechanics=I now hypothesize that the actions are related to swapping or moving individual  | EXPERIMENT
229560de,probe_arc,merge,4,28,ACTION6,0,GameState.NOT_FINISHED,False,mechanics=I now hypothesize that the actions are related to rotating or mirroring small gr | EXPERIMENT
229560de,probe_arc,merge,4,29,ACTION4,0,GameState.NOT_FINISHED,False,"mechanics=I now hypothesize that the actions are related to swapping or replacing cells, a | EXPERIMENT"
229560de,probe_arc,merge,4,30,ACTION1,0,GameState.NOT_FINISHED,False,mechanics=I now hypothesize that the actions are related to rotating or shifting sections  | EXPERIMENT
229560de,probe_arc,merge,4,31,ACTION6,0,GameState.NOT_FINISHED,False,mechanics=I now believe that the actions are related to swapping or replacing specific sym | EXPERIMENT
229560de,probe_arc,merge,4,32,ACTION6,0,GameState.NOT_FINISHED,False,"mechanics=I now believe that the actions are related to manipulating the '5' symbols, as t | EXPERIMENT"
229560de,probe_arc,merge,4,33,ACTION3,0,GameState.NOT_FINISHED,False,"mechanics=I now believe that the actions are related to manipulating the '1' symbols, as t | EXPERIMENT"
229560de,probe_arc,merge,4,34,ACTION6,0,GameState.NOT_FINISHED,False,"mechanics=I believe the actions are related to swapping or moving the '5' symbols, as they | EXPERIMENT"
229560de,probe_arc,merge,4,35,ACTION2,0,GameState.NOT_FINISHED,False,mechanics=I now believe the actions might be related to interacting with the '8' or '9' sy | EXPERIMENT
229560de,probe_arc,merge,4,36,ACTION4,0,GameState.NOT_FINISHED,False,mechanics=I now believe the actions might be related to swapping or moving symbols in the  | EXPERIMENT
229560de,probe_arc,merge,4,37,ACTION1,0,GameState.NOT_FINISHED,False,mechanics=I now believe the actions might be related to rotating or reflecting a subset of | EXPERIMENT
229560de,probe_arc,merge,4,38,ACTION1,0,GameState.NOT_FINISHED,False,mechanics=I now believe the actions might be related to swapping or moving specific symbol | EXPERIMENT
229560de,probe_arc,merge,4,39,ACTION6,0,GameState.NOT_FINISHED,False,mechanics=I believe the actions involve manipulating the grid to create a specific arrange | EXPERIMENT
229560de,probe_arc,merge,4,40,ACTION6,0,GameState.NOT_FINISHED,False,"mechanics=I now believe the actions might be related to the counts of symbols, and the goa | EXPERIMENT"
229560de,probe_arc,merge,4,41,ACTION1,1,GameState.NOT_FINISHED,False,mechanics=I now believe the actions might be related to the manipulation of the grid cells | EXPERIMENT
229560de,probe_arc,merge,4,42,ACTION2,1,GameState.NOT_FINISHED,False,"mechanics=I believe the actions manipulate grid cells, with ACTION1 potentially clearing c"
229560de,probe_arc,merge,4,43,ACTION2,1,GameState.NOT_FINISHED,False,"mechanics=I believe ACTION1 clears cells in a specific pattern, ACTION2 swaps values betwe"
229560de,probe_arc,merge,4,44,ACTION2,1,GameState.NOT_FINISHED,False,"mechanics=I believe ACTION1 clears cells in a specific pattern, ACTION2 swaps values betwe"
229560de,probe_arc,merge,4,45,ACTION2,1,GameState.NOT_FINISHED,False,"mechanics=I believe ACTION1 clears cells in a specific pattern, ACTION2 swaps values betwe"
229560de,probe_arc,merge,4,46,ACTION6,1,GameState.NOT_FINISHED,False,"mechanics=ACTION1 clears cells in a specific pattern, ACTION2 swaps values between two cel"
229560de,probe_arc,merge,4,47,ACTION3,1,GameState.NOT_FINISHED,False,"mechanics=ACTION1 might be related to clearing cells in a specific pattern, but its effect | EXPERIMENT"
229560de,probe_arc,merge,4,48,ACTION4,1,GameState.NOT_FINISHED,False,"mechanics=ACTION1 may clear cells in a pattern, ACTION2 swaps values under certain conditi"
229560de,probe_arc,merge,4,49,ACTION6,1,GameState.NOT_FINISHED,False,mechanics=The actions seem to be related to changing the grid and possibly clearing cells 
229560de,probe_arc,simple_maze,0,0,ACTION1,0,GameState.NOT_FINISHED,False,mechanics=I hypothesize that the actions are related to moving or modifying the '5' blocks | EXPERIMENT
229560de,probe_arc,simple_maze,0,1,ACTION2,0,GameState.NOT_FINISHED,False,mechanics=I revise my theory to consider the possibility that the actions are related to m
229560de,probe_arc,simple_maze,0,2,ACTION3,0,GameState.NOT_FINISHED,False,"mechanics=Actions might move or modify '.' empty spaces, goal could be creating a path or "
229560de,probe_arc,simple_maze,0,3,ACTION4,0,GameState.NOT_FINISHED,False,"mechanics=Actions might modify or move '8' and '9' blocks to create a path or shape, '5' b"
229560de,probe_arc,simple_maze,0,4,ACTION5,0,GameState.NOT_FINISHED,False,"mechanics=Actions might modify or move '8' and '9' blocks to create a path or shape, '5' b"
229560de,probe_arc,simple_maze,0,5,ACTION6,0,GameState.NOT_FINISHED,False,mechanics=Actions might be related to modifying the '5' blocks or interacting with the '.' | EXPERIMENT
229560de,probe_arc,simple_maze,0,6,ACTION2,0,GameState.NOT_FINISHED,False,"mechanics=Given that most actions resulted in no change and only ACTION2 had an effect, it | EXPERIMENT"
229560de,probe_arc,simple_maze,0,7,ACTION2,0,GameState.NOT_FINISHED,False,"mechanics=Given the lack of progress, I hypothesize that the actions might be dependent on | EXPERIMENT"
229560de,probe_arc,simple_maze,0,8,ACTION2,0,GameState.NOT_FINISHED,False,mechanics=I hypothesize that the actions might have a cumulative effect or a specific sequ | EXPERIMENT
229560de,probe_arc,simple_maze,0,9,ACTION2,0,GameState.NOT_FINISHED,False,mechanics=I now hypothesize that the actions might be related to movement or swapping of s | EXPERIMENT
229560de,probe_arc,simple_maze,0,10,ACTION6,0,GameState.NOT_FINISHED,False,mechanics=I now hypothesize that the actions might be related to movement or swapping of s | EXPERIMENT
229560de,probe_arc,simple_maze,0,11,ACTION1,0,GameState.NOT_FINISHED,False,mechanics=I now hypothesize that the actions might be related to rotating or mirroring the | EXPERIMENT
229560de,probe_arc,simple_maze,0,12,ACTION2,0,GameState.NOT_FINISHED,False,mechanics=I now hypothesize that the actions might be related to moving the '8' and '9' sy | EXPERIMENT
229560de,probe_arc,simple_maze,0,13,ACTION3,0,GameState.NOT_FINISHED,False,mechanics=I now hypothesize that the actions might be related to rotating or mirroring the | EXPERIMENT
229560de,probe_arc,simple_maze,0,14,ACTION4,0,GameState.NOT_FINISHED,False,mechanics=I now hypothesize that the actions might be related to moving the '8' and '9' sy | EXPERIMENT
229560de,probe_arc,simple_maze,0,15,ACTION1,0,GameState.NOT_FINISHED,False,mechanics=I now hypothesize that the actions might be related to clearing or modifying the | EXPERIMENT
229560de,probe_arc,simple_maze,0,16,ACTION5,0,GameState.NOT_FINISHED,False,mechanics=I now hypothesize that the actions might be related to interacting with the '8'  | EXPERIMENT
229560de,probe_arc,simple_maze,0,17,ACTION1,0,GameState.NOT_FINISHED,False,mechanics=I now hypothesize that the actions might be related to modifying the '5' symbols | EXPERIMENT
229560de,probe_arc,simple_maze,0,18,ACTION1,0,GameState.NOT_FINISHED,False,mechanics=I now hypothesize that the actions might be related to interacting with the '8'  | EXPERIMENT
229560de,probe_arc,simple_maze,0,19,ACTION6,0,GameState.NOT_FINISHED,False,mechanics=I now hypothesize that the actions might be related to manipulating the '5' symb | EXPERIMENT
229560de,probe_arc,simple_maze,0,20,ACTION2,0,GameState.NOT_FINISHED,False,mechanics=I now hypothesize that the actions might be related to interacting with the '8'  | EXPERIMENT
229560de,probe_arc,simple_maze,0,21,ACTION4,0,GameState.NOT_FINISHED,False,mechanics=I now hypothesize that the actions might be related to manipulating the '5' symb | EXPERIMENT
229560de,probe_arc,simple_maze,0,22,ACTION4,0,GameState.NOT_FINISHED,False,"mechanics=I now hypothesize that the actions might be related to moving the '8' symbol, po | EXPERIMENT"
229560de,probe_arc,simple_maze,0,23,ACTION1,0,GameState.NOT_FINISHED,False,mechanics=I now hypothesize that the actions might be related to swapping or moving cells  | EXPERIMENT
229560de,probe_arc,simple_maze,0,24,ACTION6,0,GameState.NOT_FINISHED,False,mechanics=I now hypothesize that the actions might be related to rotating or flipping sect | EXPERIMENT
229560de,probe_arc,simple_maze,0,25,ACTION3,0,GameState.NOT_FINISHED,False,mechanics=I now hypothesize that the actions might be related to moving the '8' and '9' sy | EXPERIMENT
229560de,probe_arc,simple_maze,0,26,ACTION5,0,GameState.NOT_FINISHED,False,mechanics=I now hypothesize that the actions might be related to manipulating the '5' symb | EXPERIMENT
229560de,probe_arc,simple_maze,0,27,ACTION4,0,GameState.NOT_FINISHED,False,mechanics=I now hypothesize that the actions might be related to interacting with the '8'  | EXPERIMENT
229560de,probe_arc,simple_maze,0,28,ACTION4,0,GameState.NOT_FINISHED,False,mechanics=I now hypothesize that the actions might be related to moving or swapping the '8 | EXPERIMENT
229560de,probe_arc,simple_maze,0,29,ACTION4,0,GameState.NOT_FINISHED,False,mechanics=I now hypothesize that the actions might be related to removing or modifying the | EXPERIMENT
229560de,probe_arc,simple_maze,0,30,ACTION4,0,GameState.NOT_FINISHED,False,mechanics=I now hypothesize that the actions might be related to interacting with the '8'  | EXPERIMENT
229560de,probe_arc,simple_maze,0,31,ACTION1,0,GameState.NOT_FINISHED,False,mechanics=I now hypothesize that the actions might be related to modifying the '5' symbols | EXPERIMENT
229560de,probe_arc,simple_maze,0,32,ACTION6,0,GameState.NOT_FINISHED,False,mechanics=I now hypothesize that the actions might be related to interacting with the '8'  | EXPERIMENT
229560de,probe_arc,simple_maze,0,33,ACTION1,0,GameState.NOT_FINISHED,False,mechanics=I now hypothesize that the actions might be related to clearing or modifying the | EXPERIMENT
229560de,probe_arc,simple_maze,0,34,ACTION4,0,GameState.NOT_FINISHED,False,mechanics=I now hypothesize that the actions might be related to interacting with the '8'  | EXPERIMENT
229560de,probe_arc,simple_maze,0,35,ACTION4,0,GameState.NOT_FINISHED,False,mechanics=I now hypothesize that the actions might be related to manipulating the '5' symb | EXPERIMENT
229560de,probe_arc,simple_maze,0,36,ACTION5,0,GameState.NOT_FINISHED,False,mechanics=I now hypothesize that the actions might be related to interacting with the '8'  | EXPERIMENT
229560de,probe_arc,simple_maze,0,37,ACTION1,0,GameState.NOT_FINISHED,False,mechanics=I hypothesize that the actions might be related to removing or replacing the '5' | EXPERIMENT
229560de,probe_arc,simple_maze,0,38,ACTION2,0,GameState.NOT_FINISHED,False,mechanics=I now hypothesize that the actions might be related to interacting with the '8'  | EXPERIMENT
229560de,probe_arc,simple_maze,0,39,ACTION2,0,GameState.NOT_FINISHED,False,mechanics=I now hypothesize that the actions might be related to manipulating the '5' symb | EXPERIMENT
229560de,probe_arc,simple_maze,0,40,ACTION2,0,GameState.NOT_FINISHED,False,mechanics=I now hypothesize that the actions might be related to manipulating the '8' or ' | EXPERIMENT
229560de,probe_arc,simple_maze,0,41,ACTION6,0,GameState.NOT_FINISHED,False,mechanics=I now hypothesize that the actions might be related to creating a specific patte | EXPERIMENT
229560de,probe_arc,simple_maze,0,42,ACTION2,0,GameState.NOT_FINISHED,False,mechanics=I now hypothesize that the actions might be related to interacting with the uniq | EXPERIMENT
229560de,probe_arc,simple_maze,0,43,ACTION2,0,GameState.NOT_FINISHED,False,mechanics=I now hypothesize that the actions might be related to manipulating the '5' symb | EXPERIMENT
229560de,probe_arc,simple_maze,0,44,ACTION2,0,GameState.NOT_FINISHED,False,mechanics=I now hypothesize that the actions might be related to interacting with the uniq | EXPERIMENT
229560de,probe_arc,simple_maze,0,45,ACTION2,0,GameState.NOT_FINISHED,False,mechanics=I now hypothesize that the actions might be related to interacting with the '5'  | EXPERIMENT
229560de,probe_arc,simple_maze,0,46,ACTION2,0,GameState.NOT_FINISHED,False,mechanics=I now hypothesize that the actions might be related to interacting with the '8'  | EXPERIMENT
229560de,probe_arc,simple_maze,0,47,ACTION1,0,GameState.NOT_FINISHED,False,mechanics=I now hypothesize that the actions might be related to modifying the '5' symbols | EXPERIMENT
229560de,probe_arc,simple_maze,0,48,ACTION3,0,GameState.NOT_FINISHED,False,mechanics=I now hypothesize that the actions might be related to moving or swapping the '8 | EXPERIMENT
229560de,probe_arc,simple_maze,0,49,ACTION4,0,GameState.NOT_FINISHED,False,mechanics=I now hypothesize that the actions might be related to manipulating the '5' symb | EXPERIMENT
229560de,probe_arc,simple_maze,1,0,ACTION1,0,GameState.NOT_FINISHED,False,"mechanics=I hypothesize that the actions move the '8' or '9' character in the grid, and th | EXPERIMENT"
229560de,probe_arc,simple_maze,1,1,ACTION2,0,GameState.NOT_FINISHED,False,"mechanics=I hypothesize that the actions move the '8' or '9' character in the grid, and th"
229560de,probe_arc,simple_maze,1,2,ACTION6,0,GameState.NOT_FINISHED,False,"mechanics=I believe that the actions move the '8' or '9' character in the grid, and the go"
229560de,probe_arc,simple_maze,1,3,ACTION3,0,GameState.NOT_FINISHED,False,mechanics=I believe that ACTION2 changes the grid in a way that could be related to moving
229560de,probe_arc,simple_maze,1,4,ACTION4,0,GameState.NOT_FINISHED,False,"mechanics=I believe ACTION2 modifies '5' characters to create a path, and the goal involve"
229560de,probe_arc,simple_maze,1,5,ACTION5,0,GameState.NOT_FINISHED,False,mechanics=I believe the goal involves clearing the grid by creating a path for '9' to reac | EXPERIMENT
229560de,probe_arc,simple_maze,1,6,ACTION5,0,GameState.NOT_FINISHED,False,mechanics=I believe the goal involves clearing the grid by creating a path for '9' to reac | EXPERIMENT
229560de,probe_arc,simple_maze,1,7,ACTION2,0,GameState.NOT_FINISHED,False,mechanics=I believe the goal involves clearing the grid by creating a path for '9' to reac | EXPERIMENT
229560de,probe_arc,simple_maze,1,8,ACTION2,0,GameState.NOT_FINISHED,False,"mechanics=I now believe the goal involves moving the '8' character to the '9' character, p | EXPERIMENT"
229560de,probe_arc,simple_maze,1,9,ACTION1,0,GameState.NOT_FINISHED,False,mechanics=I now believe the goal involves creating a connected path of '.' characters from | EXPERIMENT
229560de,probe_arc,simple_maze,1,10,ACTION6,0,GameState.NOT_FINISHED,False,mechanics=I now believe the goal involves clustering '5' characters together using ACTION1 | EXPERIMENT
229560de,probe_arc,simple_maze,1,11,ACTION2,0,GameState.NOT_FINISHED,False,mechanics=I now believe the goal involves creating a path or connection between the '8' an | EXPERIMENT
229560de,probe_arc,simple_maze,1,12,ACTION2,0,GameState.NOT_FINISHED,False,mechanics=I now believe the goal involves clustering or grouping the '5' characters togeth | EXPERIMENT
229560de,probe_arc,simple_maze,1,13,ACTION2,0,GameState.NOT_FINISHED,False,mechanics=I now believe the goal involves moving the '8' and '9' characters to specific po | EXPERIMENT
229560de,probe_arc,simple_maze,1,14,ACTION2,0,GameState.NOT_FINISHED,False,mechanics=I now believe the goal involves creating a specific pattern with the '5' charact | EXPERIMENT
229560de,probe_arc,simple_maze,1,15,ACTION6,0,GameState.NOT_FINISHED,False,"mechanics=I now believe the goal involves isolating the '8' and '9' characters, possibly b | EXPERIMENT"
229560de,probe_arc,simple_maze,1,16,ACTION6,0,GameState.NOT_FINISHED,False,mechanics=I now believe the goal involves creating a solid wall of '5' characters around t | EXPERIMENT
229560de,probe_arc,simple_maze,1,17,ACTION6,0,GameState.NOT_FINISHED,False,mechanics=I now believe the goal involves isolating the '8' and '9' characters from the re | EXPERIMENT
229560de,probe_arc,simple_maze,1,18,ACTION6,0,GameState.NOT_FINISHED,False,mechanics=I now believe the goal involves creating a solid wall of '5' characters around t | EXPERIMENT
229560de,probe_arc,simple_maze,1,19,ACTION1,0,GameState.NOT_FINISHED,False,mechanics=I now believe the goal involves creating a solid wall of '5' characters around t | EXPERIMENT
229560de,probe_arc,simple_maze,1,20,ACTION1,0,GameState.NOT_FINISHED,False,"mechanics=I now believe the goal involves clustering '5' characters together, and the acti | EXPERIMENT"
229560de,probe_arc,simple_maze,1,21,ACTION1,0,GameState.NOT_FINISHED,False,mechanics=I now believe the goal involves creating a path or connection between '8' and '9 | EXPERIMENT
229560de,probe_arc,simple_maze,1,22,ACTION3,0,GameState.NOT_FINISHED,False,mechanics=I now believe the goal involves isolating or grouping the '8' and '9' characters | EXPERIMENT
229560de,probe_arc,simple_maze,1,23,ACTION6,0,GameState.NOT_FINISHED,False,mechanics=I now believe the goal involves creating a path or connection between the '8' an | EXPERIMENT
229560de,probe_arc,simple_maze,1,24,ACTION2,0,GameState.NOT_FINISHED,False,mechanics=I now believe the goal involves clearing a path for the '8' and '9' characters t | EXPERIMENT
229560de,probe_arc,simple_maze,1,25,ACTION2,0,GameState.NOT_FINISHED,False,mechanics=I now believe the goal involves connecting the '8' and '9' characters by creatin | EXPERIMENT
229560de,probe_arc,simple_maze,1,26,ACTION4,0,GameState.NOT_FINISHED,False,mechanics=I now believe the goal involves clearing a path for the '8' and '9' characters t | EXPERIMENT
229560de,probe_arc,simple_maze,1,27,ACTION5,0,GameState.NOT_FINISHED,False,"mechanics=I now believe the goal involves creating a connected path of '5' characters, and | EXPERIMENT"
229560de,probe_arc,simple_maze,1,28,ACTION1,0,GameState.NOT_FINISHED,False,"mechanics=I now believe the goal involves isolating or grouping the '5' characters, and th | EXPERIMENT"
229560de,probe_arc,simple_maze,1,29,ACTION6,0,GameState.NOT_FINISHED,False,"mechanics=I now believe the goal involves isolating or grouping the '5' characters, and th | EXPERIMENT"
229560de,probe_arc,simple_maze,1,30,ACTION2,0,GameState.NOT_FINISHED,False,mechanics=I now believe the goal involves creating a specific pattern or sequence with the | EXPERIMENT
229560de,probe_arc,simple_maze,1,31,ACTION2,0,GameState.NOT_FINISHED,False,mechanics=I now believe the goal involves moving the '8' and '9' characters to specific po | EXPERIMENT
229560de,probe_arc,simple_maze,1,32,ACTION2,0,GameState.NOT_FINISHED,False,mechanics=I now believe the goal involves creating a specific pattern or arrangement of '5 | EXPERIMENT
229560de,probe_arc,simple_maze,1,33,ACTION3,0,GameState.NOT_FINISHED,False,"mechanics=I now believe the goal involves isolating the '8' and '9' characters, possibly b | EXPERIMENT"
229560de,probe_arc,simple_maze,1,34,ACTION1,0,GameState.NOT_FINISHED,False,mechanics=I now believe the goal involves creating a connected path of '5' characters to t | EXPERIMENT
229560de,probe_arc,simple_maze,1,35,ACTION4,0,GameState.NOT_FINISHED,False,mechanics=I now believe the goal involves isolating the '8' and '9' characters from the re | EXPERIMENT
229560de,probe_arc,simple_maze,1,36,ACTION5,0,GameState.NOT_FINISHED,False,mechanics=I now believe the goal involves creating a connected path of '5' characters from | EXPERIMENT
229560de,probe_arc,simple_maze,1,37,ACTION2,0,GameState.NOT_FINISHED,False,"mechanics=I now believe the goal involves removing all '5' characters from the grid, and t | EXPERIMENT"
229560de,probe_arc,simple_maze,1,38,ACTION6,0,GameState.NOT_FINISHED,False,mechanics=I now believe the goal involves moving the '8' and '9' characters to specific po | EXPERIMENT
229560de,probe_arc,simple_maze,1,39,ACTION2,0,GameState.NOT_FINISHED,False,mechanics=I now believe the goal involves creating a connected path or group of '5' charac | EXPERIMENT
229560de,probe_arc,simple_maze,1,40,ACTION1,0,GameState.NOT_FINISHED,False,mechanics=I now believe the goal involves isolating or grouping the '8' and '9' characters | EXPERIMENT
229560de,probe_arc,simple_maze,1,41,ACTION2,0,GameState.NOT_FINISHED,False,"mechanics=I now believe the goal involves creating a connected group of '5' characters, an | EXPERIMENT"
229560de,probe_arc,simple_maze,1,42,ACTION3,0,GameState.NOT_FINISHED,False,mechanics=I now believe the goal involves moving the '8' and '9' characters to specific po | EXPERIMENT
229560de,probe_arc,simple_maze,1,43,ACTION2,0,GameState.NOT_FINISHED,False,mechanics=I now believe the goal involves creating a specific pattern or arrangement of '5 | EXPERIMENT
229560de,probe_arc,simple_maze,1,44,ACTION4,0,GameState.NOT_FINISHED,False,mechanics=I now believe the goal involves isolating or highlighting the '8' and '9' charac | EXPERIMENT
229560de,probe_arc,simple_maze,1,45,ACTION5,0,GameState.NOT_FINISHED,False,mechanics=I now believe the goal involves moving the '8' and '9' characters to specific lo | EXPERIMENT
229560de,probe_arc,simple_maze,1,46,ACTION1,0,GameState.NOT_FINISHED,False,mechanics=I now believe the goal involves removing the '5' characters to reveal a hidden p | EXPERIMENT
229560de,probe_arc,simple_maze,1,47,ACTION6,0,GameState.NOT_FINISHED,False,"mechanics=I now believe the goal involves interacting with the '8' and '9' characters, and | EXPERIMENT"
229560de,probe_arc,simple_maze,1,48,ACTION2,0,GameState.NOT_FINISHED,False,mechanics=I now believe the goal involves clearing a path or creating a connection between | EXPERIMENT
229560de,probe_arc,simple_maze,1,49,ACTION2,0,GameState.NOT_FINISHED,False,mechanics=I now believe the goal involves manipulating the '5' characters to create a spec | EXPERIMENT
229560de,probe_arc,simple_maze,2,0,ACTION1,0,GameState.NOT_FINISHED,False,"mechanics=I hypothesize that the actions might be related to moving or modifying the '5',  | EXPERIMENT"
229560de,probe_arc,simple_maze,2,1,ACTION2,0,GameState.NOT_FINISHED,False,mechanics=I believe the actions might be related to swapping or moving characters in the g
229560de,probe_arc,simple_maze,2,2,ACTION3,0,GameState.NOT_FINISHED,False,"mechanics=I believe ACTION2 might be swapping adjacent cells, given that 2 cells changed a"
229560de,probe_arc,simple_maze,2,3,ACTION4,0,GameState.NOT_FINISHED,False,"mechanics=ACTION2 likely swaps adjacent cells, ACTION1 may require specific conditions, go"
229560de,probe_arc,simple_maze,2,4,ACTION5,0,GameState.NOT_FINISHED,False,"mechanics=ACTION2 likely swaps adjacent cells, ACTION1 may require specific conditions, go"
229560de,probe_arc,simple_maze,2,5,ACTION6,0,GameState.NOT_FINISHED,False,"mechanics=ACTION2 may swap non-adjacent cells or have a specific pattern requirement, ACTI | EXPERIMENT"
229560de,probe_arc,simple_maze,2,6,ACTION2,0,GameState.NOT_FINISHED,False,"mechanics=ACTION2 may be a rotation action, ACTION6 could be a removal action, goal might  | EXPERIMENT"
229560de,probe_arc,simple_maze,2,7,ACTION1,0,GameState.NOT_FINISHED,False,"mechanics=ACTION2 is a rotation action, ACTION6 could be a removal action, goal might invo | EXPERIMENT"
229560de,probe_arc,simple_maze,2,8,ACTION2,0,GameState.NOT_FINISHED,False,mechanics=I hypothesize that ACTION1 is a movement action that moves '8' or '9' in a speci | EXPERIMENT
229560de,probe_arc,simple_maze,2,9,ACTION5,0,GameState.NOT_FINISHED,False,mechanics=I now hypothesize that ACTION1 and ACTION2 are movement actions that move '8' or | EXPERIMENT
229560de,probe_arc,simple_maze,2,10,ACTION6,0,GameState.NOT_FINISHED,False,mechanics=I now hypothesize that ACTION1 and ACTION2 are rotation actions that rotate the  | EXPERIMENT
229560de,probe_arc,simple_maze,2,11,ACTION6,0,GameState.NOT_FINISHED,False,mechanics=I now hypothesize that ACTION1 and ACTION2 are rotation actions that rotate the  | EXPERIMENT
229560de,probe_arc,simple_maze,2,12,ACTION3,0,GameState.NOT_FINISHED,False,mechanics=I now hypothesize that ACTION1 and ACTION2 are movement actions that shift cells | EXPERIMENT
229560de,probe_arc,simple_maze,2,13,ACTION4,0,GameState.NOT_FINISHED,False,mechanics=I now hypothesize that ACTION1 and ACTION2 are rotation actions that rotate a su | EXPERIMENT
229560de,probe_arc,simple_maze,2,14,ACTION2,0,GameState.NOT_FINISHED,False,mechanics=I now hypothesize that the actions are related to pattern creation or destructio | EXPERIMENT
229560de,probe_arc,simple_maze,2,15,ACTION1,0,GameState.NOT_FINISHED,False,mechanics=I now hypothesize that the actions are related to moving the '8' and '9' symbols | EXPERIMENT
229560de,probe_arc,simple_maze,2,16,ACTION2,0,GameState.NOT_FINISHED,False,"mechanics=I now hypothesize that the actions are related to manipulating the '5' symbols,  | EXPERIMENT"
229560de,probe_arc,simple_maze,2,17,ACTION1,0,GameState.NOT_FINISHED,False,mechanics=I now hypothesize that the actions are related to moving the '8' symbol around t | EXPERIMENT
229560de,probe_arc,simple_maze,2,18,ACTION6,0,GameState.NOT_FINISHED,False,mechanics=I now hypothesize that the actions are related to moving the '5' symbols around  | EXPERIMENT
229560de,probe_arc,simple_maze,2,19,ACTION2,0,GameState.NOT_FINISHED,False,mechanics=I now hypothesize that the actions are related to removing or rearranging the '5 | EXPERIMENT
229560de,probe_arc,simple_maze,2,20,ACTION5,0,GameState.NOT_FINISHED,False,mechanics=I now hypothesize that the actions are related to moving the '8' symbol to speci | EXPERIMENT
229560de,probe_arc,simple_maze,2,21,ACTION2,0,GameState.NOT_FINISHED,False,mechanics=I now hypothesize that the actions are related to removing or modifying the '5'  | EXPERIMENT
229560de,probe_arc,simple_maze,2,22,ACTION2,0,GameState.NOT_FINISHED,False,mechanics=I now hypothesize that the actions are related to moving the '8' symbol to the ' | EXPERIMENT
229560de,probe_arc,simple_maze,2,23,ACTION3,0,GameState.NOT_FINISHED,False,mechanics=I now hypothesize that the actions are related to modifying the '5' symbols to c | EXPERIMENT
229560de,probe_arc,simple_maze,2,24,ACTION4,0,GameState.NOT_FINISHED,False,mechanics=I now hypothesize that the actions are related to moving or modifying the '8' an | EXPERIMENT
229560de,probe_arc,simple_maze,2,25,ACTION2,0,GameState.NOT_FINISHED,False,"mechanics=I now hypothesize that the actions are related to manipulating the '5' symbols,  | EXPERIMENT"
229560de,probe_arc,simple_maze,2,26,ACTION2,0,GameState.NOT_FINISHED,False,mechanics=I now hypothesize that the actions are related to interacting with the '8' and ' | EXPERIMENT
229560de,probe_arc,simple_maze,2,27,ACTION1,0,GameState.NOT_FINISHED,False,"mechanics=I now hypothesize that the actions are related to modifying the '5' symbols, as  | EXPERIMENT"
229560de,probe_arc,simple_maze,2,28,ACTION6,0,GameState.NOT_FINISHED,False,mechanics=I now hypothesize that the actions are related to interacting with the '8' and ' | EXPERIMENT
229560de,probe_arc,simple_maze,2,29,ACTION2,0,GameState.NOT_FINISHED,False,"mechanics=I now hypothesize that the actions are related to manipulating the '5' symbols,  | EXPERIMENT"
229560de,probe_arc,simple_maze,2,30,ACTION4,0,GameState.NOT_FINISHED,False,mechanics=I now hypothesize that the actions are related to interacting with the '8' and ' | EXPERIMENT
229560de,probe_arc,simple_maze,2,31,ACTION4,0,GameState.NOT_FINISHED,False,mechanics=I now hypothesize that the actions are related to moving or swapping the '5' sym | EXPERIMENT
229560de,probe_arc,simple_maze,2,32,ACTION5,0,GameState.NOT_FINISHED,False,mechanics=I now hypothesize that the actions are related to moving the '8' and '9' symbols | EXPERIMENT
229560de,probe_arc,simple_maze,2,33,ACTION1,0,GameState.NOT_FINISHED,False,mechanics=I now hypothesize that the actions are related to removing or replacing the '5'  | EXPERIMENT
229560de,probe_arc,simple_maze,2,34,ACTION3,0,GameState.NOT_FINISHED,False,mechanics=I now hypothesize that the actions are related to moving or interacting with the | EXPERIMENT
229560de,probe_arc,simple_maze,2,35,ACTION1,0,GameState.NOT_FINISHED,False,mechanics=I now hypothesize that the actions are related to changing the grid in a way tha | EXPERIMENT
229560de,probe_arc,simple_maze,2,36,ACTION4,0,GameState.NOT_FINISHED,False,mechanics=I now hypothesize that the actions are related to interacting with the '8' and ' | EXPERIMENT
229560de,probe_arc,simple_maze,2,37,ACTION4,0,GameState.NOT_FINISHED,False,mechanics=I now hypothesize that the actions are related to manipulating the '5' symbols o | EXPERIMENT
229560de,probe_arc,simple_maze,2,38,ACTION2,0,GameState.NOT_FINISHED,False,mechanics=I now hypothesize that the actions are related to interacting with the '8' and ' | EXPERIMENT
229560de,probe_arc,simple_maze,2,39,ACTION6,0,GameState.NOT_FINISHED,False,"mechanics=I now hypothesize that the actions are related to manipulating the '5' symbols,  | EXPERIMENT"
229560de,probe_arc,simple_maze,2,40,ACTION1,0,GameState.NOT_FINISHED,False,mechanics=I now hypothesize that the actions are related to interacting with the '8' and ' | EXPERIMENT
229560de,probe_arc,simple_maze,2,41,ACTION1,0,GameState.NOT_FINISHED,False,mechanics=I now hypothesize that the actions are related to manipulating the '.' empty cel | EXPERIMENT
229560de,probe_arc,simple_maze,2,42,ACTION5,0,GameState.NOT_FINISHED,False,mechanics=I now hypothesize that the actions are related to interacting with the '5' cells | EXPERIMENT
229560de,probe_arc,simple_maze,2,43,ACTION3,0,GameState.NOT_FINISHED,False,mechanics=I now hypothesize that the actions are related to interacting with the '8' and ' | EXPERIMENT
229560de,probe_arc,simple_maze,2,44,ACTION4,0,GameState.NOT_FINISHED,False,"mechanics=I now hypothesize that the actions are related to manipulating the '5' cells, as | EXPERIMENT"
229560de,probe_arc,simple_maze,2,45,ACTION2,0,GameState.NOT_FINISHED,False,"mechanics=I now hypothesize that the actions are related to moving the '8' and '9' cells,  | EXPERIMENT"
229560de,probe_arc,simple_maze,2,46,ACTION2,0,GameState.NOT_FINISHED,False,"mechanics=I now hypothesize that the actions are related to manipulating the '5' cells, as | EXPERIMENT"
229560de,probe_arc,simple_maze,2,47,ACTION1,0,GameState.NOT_FINISHED,False,mechanics=I now hypothesize that the actions are related to interacting with the '8' and ' | EXPERIMENT
229560de,probe_arc,simple_maze,2,48,ACTION6,0,GameState.NOT_FINISHED,False,"mechanics=I now hypothesize that the actions are related to manipulating the '5' cells, as | EXPERIMENT"
229560de,probe_arc,simple_maze,2,49,ACTION6,0,GameState.NOT_FINISHED,False,mechanics=I now hypothesize that the actions are related to interacting with the '8' and ' | EXPERIMENT
229560de,probe_arc,simple_maze,3,0,ACTION1,0,GameState.NOT_FINISHED,False,mechanics=I hypothesize that the actions move a character (possibly the '8' or '9') in the | EXPERIMENT
229560de,probe_arc,simple_maze,3,1,ACTION2,0,GameState.NOT_FINISHED,False,mechanics=I hypothesize that the actions move a character (possibly the '8' or '9') in the
229560de,probe_arc,simple_maze,3,2,ACTION3,0,GameState.NOT_FINISHED,False,"mechanics=I believe ACTION2 moves the '8' down, and the goal is to move it to a specific p"
229560de,probe_arc,simple_maze,3,3,ACTION4,0,GameState.NOT_FINISHED,False,"mechanics=ACTION2 moves the '8' down, ACTION1 and ACTION3 might be no-ops or require speci"
229560de,probe_arc,simple_maze,3,4,ACTION5,0,GameState.NOT_FINISHED,False,"mechanics=ACTION2 moves the '8' down, ACTION1 and ACTION3 might be no-ops or require speci"
229560de,probe_arc,simple_maze,3,5,ACTION6,0,GameState.NOT_FINISHED,False,"mechanics=ACTION2 might move the '8' in a specific direction or swap with adjacent cells,  | EXPERIMENT"
229560de,probe_arc,simple_maze,3,6,ACTION2,0,GameState.NOT_FINISHED,False,"mechanics=ACTION2 might be changing the grid layout by rotating or flipping a section, ACT | EXPERIMENT"
229560de,probe_arc,simple_maze,3,7,ACTION2,0,GameState.NOT_FINISHED,False,"mechanics=ACTION2 might be swapping two cells, goal could be to create a solid row or colu | EXPERIMENT"
229560de,probe_arc,simple_maze,3,8,ACTION2,0,GameState.NOT_FINISHED,False,"mechanics=ACTION2 might be swapping two adjacent cells, goal could be to create a solid ro | EXPERIMENT"
229560de,probe_arc,simple_maze,3,9,ACTION2,0,GameState.NOT_FINISHED,False,"mechanics=ACTION2 is likely swapping two adjacent cells, but the goal might not be related | EXPERIMENT"
229560de,probe_arc,simple_maze,3,10,ACTION2,0,GameState.NOT_FINISHED,False,mechanics=Given that ACTION2 was able to change the grid but stopped after several attempt | EXPERIMENT
229560de,probe_arc,simple_maze,3,11,ACTION2,0,GameState.NOT_FINISHED,False,"mechanics=Given the contradiction, a new hypothesis is that the game requires a specific c | EXPERIMENT"
229560de,probe_arc,simple_maze,3,12,ACTION2,0,GameState.NOT_FINISHED,False,mechanics=The game requires a sequence of actions that manipulate the '8' and '9' characte | EXPERIMENT
229560de,probe_arc,simple_maze,3,13,ACTION2,0,GameState.NOT_FINISHED,False,mechanics=The game may require a specific sequence or combination of actions to unlock the | EXPERIMENT
229560de,probe_arc,simple_maze,3,14,ACTION1,0,GameState.NOT_FINISHED,False,mechanics=The game may require a specific arrangement of '5's to unlock the next level. AC | EXPERIMENT
229560de,probe_arc,simple_maze,3,15,ACTION3,0,GameState.NOT_FINISHED,False,"mechanics=The game may involve moving the '8' and '9' to specific locations, and the actio | EXPERIMENT"
229560de,probe_arc,simple_maze,3,16,ACTION4,0,GameState.NOT_FINISHED,False,mechanics=The game may involve removing the '5' characters to reveal a hidden pattern or c | EXPERIMENT
229560de,probe_arc,simple_maze,3,17,ACTION5,0,GameState.NOT_FINISHED,False,"mechanics=The game may involve interacting with the '8' and '9' characters, and the action | EXPERIMENT"
229560de,probe_arc,simple_maze,3,18,ACTION1,0,GameState.NOT_FINISHED,False,"mechanics=The game may involve clearing or transforming the '5' characters, and the action | EXPERIMENT"
229560de,probe_arc,simple_maze,3,19,ACTION6,0,GameState.NOT_FINISHED,False,"mechanics=The game may involve moving the '8' character to the '9' character, and the acti | EXPERIMENT"
229560de,probe_arc,simple_maze,3,20,ACTION1,0,GameState.NOT_FINISHED,False,mechanics=The game may involve removing or modifying the '5' characters to create a path o | EXPERIMENT
229560de,probe_arc,simple_maze,3,21,ACTION1,0,GameState.NOT_FINISHED,False,"mechanics=The game may involve rotating or shifting the grid, and the actions could be rel | EXPERIMENT"
229560de,probe_arc,simple_maze,3,22,ACTION1,0,GameState.NOT_FINISHED,False,"mechanics=The game may involve swapping or replacing characters, and the actions could be  | EXPERIMENT"
229560de,probe_arc,simple_maze,3,23,ACTION1,0,GameState.NOT_FINISHED,False,"mechanics=The game may involve rotating or shifting characters, and the actions could be r | EXPERIMENT"
229560de,probe_arc,simple_maze,3,24,ACTION1,0,GameState.NOT_FINISHED,False,"mechanics=The game may involve removing or replacing characters, and the actions could be  | EXPERIMENT"
229560de,probe_arc,simple_maze,3,25,ACTION2,0,GameState.NOT_FINISHED,False,"mechanics=The game may involve rotating or shifting characters, and the actions could be r | EXPERIMENT"
229560de,probe_arc,simple_maze,3,26,ACTION1,0,GameState.NOT_FINISHED,False,"mechanics=The game may involve swapping or moving characters, and the actions could be rel | EXPERIMENT"
229560de,probe_arc,simple_maze,3,27,ACTION1,0,GameState.NOT_FINISHED,False,"mechanics=The game may involve rotating or reflecting parts of the grid, and the actions c | EXPERIMENT"
229560de,probe_arc,simple_maze,3,28,ACTION3,0,GameState.NOT_FINISHED,False,"mechanics=The game may involve swapping or moving characters within the grid, and the acti | EXPERIMENT"
229560de,probe_arc,simple_maze,3,29,ACTION4,0,GameState.NOT_FINISHED,False,"mechanics=The game may involve rotating or reflecting a subset of the grid, and the action | EXPERIMENT"
229560de,probe_arc,simple_maze,3,30,ACTION6,0,GameState.NOT_FINISHED,False,"mechanics=The game may involve swapping or moving a subset of the grid cells, and the acti | EXPERIMENT"
229560de,probe_arc,simple_maze,3,31,ACTION5,0,GameState.NOT_FINISHED,False,"mechanics=The game may involve rotating or reflecting a subset of the grid cells, and the  | EXPERIMENT"
229560de,probe_arc,simple_maze,3,32,ACTION6,0,GameState.NOT_FINISHED,False,"mechanics=The game may involve removing or replacing specific characters, and the actions  | EXPERIMENT"
229560de,probe_arc,simple_maze,3,33,ACTION2,0,GameState.NOT_FINISHED,False,"mechanics=The game may involve manipulating the '5', '8', and '9' symbols to create a spec | EXPERIMENT"
229560de,probe_arc,simple_maze,3,34,ACTION1,0,GameState.NOT_FINISHED,False,"mechanics=The game may involve manipulating the '5', '8', and '9' symbols to create a spec | EXPERIMENT"
229560de,probe_arc,simple_maze,3,35,ACTION4,0,GameState.NOT_FINISHED,False,mechanics=I hypothesize that the actions might be related to the manipulation of the '8' a | EXPERIMENT
229560de,probe_arc,simple_maze,3,36,ACTION4,0,GameState.NOT_FINISHED,False,mechanics=I now hypothesize that the actions might be related to the manipulation of the ' | EXPERIMENT
229560de,probe_arc,simple_maze,3,37,ACTION1,0,GameState.NOT_FINISHED,False,mechanics=I now hypothesize that the actions might be related to the manipulation of the ' | EXPERIMENT
229560de,probe_arc,simple_maze,3,38,ACTION1,0,GameState.NOT_FINISHED,False,mechanics=I now hypothesize that the actions might be related to the manipulation of the ' | EXPERIMENT
229560de,probe_arc,simple_maze,3,39,ACTION4,0,GameState.NOT_FINISHED,False,mechanics=I now hypothesize that the actions might be related to the manipulation of the ' | EXPERIMENT
229560de,probe_arc,simple_maze,3,40,ACTION1,0,GameState.NOT_FINISHED,False,mechanics=I now hypothesize that the actions might be related to the manipulation of the ' | EXPERIMENT
229560de,probe_arc,simple_maze,3,41,ACTION3,0,GameState.NOT_FINISHED,False,mechanics=I now hypothesize that the actions might be related to the manipulation of the ' | EXPERIMENT
229560de,probe_arc,simple_maze,3,42,ACTION6,0,GameState.NOT_FINISHED,False,mechanics=I now hypothesize that the actions might be related to the manipulation of the ' | EXPERIMENT
229560de,probe_arc,simple_maze,3,43,ACTION5,0,GameState.NOT_FINISHED,False,mechanics=I now hypothesize that the actions might be related to the manipulation of the ' | EXPERIMENT
229560de,probe_arc,simple_maze,3,44,ACTION6,0,GameState.NOT_FINISHED,False,mechanics=I now hypothesize that the actions might be related to the manipulation of the ' | EXPERIMENT
229560de,probe_arc,simple_maze,3,45,ACTION1,0,GameState.NOT_FINISHED,False,mechanics=I now hypothesize that the actions might be related to the manipulation of the ' | EXPERIMENT
229560de,probe_arc,simple_maze,3,46,ACTION3,0,GameState.NOT_FINISHED,False,mechanics=I now hypothesize that the actions might be related to the manipulation of the ' | EXPERIMENT
229560de,probe_arc,simple_maze,3,47,ACTION3,0,GameState.NOT_FINISHED,False,mechanics=I now hypothesize that the actions might be related to the manipulation of the ' | EXPERIMENT
229560de,probe_arc,simple_maze,3,48,ACTION4,0,GameState.NOT_FINISHED,False,mechanics=I now hypothesize that the actions might be related to the interaction between t | EXPERIMENT
229560de,probe_arc,simple_maze,3,49,ACTION3,0,GameState.NOT_FINISHED,False,mechanics=I now hypothesize that the actions might be related to swapping or moving cells  | EXPERIMENT
229560de,probe_arc,simple_maze,4,0,ACTION1,0,GameState.NOT_FINISHED,False,mechanics=I hypothesize that the actions might be related to moving or modifying the '5' b | EXPERIMENT
229560de,probe_arc,simple_maze,4,1,ACTION2,0,GameState.NOT_FINISHED,False,"mechanics=I believe the actions might be related to swapping or moving blocks, and the goa"
229560de,probe_arc,simple_maze,4,2,ACTION3,0,GameState.NOT_FINISHED,False,"mechanics=I believe ACTION2 might be a swap or move action, given that it changed two cell"
229560de,probe_arc,simple_maze,4,3,ACTION4,0,GameState.NOT_FINISHED,False,"mechanics=I believe ACTION2 might be a swap or move action, given that it changed two cell"
229560de,probe_arc,simple_maze,4,4,ACTION5,0,GameState.NOT_FINISHED,False,"mechanics=I believe ACTION2 is a swap or move action, and ACTION4 might be a similar actio"
229560de,probe_arc,simple_maze,4,5,ACTION6,0,GameState.NOT_FINISHED,False,"mechanics=I now believe ACTION2 is a local modification action, and the goal is related to | EXPERIMENT"
229560de,probe_arc,simple_maze,4,6,ACTION2,0,GameState.NOT_FINISHED,False,mechanics=I now believe that the actions might be related to movement or swapping of block | EXPERIMENT
229560de,probe_arc,simple_maze,4,7,ACTION2,0,GameState.NOT_FINISHED,False,mechanics=I now hypothesize that the actions might be related to rotating or flipping the  | EXPERIMENT
229560de,probe_arc,simple_maze,4,8,ACTION2,0,GameState.NOT_FINISHED,False,mechanics=I now hypothesize that the actions might be related to moving the '8' and '9' bl | EXPERIMENT
229560de,probe_arc,simple_maze,4,9,ACTION6,0,GameState.NOT_FINISHED,False,mechanics=I now hypothesize that the actions might be related to moving the '8' and '9' bl | EXPERIMENT
229560de,probe_arc,simple_maze,4,10,ACTION2,0,GameState.NOT_FINISHED,False,mechanics=I now hypothesize that the actions might be related to rotating or flipping the  | EXPERIMENT
229560de,probe_arc,simple_maze,4,11,ACTION1,0,GameState.NOT_FINISHED,False,mechanics=I now hypothesize that the actions might be related to moving the '8' or '9' cel | EXPERIMENT
229560de,probe_arc,simple_maze,4,12,ACTION2,0,GameState.NOT_FINISHED,False,mechanics=I now hypothesize that the actions might be related to rotating or flipping the  | EXPERIMENT
229560de,probe_arc,simple_maze,4,13,ACTION4,0,GameState.NOT_FINISHED,False,mechanics=I now hypothesize that the actions might be related to swapping or moving specif | EXPERIMENT
229560de,probe_arc,simple_maze,4,14,ACTION3,0,GameState.NOT_FINISHED,False,mechanics=I now hypothesize that the actions might be related to rotating or flipping spec | EXPERIMENT
229560de,probe_arc,simple_maze,4,15,ACTION2,0,GameState.NOT_FINISHED,False,mechanics=I now hypothesize that the actions might be related to swapping or moving specif | EXPERIMENT
229560de,probe_arc,simple_maze,4,16,ACTION1,0,GameState.NOT_FINISHED,False,mechanics=I believe the actions might be related to rotating or flipping specific sections | EXPERIMENT
229560de,probe_arc,simple_maze,4,17,ACTION6,0,GameState.NOT_FINISHED,False,mechanics=I now believe the actions might be related to moving the '8' and '9' cells to sp | EXPERIMENT
229560de,probe_arc,simple_maze,4,18,ACTION1,0,GameState.NOT_FINISHED,False,mechanics=I now believe the actions might be related to removing or modifying the '5' cell | EXPERIMENT
229560de,probe_arc,simple_maze,4,19,ACTION5,0,GameState.NOT_FINISHED,False,mechanics=I now believe the actions might be related to swapping or moving the '5' cells t | EXPERIMENT
229560de,probe_arc,simple_maze,4,20,ACTION2,0,GameState.NOT_FINISHED,False,"mechanics=I now believe the actions might be related to rotating or reflecting the grid, a | EXPERIMENT"
229560de,probe_arc,simple_maze,4,21,ACTION2,0,GameState.NOT_FINISHED,False,mechanics=I now believe the actions might be related to moving the '8' and '9' cells to sp | EXPERIMENT
229560de,probe_arc,simple_maze,4,22,ACTION4,0,GameState.NOT_FINISHED,False,mechanics=I now believe the actions might be related to manipulating the '5' cells to crea | EXPERIMENT
229560de,probe_arc,simple_maze,4,23,ACTION3,0,GameState.NOT_FINISHED,False,mechanics=I now believe the actions might be related to moving the '8' cell to the '9' cel | EXPERIMENT
229560de,probe_arc,simple_maze,4,24,ACTION1,0,GameState.NOT_FINISHED,False,mechanics=I now believe the actions might be related to changing the state of the '5' cell | EXPERIMENT
229560de,probe_arc,simple_maze,4,25,ACTION6,0,GameState.NOT_FINISHED,False,mechanics=I now believe the actions might be related to moving the '8' cell towards the '9 | EXPERIMENT
229560de,probe_arc,simple_maze,4,26,ACTION1,0,GameState.NOT_FINISHED,False,mechanics=I now believe the actions might be related to removing or modifying the '5' cell | EXPERIMENT
229560de,probe_arc,simple_maze,4,27,ACTION5,0,GameState.NOT_FINISHED,False,"mechanics=I now believe the actions might be related to moving the '8' and '9' cells, and  | EXPERIMENT"
229560de,probe_arc,simple_maze,4,28,ACTION2,0,GameState.NOT_FINISHED,False,"mechanics=I now believe the actions might be related to manipulating the '5' cells, and th | EXPERIMENT"
229560de,probe_arc,simple_maze,4,29,ACTION6,0,GameState.NOT_FINISHED,False,mechanics=I now believe the actions might be related to moving the '8' and '9' cells to sp | EXPERIMENT
229560de,probe_arc,simple_maze,4,30,ACTION4,0,GameState.NOT_FINISHED,False,mechanics=I now believe the actions might be related to manipulating the '5' cells to crea | EXPERIMENT
229560de,probe_arc,simple_maze,4,31,ACTION1,0,GameState.NOT_FINISHED,False,mechanics=I now believe the actions might be related to moving the '8' and '9' cells to sp | EXPERIMENT
229560de,probe_arc,simple_maze,4,32,ACTION1,0,GameState.NOT_FINISHED,False,mechanics=I now believe the actions might be related to swapping or moving the '5' cells t | EXPERIMENT
229560de,probe_arc,simple_maze,4,33,ACTION1,0,GameState.NOT_FINISHED,False,"mechanics=I now believe the actions might be related to rotating or reflecting the grid, a | EXPERIMENT"
229560de,probe_arc,simple_maze,4,34,ACTION2,0,GameState.NOT_FINISHED,False,mechanics=I now believe the actions might be related to moving the '8' and '9' cells to sp | EXPERIMENT
229560de,probe_arc,simple_maze,4,35,ACTION2,0,GameState.NOT_FINISHED,False,mechanics=I now believe the actions might be related to swapping or moving cells in a spec | EXPERIMENT
229560de,probe_arc,simple_maze,4,36,ACTION6,0,GameState.NOT_FINISHED,False,mechanics=I now believe the actions might be related to rotating or reflecting cells in a  | EXPERIMENT
229560de,probe_arc,simple_maze,4,37,ACTION3,0,GameState.NOT_FINISHED,False,mechanics=I now believe the actions might be related to swapping or replacing cells in a s | EXPERIMENT
229560de,probe_arc,simple_maze,4,38,ACTION5,0,GameState.NOT_FINISHED,False,mechanics=I now believe the actions might be related to rotating or shifting the grid in a | EXPERIMENT
229560de,probe_arc,simple_maze,4,39,ACTION1,0,GameState.NOT_FINISHED,False,"mechanics=I believe the actions might be related to removing or replacing specific cells,  | EXPERIMENT"
229560de,probe_arc,simple_maze,4,40,ACTION4,0,GameState.NOT_FINISHED,False,"mechanics=I now believe the actions might be related to swapping or moving cells, and the  | EXPERIMENT"
229560de,probe_arc,simple_maze,4,41,ACTION6,0,GameState.NOT_FINISHED,False,mechanics=I now believe the actions might be related to rotating or flipping sections of t | EXPERIMENT
229560de,probe_arc,simple_maze,4,42,ACTION2,0,GameState.NOT_FINISHED,False,"mechanics=I now believe the actions might be related to moving or swapping specific cells, | EXPERIMENT"
229560de,probe_arc,simple_maze,4,43,ACTION1,0,GameState.NOT_FINISHED,False,mechanics=I believe the actions might be related to rotating or shifting specific cells or | EXPERIMENT
229560de,probe_arc,simple_maze,4,44,ACTION1,0,GameState.NOT_FINISHED,False,mechanics=I now believe the actions might be related to swapping or replacing specific cel | EXPERIMENT
229560de,probe_arc,simple_maze,4,45,ACTION1,0,GameState.NOT_FINISHED,False,mechanics=I now believe the actions might be related to rotating or flipping sections of t | EXPERIMENT
229560de,probe_arc,simple_maze,4,46,ACTION1,0,GameState.NOT_FINISHED,False,mechanics=I now believe the actions might be related to moving the '8' and '9' cells to sp | EXPERIMENT
229560de,probe_arc,simple_maze,4,47,ACTION1,0,GameState.NOT_FINISHED,False,"mechanics=I now believe the actions might be related to rotating or flipping the grid, and | EXPERIMENT"
229560de,probe_arc,simple_maze,4,48,ACTION2,0,GameState.NOT_FINISHED,False,mechanics=I now believe the actions might be related to moving the '8' and '9' cells to sp | EXPERIMENT
229560de,probe_arc,simple_maze,4,49,ACTION6,0,GameState.NOT_FINISHED,False,mechanics=I now believe the actions might be related to swapping or moving cells in a spec | EXPERIMENT
