run_id,variant,game,seed,step,action,score,state,won,note
ce24ad74,probe52_arc,complex_maze,5,0,ACTION1,0,GameState.NOT_FINISHED,False,mechanics=I hypothesize that the actions are related to moving or modifying the grid in so | EXPERIMENT | cd=[]
ce24ad74,probe52_arc,complex_maze,5,1,ACTION2,0,GameState.NOT_FINISHED,False,"mechanics=I believe that ACTION1 changes the top-left cell of the grid, and the goal is to | cd=[]"
ce24ad74,probe52_arc,complex_maze,5,2,ACTION3,0,GameState.NOT_FINISHED,False,"mechanics=I believe that each action targets a specific section or symbol in the grid, wit | cd=[]"
ce24ad74,probe52_arc,complex_maze,5,3,ACTION4,0,GameState.NOT_FINISHED,False,mechanics=I believe that each action targets a specific section or symbol in the grid. ACT | cd=[]
ce24ad74,probe52_arc,complex_maze,5,4,ACTION5,0,GameState.NOT_FINISHED,False,"mechanics=I believe that each action targets a specific section or symbol in the grid, wit | cd=[]"
ce24ad74,probe52_arc,complex_maze,5,5,ACTION6,0,GameState.NOT_FINISHED,False,"mechanics=I believe that each action targets a specific section or symbol in the grid, wit | cd=[]"
ce24ad74,probe52_arc,complex_maze,5,6,ACTION6,0,GameState.NOT_FINISHED,False,"mechanics=I believe that each action targets a specific section or symbol in the grid, wit | cd=[]"
ce24ad74,probe52_arc,complex_maze,5,7,ACTION6,0,GameState.NOT_FINISHED,False,mechanics=I now believe that each action targets a specific pattern or combination of symb | EXPERIMENT | cd=[]
ce24ad74,probe52_arc,complex_maze,5,8,ACTION6,0,GameState.NOT_FINISHED,False,"mechanics=I now believe that each action targets a specific section of the grid, and the g | EXPERIMENT | cd=[]"
ce24ad74,probe52_arc,complex_maze,5,9,ACTION1,0,GameState.NOT_FINISHED,False,mechanics=I now believe that each action targets a specific pattern or sequence of charact | EXPERIMENT | cd=[]
ce24ad74,probe52_arc,complex_maze,5,10,ACTION1,0,GameState.NOT_FINISHED,False,"mechanics=I now believe that each action targets a specific area or shape in the grid, and | EXPERIMENT | cd=[]"
ce24ad74,probe52_arc,complex_maze,5,11,ACTION1,0,GameState.NOT_FINISHED,False,mechanics=I now believe that the actions may have a cumulative effect or require a specifi | EXPERIMENT | cd=[]
ce24ad74,probe52_arc,complex_maze,5,12,ACTION6,0,GameState.NOT_FINISHED,False,"mechanics=I now believe that the actions may have a spatial effect on the grid, and the go | EXPERIMENT | cd=[]"
ce24ad74,probe52_arc,complex_maze,5,13,ACTION2,0,GameState.NOT_FINISHED,False,"mechanics=I now believe that the actions may have a cumulative effect on the grid, and the | EXPERIMENT | cd=[]"
ce24ad74,probe52_arc,complex_maze,5,14,ACTION3,0,GameState.NOT_FINISHED,False,mechanics=I now believe that the actions may be related to the manipulation of specific sy | EXPERIMENT | cd=[]
ce24ad74,probe52_arc,complex_maze,5,15,ACTION4,0,GameState.NOT_FINISHED,False,mechanics=I now believe that the actions might be related to the manipulation of specific  | EXPERIMENT | cd=[]
ce24ad74,probe52_arc,complex_maze,5,16,ACTION5,0,GameState.NOT_FINISHED,False,mechanics=I now believe that the actions might be related to the manipulation of specific  | EXPERIMENT | cd=[]
ce24ad74,probe52_arc,complex_maze,5,17,ACTION1,0,GameState.NOT_FINISHED,False,mechanics=I now believe that the actions might be related to the manipulation of symbol bo | EXPERIMENT | cd=[]
ce24ad74,probe52_arc,complex_maze,5,18,ACTION1,0,GameState.NOT_FINISHED,False,mechanics=I now believe that the actions might be related to the manipulation of specific  | EXPERIMENT | cd=[]
ce24ad74,probe52_arc,complex_maze,5,19,ACTION1,0,GameState.NOT_FINISHED,False,mechanics=I now believe that the actions might be related to the manipulation of specific  | EXPERIMENT | cd=[]
ce24ad74,probe52_arc,complex_maze,5,20,ACTION6,0,GameState.NOT_FINISHED,False,mechanics=I now believe that the actions might be related to the manipulation of specific  | EXPERIMENT | cd=[]
ce24ad74,probe52_arc,complex_maze,5,21,ACTION1,0,GameState.NOT_FINISHED,False,mechanics=I now believe that the actions might be related to the manipulation of specific  | EXPERIMENT | cd=[]
ce24ad74,probe52_arc,complex_maze,5,22,ACTION1,0,GameState.NOT_FINISHED,False,mechanics=I now believe that the actions might be related to the manipulation of specific  | EXPERIMENT | cd=[]
ce24ad74,probe52_arc,complex_maze,5,23,ACTION1,0,GameState.NOT_FINISHED,False,mechanics=I now believe that the actions might be related to the manipulation of specific  | EXPERIMENT | cd=[]
ce24ad74,probe52_arc,complex_maze,5,24,ACTION1,0,GameState.NOT_FINISHED,False,mechanics=I now believe that the actions might be related to the transformation of specifi | EXPERIMENT | cd=[]
ce24ad74,probe52_arc,complex_maze,5,25,ACTION1,0,GameState.NOT_FINISHED,False,mechanics=I now believe that the actions might be related to the transformation of specifi | EXPERIMENT | cd=[]
ce24ad74,probe52_arc,complex_maze,5,26,ACTION1,0,GameState.NOT_FINISHED,False,mechanics=I now believe that the actions might be related to the manipulation of the '5' a | EXPERIMENT | cd=[]
ce24ad74,probe52_arc,complex_maze,5,27,ACTION1,0,GameState.NOT_FINISHED,False,mechanics=I now believe that the actions might be related to the manipulation of the grid' | EXPERIMENT | cd=[]
ce24ad74,probe52_arc,complex_maze,5,28,ACTION1,0,GameState.NOT_FINISHED,False,mechanics=I now believe that the actions might be related to the manipulation of specific  | EXPERIMENT | cd=[]
ce24ad74,probe52_arc,complex_maze,5,29,ACTION1,0,GameState.NOT_FINISHED,False,mechanics=I now believe that the actions might be related to the manipulation of specific  | EXPERIMENT | cd=[]
ce24ad74,probe52_arc,complex_maze,5,30,ACTION1,0,GameState.NOT_FINISHED,False,mechanics=I now believe that the actions might be related to the manipulation of the grid' | EXPERIMENT | cd=[]
ce24ad74,probe52_arc,complex_maze,5,31,ACTION6,0,GameState.NOT_FINISHED,False,mechanics=I now believe that the actions might be related to the manipulation of specific  | EXPERIMENT | cd=[]
ce24ad74,probe52_arc,complex_maze,5,32,ACTION1,0,GameState.NOT_FINISHED,False,mechanics=I now believe that the actions might be related to the manipulation of the grid' | EXPERIMENT | cd=[]
ce24ad74,probe52_arc,complex_maze,5,33,ACTION2,0,GameState.NOT_FINISHED,False,mechanics=I now believe that the actions might be related to the manipulation of specific  | EXPERIMENT | cd=[]
ce24ad74,probe52_arc,complex_maze,5,34,ACTION3,0,GameState.NOT_FINISHED,False,mechanics=I now believe that the actions might be related to the manipulation of the '8' a | EXPERIMENT | cd=[]
ce24ad74,probe52_arc,complex_maze,5,35,ACTION4,0,GameState.NOT_FINISHED,False,mechanics=I now believe that the actions might be related to the manipulation of the '5' s | EXPERIMENT | cd=[]
ce24ad74,probe52_arc,complex_maze,5,36,ACTION1,0,GameState.NOT_FINISHED,False,mechanics=I now believe that the actions might be related to the manipulation of the '5' a | EXPERIMENT | cd=[]
ce24ad74,probe52_arc,complex_maze,5,37,ACTION1,0,GameState.NOT_FINISHED,False,mechanics=I now believe that the actions might be related to the manipulation of the '5' a | EXPERIMENT | cd=[]
ce24ad74,probe52_arc,complex_maze,5,38,ACTION6,0,GameState.NOT_FINISHED,False,mechanics=I now believe that the actions might be related to the manipulation of the '5' a | EXPERIMENT | cd=[]
ce24ad74,probe52_arc,complex_maze,5,39,ACTION1,0,GameState.NOT_FINISHED,False,mechanics=I now believe that the actions might be related to the manipulation of the '3' a | EXPERIMENT | cd=[]
ce24ad74,probe52_arc,complex_maze,5,40,ACTION1,0,GameState.NOT_FINISHED,False,mechanics=I now believe that the actions might be related to the manipulation of the '5' a | EXPERIMENT | cd=[]
ce24ad74,probe52_arc,complex_maze,5,41,ACTION1,0,GameState.NOT_FINISHED,False,mechanics=I now believe that the actions might be related to the manipulation of the '3' a | EXPERIMENT | cd=[]
ce24ad74,probe52_arc,complex_maze,5,42,ACTION2,0,GameState.NOT_FINISHED,False,mechanics=I now believe that the actions might be related to the manipulation of the '5' a | EXPERIMENT | cd=[]
ce24ad74,probe52_arc,complex_maze,5,43,ACTION3,0,GameState.NOT_FINISHED,False,mechanics=I now believe that the actions might be related to the manipulation of the '8' a | EXPERIMENT | cd=[]
ce24ad74,probe52_arc,complex_maze,5,44,ACTION4,0,GameState.NOT_FINISHED,False,mechanics=I now believe that the actions might be related to the transformation of the '3' | EXPERIMENT | cd=[]
ce24ad74,probe52_arc,complex_maze,5,45,ACTION6,0,GameState.NOT_FINISHED,False,mechanics=I now believe that the actions might be related to the transformation of the '5' | EXPERIMENT | cd=[]
ce24ad74,probe52_arc,complex_maze,5,46,ACTION6,0,GameState.NOT_FINISHED,False,mechanics=I now believe that the actions might be related to the transformation of the '5' | EXPERIMENT | cd=[]
ce24ad74,probe52_arc,complex_maze,5,47,ACTION5,0,GameState.NOT_FINISHED,False,mechanics=I now believe that the actions might be related to the transformation of the '5' | EXPERIMENT | cd=[]
ce24ad74,probe52_arc,complex_maze,5,48,ACTION1,0,GameState.NOT_FINISHED,False,mechanics=I now believe that the actions might be related to the transformation of the '5' | EXPERIMENT | cd=[]
ce24ad74,probe52_arc,complex_maze,5,49,ACTION6,0,GameState.NOT_FINISHED,False,mechanics=I now believe that the actions might be related to the creation and manipulation | EXPERIMENT | cd=[]
ce24ad74,probe52_arc,complex_maze,6,0,ACTION1,0,GameState.NOT_FINISHED,False,mechanics=My initial hypothesis is that the actions might be related to moving or modifyin | EXPERIMENT | cd=[]
ce24ad74,probe52_arc,complex_maze,6,1,ACTION2,0,GameState.NOT_FINISHED,False,mechanics=My initial hypothesis is that the actions might be related to moving or modifyin | cd=[]
ce24ad74,probe52_arc,complex_maze,6,2,ACTION3,0,GameState.NOT_FINISHED,False,"mechanics=I believe the actions are related to modifying the grid, possibly interacting wi | cd=[]"
ce24ad74,probe52_arc,complex_maze,6,3,ACTION4,0,GameState.NOT_FINISHED,False,mechanics=I believe the actions modify the grid by replacing or moving symbols. The goal m | cd=[]
ce24ad74,probe52_arc,complex_maze,6,4,ACTION5,0,GameState.NOT_FINISHED,False,mechanics=I believe the actions modify the grid by replacing or moving symbols. The goal m | cd=[]
ce24ad74,probe52_arc,complex_maze,6,5,ACTION6,0,GameState.NOT_FINISHED,False,mechanics=I believe the actions modify the grid by replacing or moving symbols. The goal m | cd=[]
ce24ad74,probe52_arc,complex_maze,6,6,ACTION6,0,GameState.NOT_FINISHED,False,mechanics=I believe the actions modify the grid by replacing or moving symbols. The goal m | cd=[]
ce24ad74,probe52_arc,complex_maze,6,7,ACTION1,0,GameState.NOT_FINISHED,False,mechanics=I hypothesize that the actions might be related to the proximity or combination  | EXPERIMENT | cd=[]
ce24ad74,probe52_arc,complex_maze,6,8,ACTION1,0,GameState.NOT_FINISHED,False,mechanics=I hypothesize that the actions might be related to the creation or destruction o | EXPERIMENT | cd=[]
ce24ad74,probe52_arc,complex_maze,6,9,ACTION1,0,GameState.NOT_FINISHED,False,mechanics=I hypothesize that the actions are related to swapping or replacing specific sym | EXPERIMENT | cd=[]
ce24ad74,probe52_arc,complex_maze,6,10,ACTION1,0,GameState.NOT_FINISHED,False,mechanics=I now hypothesize that the actions are related to shifting or rotating specific  | EXPERIMENT | cd=[]
ce24ad74,probe52_arc,complex_maze,6,11,ACTION1,0,GameState.NOT_FINISHED,False,mechanics=I now hypothesize that the actions are related to replacing or modifying specifi | EXPERIMENT | cd=[]
ce24ad74,probe52_arc,complex_maze,6,12,ACTION2,0,GameState.NOT_FINISHED,False,mechanics=I now hypothesize that the actions are related to shifting or moving symbols in  | EXPERIMENT | cd=[]
ce24ad74,probe52_arc,complex_maze,6,13,ACTION1,0,GameState.NOT_FINISHED,False,mechanics=I now hypothesize that the actions are related to removing or replacing specific | EXPERIMENT | cd=[]
ce24ad74,probe52_arc,complex_maze,6,14,ACTION3,0,GameState.NOT_FINISHED,False,mechanics=I now hypothesize that the actions are related to manipulating the '5' and '6' s | EXPERIMENT | cd=[]
ce24ad74,probe52_arc,complex_maze,6,15,ACTION6,0,GameState.NOT_FINISHED,False,mechanics=I now hypothesize that the actions are related to manipulating the grid by chang | EXPERIMENT | cd=[]
ce24ad74,probe52_arc,complex_maze,6,16,ACTION4,0,GameState.NOT_FINISHED,False,mechanics=I hypothesize that the actions are related to manipulating the grid by changing  | EXPERIMENT | cd=[]
ce24ad74,probe52_arc,complex_maze,6,17,ACTION1,0,GameState.NOT_FINISHED,False,mechanics=I hypothesize that the actions are related to manipulating the grid by changing  | EXPERIMENT | cd=[]
ce24ad74,probe52_arc,complex_maze,6,18,ACTION1,0,GameState.NOT_FINISHED,False,mechanics=I hypothesize that the actions are related to manipulating the grid by changing  | EXPERIMENT | cd=[]
ce24ad74,probe52_arc,complex_maze,6,19,ACTION5,0,GameState.NOT_FINISHED,False,mechanics=I hypothesize that the actions are related to manipulating the grid by changing  | EXPERIMENT | cd=[]
ce24ad74,probe52_arc,complex_maze,6,20,ACTION1,0,GameState.NOT_FINISHED,False,mechanics=I hypothesize that the actions are related to manipulating the grid by changing  | EXPERIMENT | cd=[]
ce24ad74,probe52_arc,complex_maze,6,21,ACTION2,0,GameState.NOT_FINISHED,False,mechanics=I hypothesize that the actions are related to manipulating the grid by changing  | EXPERIMENT | cd=[]
ce24ad74,probe52_arc,complex_maze,6,22,ACTION6,0,GameState.NOT_FINISHED,False,mechanics=I hypothesize that the actions are related to manipulating the grid by changing  | EXPERIMENT | cd=[]
ce24ad74,probe52_arc,complex_maze,6,23,ACTION6,0,GameState.NOT_FINISHED,False,mechanics=I hypothesize that the actions are related to manipulating the grid by changing  | EXPERIMENT | cd=[]
ce24ad74,probe52_arc,complex_maze,6,24,ACTION1,0,GameState.NOT_FINISHED,False,mechanics=I hypothesize that the actions are related to manipulating the grid by changing  | EXPERIMENT | cd=[]
ce24ad74,probe52_arc,complex_maze,6,25,ACTION3,0,GameState.NOT_FINISHED,False,mechanics=I hypothesize that the actions are related to manipulating the grid by changing  | EXPERIMENT | cd=[]
ce24ad74,probe52_arc,complex_maze,6,26,ACTION4,0,GameState.NOT_FINISHED,False,mechanics=I hypothesize that the actions are related to manipulating the grid by changing  | EXPERIMENT | cd=[]
ce24ad74,probe52_arc,complex_maze,6,27,ACTION1,0,GameState.NOT_FINISHED,False,mechanics=I hypothesize that the actions are related to manipulating the grid by changing  | EXPERIMENT | cd=[]
ce24ad74,probe52_arc,complex_maze,6,28,ACTION5,0,GameState.NOT_FINISHED,False,mechanics=I hypothesize that the actions are related to manipulating the grid by changing  | EXPERIMENT | cd=[]
ce24ad74,probe52_arc,complex_maze,6,29,ACTION1,0,GameState.NOT_FINISHED,False,mechanics=I hypothesize that the actions are related to manipulating the grid by changing  | EXPERIMENT | cd=[]
ce24ad74,probe52_arc,complex_maze,6,30,ACTION6,0,GameState.NOT_FINISHED,False,mechanics=I hypothesize that the actions are related to manipulating the grid by changing  | EXPERIMENT | cd=[]
ce24ad74,probe52_arc,complex_maze,6,31,ACTION2,0,GameState.NOT_FINISHED,False,mechanics=I hypothesize that the actions are related to manipulating the grid by changing  | EXPERIMENT | cd=[]
ce24ad74,probe52_arc,complex_maze,6,32,ACTION1,0,GameState.NOT_FINISHED,False,mechanics=I hypothesize that the actions are related to manipulating the grid by changing  | EXPERIMENT | cd=[]
ce24ad74,probe52_arc,complex_maze,6,33,ACTION6,0,GameState.NOT_FINISHED,False,mechanics=I hypothesize that the actions are related to manipulating the grid by changing  | EXPERIMENT | cd=[]
ce24ad74,probe52_arc,complex_maze,6,34,ACTION4,0,GameState.NOT_FINISHED,False,mechanics=I hypothesize that the actions are related to manipulating the grid by changing  | EXPERIMENT | cd=[]
ce24ad74,probe52_arc,complex_maze,6,35,ACTION3,0,GameState.NOT_FINISHED,False,mechanics=I hypothesize that the actions are related to manipulating the grid by changing  | EXPERIMENT | cd=[]
ce24ad74,probe52_arc,complex_maze,6,36,ACTION1,0,GameState.NOT_FINISHED,False,mechanics=I hypothesize that the actions are related to manipulating the grid by changing  | EXPERIMENT | cd=[]
ce24ad74,probe52_arc,complex_maze,6,37,ACTION1,0,GameState.NOT_FINISHED,False,mechanics=I hypothesize that the actions are related to manipulating the grid by changing  | EXPERIMENT | cd=[]
ce24ad74,probe52_arc,complex_maze,6,38,ACTION1,0,GameState.NOT_FINISHED,False,mechanics=I hypothesize that the actions are related to manipulating the grid by changing  | EXPERIMENT | cd=[]
ce24ad74,probe52_arc,complex_maze,6,39,ACTION1,0,GameState.NOT_FINISHED,False,mechanics=I hypothesize that the actions are related to manipulating the grid by changing  | EXPERIMENT | cd=[]
ce24ad74,probe52_arc,complex_maze,6,40,ACTION1,0,GameState.NOT_FINISHED,False,mechanics=I hypothesize that the actions are related to manipulating the grid by changing  | EXPERIMENT | cd=[]
ce24ad74,probe52_arc,complex_maze,6,41,ACTION6,0,GameState.NOT_FINISHED,False,mechanics=I hypothesize that the actions are related to manipulating the grid by changing  | EXPERIMENT | cd=[]
ce24ad74,probe52_arc,complex_maze,6,42,ACTION1,0,GameState.NOT_FINISHED,False,mechanics=I hypothesize that the actions are related to manipulating the grid by changing  | EXPERIMENT | cd=[]
ce24ad74,probe52_arc,complex_maze,6,43,ACTION6,0,GameState.NOT_FINISHED,False,mechanics=I hypothesize that the actions are related to manipulating the grid by changing  | EXPERIMENT | cd=[]
ce24ad74,probe52_arc,complex_maze,6,44,ACTION2,0,GameState.NOT_FINISHED,False,mechanics=I hypothesize that the actions are related to manipulating the grid by changing  | EXPERIMENT | cd=[]
ce24ad74,probe52_arc,complex_maze,6,45,ACTION3,0,GameState.NOT_FINISHED,False,mechanics=I hypothesize that the actions are related to manipulating the grid by changing  | EXPERIMENT | cd=[]
ce24ad74,probe52_arc,complex_maze,6,46,ACTION4,0,GameState.NOT_FINISHED,False,mechanics=I hypothesize that the actions are related to manipulating the grid by changing  | EXPERIMENT | cd=[]
ce24ad74,probe52_arc,complex_maze,6,47,ACTION5,0,GameState.NOT_FINISHED,False,mechanics=I hypothesize that the actions are related to manipulating the grid by changing  | EXPERIMENT | cd=[]
ce24ad74,probe52_arc,complex_maze,6,48,ACTION1,0,GameState.NOT_FINISHED,False,mechanics=I hypothesize that the actions are related to manipulating the grid by changing  | EXPERIMENT | cd=[]
ce24ad74,probe52_arc,complex_maze,6,49,ACTION6,0,GameState.NOT_FINISHED,False,mechanics=I hypothesize that the actions are related to manipulating the grid by changing  | EXPERIMENT | cd=[]
ce24ad74,probe52_arc,complex_maze,7,0,ACTION1,0,GameState.NOT_FINISHED,False,"mechanics=The goal appears to be clearing levels, and the actions might be related to movi | EXPERIMENT | cd=[]"
ce24ad74,probe52_arc,complex_maze,7,1,ACTION2,0,GameState.NOT_FINISHED,False,"mechanics=The goal appears to be clearing levels, and the actions might be related to movi | cd=[]"
ce24ad74,probe52_arc,complex_maze,7,2,ACTION3,0,GameState.NOT_FINISHED,False,mechanics=The goal appears to be clearing levels by removing or replacing cells. ACTION1 s | cd=[]
ce24ad74,probe52_arc,complex_maze,7,3,ACTION4,0,GameState.NOT_FINISHED,False,mechanics=The goal appears to be clearing levels by removing or replacing cells. ACTION1 r | cd=[]
ce24ad74,probe52_arc,complex_maze,7,4,ACTION5,0,GameState.NOT_FINISHED,False,mechanics=The goal appears to be clearing levels by removing or replacing cells. ACTION1 r | cd=[]
ce24ad74,probe52_arc,complex_maze,7,5,ACTION6,0,GameState.NOT_FINISHED,False,mechanics=The goal appears to be clearing levels by removing or replacing cells. ACTION1 r | cd=[]
ce24ad74,probe52_arc,complex_maze,7,6,ACTION5,0,GameState.NOT_FINISHED,False,mechanics=The goal appears to be clearing levels by removing or replacing cells. ACTION1 r | cd=[]
ce24ad74,probe52_arc,complex_maze,7,7,ACTION6,0,GameState.NOT_FINISHED,False,mechanics=The goal appears to be clearing levels by removing or replacing cells. Given the | EXPERIMENT | cd=[]
ce24ad74,probe52_arc,complex_maze,7,8,ACTION1,0,GameState.NOT_FINISHED,False,mechanics=I hypothesize that the actions are related to cell transformations based on adja | EXPERIMENT | cd=[]
ce24ad74,probe52_arc,complex_maze,7,9,ACTION1,0,GameState.NOT_FINISHED,False,mechanics=I hypothesize that the actions are related to cell transformations based on the  | EXPERIMENT | cd=[]
ce24ad74,probe52_arc,complex_maze,7,10,ACTION2,0,GameState.NOT_FINISHED,False,mechanics=I now hypothesize that the actions are related to cell transformations based on  | EXPERIMENT | cd=[]
ce24ad74,probe52_arc,complex_maze,7,11,ACTION1,0,GameState.NOT_FINISHED,False,mechanics=I now hypothesize that the actions are related to cell transformations based on  | EXPERIMENT | cd=[]
ce24ad74,probe52_arc,complex_maze,7,12,ACTION1,0,GameState.NOT_FINISHED,False,mechanics=I now hypothesize that the actions are related to cell transformations based on  | EXPERIMENT | cd=[]
ce24ad74,probe52_arc,complex_maze,7,13,ACTION1,0,GameState.NOT_FINISHED,False,mechanics=I now hypothesize that the actions are related to cell transformations based on  | EXPERIMENT | cd=[]
ce24ad74,probe52_arc,complex_maze,7,14,ACTION4,0,GameState.NOT_FINISHED,False,mechanics=I now hypothesize that the actions are related to cell transformations based on  | EXPERIMENT | cd=[]
ce24ad74,probe52_arc,complex_maze,7,15,ACTION1,0,GameState.NOT_FINISHED,False,mechanics=I now hypothesize that the actions are related to cell transformations based on  | EXPERIMENT | cd=[]
ce24ad74,probe52_arc,complex_maze,7,16,ACTION1,0,GameState.NOT_FINISHED,False,mechanics=I now hypothesize that the actions are related to cell transformations based on  | EXPERIMENT | cd=[]
ce24ad74,probe52_arc,complex_maze,7,17,ACTION3,0,GameState.NOT_FINISHED,False,mechanics=I now hypothesize that the actions are related to cell transformations based on  | EXPERIMENT | cd=[]
ce24ad74,probe52_arc,complex_maze,7,18,ACTION6,0,GameState.NOT_FINISHED,False,mechanics=I now hypothesize that the actions are related to cell transformations based on  | EXPERIMENT | cd=[]
ce24ad74,probe52_arc,complex_maze,7,19,ACTION1,0,GameState.NOT_FINISHED,False,mechanics=I now hypothesize that the actions are related to cell transformations based on  | EXPERIMENT | cd=[]
ce24ad74,probe52_arc,complex_maze,7,20,ACTION1,0,GameState.NOT_FINISHED,False,mechanics=I now hypothesize that the actions are related to cell transformations based on  | EXPERIMENT | cd=[]
ce24ad74,probe52_arc,complex_maze,7,21,ACTION5,0,GameState.NOT_FINISHED,False,mechanics=I now hypothesize that the actions are related to cell transformations based on  | EXPERIMENT | cd=[]
ce24ad74,probe52_arc,complex_maze,7,22,ACTION1,0,GameState.NOT_FINISHED,False,mechanics=I now hypothesize that the actions are related to cell transformations based on  | EXPERIMENT | cd=[]
ce24ad74,probe52_arc,complex_maze,7,23,ACTION1,0,GameState.NOT_FINISHED,False,mechanics=I now hypothesize that the actions are related to cell transformations based on  | EXPERIMENT | cd=[]
ce24ad74,probe52_arc,complex_maze,7,24,ACTION1,0,GameState.NOT_FINISHED,False,mechanics=I now hypothesize that the actions are related to cell transformations based on  | EXPERIMENT | cd=[]
ce24ad74,probe52_arc,complex_maze,7,25,ACTION1,0,GameState.NOT_FINISHED,False,mechanics=I now hypothesize that the actions are related to cell transformations based on  | EXPERIMENT | cd=[]
ce24ad74,probe52_arc,complex_maze,7,26,ACTION1,0,GameState.NOT_FINISHED,False,mechanics=I now hypothesize that the actions are related to cell transformations based on  | EXPERIMENT | cd=[]
ce24ad74,probe52_arc,complex_maze,7,27,ACTION1,0,GameState.NOT_FINISHED,False,mechanics=I now hypothesize that the actions are related to cell transformations based on  | EXPERIMENT | cd=[]
ce24ad74,probe52_arc,complex_maze,7,28,ACTION6,0,GameState.NOT_FINISHED,False,mechanics=I now hypothesize that the actions are related to cell transformations based on  | EXPERIMENT | cd=[]
ce24ad74,probe52_arc,complex_maze,7,29,ACTION1,0,GameState.NOT_FINISHED,False,mechanics=I now hypothesize that the actions are related to cell transformations based on  | EXPERIMENT | cd=[]
ce24ad74,probe52_arc,complex_maze,7,30,ACTION1,0,GameState.NOT_FINISHED,False,mechanics=I now hypothesize that the actions are related to cell transformations based on  | EXPERIMENT | cd=[]
ce24ad74,probe52_arc,complex_maze,7,31,ACTION1,0,GameState.NOT_FINISHED,False,mechanics=I now hypothesize that the actions are related to cell transformations based on  | EXPERIMENT | cd=[]
ce24ad74,probe52_arc,complex_maze,7,32,ACTION6,0,GameState.NOT_FINISHED,False,mechanics=I now hypothesize that the actions are related to cell transformations based on  | EXPERIMENT | cd=[]
ce24ad74,probe52_arc,complex_maze,7,33,ACTION1,0,GameState.NOT_FINISHED,False,mechanics=I now hypothesize that the actions involve a combination of cell transformations | EXPERIMENT | cd=[]
ce24ad74,probe52_arc,complex_maze,7,34,ACTION2,0,GameState.NOT_FINISHED,False,mechanics=I now hypothesize that the actions involve a process of elimination or replaceme | EXPERIMENT | cd=[]
ce24ad74,probe52_arc,complex_maze,7,35,ACTION1,0,GameState.NOT_FINISHED,False,mechanics=I now hypothesize that the actions involve a process of manipulating the '5' and | EXPERIMENT | cd=[]
ce24ad74,probe52_arc,complex_maze,7,36,ACTION3,0,GameState.NOT_FINISHED,False,mechanics=I now hypothesize that the actions involve a process of manipulating the '8' cel | EXPERIMENT | cd=[]
ce24ad74,probe52_arc,complex_maze,7,37,ACTION4,0,GameState.NOT_FINISHED,False,mechanics=I now hypothesize that the actions involve a process of manipulating the '5' cel | EXPERIMENT | cd=[]
ce24ad74,probe52_arc,complex_maze,7,38,ACTION1,0,GameState.NOT_FINISHED,False,mechanics=I now hypothesize that the actions involve a process of manipulating the '8' cel | EXPERIMENT | cd=[]
ce24ad74,probe52_arc,complex_maze,7,39,ACTION5,0,GameState.NOT_FINISHED,False,mechanics=I now hypothesize that the actions involve a process of manipulating the grid to | EXPERIMENT | cd=[]
ce24ad74,probe52_arc,complex_maze,7,40,ACTION6,0,GameState.NOT_FINISHED,False,mechanics=I now hypothesize that the actions involve a process of manipulating the grid to | EXPERIMENT | cd=[]
ce24ad74,probe52_arc,complex_maze,7,41,ACTION1,0,GameState.NOT_FINISHED,False,mechanics=I now hypothesize that the actions involve a process of manipulating the grid to | EXPERIMENT | cd=[]
ce24ad74,probe52_arc,complex_maze,7,42,ACTION1,0,GameState.NOT_FINISHED,False,mechanics=I now hypothesize that the actions involve a process of replacing or transformin | EXPERIMENT | cd=[]
ce24ad74,probe52_arc,complex_maze,7,43,ACTION1,0,GameState.NOT_FINISHED,False,mechanics=The actions may involve a process of replacing or transforming specific cells to | EXPERIMENT | cd=[]
ce24ad74,probe52_arc,complex_maze,7,44,ACTION6,0,GameState.NOT_FINISHED,False,mechanics=The actions may involve a process of replacing or transforming specific cells to | EXPERIMENT | cd=[]
ce24ad74,probe52_arc,complex_maze,7,45,ACTION4,0,GameState.NOT_FINISHED,False,mechanics=I hypothesize that the actions are related to the transformation of cells in a s | EXPERIMENT | cd=[]
ce24ad74,probe52_arc,complex_maze,7,46,ACTION1,0,GameState.NOT_FINISHED,False,mechanics=I hypothesize that the actions are related to the transformation of cells in a s | EXPERIMENT | cd=[]
ce24ad74,probe52_arc,complex_maze,7,47,ACTION6,0,GameState.NOT_FINISHED,False,mechanics=I hypothesize that the actions are related to the transformation of cells in a s | EXPERIMENT | cd=[]
ce24ad74,probe52_arc,complex_maze,7,48,ACTION1,0,GameState.NOT_FINISHED,False,mechanics=I hypothesize that the actions are related to the transformation of cells in a s | EXPERIMENT | cd=[]
ce24ad74,probe52_arc,complex_maze,7,49,ACTION1,0,GameState.NOT_FINISHED,False,mechanics=I hypothesize that the actions are related to the transformation of cells in a s | EXPERIMENT | cd=[]
ce24ad74,probe52_arc,complex_maze,8,0,ACTION1,0,GameState.NOT_FINISHED,False,mechanics=My initial theory is that the actions might be related to moving or removing blo | EXPERIMENT | cd=[]
ce24ad74,probe52_arc,complex_maze,8,1,ACTION2,0,GameState.NOT_FINISHED,False,mechanics=My updated theory is that the actions might be related to changing the state of  | cd=[]
ce24ad74,probe52_arc,complex_maze,8,2,ACTION3,0,GameState.NOT_FINISHED,False,"mechanics=I believe the actions change the state of individual cells in the grid, potentia | cd=[]"
ce24ad74,probe52_arc,complex_maze,8,3,ACTION4,0,GameState.NOT_FINISHED,False,"mechanics=I believe the actions change the state of individual cells in the grid, potentia | cd=[]"
ce24ad74,probe52_arc,complex_maze,8,4,ACTION5,0,GameState.NOT_FINISHED,False,"mechanics=I believe the actions change the state of individual cells in the grid, potentia | cd=[]"
ce24ad74,probe52_arc,complex_maze,8,5,ACTION6,0,GameState.NOT_FINISHED,False,"mechanics=I believe the actions change the state of individual cells in the grid, potentia | cd=[]"
ce24ad74,probe52_arc,complex_maze,8,6,ACTION1,0,GameState.NOT_FINISHED,False,"mechanics=I believe the actions change the state of individual cells in the grid, potentia | cd=[]"
ce24ad74,probe52_arc,complex_maze,8,7,ACTION1,0,GameState.NOT_FINISHED,False,"mechanics=I believe the actions change the state of individual cells in the grid, potentia | EXPERIMENT | cd=[]"
ce24ad74,probe52_arc,complex_maze,8,8,ACTION1,0,GameState.NOT_FINISHED,False,mechanics=I now believe the actions might be dependent on the current state of the grid an | EXPERIMENT | cd=[]
ce24ad74,probe52_arc,complex_maze,8,9,ACTION1,0,GameState.NOT_FINISHED,False,"mechanics=I now believe the actions might have a spatial dependency, affecting cells in a  | EXPERIMENT | cd=[]"
ce24ad74,probe52_arc,complex_maze,8,10,ACTION1,0,GameState.NOT_FINISHED,False,"mechanics=I now believe the actions might have a cumulative effect, requiring repeated app | EXPERIMENT | cd=[]"
ce24ad74,probe52_arc,complex_maze,8,11,ACTION1,0,GameState.NOT_FINISHED,False,mechanics=I now believe the actions might be related to the manipulation of specific symbo | EXPERIMENT | cd=[]
ce24ad74,probe52_arc,complex_maze,8,12,ACTION1,0,GameState.NOT_FINISHED,False,mechanics=I now believe the actions might be related to the manipulation of specific symbo | EXPERIMENT | cd=[]
ce24ad74,probe52_arc,complex_maze,8,13,ACTION1,0,GameState.NOT_FINISHED,False,mechanics=I now believe the actions might be related to the manipulation of specific symbo | EXPERIMENT | cd=[]
ce24ad74,probe52_arc,complex_maze,8,14,ACTION1,0,GameState.NOT_FINISHED,False,mechanics=I now believe the actions might be related to the manipulation of specific symbo | EXPERIMENT | cd=[]
ce24ad74,probe52_arc,complex_maze,8,15,ACTION6,0,GameState.NOT_FINISHED,False,mechanics=I now believe the actions might be related to the manipulation of symbol boundar | EXPERIMENT | cd=[]
ce24ad74,probe52_arc,complex_maze,8,16,ACTION1,0,GameState.NOT_FINISHED,False,mechanics=I now believe the actions might be related to the transformation of specific sym | EXPERIMENT | cd=[]
ce24ad74,probe52_arc,complex_maze,8,17,ACTION1,0,GameState.NOT_FINISHED,False,mechanics=I now believe the actions might be related to the transformation of specific sym | EXPERIMENT | cd=[]
ce24ad74,probe52_arc,complex_maze,8,18,ACTION1,0,GameState.NOT_FINISHED,False,mechanics=I now believe the actions might be related to the transformation of specific sym | EXPERIMENT | cd=[]
ce24ad74,probe52_arc,complex_maze,8,19,ACTION2,0,GameState.NOT_FINISHED,False,mechanics=I now believe the actions might be related to the transformation of specific sym | EXPERIMENT | cd=[]
ce24ad74,probe52_arc,complex_maze,8,20,ACTION3,0,GameState.NOT_FINISHED,False,mechanics=I now believe the actions might be related to the manipulation of the '5' and '6 | EXPERIMENT | cd=[]
ce24ad74,probe52_arc,complex_maze,8,21,ACTION4,0,GameState.NOT_FINISHED,False,mechanics=I now believe the actions might be related to the transformation of specific sym | EXPERIMENT | cd=[]
ce24ad74,probe52_arc,complex_maze,8,22,ACTION5,0,GameState.NOT_FINISHED,False,mechanics=I now believe the actions might be related to the manipulation of the '5' and '6 | EXPERIMENT | cd=[]
ce24ad74,probe52_arc,complex_maze,8,23,ACTION6,0,GameState.NOT_FINISHED,False,mechanics=I now believe the actions might be related to the manipulation of the '3' and '6 | EXPERIMENT | cd=[]
ce24ad74,probe52_arc,complex_maze,8,24,ACTION1,0,GameState.NOT_FINISHED,False,mechanics=I now believe the actions might be related to the manipulation of the '.' empty  | EXPERIMENT | cd=[]
ce24ad74,probe52_arc,complex_maze,8,25,ACTION1,0,GameState.NOT_FINISHED,False,mechanics=I now believe the actions might be related to the transformation of specific sym | EXPERIMENT | cd=[]
ce24ad74,probe52_arc,complex_maze,8,26,ACTION1,0,GameState.NOT_FINISHED,False,mechanics=I now believe the actions might be related to the manipulation of the grid's str | EXPERIMENT | cd=[]
ce24ad74,probe52_arc,complex_maze,8,27,ACTION1,0,GameState.NOT_FINISHED,False,mechanics=I now believe the actions might be related to the manipulation of specific symbo | EXPERIMENT | cd=[]
ce24ad74,probe52_arc,complex_maze,8,28,ACTION1,0,GameState.NOT_FINISHED,False,mechanics=I now believe the actions might be related to the manipulation of symbol boundar | EXPERIMENT | cd=[]
ce24ad74,probe52_arc,complex_maze,8,29,ACTION1,0,GameState.NOT_FINISHED,False,mechanics=I now believe the actions might be related to the manipulation of specific symbo | EXPERIMENT | cd=[]
ce24ad74,probe52_arc,complex_maze,8,30,ACTION1,0,GameState.NOT_FINISHED,False,mechanics=I now believe the actions might be related to the manipulation of specific symbo | EXPERIMENT | cd=[]
ce24ad74,probe52_arc,complex_maze,8,31,ACTION1,0,GameState.NOT_FINISHED,False,mechanics=I now believe the actions might be related to the manipulation of specific symbo | EXPERIMENT | cd=[]
ce24ad74,probe52_arc,complex_maze,8,32,ACTION1,0,GameState.NOT_FINISHED,False,mechanics=I now believe the actions might be related to the manipulation of specific symbo | EXPERIMENT | cd=[]
ce24ad74,probe52_arc,complex_maze,8,33,ACTION1,0,GameState.NOT_FINISHED,False,mechanics=I now believe the actions might be related to the manipulation of specific symbo | EXPERIMENT | cd=[]
ce24ad74,probe52_arc,complex_maze,8,34,ACTION6,0,GameState.NOT_FINISHED,False,mechanics=I now believe the actions might be related to the manipulation of the grid's edg | EXPERIMENT | cd=[]
ce24ad74,probe52_arc,complex_maze,8,35,ACTION1,0,GameState.NOT_FINISHED,False,mechanics=I believe the actions are related to replacing or moving specific symbols on the | EXPERIMENT | cd=[]
ce24ad74,probe52_arc,complex_maze,8,36,ACTION2,0,GameState.NOT_FINISHED,False,mechanics=I believe the actions are related to manipulating the grid in a way that creates | EXPERIMENT | cd=[]
ce24ad74,probe52_arc,complex_maze,8,37,ACTION3,0,GameState.NOT_FINISHED,False,mechanics=I now believe the actions are related to manipulating specific symbols or region | EXPERIMENT | cd=[]
ce24ad74,probe52_arc,complex_maze,8,38,ACTION4,0,GameState.NOT_FINISHED,False,mechanics=I now believe the actions are related to transforming specific symbols into othe | EXPERIMENT | cd=[]
ce24ad74,probe52_arc,complex_maze,8,39,ACTION5,0,GameState.NOT_FINISHED,False,mechanics=I now believe the actions are related to shifting or rotating sections of the gr | EXPERIMENT | cd=[]
ce24ad74,probe52_arc,complex_maze,8,40,ACTION1,0,GameState.NOT_FINISHED,False,mechanics=I now believe the actions are related to changing the state of individual cells  | EXPERIMENT | cd=[]
ce24ad74,probe52_arc,complex_maze,8,41,ACTION1,0,GameState.NOT_FINISHED,False,mechanics=I now believe the actions are related to creating or removing connections betwee | EXPERIMENT | cd=[]
ce24ad74,probe52_arc,complex_maze,8,42,ACTION1,0,GameState.NOT_FINISHED,False,mechanics=I now believe the actions are related to transforming or replacing specific cell | EXPERIMENT | cd=[]
ce24ad74,probe52_arc,complex_maze,8,43,ACTION6,0,GameState.NOT_FINISHED,False,mechanics=I now believe the actions are related to shifting or rotating specific sections  | EXPERIMENT | cd=[]
ce24ad74,probe52_arc,complex_maze,8,44,ACTION1,0,GameState.NOT_FINISHED,False,mechanics=I now believe the actions are related to replacing or modifying specific charact | EXPERIMENT | cd=[]
ce24ad74,probe52_arc,complex_maze,8,45,ACTION2,0,GameState.NOT_FINISHED,False,mechanics=I now believe the actions are related to manipulating the grid in a way that cre | EXPERIMENT | cd=[]
ce24ad74,probe52_arc,complex_maze,8,46,ACTION6,0,GameState.NOT_FINISHED,False,mechanics=The actions are related to manipulating the grid in a way that creates connected | EXPERIMENT | cd=[]
ce24ad74,probe52_arc,complex_maze,8,47,ACTION4,0,GameState.NOT_FINISHED,False,mechanics=The actions might be related to manipulating the grid to create a specific patte | EXPERIMENT | cd=[]
ce24ad74,probe52_arc,complex_maze,8,48,ACTION3,0,GameState.NOT_FINISHED,False,mechanics=The actions might be related to manipulating the grid to create a specific patte | EXPERIMENT | cd=[]
ce24ad74,probe52_arc,complex_maze,8,49,ACTION6,0,GameState.NOT_FINISHED,False,mechanics=The actions might be related to manipulating the grid to create a specific patte | EXPERIMENT | cd=[]
ce24ad74,probe52_arc,complex_maze,9,0,ACTION1,0,GameState.NOT_FINISHED,False,mechanics=I hypothesize that the actions might be related to moving or interacting with th | EXPERIMENT | cd=[]
ce24ad74,probe52_arc,complex_maze,9,1,ACTION2,0,GameState.NOT_FINISHED,False,"mechanics=I believe the actions might be related to changing the state of specific cells,  | cd=[]"
ce24ad74,probe52_arc,complex_maze,9,2,ACTION3,0,GameState.NOT_FINISHED,False,"mechanics=I believe the actions change the state of specific cells, and the goal is to cle | cd=[]"
ce24ad74,probe52_arc,complex_maze,9,3,ACTION4,0,GameState.NOT_FINISHED,False,"mechanics=I believe the actions change the state of specific cells, and the goal is to cle | cd=[]"
ce24ad74,probe52_arc,complex_maze,9,4,ACTION5,0,GameState.NOT_FINISHED,False,"mechanics=I believe the actions change the state of specific cells, and the goal is to cle | cd=[]"
ce24ad74,probe52_arc,complex_maze,9,5,ACTION6,0,GameState.NOT_FINISHED,False,"mechanics=I believe the actions change the state of specific cells, and the goal is to cle | cd=[]"
ce24ad74,probe52_arc,complex_maze,9,6,ACTION6,0,GameState.NOT_FINISHED,False,"mechanics=The actions change the state of specific cells. ACTION1 changes '6' to '3', ACTI | cd=[]"
ce24ad74,probe52_arc,complex_maze,9,7,ACTION3,0,GameState.NOT_FINISHED,False,mechanics=The actions may be dependent on the context of the cell or the overall grid stat | EXPERIMENT | cd=[]
ce24ad74,probe52_arc,complex_maze,9,8,ACTION1,0,GameState.NOT_FINISHED,False,mechanics=The actions may be dependent on the context of the cell or the overall grid stat | EXPERIMENT | cd=[]
ce24ad74,probe52_arc,complex_maze,9,9,ACTION1,0,GameState.NOT_FINISHED,False,mechanics=I hypothesize that the actions are related to the numbers and patterns on the gr | EXPERIMENT | cd=[]
ce24ad74,probe52_arc,complex_maze,9,10,ACTION2,0,GameState.NOT_FINISHED,False,mechanics=I hypothesize that the actions are related to the manipulation of specific numbe | EXPERIMENT | cd=[]
ce24ad74,probe52_arc,complex_maze,9,11,ACTION4,0,GameState.NOT_FINISHED,False,mechanics=I hypothesize that the actions are related to the manipulation of specific numbe | EXPERIMENT | cd=[]
ce24ad74,probe52_arc,complex_maze,9,12,ACTION1,0,GameState.NOT_FINISHED,False,mechanics=I hypothesize that the actions are related to the manipulation of specific numbe | EXPERIMENT | cd=[]
ce24ad74,probe52_arc,complex_maze,9,13,ACTION6,0,GameState.NOT_FINISHED,False,mechanics=I hypothesize that the actions are related to the manipulation of specific numbe | EXPERIMENT | cd=[]
ce24ad74,probe52_arc,complex_maze,9,14,ACTION6,0,GameState.NOT_FINISHED,False,mechanics=I now hypothesize that the actions are related to the manipulation of specific n | EXPERIMENT | cd=[]
ce24ad74,probe52_arc,complex_maze,9,15,ACTION5,0,GameState.NOT_FINISHED,False,mechanics=I now hypothesize that the actions are related to the manipulation of specific n | EXPERIMENT | cd=[]
ce24ad74,probe52_arc,complex_maze,9,16,ACTION3,0,GameState.NOT_FINISHED,False,mechanics=I now hypothesize that the actions are related to the manipulation of specific n | EXPERIMENT | cd=[]
ce24ad74,probe52_arc,complex_maze,9,17,ACTION1,0,GameState.NOT_FINISHED,False,mechanics=I now hypothesize that the actions might be related to the manipulation of speci | EXPERIMENT | cd=[]
ce24ad74,probe52_arc,complex_maze,9,18,ACTION1,0,GameState.NOT_FINISHED,False,mechanics=I now hypothesize that the actions might be related to the manipulation of speci | EXPERIMENT | cd=[]
ce24ad74,probe52_arc,complex_maze,9,19,ACTION1,0,GameState.NOT_FINISHED,False,mechanics=I now hypothesize that the actions might be related to the manipulation of speci | EXPERIMENT | cd=[]
ce24ad74,probe52_arc,complex_maze,9,20,ACTION1,0,GameState.NOT_FINISHED,False,mechanics=I hypothesize that the actions might be related to the manipulation of specific  | EXPERIMENT | cd=[]
ce24ad74,probe52_arc,complex_maze,9,21,ACTION6,0,GameState.NOT_FINISHED,False,mechanics=I hypothesize that the actions might be related to the manipulation of specific  | EXPERIMENT | cd=[]
ce24ad74,probe52_arc,complex_maze,9,22,ACTION6,0,GameState.NOT_FINISHED,False,mechanics=I hypothesize that the actions might be related to the manipulation of specific  | EXPERIMENT | cd=[]
ce24ad74,probe52_arc,complex_maze,9,23,ACTION1,0,GameState.NOT_FINISHED,False,mechanics=I hypothesize that the actions might be related to the manipulation of specific  | EXPERIMENT | cd=[]
ce24ad74,probe52_arc,complex_maze,9,24,ACTION1,0,GameState.NOT_FINISHED,False,mechanics=I hypothesize that the actions might be related to the manipulation of specific  | EXPERIMENT | cd=[]
ce24ad74,probe52_arc,complex_maze,9,25,ACTION1,0,GameState.NOT_FINISHED,False,mechanics=I hypothesize that the actions might be related to the manipulation of specific  | EXPERIMENT | cd=[]
ce24ad74,probe52_arc,complex_maze,9,26,ACTION2,0,GameState.NOT_FINISHED,False,mechanics=I hypothesize that the actions might be related to the manipulation of specific  | EXPERIMENT | cd=[]
ce24ad74,probe52_arc,complex_maze,9,27,ACTION1,0,GameState.NOT_FINISHED,False,mechanics=I now hypothesize that the actions might be related to the manipulation of speci | EXPERIMENT | cd=[]
ce24ad74,probe52_arc,complex_maze,9,28,ACTION1,0,GameState.NOT_FINISHED,False,mechanics=I now hypothesize that the actions might be related to the rotation or reflectio | EXPERIMENT | cd=[]
ce24ad74,probe52_arc,complex_maze,9,29,ACTION1,0,GameState.NOT_FINISHED,False,mechanics=I now hypothesize that the actions might be related to the manipulation of speci | EXPERIMENT | cd=[]
ce24ad74,probe52_arc,complex_maze,9,30,ACTION6,0,GameState.NOT_FINISHED,False,mechanics=I hypothesize that the actions are related to the manipulation of specific symbo | EXPERIMENT | cd=[]
ce24ad74,probe52_arc,complex_maze,9,31,ACTION1,0,GameState.NOT_FINISHED,False,mechanics=I hypothesize that the actions are related to the transformation of specific sym | EXPERIMENT | cd=[]
ce24ad74,probe52_arc,complex_maze,9,32,ACTION4,0,GameState.NOT_FINISHED,False,mechanics=I hypothesize that the actions are related to the transformation of specific sym | EXPERIMENT | cd=[]
ce24ad74,probe52_arc,complex_maze,9,33,ACTION6,0,GameState.NOT_FINISHED,False,mechanics=I hypothesize that the actions are related to the transformation of specific sym | EXPERIMENT | cd=[]
ce24ad74,probe52_arc,complex_maze,9,34,ACTION1,0,GameState.NOT_FINISHED,False,mechanics=I hypothesize that the actions are related to the transformation of specific sym | EXPERIMENT | cd=[]
ce24ad74,probe52_arc,complex_maze,9,35,ACTION1,0,GameState.NOT_FINISHED,False,mechanics=I now hypothesize that the actions are related to the transformation of specific | EXPERIMENT | cd=[]
ce24ad74,probe52_arc,complex_maze,9,36,ACTION1,0,GameState.NOT_FINISHED,False,mechanics=I now hypothesize that the actions are related to the transformation of specific | EXPERIMENT | cd=[]
ce24ad74,probe52_arc,complex_maze,9,37,ACTION1,0,GameState.NOT_FINISHED,False,mechanics=I now hypothesize that the actions are related to the transformation of specific | EXPERIMENT | cd=[]
ce24ad74,probe52_arc,complex_maze,9,38,ACTION2,0,GameState.NOT_FINISHED,False,mechanics=I now hypothesize that the actions are related to the transformation of specific | EXPERIMENT | cd=[]
ce24ad74,probe52_arc,complex_maze,9,39,ACTION5,0,GameState.NOT_FINISHED,False,mechanics=I now hypothesize that the actions are related to the transformation of specific | EXPERIMENT | cd=[]
ce24ad74,probe52_arc,complex_maze,9,40,ACTION4,0,GameState.NOT_FINISHED,False,mechanics=I now hypothesize that the actions are related to the transformation of specific | EXPERIMENT | cd=[]
ce24ad74,probe52_arc,complex_maze,9,41,ACTION1,0,GameState.NOT_FINISHED,False,mechanics=I now hypothesize that the actions are related to the removal or transformation  | EXPERIMENT | cd=[]
ce24ad74,probe52_arc,complex_maze,9,42,ACTION6,0,GameState.NOT_FINISHED,False,mechanics=I now hypothesize that the actions are related to the manipulation of '5's and ' | EXPERIMENT | cd=[]
ce24ad74,probe52_arc,complex_maze,9,43,ACTION1,0,GameState.NOT_FINISHED,False,mechanics=I now hypothesize that the actions are related to the manipulation of the grid's | EXPERIMENT | cd=[]
ce24ad74,probe52_arc,complex_maze,9,44,ACTION1,0,GameState.NOT_FINISHED,False,mechanics=I now hypothesize that the actions are related to the manipulation of specific c | EXPERIMENT | cd=[]
ce24ad74,probe52_arc,complex_maze,9,45,ACTION1,0,GameState.NOT_FINISHED,False,mechanics=I now hypothesize that the actions are related to the manipulation of character  | EXPERIMENT | cd=[]
ce24ad74,probe52_arc,complex_maze,9,46,ACTION1,0,GameState.NOT_FINISHED,False,mechanics=I now hypothesize that the actions are related to the manipulation of individual | EXPERIMENT | cd=[]
ce24ad74,probe52_arc,complex_maze,9,47,ACTION1,0,GameState.NOT_FINISHED,False,mechanics=I now hypothesize that the actions are related to the manipulation of cell group | EXPERIMENT | cd=[]
ce24ad74,probe52_arc,complex_maze,9,48,ACTION1,0,GameState.NOT_FINISHED,False,mechanics=I now hypothesize that the actions are related to the manipulation of specific c | EXPERIMENT | cd=[]
ce24ad74,probe52_arc,complex_maze,9,49,ACTION1,0,GameState.NOT_FINISHED,False,mechanics=I now hypothesize that the actions are related to the manipulation of the grid's | EXPERIMENT | cd=[]
ce24ad74,probe52_arc,merge,5,0,ACTION1,0,GameState.NOT_FINISHED,False,mechanics=My initial theory is that the actions might be related to moving or modifying th | EXPERIMENT | cd=[]
ce24ad74,probe52_arc,merge,5,1,ACTION2,0,GameState.NOT_FINISHED,False,"mechanics=The actions might be related to swapping or modifying the '1' blocks, with the g | cd=[]"
ce24ad74,probe52_arc,merge,5,2,ACTION3,0,GameState.NOT_FINISHED,False,"mechanics=The actions might be related to swapping or modifying the '1' blocks, with the g | cd=[]"
ce24ad74,probe52_arc,merge,5,3,ACTION6,0,GameState.NOT_FINISHED,False,"mechanics=The actions might be related to swapping or modifying the '1' blocks, with the g | cd=[]"
ce24ad74,probe52_arc,merge,5,4,ACTION4,0,GameState.NOT_FINISHED,False,"mechanics=The actions might be related to swapping or modifying the '1' blocks, with the g | cd=[6]"
ce24ad74,probe52_arc,merge,5,5,ACTION5,0,GameState.NOT_FINISHED,False,"mechanics=The actions might be related to swapping or modifying the '1' blocks, with the g | cd=[6]"
ce24ad74,probe52_arc,merge,5,6,ACTION1,0,GameState.NOT_FINISHED,False,"mechanics=The actions might be related to swapping or modifying the '1' blocks, with the g | cd=[5, 6]"
ce24ad74,probe52_arc,merge,5,7,ACTION1,0,GameState.NOT_FINISHED,False,"mechanics=The actions might be related to manipulating the '5' blocks, with the goal of cr | EXPERIMENT | cd=[5, 6]"
ce24ad74,probe52_arc,merge,5,8,ACTION6,0,GameState.NOT_FINISHED,False,"mechanics=I hypothesize that the actions are related to swapping or moving specific cells, | EXPERIMENT | cd=[5]"
ce24ad74,probe52_arc,merge,5,9,ACTION2,0,GameState.NOT_FINISHED,False,"mechanics=I now hypothesize that the actions are related to modifying the grid in a way th | EXPERIMENT | cd=[5, 6]"
ce24ad74,probe52_arc,merge,5,10,ACTION2,0,GameState.NOT_FINISHED,False,mechanics=I now hypothesize that the actions are related to swapping or modifying specific | EXPERIMENT | cd=[6]
ce24ad74,probe52_arc,merge,5,11,ACTION4,0,GameState.NOT_FINISHED,False,mechanics=I now hypothesize that the actions are related to modifying specific cells in th | EXPERIMENT | cd=[6]
ce24ad74,probe52_arc,merge,5,12,ACTION3,0,GameState.NOT_FINISHED,False,mechanics=I now hypothesize that the actions are related to swapping or rotating groups of | EXPERIMENT | cd=[6]
ce24ad74,probe52_arc,merge,5,13,ACTION1,0,GameState.NOT_FINISHED,False,mechanics=I now hypothesize that the actions are related to manipulating the '5' cells to  | EXPERIMENT | cd=[]
ce24ad74,probe52_arc,merge,5,14,ACTION1,0,GameState.NOT_FINISHED,False,mechanics=I now hypothesize that the actions are related to manipulating the '1' cells to  | EXPERIMENT | cd=[]
ce24ad74,probe52_arc,merge,5,15,ACTION5,0,GameState.NOT_FINISHED,False,mechanics=I now hypothesize that the actions are related to swapping or rotating cells in  | EXPERIMENT | cd=[]
ce24ad74,probe52_arc,merge,5,16,ACTION2,0,GameState.NOT_FINISHED,False,mechanics=I now hypothesize that the actions are related to manipulating the '8' and '9' c | EXPERIMENT | cd=[5]
ce24ad74,probe52_arc,merge,5,17,ACTION6,0,GameState.NOT_FINISHED,False,"mechanics=I now hypothesize that the actions are related to manipulating the '1' cells, wh | EXPERIMENT | cd=[5]"
ce24ad74,probe52_arc,merge,5,18,ACTION4,0,GameState.NOT_FINISHED,False,"mechanics=I now hypothesize that the actions are related to manipulating the '5' cells, wh | EXPERIMENT | cd=[5, 6]"
ce24ad74,probe52_arc,merge,5,19,ACTION4,0,GameState.NOT_FINISHED,False,"mechanics=I now hypothesize that the actions are related to manipulating the '1' cells and | EXPERIMENT | cd=[5, 6]"
ce24ad74,probe52_arc,merge,5,20,ACTION1,0,GameState.NOT_FINISHED,False,mechanics=I now hypothesize that the actions are related to swapping or moving specific ce | EXPERIMENT | cd=[6]
ce24ad74,probe52_arc,merge,5,21,ACTION3,0,GameState.NOT_FINISHED,False,mechanics=I now hypothesize that the actions are related to rotating or flipping a subset  | EXPERIMENT | cd=[6]
ce24ad74,probe52_arc,merge,5,22,ACTION1,0,GameState.NOT_FINISHED,False,mechanics=I now hypothesize that the actions are related to swapping or moving a subset of | EXPERIMENT | cd=[]
ce24ad74,probe52_arc,merge,5,23,ACTION2,0,GameState.NOT_FINISHED,False,mechanics=I now hypothesize that the actions are related to rotating or mirroring a subset | EXPERIMENT | cd=[]
ce24ad74,probe52_arc,merge,5,24,ACTION5,0,GameState.NOT_FINISHED,False,mechanics=I now hypothesize that the actions are related to swapping or moving specific ce | EXPERIMENT | cd=[]
ce24ad74,probe52_arc,merge,5,25,ACTION6,0,GameState.NOT_FINISHED,False,mechanics=I now hypothesize that the actions are related to rotating or flipping sections  | EXPERIMENT | cd=[5]
ce24ad74,probe52_arc,merge,5,26,ACTION4,0,GameState.NOT_FINISHED,False,"mechanics=I now hypothesize that the actions are related to moving or swapping specific ce | EXPERIMENT | cd=[5, 6]"
ce24ad74,probe52_arc,merge,5,27,ACTION4,0,GameState.NOT_FINISHED,False,"mechanics=I now hypothesize that the actions involve manipulating the '8' and '9' cells to | EXPERIMENT | cd=[5, 6]"
ce24ad74,probe52_arc,merge,5,28,ACTION4,0,GameState.NOT_FINISHED,False,"mechanics=I now hypothesize that the actions involve swapping or moving cells in a specifi | EXPERIMENT | cd=[5, 6]"
ce24ad74,probe52_arc,merge,5,29,ACTION4,0,GameState.NOT_FINISHED,False,mechanics=I now hypothesize that the actions involve rotating or mirroring a subset of the | EXPERIMENT | cd=[6]
ce24ad74,probe52_arc,merge,5,30,ACTION3,0,GameState.NOT_FINISHED,False,"mechanics=I now hypothesize that the actions involve swapping or replacing specific cells, | EXPERIMENT | cd=[]"
ce24ad74,probe52_arc,merge,5,31,ACTION2,0,GameState.NOT_FINISHED,False,mechanics=I now hypothesize that the actions involve rotating or flipping sections of the  | EXPERIMENT | cd=[]
ce24ad74,probe52_arc,merge,5,32,ACTION1,0,GameState.NOT_FINISHED,False,mechanics=I now hypothesize that the actions involve swapping or replacing specific cells  | EXPERIMENT | cd=[]
ce24ad74,probe52_arc,merge,5,33,ACTION1,0,GameState.NOT_FINISHED,False,mechanics=I now hypothesize that the actions involve rotating or flipping a subset of cell | EXPERIMENT | cd=[]
ce24ad74,probe52_arc,merge,5,34,ACTION6,0,GameState.NOT_FINISHED,False,mechanics=I now hypothesize that the actions involve swapping or replacing specific cells  | EXPERIMENT | cd=[]
ce24ad74,probe52_arc,merge,5,35,ACTION5,0,GameState.NOT_FINISHED,False,mechanics=I now hypothesize that the actions involve rotating or flipping sections of the  | EXPERIMENT | cd=[6]
ce24ad74,probe52_arc,merge,5,36,ACTION4,0,GameState.NOT_FINISHED,False,"mechanics=I now hypothesize that the actions involve swapping or moving individual cells o | EXPERIMENT | cd=[5, 6]"
ce24ad74,probe52_arc,merge,5,37,ACTION4,0,GameState.NOT_FINISHED,False,"mechanics=I now hypothesize that the actions involve rotating or flipping a subset of the  | EXPERIMENT | cd=[5, 6]"
ce24ad74,probe52_arc,merge,5,38,ACTION4,0,GameState.NOT_FINISHED,False,"mechanics=I now hypothesize that the actions involve swapping or replacing specific cells, | EXPERIMENT | cd=[5, 6]"
ce24ad74,probe52_arc,merge,5,39,ACTION6,0,GameState.NOT_FINISHED,False,mechanics=I now hypothesize that the actions involve rotating or flipping a subset of cell | EXPERIMENT | cd=[5]
ce24ad74,probe52_arc,merge,5,40,ACTION2,0,GameState.NOT_FINISHED,False,"mechanics=I now hypothesize that the actions involve swapping or replacing specific cells, | EXPERIMENT | cd=[6]"
ce24ad74,probe52_arc,merge,5,41,ACTION3,0,GameState.NOT_FINISHED,False,mechanics=I now hypothesize that the actions involve rotating or flipping a subset of cell | EXPERIMENT | cd=[6]
ce24ad74,probe52_arc,merge,5,42,ACTION1,0,GameState.NOT_FINISHED,False,"mechanics=I now hypothesize that the actions involve swapping or replacing specific cells, | EXPERIMENT | cd=[6]"
ce24ad74,probe52_arc,merge,5,43,ACTION1,0,GameState.NOT_FINISHED,False,mechanics=I now hypothesize that the actions involve rotating or mirroring a subset of cel | EXPERIMENT | cd=[6]
ce24ad74,probe52_arc,merge,5,44,ACTION2,0,GameState.NOT_FINISHED,False,"mechanics=I now hypothesize that the actions involve swapping or replacing specific cells, | EXPERIMENT | cd=[1]"
ce24ad74,probe52_arc,merge,5,45,ACTION2,0,GameState.NOT_FINISHED,False,mechanics=I now hypothesize that the actions involve rotating or flipping a subset of cell | EXPERIMENT | cd=[1]
ce24ad74,probe52_arc,merge,5,46,ACTION5,0,GameState.NOT_FINISHED,False,mechanics=I now hypothesize that the actions involve swapping or moving a single cell to a | EXPERIMENT | cd=[1]
ce24ad74,probe52_arc,merge,5,47,ACTION4,0,GameState.NOT_FINISHED,False,"mechanics=I now hypothesize that the actions involve removing or replacing a single cell w | EXPERIMENT | cd=[1, 5]"
ce24ad74,probe52_arc,merge,5,48,ACTION6,0,GameState.NOT_FINISHED,False,mechanics=I now hypothesize that the actions involve swapping or replacing cells in a spec | EXPERIMENT | cd=[5]
ce24ad74,probe52_arc,merge,5,49,ACTION4,0,GameState.NOT_FINISHED,False,"mechanics=I now hypothesize that the actions involve modifying the grid in a way that crea | EXPERIMENT | cd=[5, 6]"
ce24ad74,probe52_arc,merge,6,0,ACTION1,0,GameState.NOT_FINISHED,False,mechanics=I hypothesize that the actions might be related to moving or transforming the '1 | EXPERIMENT | cd=[]
ce24ad74,probe52_arc,merge,6,1,ACTION2,0,GameState.NOT_FINISHED,False,"mechanics=I believe the actions might be related to swapping or moving blocks, and the goa | cd=[]"
ce24ad74,probe52_arc,merge,6,2,ACTION3,0,GameState.NOT_FINISHED,False,"mechanics=I believe the actions might be related to swapping or moving blocks, and the goa | cd=[]"
ce24ad74,probe52_arc,merge,6,3,ACTION4,0,GameState.NOT_FINISHED,False,"mechanics=I believe the actions might be related to swapping or moving blocks, and the goa | cd=[]"
ce24ad74,probe52_arc,merge,6,4,ACTION5,0,GameState.NOT_FINISHED,False,"mechanics=I believe the actions are related to swapping or moving blocks, and the goal is  | cd=[]"
ce24ad74,probe52_arc,merge,6,5,ACTION6,0,GameState.NOT_FINISHED,False,"mechanics=I believe the actions are related to swapping or moving blocks, and the goal is  | cd=[5]"
ce24ad74,probe52_arc,merge,6,6,ACTION1,0,GameState.NOT_FINISHED,False,"mechanics=I believe the actions are related to swapping or moving blocks, and the goal is  | cd=[5, 6]"
ce24ad74,probe52_arc,merge,6,7,ACTION1,0,GameState.NOT_FINISHED,False,"mechanics=I believe the actions are related to manipulating specific blocks or patterns, a | EXPERIMENT | cd=[5, 6]"
ce24ad74,probe52_arc,merge,6,8,ACTION1,0,GameState.NOT_FINISHED,False,"mechanics=I now believe the actions are related to swapping or rotating blocks in a specif | EXPERIMENT | cd=[5, 6]"
ce24ad74,probe52_arc,merge,6,9,ACTION1,0,GameState.NOT_FINISHED,False,"mechanics=I now believe the actions are related to modifying specific cells or regions, an | EXPERIMENT | cd=[6]"
ce24ad74,probe52_arc,merge,6,10,ACTION1,0,GameState.NOT_FINISHED,False,mechanics=I now believe the actions may be related to swapping or rotating cells in a spec | EXPERIMENT | cd=[]
ce24ad74,probe52_arc,merge,6,11,ACTION4,0,GameState.GAME_OVER,False,"mechanics=I now believe the actions may be related to modifying the '5' characters, which  | EXPERIMENT | cd=[]"
ce24ad74,probe52_arc,merge,7,0,ACTION1,0,GameState.NOT_FINISHED,False,"mechanics=I hypothesize that the actions might be related to manipulating the '1' blocks,  | EXPERIMENT | cd=[]"
ce24ad74,probe52_arc,merge,7,1,ACTION2,0,GameState.NOT_FINISHED,False,mechanics=I believe the actions might be related to swapping or moving '1' blocks to speci | cd=[]
ce24ad74,probe52_arc,merge,7,2,ACTION3,0,GameState.NOT_FINISHED,False,mechanics=I believe the actions are related to swapping or moving '1' blocks to specific p | cd=[]
ce24ad74,probe52_arc,merge,7,3,ACTION4,0,GameState.NOT_FINISHED,False,mechanics=I believe the actions are related to swapping or moving '1' blocks to specific p | cd=[]
ce24ad74,probe52_arc,merge,7,4,ACTION5,0,GameState.NOT_FINISHED,False,mechanics=I believe the actions are related to swapping or moving '1' blocks to specific p | cd=[]
ce24ad74,probe52_arc,merge,7,5,ACTION6,0,GameState.NOT_FINISHED,False,"mechanics=The actions are related to swapping or moving '1' blocks to specific positions,  | cd=[5]"
ce24ad74,probe52_arc,merge,7,6,ACTION1,0,GameState.NOT_FINISHED,False,"mechanics=The actions might be related to manipulating '1' blocks to create a specific pat | cd=[5, 6]"
ce24ad74,probe52_arc,merge,7,7,ACTION1,0,GameState.NOT_FINISHED,False,"mechanics=The actions might be related to manipulating '1' blocks to create a specific pat | EXPERIMENT | cd=[5, 6]"
ce24ad74,probe52_arc,merge,7,8,ACTION1,0,GameState.NOT_FINISHED,False,"mechanics=The actions might be related to swapping or rotating '1' blocks to create a spec | EXPERIMENT | cd=[5, 6]"
ce24ad74,probe52_arc,merge,7,9,ACTION2,0,GameState.NOT_FINISHED,False,mechanics=The actions might be related to manipulating the '5' blocks to create a path or  | EXPERIMENT | cd=[6]
ce24ad74,probe52_arc,merge,7,10,ACTION3,0,GameState.NOT_FINISHED,False,mechanics=The actions might be related to swapping or rotating blocks to create a specific | EXPERIMENT | cd=[]
ce24ad74,probe52_arc,merge,7,11,ACTION4,0,GameState.NOT_FINISHED,False,mechanics=The actions might be related to manipulating the '1' blocks to create a specific | EXPERIMENT | cd=[]
ce24ad74,probe52_arc,merge,7,12,ACTION1,0,GameState.NOT_FINISHED,False,mechanics=The actions might be related to swapping or rotating blocks in a specific patter | EXPERIMENT | cd=[]
ce24ad74,probe52_arc,merge,7,13,ACTION1,0,GameState.NOT_FINISHED,False,mechanics=The actions might be related to creating a specific pattern or shape with the '1 | EXPERIMENT | cd=[]
ce24ad74,probe52_arc,merge,7,14,ACTION6,0,GameState.NOT_FINISHED,False,mechanics=The actions might be related to creating a chain reaction or a flow of '1' block | EXPERIMENT | cd=[]
ce24ad74,probe52_arc,merge,7,15,ACTION1,0,GameState.NOT_FINISHED,False,mechanics=The actions might be related to manipulating the '5' blocks to create a specific | EXPERIMENT | cd=[6]
ce24ad74,probe52_arc,merge,7,16,ACTION1,0,GameState.NOT_FINISHED,False,"mechanics=The actions might be related to swapping or rotating blocks in a specific area,  | EXPERIMENT | cd=[6]"
ce24ad74,probe52_arc,merge,7,17,ACTION5,0,GameState.NOT_FINISHED,False,mechanics=The actions might be related to shifting or moving blocks in a specific directio | EXPERIMENT | cd=[6]
ce24ad74,probe52_arc,merge,7,18,ACTION2,0,GameState.NOT_FINISHED,False,"mechanics=The actions might be related to rotating or flipping blocks in a specific patter | EXPERIMENT | cd=[5, 6]"
ce24ad74,probe52_arc,merge,7,19,ACTION6,0,GameState.NOT_FINISHED,False,mechanics=The actions might be related to swapping or replacing blocks in a specific patte | EXPERIMENT | cd=[5]
ce24ad74,probe52_arc,merge,7,20,ACTION3,0,GameState.NOT_FINISHED,False,"mechanics=The actions might be related to rotating or reflecting blocks in a specific patt | EXPERIMENT | cd=[5, 6]"
ce24ad74,probe52_arc,merge,7,21,ACTION4,0,GameState.NOT_FINISHED,False,"mechanics=The actions might be related to swapping or moving blocks in a specific pattern, | EXPERIMENT | cd=[5, 6]"
ce24ad74,probe52_arc,merge,7,22,ACTION1,0,GameState.NOT_FINISHED,False,"mechanics=The actions might be related to rotating or mirroring a subset of the grid, with | EXPERIMENT | cd=[6]"
ce24ad74,probe52_arc,merge,7,23,ACTION1,0,GameState.NOT_FINISHED,False,"mechanics=The actions might be related to swapping or moving blocks in a specific pattern, | EXPERIMENT | cd=[6]"
ce24ad74,probe52_arc,merge,7,24,ACTION1,0,GameState.NOT_FINISHED,False,mechanics=The actions might be related to rotating or reflecting blocks in a specific patt | EXPERIMENT | cd=[]
ce24ad74,probe52_arc,merge,7,25,ACTION2,0,GameState.NOT_FINISHED,False,"mechanics=The actions might be related to swapping or moving blocks in a specific pattern, | EXPERIMENT | cd=[]"
ce24ad74,probe52_arc,merge,7,26,ACTION6,0,GameState.NOT_FINISHED,False,mechanics=The actions might be related to rotating or reflecting blocks in a specific patt | EXPERIMENT | cd=[]
ce24ad74,probe52_arc,merge,7,27,ACTION5,0,GameState.NOT_FINISHED,False,"mechanics=The actions might be related to swapping or moving blocks in a specific pattern, | EXPERIMENT | cd=[6]"
ce24ad74,probe52_arc,merge,7,28,ACTION1,0,GameState.NOT_FINISHED,False,"mechanics=The actions might be related to rotating or reflecting blocks in a specific patt | EXPERIMENT | cd=[5, 6]"
ce24ad74,probe52_arc,merge,7,29,ACTION4,0,GameState.NOT_FINISHED,False,"mechanics=The actions might be related to swapping or moving blocks in a specific pattern, | EXPERIMENT | cd=[5, 6]"
ce24ad74,probe52_arc,merge,7,30,ACTION1,0,GameState.NOT_FINISHED,False,"mechanics=The actions might be related to rotating or reflecting blocks in a specific patt | EXPERIMENT | cd=[5, 6]"
ce24ad74,probe52_arc,merge,7,31,ACTION1,0,GameState.NOT_FINISHED,False,"mechanics=The actions might be related to swapping or moving blocks in a specific pattern, | EXPERIMENT | cd=[5]"
ce24ad74,probe52_arc,merge,7,32,ACTION3,0,GameState.NOT_FINISHED,False,"mechanics=The actions might be related to rotating or reflecting the grid, with the '8' bl | EXPERIMENT | cd=[1]"
ce24ad74,probe52_arc,merge,7,33,ACTION2,0,GameState.NOT_FINISHED,False,"mechanics=The actions might be related to swapping or moving blocks, with the '8' blocks a | EXPERIMENT | cd=[1]"
ce24ad74,probe52_arc,merge,7,34,ACTION6,0,GameState.NOT_FINISHED,False,"mechanics=The actions might be related to rotating or reflecting blocks, with the '8' bloc | EXPERIMENT | cd=[1]"
ce24ad74,probe52_arc,merge,7,35,ACTION4,0,GameState.NOT_FINISHED,False,"mechanics=The actions might be related to swapping or moving blocks, with the '8' blocks a | EXPERIMENT | cd=[1, 6]"
ce24ad74,probe52_arc,merge,7,36,ACTION5,0,GameState.NOT_FINISHED,False,"mechanics=The actions might be related to rotating or flipping blocks, with the '8' blocks | EXPERIMENT | cd=[6]"
ce24ad74,probe52_arc,merge,7,37,ACTION4,0,GameState.NOT_FINISHED,False,"mechanics=The actions might be related to swapping or moving blocks, with the '8' blocks a | EXPERIMENT | cd=[5, 6]"
ce24ad74,probe52_arc,merge,7,38,ACTION1,0,GameState.NOT_FINISHED,False,"mechanics=The actions might be related to rotating or flipping blocks, with the '8' blocks | EXPERIMENT | cd=[5, 6]"
ce24ad74,probe52_arc,merge,7,39,ACTION4,0,GameState.NOT_FINISHED,False,"mechanics=The actions might be related to swapping or moving blocks, with the '8' blocks a | EXPERIMENT | cd=[5]"
ce24ad74,probe52_arc,merge,7,40,ACTION6,0,GameState.NOT_FINISHED,False,"mechanics=The actions might be related to rotating or reflecting blocks, with the '8' bloc | EXPERIMENT | cd=[5]"
ce24ad74,probe52_arc,merge,7,41,ACTION1,0,GameState.NOT_FINISHED,False,"mechanics=The actions might be related to moving or swapping blocks, with the '8' blocks a | EXPERIMENT | cd=[6]"
ce24ad74,probe52_arc,merge,7,42,ACTION2,0,GameState.NOT_FINISHED,False,"mechanics=The actions might be related to removing or replacing specific blocks, with the  | EXPERIMENT | cd=[1, 6]"
ce24ad74,probe52_arc,merge,7,43,ACTION4,0,GameState.NOT_FINISHED,False,"mechanics=The actions might be related to swapping or moving blocks, with the '9' blocks a | EXPERIMENT | cd=[1, 6]"
ce24ad74,probe52_arc,merge,7,44,ACTION3,0,GameState.NOT_FINISHED,False,"mechanics=The actions might be related to rotating or reflecting blocks, with the '9' bloc | EXPERIMENT | cd=[1, 6]"
ce24ad74,probe52_arc,merge,7,45,ACTION5,0,GameState.NOT_FINISHED,False,"mechanics=The actions might be related to swapping or moving blocks, with the '9' blocks a | EXPERIMENT | cd=[1]"
ce24ad74,probe52_arc,merge,7,46,ACTION1,0,GameState.NOT_FINISHED,False,"mechanics=The actions might be related to rotating or flipping blocks, with the '9' blocks | EXPERIMENT | cd=[5]"
ce24ad74,probe52_arc,merge,7,47,ACTION4,0,GameState.NOT_FINISHED,False,"mechanics=The actions might be related to swapping or moving blocks, with the '9' blocks a | EXPERIMENT | cd=[5]"
ce24ad74,probe52_arc,merge,7,48,ACTION2,0,GameState.NOT_FINISHED,False,"mechanics=The actions might be related to rotating or reflecting blocks, with the '9' bloc | EXPERIMENT | cd=[5]"
ce24ad74,probe52_arc,merge,7,49,ACTION6,0,GameState.NOT_FINISHED,False,"mechanics=The actions might be related to rotating or reflecting blocks, with the '9' bloc | EXPERIMENT | cd=[5]"
ce24ad74,probe52_arc,merge,8,0,ACTION1,0,GameState.NOT_FINISHED,False,mechanics=My new hypothesis is that the actions might be related to moving or transforming | EXPERIMENT | cd=[]
ce24ad74,probe52_arc,merge,8,1,ACTION2,0,GameState.NOT_FINISHED,False,"mechanics=I believe the actions might be related to swapping or moving blocks, and the goa | cd=[]"
ce24ad74,probe52_arc,merge,8,2,ACTION3,0,GameState.NOT_FINISHED,False,"mechanics=I believe the actions might be related to swapping or moving blocks, and the goa | cd=[]"
ce24ad74,probe52_arc,merge,8,3,ACTION4,0,GameState.NOT_FINISHED,False,"mechanics=I believe the actions are related to swapping or moving blocks, and the goal cou | cd=[]"
ce24ad74,probe52_arc,merge,8,4,ACTION6,0,GameState.NOT_FINISHED,False,"mechanics=I believe the actions are related to swapping or moving blocks, and the goal cou | cd=[]"
ce24ad74,probe52_arc,merge,8,5,ACTION5,0,GameState.NOT_FINISHED,False,"mechanics=I believe the actions are related to swapping or moving blocks, and the goal cou | cd=[6]"
ce24ad74,probe52_arc,merge,8,6,ACTION1,0,GameState.NOT_FINISHED,False,"mechanics=I believe the actions are related to swapping or moving blocks, and the goal cou | cd=[5, 6]"
ce24ad74,probe52_arc,merge,8,7,ACTION1,0,GameState.NOT_FINISHED,False,"mechanics=I now believe the actions are related to rotating or flipping blocks, and the go | EXPERIMENT | cd=[5, 6]"
ce24ad74,probe52_arc,merge,8,8,ACTION1,0,GameState.NOT_FINISHED,False,"mechanics=I now believe the actions are related to swapping or moving blocks, and the goal | EXPERIMENT | cd=[5, 6]"
ce24ad74,probe52_arc,merge,8,9,ACTION6,0,GameState.NOT_FINISHED,False,"mechanics=I now believe the actions are related to rotating or reflecting blocks, and the  | EXPERIMENT | cd=[5]"
ce24ad74,probe52_arc,merge,8,10,ACTION2,0,GameState.NOT_FINISHED,False,"mechanics=I now believe the actions are related to moving or swapping blocks, and the goal | EXPERIMENT | cd=[6]"
ce24ad74,probe52_arc,merge,8,11,ACTION3,0,GameState.NOT_FINISHED,False,"mechanics=I now believe the actions are related to rotating or flipping blocks, and the go | EXPERIMENT | cd=[6]"
ce24ad74,probe52_arc,merge,8,12,ACTION4,0,GameState.NOT_FINISHED,False,"mechanics=I now believe the actions are related to swapping or moving blocks, and the goal | EXPERIMENT | cd=[6]"
ce24ad74,probe52_arc,merge,8,13,ACTION5,0,GameState.NOT_FINISHED,False,"mechanics=I now believe the actions are related to rotating or flipping blocks, and the go | EXPERIMENT | cd=[6]"
ce24ad74,probe52_arc,merge,8,14,ACTION6,0,GameState.NOT_FINISHED,False,"mechanics=I now believe the actions are related to moving or merging blocks, and the goal  | EXPERIMENT | cd=[5]"
ce24ad74,probe52_arc,merge,8,15,ACTION1,0,GameState.NOT_FINISHED,False,"mechanics=I now believe the actions are related to rotating or flipping blocks, and the go | EXPERIMENT | cd=[5, 6]"
ce24ad74,probe52_arc,merge,8,16,ACTION1,0,GameState.NOT_FINISHED,False,"mechanics=I now believe the actions are related to swapping or moving blocks, and the goal | EXPERIMENT | cd=[5, 6]"
ce24ad74,probe52_arc,merge,8,17,ACTION1,0,GameState.NOT_FINISHED,False,"mechanics=I now believe the actions are related to rotating or mirroring blocks, and the g | EXPERIMENT | cd=[5, 6]"
ce24ad74,probe52_arc,merge,8,18,ACTION5,0,GameState.NOT_FINISHED,False,"mechanics=I now believe the actions are related to rotating or mirroring blocks, and the g | EXPERIMENT | cd=[6]"
ce24ad74,probe52_arc,merge,8,19,ACTION2,0,GameState.NOT_FINISHED,False,"mechanics=I now believe the actions are related to swapping or moving blocks, and the goal | EXPERIMENT | cd=[5]"
ce24ad74,probe52_arc,merge,8,20,ACTION3,0,GameState.NOT_FINISHED,False,"mechanics=I now believe the actions are related to rotating or reflecting blocks, and the  | EXPERIMENT | cd=[5]"
ce24ad74,probe52_arc,merge,8,21,ACTION4,0,GameState.NOT_FINISHED,False,"mechanics=I now believe the actions are related to swapping or moving blocks, and the goal | EXPERIMENT | cd=[5]"
ce24ad74,probe52_arc,merge,8,22,ACTION6,0,GameState.NOT_FINISHED,False,"mechanics=I now believe the actions are related to rotating or reflecting blocks, and the  | EXPERIMENT | cd=[5]"
ce24ad74,probe52_arc,merge,8,23,ACTION1,0,GameState.NOT_FINISHED,False,"mechanics=I believe the actions are related to removing or replacing blocks, and the goal  | EXPERIMENT | cd=[6]"
ce24ad74,probe52_arc,merge,8,24,ACTION1,0,GameState.NOT_FINISHED,False,mechanics=I now believe the actions are related to swapping or rotating blocks in a specif | EXPERIMENT | cd=[6]
ce24ad74,probe52_arc,merge,8,25,ACTION1,0,GameState.NOT_FINISHED,False,mechanics=I now believe the actions are related to manipulating specific blocks or pattern | EXPERIMENT | cd=[6]
ce24ad74,probe52_arc,merge,8,26,ACTION1,0,GameState.NOT_FINISHED,False,mechanics=I now believe the actions are related to swapping or rotating blocks in the grid | EXPERIMENT | cd=[6]
ce24ad74,probe52_arc,merge,8,27,ACTION6,0,GameState.NOT_FINISHED,False,mechanics=I now believe the actions are related to manipulating specific blocks or pattern | EXPERIMENT | cd=[]
ce24ad74,probe52_arc,merge,8,28,ACTION5,0,GameState.NOT_FINISHED,False,mechanics=I now believe the actions are related to manipulating the '1' blocks to create a | EXPERIMENT | cd=[6]
ce24ad74,probe52_arc,merge,8,29,ACTION2,0,GameState.NOT_FINISHED,False,"mechanics=I now believe the actions are related to manipulating the '5' blocks to create a | EXPERIMENT | cd=[5, 6]"
ce24ad74,probe52_arc,merge,8,30,ACTION2,0,GameState.NOT_FINISHED,False,"mechanics=I now believe the actions are related to manipulating the '9' and '8' blocks to  | EXPERIMENT | cd=[5, 6]"
ce24ad74,probe52_arc,merge,8,31,ACTION3,0,GameState.NOT_FINISHED,False,"mechanics=I now believe the actions are related to manipulating the '1' blocks to create a | EXPERIMENT | cd=[5, 6]"
ce24ad74,probe52_arc,merge,8,32,ACTION4,0,GameState.NOT_FINISHED,False,mechanics=I now believe the actions are related to manipulating the '5' and '8' blocks to  | EXPERIMENT | cd=[5]
ce24ad74,probe52_arc,merge,8,33,ACTION1,0,GameState.NOT_FINISHED,False,mechanics=I now believe the actions are related to swapping or moving specific blocks to c | EXPERIMENT | cd=[]
ce24ad74,probe52_arc,merge,8,34,ACTION1,0,GameState.NOT_FINISHED,False,mechanics=I now believe the actions are related to rotating or flipping specific sections  | EXPERIMENT | cd=[]
ce24ad74,probe52_arc,merge,8,35,ACTION1,0,GameState.NOT_FINISHED,False,mechanics=I believe the actions are related to swapping or replacing specific cells in the | EXPERIMENT | cd=[]
ce24ad74,probe52_arc,merge,8,36,ACTION6,0,GameState.NOT_FINISHED,False,mechanics=I now believe the actions might be related to rotating or mirroring specific sec | EXPERIMENT | cd=[]
ce24ad74,probe52_arc,merge,8,37,ACTION1,0,GameState.NOT_FINISHED,False,"mechanics=I now believe the actions might be related to moving or merging specific blocks, | EXPERIMENT | cd=[6]"
ce24ad74,probe52_arc,merge,8,38,ACTION5,0,GameState.NOT_FINISHED,False,"mechanics=I now believe the actions might be related to interacting with specific symbols  | EXPERIMENT | cd=[1, 6]"
ce24ad74,probe52_arc,merge,8,39,ACTION2,0,GameState.NOT_FINISHED,False,"mechanics=I now believe the actions might be related to modifying the grid in a way that c | EXPERIMENT | cd=[1, 5, 6]"
ce24ad74,probe52_arc,merge,8,40,ACTION3,0,GameState.NOT_FINISHED,False,"mechanics=I now believe the actions might be related to modifying the grid in a way that c | EXPERIMENT | cd=[1, 5, 6]"
ce24ad74,probe52_arc,merge,8,41,ACTION4,0,GameState.NOT_FINISHED,False,"mechanics=I believe the actions might be related to creating a specific pattern or arrange | EXPERIMENT | cd=[1, 5]"
ce24ad74,probe52_arc,merge,8,42,ACTION1,0,GameState.NOT_FINISHED,False,mechanics=I now believe the actions might be related to creating a specific cluster or gro | EXPERIMENT | cd=[5]
ce24ad74,probe52_arc,merge,8,43,ACTION6,0,GameState.NOT_FINISHED,False,mechanics=I now believe the actions might be related to creating a specific pattern or cha | EXPERIMENT | cd=[]
ce24ad74,probe52_arc,merge,8,44,ACTION2,0,GameState.NOT_FINISHED,False,"mechanics=I now believe the actions might be related to manipulating the '1' symbols, poss | EXPERIMENT | cd=[6]"
ce24ad74,probe52_arc,merge,8,45,ACTION2,0,GameState.NOT_FINISHED,False,"mechanics=I believe the actions might be related to manipulating the '5' symbols, possibly | EXPERIMENT | cd=[6]"
ce24ad74,probe52_arc,merge,8,46,ACTION2,0,GameState.NOT_FINISHED,False,"mechanics=I now believe the actions might be related to manipulating the '1' symbols, poss | EXPERIMENT | cd=[6]"
ce24ad74,probe52_arc,merge,8,47,ACTION1,0,GameState.NOT_FINISHED,False,"mechanics=I now believe the actions might be related to manipulating the '5' symbols, poss | EXPERIMENT | cd=[6]"
ce24ad74,probe52_arc,merge,8,48,ACTION1,0,GameState.NOT_FINISHED,False,"mechanics=I now believe the actions might be related to manipulating the '1' symbols, poss | EXPERIMENT | cd=[]"
ce24ad74,probe52_arc,merge,8,49,ACTION1,0,GameState.NOT_FINISHED,False,"mechanics=I believe the actions are related to swapping or moving specific symbols, and th | EXPERIMENT | cd=[]"
ce24ad74,probe52_arc,merge,9,0,ACTION1,0,GameState.NOT_FINISHED,False,mechanics=My initial hypothesis is that the actions might be related to moving or modifyin | EXPERIMENT | cd=[]
ce24ad74,probe52_arc,merge,9,1,ACTION2,0,GameState.NOT_FINISHED,False,mechanics=I believe the actions might be related to swapping or modifying specific cells i | cd=[]
ce24ad74,probe52_arc,merge,9,2,ACTION3,0,GameState.NOT_FINISHED,False,mechanics=I believe the actions might be related to swapping or modifying specific cells i | cd=[]
ce24ad74,probe52_arc,merge,9,3,ACTION4,0,GameState.NOT_FINISHED,False,mechanics=I believe the actions are related to swapping or modifying specific cells in the | cd=[]
ce24ad74,probe52_arc,merge,9,4,ACTION5,0,GameState.NOT_FINISHED,False,mechanics=I believe the actions are related to swapping or modifying specific cells in the | cd=[]
ce24ad74,probe52_arc,merge,9,5,ACTION6,0,GameState.NOT_FINISHED,False,mechanics=I believe the actions are related to swapping or modifying specific cells in the | cd=[5]
ce24ad74,probe52_arc,merge,9,6,ACTION1,0,GameState.NOT_FINISHED,False,"mechanics=I believe the actions are related to swapping or modifying specific cells in the | cd=[5, 6]"
ce24ad74,probe52_arc,merge,9,7,ACTION1,0,GameState.NOT_FINISHED,False,"mechanics=I now believe the actions are related to modifying specific patterns or groups o | EXPERIMENT | cd=[5, 6]"
ce24ad74,probe52_arc,merge,9,8,ACTION1,0,GameState.NOT_FINISHED,False,"mechanics=I now believe the actions are related to swapping or moving groups of cells in t | EXPERIMENT | cd=[5, 6]"
ce24ad74,probe52_arc,merge,9,9,ACTION5,0,GameState.NOT_FINISHED,False,mechanics=I now believe the actions are related to manipulating the grid in a way that cre | EXPERIMENT | cd=[6]
ce24ad74,probe52_arc,merge,9,10,ACTION2,0,GameState.NOT_FINISHED,False,mechanics=I now believe the actions are related to manipulating the grid in a way that cre | EXPERIMENT | cd=[5]
ce24ad74,probe52_arc,merge,9,11,ACTION4,0,GameState.NOT_FINISHED,False,mechanics=I now believe the actions are related to swapping or moving specific symbols ('8 | EXPERIMENT | cd=[5]
ce24ad74,probe52_arc,merge,9,12,ACTION3,0,GameState.NOT_FINISHED,False,"mechanics=I now believe the actions are related to manipulating the '1' symbols, potential | EXPERIMENT | cd=[5]"
ce24ad74,probe52_arc,merge,9,13,ACTION6,0,GameState.NOT_FINISHED,False,"mechanics=I now believe the actions are related to manipulating the '8' and '9' symbols, p | EXPERIMENT | cd=[5]"
ce24ad74,probe52_arc,merge,9,14,ACTION1,0,GameState.NOT_FINISHED,False,"mechanics=I now believe the actions are related to manipulating the '5' and '1' symbols, p | EXPERIMENT | cd=[6]"
ce24ad74,probe52_arc,merge,9,15,ACTION1,0,GameState.NOT_FINISHED,False,"mechanics=I now believe the actions are related to manipulating the '8' and '9' symbols, p | EXPERIMENT | cd=[6]"
ce24ad74,probe52_arc,merge,9,16,ACTION1,0,GameState.NOT_FINISHED,False,"mechanics=I now believe the actions are related to manipulating the '5' and '1' symbols, p | EXPERIMENT | cd=[6]"
ce24ad74,probe52_arc,merge,9,17,ACTION1,0,GameState.NOT_FINISHED,False,"mechanics=I now believe the actions are related to manipulating the '8' and '9' symbols, p | EXPERIMENT | cd=[6]"
ce24ad74,probe52_arc,merge,9,18,ACTION6,0,GameState.NOT_FINISHED,False,"mechanics=I now believe the actions are related to manipulating the '1' and '5' symbols, p | EXPERIMENT | cd=[]"
ce24ad74,probe52_arc,merge,9,19,ACTION2,0,GameState.NOT_FINISHED,False,"mechanics=I now believe the actions are related to manipulating the '8' and '9' symbols, p | EXPERIMENT | cd=[6]"
ce24ad74,probe52_arc,merge,9,20,ACTION4,0,GameState.GAME_OVER,False,"mechanics=The actions might be related to manipulating the '8' and '9' symbols, potentiall | EXPERIMENT | cd=[6]"
ce24ad74,probe52_arc,simple_maze,5,0,ACTION1,0,GameState.NOT_FINISHED,False,"mechanics=I hypothesize that the actions might be related to moving or modifying the '5',  | EXPERIMENT | cd=[]"
ce24ad74,probe52_arc,simple_maze,5,1,ACTION2,0,GameState.NOT_FINISHED,False,"mechanics=I revise my theory to consider that actions might affect the '.' characters, pot | cd=[1]"
ce24ad74,probe52_arc,simple_maze,5,2,ACTION3,0,GameState.NOT_FINISHED,False,mechanics=I believe actions might shift or modify '.' characters to create a path or surro | cd=[1]
ce24ad74,probe52_arc,simple_maze,5,3,ACTION4,0,GameState.NOT_FINISHED,False,"mechanics=I believe ACTION2 is a key to changing the grid, possibly moving or modifying '. | cd=[1, 3]"
ce24ad74,probe52_arc,simple_maze,5,4,ACTION5,0,GameState.NOT_FINISHED,False,"mechanics=ACTION2 changes the grid, possibly moving or modifying '.' characters. ACTION1,  | cd=[1, 3, 4]"
ce24ad74,probe52_arc,simple_maze,5,5,ACTION6,0,GameState.NOT_FINISHED,False,"mechanics=ACTION2 might be modifying '5' characters to create a path, but its effect is no | EXPERIMENT | cd=[3, 4, 5]"
ce24ad74,probe52_arc,simple_maze,5,6,ACTION2,0,GameState.NOT_FINISHED,False,"mechanics=ACTION2 might be modifying '5' characters to create a path, but its effect is no | EXPERIMENT | cd=[3, 4, 5, 6]"
ce24ad74,probe52_arc,simple_maze,5,7,ACTION2,0,GameState.NOT_FINISHED,False,"mechanics=I hypothesize that ACTION2's effect is not just about modifying '5' characters,  | EXPERIMENT | cd=[4, 5, 6]"
ce24ad74,probe52_arc,simple_maze,5,8,ACTION2,0,GameState.NOT_FINISHED,False,"mechanics=I now hypothesize that the goal is to isolate or group specific characters, and  | EXPERIMENT | cd=[5, 6]"
ce24ad74,probe52_arc,simple_maze,5,9,ACTION1,0,GameState.NOT_FINISHED,False,mechanics=I hypothesize that the goal is to move the '8' and '9' characters to specific po | EXPERIMENT | cd=[6]
ce24ad74,probe52_arc,simple_maze,5,10,ACTION2,0,GameState.NOT_FINISHED,False,"mechanics=I hypothesize that the goal is to create a connected path of '5' characters, and | EXPERIMENT | cd=[]"
ce24ad74,probe52_arc,simple_maze,5,11,ACTION2,0,GameState.NOT_FINISHED,False,"mechanics=I now hypothesize that the goal is to isolate the '8' and '9' characters, and th | EXPERIMENT | cd=[]"
ce24ad74,probe52_arc,simple_maze,5,12,ACTION4,0,GameState.NOT_FINISHED,False,mechanics=I now hypothesize that the goal is to create a path or a specific pattern with t | EXPERIMENT | cd=[2]
ce24ad74,probe52_arc,simple_maze,5,13,ACTION3,0,GameState.NOT_FINISHED,False,mechanics=I now hypothesize that the goal is to move the '8' and '9' characters to specifi | EXPERIMENT | cd=[2]
ce24ad74,probe52_arc,simple_maze,5,14,ACTION5,0,GameState.NOT_FINISHED,False,mechanics=I now hypothesize that the goal is to create a connected path or group of '5' ch | EXPERIMENT | cd=[2]
ce24ad74,probe52_arc,simple_maze,5,15,ACTION6,0,GameState.NOT_FINISHED,False,"mechanics=I now hypothesize that the goal is to isolate or remove the '8' and '9' characte | EXPERIMENT | cd=[2, 5]"
ce24ad74,probe52_arc,simple_maze,5,16,ACTION4,0,GameState.NOT_FINISHED,False,"mechanics=I now hypothesize that the goal is to create a connected path of '5' characters  | EXPERIMENT | cd=[5, 6]"
ce24ad74,probe52_arc,simple_maze,5,17,ACTION1,0,GameState.NOT_FINISHED,False,"mechanics=I now hypothesize that the goal is to create a connected path of '5' characters  | EXPERIMENT | cd=[5, 6]"
ce24ad74,probe52_arc,simple_maze,5,18,ACTION2,0,GameState.NOT_FINISHED,False,"mechanics=I now hypothesize that the goal is to create a specific pattern or arrangement o | EXPERIMENT | cd=[1, 5, 6]"
ce24ad74,probe52_arc,simple_maze,5,19,ACTION4,0,GameState.NOT_FINISHED,False,"mechanics=I now hypothesize that the actions have a local effect on the grid, possibly swa | EXPERIMENT | cd=[1, 2, 6]"
ce24ad74,probe52_arc,simple_maze,5,20,ACTION3,0,GameState.NOT_FINISHED,False,"mechanics=I now hypothesize that the actions have a global effect on the grid, possibly ro | EXPERIMENT | cd=[1, 2]"
ce24ad74,probe52_arc,simple_maze,5,21,ACTION4,0,GameState.NOT_FINISHED,False,"mechanics=I now hypothesize that the actions have a local effect on the grid, possibly swa | EXPERIMENT | cd=[1, 2]"
ce24ad74,probe52_arc,simple_maze,5,22,ACTION4,0,GameState.NOT_FINISHED,False,"mechanics=I now hypothesize that the actions have a global effect on the grid, possibly ro | EXPERIMENT | cd=[2]"
ce24ad74,probe52_arc,simple_maze,5,23,ACTION1,0,GameState.NOT_FINISHED,False,"mechanics=I now hypothesize that the actions have a local effect on the grid, possibly swa | EXPERIMENT | cd=[]"
ce24ad74,probe52_arc,simple_maze,5,24,ACTION5,0,GameState.NOT_FINISHED,False,"mechanics=I now hypothesize that the actions have a global effect on the grid, possibly ro | EXPERIMENT | cd=[1]"
ce24ad74,probe52_arc,simple_maze,5,25,ACTION6,0,GameState.NOT_FINISHED,False,"mechanics=I now hypothesize that the actions have a local effect on the grid, possibly swa | EXPERIMENT | cd=[1, 5]"
ce24ad74,probe52_arc,simple_maze,5,26,ACTION4,0,GameState.NOT_FINISHED,False,"mechanics=I now hypothesize that the actions have a global effect on the grid, possibly ro | EXPERIMENT | cd=[1, 5, 6]"
ce24ad74,probe52_arc,simple_maze,5,27,ACTION2,0,GameState.NOT_FINISHED,False,"mechanics=I now hypothesize that the actions have a local effect on the grid, possibly swa | EXPERIMENT | cd=[1, 4, 5, 6]"
ce24ad74,probe52_arc,simple_maze,5,28,ACTION2,0,GameState.NOT_FINISHED,False,"mechanics=I now hypothesize that the actions have a global effect on the grid, possibly ro | EXPERIMENT | cd=[4, 5, 6]"
ce24ad74,probe52_arc,simple_maze,5,29,ACTION3,0,GameState.NOT_FINISHED,False,"mechanics=I now hypothesize that the actions have a local effect on the grid, possibly swa | EXPERIMENT | cd=[2, 4, 6]"
ce24ad74,probe52_arc,simple_maze,5,30,ACTION1,0,GameState.NOT_FINISHED,False,"mechanics=I now hypothesize that the actions have a global effect on the grid, possibly ro | EXPERIMENT | cd=[2, 3, 4]"
ce24ad74,probe52_arc,simple_maze,5,31,ACTION1,0,GameState.NOT_FINISHED,False,"mechanics=I now hypothesize that the actions have a local effect on the grid, possibly swa | EXPERIMENT | cd=[2, 3]"
ce24ad74,probe52_arc,simple_maze,5,32,ACTION4,0,GameState.NOT_FINISHED,False,"mechanics=I now hypothesize that the actions have a global effect on the grid, possibly ro | EXPERIMENT | cd=[1, 2, 3]"
ce24ad74,probe52_arc,simple_maze,5,33,ACTION5,0,GameState.NOT_FINISHED,False,"mechanics=I now hypothesize that the actions have a local effect on the grid, possibly swa | EXPERIMENT | cd=[1, 3, 4]"
ce24ad74,probe52_arc,simple_maze,5,34,ACTION6,0,GameState.NOT_FINISHED,False,"mechanics=I now hypothesize that the actions have a global effect on the grid, possibly ro | EXPERIMENT | cd=[1, 4, 5]"
ce24ad74,probe52_arc,simple_maze,5,35,ACTION2,0,GameState.NOT_FINISHED,False,"mechanics=I now hypothesize that the actions have a local effect on the grid, possibly swa | EXPERIMENT | cd=[1, 4, 5, 6]"
ce24ad74,probe52_arc,simple_maze,5,36,ACTION1,0,GameState.NOT_FINISHED,False,"mechanics=I now hypothesize that the actions have a global effect on the grid, possibly ro | EXPERIMENT | cd=[4, 5, 6]"
ce24ad74,probe52_arc,simple_maze,5,37,ACTION1,0,GameState.NOT_FINISHED,False,"mechanics=I now hypothesize that the actions have a local effect on the grid, possibly swa | EXPERIMENT | cd=[5, 6]"
ce24ad74,probe52_arc,simple_maze,5,38,ACTION3,0,GameState.NOT_FINISHED,False,"mechanics=I now hypothesize that the actions have a global effect on the grid, possibly ro | EXPERIMENT | cd=[1, 6]"
ce24ad74,probe52_arc,simple_maze,5,39,ACTION2,0,GameState.NOT_FINISHED,False,"mechanics=I now hypothesize that the actions have a local effect on the grid, possibly swa | EXPERIMENT | cd=[1]"
ce24ad74,probe52_arc,simple_maze,5,40,ACTION3,0,GameState.NOT_FINISHED,False,"mechanics=I now hypothesize that the actions have a global effect on the grid, possibly ro | EXPERIMENT | cd=[1, 2]"
ce24ad74,probe52_arc,simple_maze,5,41,ACTION4,0,GameState.NOT_FINISHED,False,"mechanics=I now hypothesize that the actions have a local effect on the grid, possibly swa | EXPERIMENT | cd=[1, 2]"
ce24ad74,probe52_arc,simple_maze,5,42,ACTION5,0,GameState.NOT_FINISHED,False,"mechanics=I now hypothesize that the actions have a global effect on the grid, possibly ro | EXPERIMENT | cd=[2]"
ce24ad74,probe52_arc,simple_maze,5,43,ACTION6,0,GameState.NOT_FINISHED,False,"mechanics=I now hypothesize that the actions have a local effect on the grid, possibly swa | EXPERIMENT | cd=[2, 5]"
ce24ad74,probe52_arc,simple_maze,5,44,ACTION4,0,GameState.NOT_FINISHED,False,"mechanics=I now hypothesize that the actions have a global effect on the grid, possibly ro | EXPERIMENT | cd=[5, 6]"
ce24ad74,probe52_arc,simple_maze,5,45,ACTION4,0,GameState.NOT_FINISHED,False,"mechanics=I now hypothesize that the actions have a local effect on the grid, possibly swa | EXPERIMENT | cd=[5, 6]"
ce24ad74,probe52_arc,simple_maze,5,46,ACTION1,0,GameState.NOT_FINISHED,False,"mechanics=I now hypothesize that the actions have a global effect on the grid, possibly ro | EXPERIMENT | cd=[4, 5, 6]"
ce24ad74,probe52_arc,simple_maze,5,47,ACTION3,0,GameState.NOT_FINISHED,False,"mechanics=I now hypothesize that the actions have a local effect on the grid, possibly swa | EXPERIMENT | cd=[1, 4, 6]"
ce24ad74,probe52_arc,simple_maze,5,48,ACTION2,0,GameState.NOT_FINISHED,False,"mechanics=I now hypothesize that the actions have a global effect on the grid, possibly ro | EXPERIMENT | cd=[1, 4]"
ce24ad74,probe52_arc,simple_maze,5,49,ACTION3,0,GameState.NOT_FINISHED,False,"mechanics=I now hypothesize that the actions have a local effect on the grid, possibly swa | EXPERIMENT | cd=[1, 2, 4]"
ce24ad74,probe52_arc,simple_maze,6,0,ACTION1,0,GameState.NOT_FINISHED,False,mechanics=My initial hypothesis is that the actions might be related to moving or modifyin | EXPERIMENT | cd=[]
ce24ad74,probe52_arc,simple_maze,6,1,ACTION2,0,GameState.NOT_FINISHED,False,mechanics=My initial hypothesis was that the actions might be related to moving or modifyi | cd=[1]
ce24ad74,probe52_arc,simple_maze,6,2,ACTION3,0,GameState.NOT_FINISHED,False,mechanics=I believe the actions might be related to swapping or moving characters in the g | cd=[1]
ce24ad74,probe52_arc,simple_maze,6,3,ACTION4,0,GameState.NOT_FINISHED,False,"mechanics=I believe the actions might be related to swapping or moving characters in the g | cd=[1, 3]"
ce24ad74,probe52_arc,simple_maze,6,4,ACTION5,0,GameState.NOT_FINISHED,False,"mechanics=I believe ACTION2 is a key to progress, possibly swapping or moving characters.  | cd=[1, 3, 4]"
ce24ad74,probe52_arc,simple_maze,6,5,ACTION6,0,GameState.NOT_FINISHED,False,"mechanics=I now believe that ACTION2's effect is not just a simple swap or move, but rathe | EXPERIMENT | cd=[3, 4, 5]"
ce24ad74,probe52_arc,simple_maze,6,6,ACTION2,0,GameState.NOT_FINISHED,False,"mechanics=I now believe that the actions might be related to the manipulation of the '5' c | EXPERIMENT | cd=[3, 4, 5, 6]"
ce24ad74,probe52_arc,simple_maze,6,7,ACTION2,0,GameState.NOT_FINISHED,False,"mechanics=I now believe that the actions might be related to the manipulation of the '8' a | EXPERIMENT | cd=[4, 5, 6]"
ce24ad74,probe52_arc,simple_maze,6,8,ACTION2,0,GameState.NOT_FINISHED,False,"mechanics=I believe the actions are related to moving or swapping the '8' and '9' characte | EXPERIMENT | cd=[5, 6]"
ce24ad74,probe52_arc,simple_maze,6,9,ACTION1,0,GameState.NOT_FINISHED,False,mechanics=I now believe the actions are related to manipulating the '5' characters to crea | EXPERIMENT | cd=[6]
ce24ad74,probe52_arc,simple_maze,6,10,ACTION2,0,GameState.NOT_FINISHED,False,mechanics=I now believe the actions are related to manipulating the '8' and '9' characters | EXPERIMENT | cd=[]
ce24ad74,probe52_arc,simple_maze,6,11,ACTION1,0,GameState.NOT_FINISHED,False,"mechanics=I now believe the actions are related to manipulating the '5' characters, which  | EXPERIMENT | cd=[]"
ce24ad74,probe52_arc,simple_maze,6,12,ACTION3,0,GameState.NOT_FINISHED,False,mechanics=I now believe the actions are related to manipulating the '8' and '9' characters | EXPERIMENT | cd=[]
ce24ad74,probe52_arc,simple_maze,6,13,ACTION4,0,GameState.NOT_FINISHED,False,"mechanics=I now believe the actions are related to manipulating the '5' characters, which  | EXPERIMENT | cd=[3]"
ce24ad74,probe52_arc,simple_maze,6,14,ACTION5,0,GameState.NOT_FINISHED,False,"mechanics=I now believe the actions are related to manipulating the '8' and '9' characters | EXPERIMENT | cd=[3, 4]"
ce24ad74,probe52_arc,simple_maze,6,15,ACTION6,0,GameState.NOT_FINISHED,False,"mechanics=I now believe the actions are related to manipulating the '.' characters, which  | EXPERIMENT | cd=[3, 4, 5]"
ce24ad74,probe52_arc,simple_maze,6,16,ACTION2,0,GameState.NOT_FINISHED,False,"mechanics=I now believe the actions are related to interacting with the '8' and '9' charac | EXPERIMENT | cd=[3, 4, 5, 6]"
ce24ad74,probe52_arc,simple_maze,6,17,ACTION2,0,GameState.NOT_FINISHED,False,"mechanics=I now believe the actions are related to swapping or moving characters in the gr | EXPERIMENT | cd=[4, 5, 6]"
ce24ad74,probe52_arc,simple_maze,6,18,ACTION1,0,GameState.NOT_FINISHED,False,"mechanics=I now believe the actions might be related to rotating or flipping sections of t | EXPERIMENT | cd=[2, 5, 6]"
ce24ad74,probe52_arc,simple_maze,6,19,ACTION1,0,GameState.NOT_FINISHED,False,"mechanics=I now believe the actions might be related to swapping or moving individual cell | EXPERIMENT | cd=[2, 6]"
ce24ad74,probe52_arc,simple_maze,6,20,ACTION1,0,GameState.NOT_FINISHED,False,mechanics=I now believe the actions might be related to moving the '8' and '9' characters  | EXPERIMENT | cd=[2]
ce24ad74,probe52_arc,simple_maze,6,21,ACTION3,0,GameState.NOT_FINISHED,False,mechanics=I now believe the actions might be related to clearing a path for the '5' charac | EXPERIMENT | cd=[2]
ce24ad74,probe52_arc,simple_maze,6,22,ACTION4,0,GameState.NOT_FINISHED,False,mechanics=I now believe the actions might be related to manipulating the '8' and '9' chara | EXPERIMENT | cd=[3]
ce24ad74,probe52_arc,simple_maze,6,23,ACTION5,0,GameState.NOT_FINISHED,False,"mechanics=I now believe the actions might be related to manipulating the '5' characters, p | EXPERIMENT | cd=[3, 4]"
ce24ad74,probe52_arc,simple_maze,6,24,ACTION6,0,GameState.NOT_FINISHED,False,"mechanics=I now believe the actions might be related to manipulating the '.' characters, p | EXPERIMENT | cd=[3, 4, 5]"
ce24ad74,probe52_arc,simple_maze,6,25,ACTION2,0,GameState.NOT_FINISHED,False,"mechanics=I now believe the actions might be related to manipulating the '5' characters, p | EXPERIMENT | cd=[3, 4, 5, 6]"
ce24ad74,probe52_arc,simple_maze,6,26,ACTION1,0,GameState.NOT_FINISHED,False,"mechanics=I now believe the actions might be related to moving the '8' and '9' characters  | EXPERIMENT | cd=[4, 5, 6]"
ce24ad74,probe52_arc,simple_maze,6,27,ACTION1,0,GameState.NOT_FINISHED,False,"mechanics=I now believe the actions might be related to creating a specific pattern with t | EXPERIMENT | cd=[5, 6]"
ce24ad74,probe52_arc,simple_maze,6,28,ACTION2,0,GameState.NOT_FINISHED,False,mechanics=I now believe the actions might be related to manipulating the '.' characters to | EXPERIMENT | cd=[6]
ce24ad74,probe52_arc,simple_maze,6,29,ACTION1,0,GameState.NOT_FINISHED,False,"mechanics=I now believe the actions might be related to rotating or flipping the grid, pot | EXPERIMENT | cd=[]"
ce24ad74,probe52_arc,simple_maze,6,30,ACTION1,0,GameState.NOT_FINISHED,False,mechanics=I now believe the actions might be related to swapping or moving specific charac | EXPERIMENT | cd=[]
ce24ad74,probe52_arc,simple_maze,6,31,ACTION3,0,GameState.NOT_FINISHED,False,"mechanics=I now believe the actions might be related to rotating or flipping the grid, or  | EXPERIMENT | cd=[1]"
ce24ad74,probe52_arc,simple_maze,6,32,ACTION4,0,GameState.NOT_FINISHED,False,"mechanics=I now believe the actions might be related to swapping or moving the '5' charact | EXPERIMENT | cd=[1, 3]"
ce24ad74,probe52_arc,simple_maze,6,33,ACTION5,0,GameState.NOT_FINISHED,False,"mechanics=I now believe the actions might be related to rotating or reflecting the grid, o | EXPERIMENT | cd=[1, 3]"
ce24ad74,probe52_arc,simple_maze,6,34,ACTION6,0,GameState.NOT_FINISHED,False,"mechanics=I now believe the actions might be related to swapping or moving the '5' charact | EXPERIMENT | cd=[1, 3, 5]"
ce24ad74,probe52_arc,simple_maze,6,35,ACTION4,0,GameState.NOT_FINISHED,False,"mechanics=I now believe the actions might be related to manipulating the '.' characters to | EXPERIMENT | cd=[3, 5, 6]"
ce24ad74,probe52_arc,simple_maze,6,36,ACTION4,0,GameState.NOT_FINISHED,False,"mechanics=I now believe the actions might be related to swapping or moving the '5' charact | EXPERIMENT | cd=[5, 6]"
ce24ad74,probe52_arc,simple_maze,6,37,ACTION1,0,GameState.NOT_FINISHED,False,"mechanics=The actions might be related to swapping or moving the '5' characters to reveal  | EXPERIMENT | cd=[4, 5, 6]"
ce24ad74,probe52_arc,simple_maze,6,38,ACTION2,0,GameState.NOT_FINISHED,False,"mechanics=The actions might be related to manipulating the '5' characters to create a spec | EXPERIMENT | cd=[1, 4, 6]"
ce24ad74,probe52_arc,simple_maze,6,39,ACTION2,0,GameState.NOT_FINISHED,False,"mechanics=I hypothesize that the actions are related to swapping or moving the '8' and '9' | EXPERIMENT | cd=[1, 4]"
ce24ad74,probe52_arc,simple_maze,6,40,ACTION3,0,GameState.NOT_FINISHED,False,"mechanics=I now hypothesize that the actions are related to manipulating the '5' character | EXPERIMENT | cd=[1, 4]"
ce24ad74,probe52_arc,simple_maze,6,41,ACTION4,0,GameState.NOT_FINISHED,False,"mechanics=I now hypothesize that the actions are related to manipulating the '.' character | EXPERIMENT | cd=[1, 3]"
ce24ad74,probe52_arc,simple_maze,6,42,ACTION5,0,GameState.NOT_FINISHED,False,"mechanics=I now hypothesize that the actions are related to rotating or shifting the grid, | EXPERIMENT | cd=[3]"
ce24ad74,probe52_arc,simple_maze,6,43,ACTION6,0,GameState.NOT_FINISHED,False,"mechanics=I now hypothesize that the actions are related to swapping or replacing specific | EXPERIMENT | cd=[3, 5]"
ce24ad74,probe52_arc,simple_maze,6,44,ACTION4,0,GameState.NOT_FINISHED,False,"mechanics=The actions might be related to removing or replacing specific characters on the | EXPERIMENT | cd=[3, 5, 6]"
ce24ad74,probe52_arc,simple_maze,6,45,ACTION2,0,GameState.NOT_FINISHED,False,"mechanics=The actions might be related to moving the '8' character around the grid, and th | EXPERIMENT | cd=[5, 6]"
ce24ad74,probe52_arc,simple_maze,6,46,ACTION1,0,GameState.NOT_FINISHED,False,"mechanics=The actions might be related to removing or modifying the '5' characters around  | EXPERIMENT | cd=[2, 5, 6]"
ce24ad74,probe52_arc,simple_maze,6,47,ACTION1,0,GameState.NOT_FINISHED,False,"mechanics=The actions might be related to rotating or shifting the grid, and the goal is t | EXPERIMENT | cd=[2, 6]"
ce24ad74,probe52_arc,simple_maze,6,48,ACTION4,0,GameState.NOT_FINISHED,False,"mechanics=The actions might be related to swapping or replacing characters in the grid, an | EXPERIMENT | cd=[2]"
ce24ad74,probe52_arc,simple_maze,6,49,ACTION3,0,GameState.NOT_FINISHED,False,"mechanics=The actions might be related to rotating or shifting characters in the grid, and | EXPERIMENT | cd=[2]"
ce24ad74,probe52_arc,simple_maze,7,0,ACTION1,0,GameState.NOT_FINISHED,False,mechanics=I hypothesize that the actions might be related to moving or modifying the '5' o | EXPERIMENT | cd=[]
ce24ad74,probe52_arc,simple_maze,7,1,ACTION2,0,GameState.NOT_FINISHED,False,mechanics=I believe the actions might be related to moving or modifying the '5' or '8' or  | cd=[1]
ce24ad74,probe52_arc,simple_maze,7,2,ACTION3,0,GameState.NOT_FINISHED,False,"mechanics=I believe the actions are related to moving or modifying the '5', '8', or '9' sy | cd=[1]"
ce24ad74,probe52_arc,simple_maze,7,3,ACTION4,0,GameState.NOT_FINISHED,False,"mechanics=I believe ACTION2 modifies the grid by interacting with the '5' symbols. Since A | cd=[1, 3]"
ce24ad74,probe52_arc,simple_maze,7,4,ACTION5,0,GameState.NOT_FINISHED,False,"mechanics=I believe ACTION2 modifies the grid by interacting with the '5' symbols, possibl | cd=[1, 3, 4]"
ce24ad74,probe52_arc,simple_maze,7,5,ACTION6,0,GameState.NOT_FINISHED,False,"mechanics=I now believe that the actions might be related to the '.' empty cells, and the  | EXPERIMENT | cd=[3, 4, 5]"
ce24ad74,probe52_arc,simple_maze,7,6,ACTION2,0,GameState.NOT_FINISHED,False,"mechanics=I now believe that the actions might be related to the '5' cells, and the goal c | EXPERIMENT | cd=[3, 4, 5, 6]"
ce24ad74,probe52_arc,simple_maze,7,7,ACTION2,0,GameState.NOT_FINISHED,False,"mechanics=I now believe that the actions might be related to the movement or swapping of t | EXPERIMENT | cd=[4, 5, 6]"
ce24ad74,probe52_arc,simple_maze,7,8,ACTION2,0,GameState.NOT_FINISHED,False,"mechanics=I believe the actions are related to the movement or swapping of the '8' and '9' | EXPERIMENT | cd=[5, 6]"
ce24ad74,probe52_arc,simple_maze,7,9,ACTION1,0,GameState.NOT_FINISHED,False,mechanics=I now believe the actions could be related to manipulating the '5' cells to crea | EXPERIMENT | cd=[6]
ce24ad74,probe52_arc,simple_maze,7,10,ACTION2,0,GameState.NOT_FINISHED,False,mechanics=I now believe the actions could be related to swapping or moving the '8' and '9' | EXPERIMENT | cd=[]
ce24ad74,probe52_arc,simple_maze,7,11,ACTION2,0,GameState.NOT_FINISHED,False,mechanics=I now believe the actions could be related to manipulating the '5' cells to crea | EXPERIMENT | cd=[]
ce24ad74,probe52_arc,simple_maze,7,12,ACTION3,0,GameState.NOT_FINISHED,False,mechanics=I now believe the actions might be related to rotating or flipping sections of t | EXPERIMENT | cd=[2]
ce24ad74,probe52_arc,simple_maze,7,13,ACTION4,0,GameState.NOT_FINISHED,False,"mechanics=I now believe the actions might be related to moving the '8' and '9' symbols to  | EXPERIMENT | cd=[2, 3]"
ce24ad74,probe52_arc,simple_maze,7,14,ACTION5,0,GameState.NOT_FINISHED,False,"mechanics=I now believe the actions might be related to clearing or modifying the '5' cell | EXPERIMENT | cd=[2, 3]"
ce24ad74,probe52_arc,simple_maze,7,15,ACTION6,0,GameState.NOT_FINISHED,False,"mechanics=I now believe the actions might be related to manipulating the '.' cells to crea | EXPERIMENT | cd=[2, 3, 5]"
ce24ad74,probe52_arc,simple_maze,7,16,ACTION4,0,GameState.NOT_FINISHED,False,"mechanics=I now believe the actions might be related to manipulating the '5' cells to crea | EXPERIMENT | cd=[3, 5, 6]"
ce24ad74,probe52_arc,simple_maze,7,17,ACTION4,0,GameState.NOT_FINISHED,False,"mechanics=I now believe the actions might be related to moving the '8' symbol to the '9' s | EXPERIMENT | cd=[5, 6]"
ce24ad74,probe52_arc,simple_maze,7,18,ACTION1,0,GameState.NOT_FINISHED,False,"mechanics=I now believe the actions might be related to manipulating the '5' cells to crea | EXPERIMENT | cd=[5, 6]"
ce24ad74,probe52_arc,simple_maze,7,19,ACTION4,0,GameState.NOT_FINISHED,False,"mechanics=I now believe the actions might be related to manipulating the '8' and '9' symbo | EXPERIMENT | cd=[1, 6]"
ce24ad74,probe52_arc,simple_maze,7,20,ACTION2,0,GameState.NOT_FINISHED,False,"mechanics=I now believe the actions might be related to removing or modifying the '5' cell | EXPERIMENT | cd=[1, 4]"
ce24ad74,probe52_arc,simple_maze,7,21,ACTION3,0,GameState.NOT_FINISHED,False,"mechanics=I now believe the actions might be related to moving the '8' and '9' symbols to  | EXPERIMENT | cd=[1, 4]"
ce24ad74,probe52_arc,simple_maze,7,22,ACTION2,0,GameState.NOT_FINISHED,False,"mechanics=I now believe the actions might be related to creating a specific pattern with t | EXPERIMENT | cd=[1, 3, 4]"
ce24ad74,probe52_arc,simple_maze,7,23,ACTION5,0,GameState.NOT_FINISHED,False,"mechanics=I now believe the actions might be related to interacting with the '8' and '9' c | EXPERIMENT | cd=[2, 3, 4]"
ce24ad74,probe52_arc,simple_maze,7,24,ACTION6,0,GameState.NOT_FINISHED,False,"mechanics=I now believe the actions might be related to clearing or transforming the '5' c | EXPERIMENT | cd=[2, 3, 5]"
ce24ad74,probe52_arc,simple_maze,7,25,ACTION4,0,GameState.NOT_FINISHED,False,"mechanics=I now believe the actions might be related to interacting with the '8' and '9' c | EXPERIMENT | cd=[2, 3, 5, 6]"
ce24ad74,probe52_arc,simple_maze,7,26,ACTION1,0,GameState.NOT_FINISHED,False,"mechanics=I now believe the actions might be related to clearing '5' cells by creating a s | EXPERIMENT | cd=[2, 5, 6]"
ce24ad74,probe52_arc,simple_maze,7,27,ACTION2,0,GameState.NOT_FINISHED,False,"mechanics=I now believe the actions might be related to manipulating the '8' and '9' cells | EXPERIMENT | cd=[1, 5, 6]"
ce24ad74,probe52_arc,simple_maze,7,28,ACTION4,1,GameState.NOT_FINISHED,False,"mechanics=I now believe the actions might be related to manipulating the '5' cells to crea | EXPERIMENT | cd=[1, 2, 6]"
ce24ad74,probe52_arc,simple_maze,7,29,ACTION4,1,GameState.NOT_FINISHED,False,"mechanics=I believe ACTION4 is related to moving or clearing '5' cells, and the goal invol | cd=[1, 2]"
ce24ad74,probe52_arc,simple_maze,7,30,ACTION3,1,GameState.NOT_FINISHED,False,"mechanics=I believe ACTION4 is related to moving or clearing '5' cells, and the goal invol | cd=[1, 2]"
ce24ad74,probe52_arc,simple_maze,7,31,ACTION4,1,GameState.NOT_FINISHED,False,"mechanics=I believe ACTION4 is related to moving '8' cells, and the goal involves creating | cd=[2]"
ce24ad74,probe52_arc,simple_maze,7,32,ACTION4,1,GameState.NOT_FINISHED,False,"mechanics=I believe ACTION4 is related to moving '8' cells towards '9' cells, and the goal | cd=[]"
ce24ad74,probe52_arc,simple_maze,7,33,ACTION6,1,GameState.NOT_FINISHED,False,"mechanics=I believe ACTION4 is related to moving '8' cells towards '9' cells, and the goal | cd=[]"
ce24ad74,probe52_arc,simple_maze,7,34,ACTION4,1,GameState.NOT_FINISHED,False,"mechanics=I believe ACTION4 is related to moving '8' cells towards '9' cells, and the goal | cd=[6]"
ce24ad74,probe52_arc,simple_maze,7,35,ACTION5,1,GameState.NOT_FINISHED,False,"mechanics=I believe ACTION4 is related to moving '8' cells towards '9' cells, and the goal | cd=[4, 6]"
ce24ad74,probe52_arc,simple_maze,7,36,ACTION1,1,GameState.NOT_FINISHED,False,"mechanics=I believe the actions are related to moving or clearing '5' cells to create a pa | EXPERIMENT | cd=[4, 5, 6]"
ce24ad74,probe52_arc,simple_maze,7,37,ACTION2,1,GameState.NOT_FINISHED,False,"mechanics=I believe the actions are related to manipulating the '5' cells to create a path | EXPERIMENT | cd=[1, 4, 5, 6]"
ce24ad74,probe52_arc,simple_maze,7,38,ACTION2,1,GameState.NOT_FINISHED,False,"mechanics=I believe the actions are related to clearing or transforming specific cell type | EXPERIMENT | cd=[1, 4, 5]"
ce24ad74,probe52_arc,simple_maze,7,39,ACTION6,1,GameState.NOT_FINISHED,False,"mechanics=I believe the actions are related to interacting with specific cell types, and t | EXPERIMENT | cd=[1, 5]"
ce24ad74,probe52_arc,simple_maze,7,40,ACTION3,1,GameState.NOT_FINISHED,False,"mechanics=I now believe the actions might be related to specific sequences or combinations | EXPERIMENT | cd=[1, 6]"
ce24ad74,probe52_arc,simple_maze,7,41,ACTION2,1,GameState.NOT_FINISHED,False,"mechanics=I now believe the actions might be related to specific cell types or patterns on | EXPERIMENT | cd=[3, 6]"
ce24ad74,probe52_arc,simple_maze,7,42,ACTION1,1,GameState.NOT_FINISHED,False,"mechanics=I now believe the actions might be related to the creation or destruction of spe | EXPERIMENT | cd=[2, 3, 6]"
ce24ad74,probe52_arc,simple_maze,7,43,ACTION4,1,GameState.NOT_FINISHED,False,"mechanics=I now believe the actions might be related to the manipulation of the '8' symbol | EXPERIMENT | cd=[2, 3, 6]"
ce24ad74,probe52_arc,simple_maze,7,44,ACTION5,1,GameState.NOT_FINISHED,False,"mechanics=I now believe the actions might be related to the manipulation of the '5' symbol | EXPERIMENT | cd=[2, 3, 4]"
ce24ad74,probe52_arc,simple_maze,7,45,ACTION6,1,GameState.NOT_FINISHED,False,"mechanics=I now believe the actions might be related to the manipulation of the '8' or '9' | EXPERIMENT | cd=[2, 4, 5]"
ce24ad74,probe52_arc,simple_maze,7,46,ACTION2,1,GameState.NOT_FINISHED,False,"mechanics=I now believe the actions might be related to the manipulation of the '5' symbol | EXPERIMENT | cd=[4, 5, 6]"
ce24ad74,probe52_arc,simple_maze,7,47,ACTION1,1,GameState.NOT_FINISHED,False,"mechanics=I now believe the actions might be related to the manipulation of the '8' symbol | EXPERIMENT | cd=[4, 5, 6]"
ce24ad74,probe52_arc,simple_maze,7,48,ACTION1,1,GameState.NOT_FINISHED,False,"mechanics=I now believe the actions might be related to the manipulation of the '5' symbol | EXPERIMENT | cd=[5, 6]"
ce24ad74,probe52_arc,simple_maze,7,49,ACTION3,1,GameState.NOT_FINISHED,False,mechanics=I now believe the actions might be related to the manipulation of the '8' symbol | EXPERIMENT | cd=[6]
ce24ad74,probe52_arc,simple_maze,8,0,ACTION1,0,GameState.NOT_FINISHED,False,mechanics=I hypothesize that the actions might be related to moving or modifying the '5' b | EXPERIMENT | cd=[]
ce24ad74,probe52_arc,simple_maze,8,1,ACTION2,0,GameState.NOT_FINISHED,False,"mechanics=I believe the actions might be related to moving or modifying the '5' blocks, an | cd=[1]"
ce24ad74,probe52_arc,simple_maze,8,2,ACTION3,0,GameState.NOT_FINISHED,False,"mechanics=I believe ACTION2 might be related to swapping or moving blocks, as it changed t | cd=[1]"
ce24ad74,probe52_arc,simple_maze,8,3,ACTION4,0,GameState.NOT_FINISHED,False,"mechanics=I believe the goal is to create a certain pattern or clear a path by manipulatin | cd=[1, 3]"
ce24ad74,probe52_arc,simple_maze,8,4,ACTION5,0,GameState.NOT_FINISHED,False,"mechanics=I believe the goal is to create a certain pattern or clear a path by manipulatin | cd=[1, 3, 4]"
ce24ad74,probe52_arc,simple_maze,8,5,ACTION6,0,GameState.NOT_FINISHED,False,"mechanics=I now believe the goal is to isolate or highlight the '8' and '9' symbols by rem | EXPERIMENT | cd=[3, 4, 5]"
ce24ad74,probe52_arc,simple_maze,8,6,ACTION2,0,GameState.NOT_FINISHED,False,"mechanics=I now believe the goal is to create a specific pattern or arrangement of '5' blo | EXPERIMENT | cd=[3, 4, 5, 6]"
ce24ad74,probe52_arc,simple_maze,8,7,ACTION2,0,GameState.NOT_FINISHED,False,"mechanics=I now believe that the goal is to move the '8' and '9' symbols to specific posit | EXPERIMENT | cd=[4, 5, 6]"
ce24ad74,probe52_arc,simple_maze,8,8,ACTION2,0,GameState.NOT_FINISHED,False,"mechanics=I believe that the goal is to create a specific pattern or arrangement of the '5 | EXPERIMENT | cd=[5, 6]"
ce24ad74,probe52_arc,simple_maze,8,9,ACTION1,0,GameState.NOT_FINISHED,False,mechanics=I now believe that the actions might have a cumulative effect or require a speci | EXPERIMENT | cd=[6]
ce24ad74,probe52_arc,simple_maze,8,10,ACTION1,0,GameState.NOT_FINISHED,False,"mechanics=I now believe that the actions might have a spatial component, and the effect of | EXPERIMENT | cd=[]"
ce24ad74,probe52_arc,simple_maze,8,11,ACTION2,0,GameState.NOT_FINISHED,False,"mechanics=I now believe that the actions might have a rotational or mirroring component, a | EXPERIMENT | cd=[]"
ce24ad74,probe52_arc,simple_maze,8,12,ACTION2,0,GameState.NOT_FINISHED,False,"mechanics=I now believe that the actions might have a spatial or positional component, and | EXPERIMENT | cd=[]"
ce24ad74,probe52_arc,simple_maze,8,13,ACTION1,0,GameState.NOT_FINISHED,False,"mechanics=I now believe that the actions might have a rotational or mirroring component, a | EXPERIMENT | cd=[]"
ce24ad74,probe52_arc,simple_maze,8,14,ACTION6,0,GameState.NOT_FINISHED,False,"mechanics=I now believe that the actions might have a random or unpredictable component, a | EXPERIMENT | cd=[]"
ce24ad74,probe52_arc,simple_maze,8,15,ACTION3,0,GameState.NOT_FINISHED,False,mechanics=I now believe that the actions might be related to swapping or moving specific s | EXPERIMENT | cd=[6]
ce24ad74,probe52_arc,simple_maze,8,16,ACTION4,0,GameState.NOT_FINISHED,False,"mechanics=I now believe that the actions might be related to removing or replacing specifi | EXPERIMENT | cd=[3, 6]"
ce24ad74,probe52_arc,simple_maze,8,17,ACTION5,0,GameState.NOT_FINISHED,False,"mechanics=I now believe that the actions might be related to interacting with the '8' and  | EXPERIMENT | cd=[3, 4, 6]"
ce24ad74,probe52_arc,simple_maze,8,18,ACTION2,0,GameState.NOT_FINISHED,False,"mechanics=I now believe that the actions might be related to manipulating the '5' symbols, | EXPERIMENT | cd=[3, 4, 5, 6]"
ce24ad74,probe52_arc,simple_maze,8,19,ACTION2,0,GameState.NOT_FINISHED,False,"mechanics=I now believe that the actions might be related to moving the '8' symbol around  | EXPERIMENT | cd=[3, 4, 5]"
ce24ad74,probe52_arc,simple_maze,8,20,ACTION1,0,GameState.NOT_FINISHED,False,"mechanics=I now believe that the actions might be related to removing or modifying the '5' | EXPERIMENT | cd=[2, 4, 5]"
ce24ad74,probe52_arc,simple_maze,8,21,ACTION6,0,GameState.NOT_FINISHED,False,"mechanics=I now believe that the actions might be related to removing or modifying the '5' | EXPERIMENT | cd=[2, 5]"
ce24ad74,probe52_arc,simple_maze,8,22,ACTION1,0,GameState.NOT_FINISHED,False,"mechanics=I now believe that the actions might be related to interacting with the '8' and  | EXPERIMENT | cd=[2, 6]"
ce24ad74,probe52_arc,simple_maze,8,23,ACTION1,0,GameState.NOT_FINISHED,False,"mechanics=I now believe that the actions might be related to swapping or moving the '5' sy | EXPERIMENT | cd=[2, 6]"
ce24ad74,probe52_arc,simple_maze,8,24,ACTION3,0,GameState.NOT_FINISHED,False,mechanics=I now believe that the actions might be related to interacting with the '8' and  | EXPERIMENT | cd=[6]
ce24ad74,probe52_arc,simple_maze,8,25,ACTION4,0,GameState.NOT_FINISHED,False,"mechanics=I now believe that the actions might be related to interacting with the '8' and  | EXPERIMENT | cd=[3, 6]"
ce24ad74,probe52_arc,simple_maze,8,26,ACTION5,0,GameState.NOT_FINISHED,False,"mechanics=I now believe that the actions might be related to clearing or modifying the '5' | EXPERIMENT | cd=[3, 4]"
ce24ad74,probe52_arc,simple_maze,8,27,ACTION2,0,GameState.NOT_FINISHED,False,"mechanics=I now believe that the actions might be related to interacting with the '8' and  | EXPERIMENT | cd=[3, 4, 5]"
ce24ad74,probe52_arc,simple_maze,8,28,ACTION1,0,GameState.NOT_FINISHED,False,"mechanics=I now believe that the actions might be related to swapping or moving the '5' sy | EXPERIMENT | cd=[3, 4, 5]"
ce24ad74,probe52_arc,simple_maze,8,29,ACTION2,0,GameState.NOT_FINISHED,False,"mechanics=I believe that the actions might be related to rotating or shifting the '5' symb | EXPERIMENT | cd=[4, 5]"
ce24ad74,probe52_arc,simple_maze,8,30,ACTION6,0,GameState.NOT_FINISHED,False,mechanics=I now believe that the actions might be related to swapping or moving the '8' an | EXPERIMENT | cd=[5]
ce24ad74,probe52_arc,simple_maze,8,31,ACTION1,0,GameState.NOT_FINISHED,False,mechanics=I now believe that the actions might be related to removing or replacing the '5' | EXPERIMENT | cd=[6]
ce24ad74,probe52_arc,simple_maze,8,32,ACTION2,0,GameState.NOT_FINISHED,False,mechanics=I now believe that the actions might be related to moving the '8' and '9' symbol | EXPERIMENT | cd=[6]
ce24ad74,probe52_arc,simple_maze,8,33,ACTION3,0,GameState.NOT_FINISHED,False,mechanics=I now believe that the actions might be related to swapping or moving the '5' sy | EXPERIMENT | cd=[6]
ce24ad74,probe52_arc,simple_maze,8,34,ACTION4,0,GameState.NOT_FINISHED,False,"mechanics=I now believe that the actions might be related to rotating or flipping the grid | EXPERIMENT | cd=[3, 6]"
ce24ad74,probe52_arc,simple_maze,8,35,ACTION5,0,GameState.NOT_FINISHED,False,"mechanics=I now believe that the actions might be related to swapping or moving individual | EXPERIMENT | cd=[3, 4]"
ce24ad74,probe52_arc,simple_maze,8,36,ACTION6,0,GameState.NOT_FINISHED,False,"mechanics=I now believe that the actions might be related to rotating or flipping sections | EXPERIMENT | cd=[3, 4, 5]"
ce24ad74,probe52_arc,simple_maze,8,37,ACTION2,0,GameState.NOT_FINISHED,False,"mechanics=I now believe that the actions might be related to moving the '8' and '9' symbol | EXPERIMENT | cd=[3, 4, 5, 6]"
ce24ad74,probe52_arc,simple_maze,8,38,ACTION1,0,GameState.NOT_FINISHED,False,"mechanics=I now believe that the actions might be related to swapping or moving the '8' an | EXPERIMENT | cd=[4, 5, 6]"
ce24ad74,probe52_arc,simple_maze,8,39,ACTION1,0,GameState.NOT_FINISHED,False,"mechanics=I now believe that the actions might be related to modifying the '5' symbols, su | EXPERIMENT | cd=[5, 6]"
ce24ad74,probe52_arc,simple_maze,8,40,ACTION1,0,GameState.NOT_FINISHED,False,mechanics=I now believe that the actions might be related to moving or swapping the '8' an | EXPERIMENT | cd=[6]
ce24ad74,probe52_arc,simple_maze,8,41,ACTION2,0,GameState.NOT_FINISHED,False,"mechanics=I now believe that the actions might be related to manipulating the '5' symbols, | EXPERIMENT | cd=[]"
ce24ad74,probe52_arc,simple_maze,8,42,ACTION6,0,GameState.NOT_FINISHED,False,"mechanics=I believe the actions might be related to swapping or moving specific symbols, a | EXPERIMENT | cd=[]"
ce24ad74,probe52_arc,simple_maze,8,43,ACTION4,0,GameState.NOT_FINISHED,False,mechanics=I now believe the actions might be related to rotating or reflecting specific pa | EXPERIMENT | cd=[6]
ce24ad74,probe52_arc,simple_maze,8,44,ACTION5,0,GameState.NOT_FINISHED,False,"mechanics=I now believe the actions might be related to swapping or moving specific symbol | EXPERIMENT | cd=[4, 6]"
ce24ad74,probe52_arc,simple_maze,8,45,ACTION3,0,GameState.NOT_FINISHED,False,"mechanics=I now believe the actions might be related to removing or replacing specific sym | EXPERIMENT | cd=[4, 5, 6]"
ce24ad74,probe52_arc,simple_maze,8,46,ACTION2,0,GameState.NOT_FINISHED,False,"mechanics=I now believe the actions might be related to manipulating the '5' symbols to cr | EXPERIMENT | cd=[3, 4, 5, 6]"
ce24ad74,probe52_arc,simple_maze,8,47,ACTION1,0,GameState.NOT_FINISHED,False,"mechanics=I now believe the actions might be related to swapping or moving specific symbol | EXPERIMENT | cd=[3, 4, 5]"
ce24ad74,probe52_arc,simple_maze,8,48,ACTION6,0,GameState.NOT_FINISHED,False,"mechanics=I now believe the actions might be related to rotating or reflecting specific pa | EXPERIMENT | cd=[3, 5]"
ce24ad74,probe52_arc,simple_maze,8,49,ACTION2,0,GameState.NOT_FINISHED,False,"mechanics=I now believe the actions might be related to swapping or moving specific symbol | EXPERIMENT | cd=[3, 6]"
ce24ad74,probe52_arc,simple_maze,9,0,ACTION1,0,GameState.NOT_FINISHED,False,"mechanics=The actions seem to be unknown, and the goal is unclear. To test the mechanics,  | EXPERIMENT | cd=[]"
ce24ad74,probe52_arc,simple_maze,9,1,ACTION2,0,GameState.NOT_FINISHED,False,mechanics=The actions might be related to moving or modifying the grid in some way. Since  | cd=[1]
ce24ad74,probe52_arc,simple_maze,9,2,ACTION3,0,GameState.NOT_FINISHED,False,mechanics=The actions might be related to swapping or moving cells in the grid. ACTION1 di | cd=[1]
ce24ad74,probe52_arc,simple_maze,9,3,ACTION4,0,GameState.NOT_FINISHED,False,"mechanics=The actions might be related to swapping or moving cells in the grid. ACTION1 an | cd=[1, 3]"
ce24ad74,probe52_arc,simple_maze,9,4,ACTION6,0,GameState.NOT_FINISHED,False,"mechanics=The actions might be related to swapping or moving cells in the grid. ACTION1 an | cd=[1, 3, 4]"
ce24ad74,probe52_arc,simple_maze,9,5,ACTION5,0,GameState.NOT_FINISHED,False,"mechanics=The actions might be related to interacting with specific cells or patterns in t | EXPERIMENT | cd=[3, 4, 6]"
ce24ad74,probe52_arc,simple_maze,9,6,ACTION2,0,GameState.NOT_FINISHED,False,"mechanics=The actions might be related to interacting with specific symbols or patterns in | EXPERIMENT | cd=[3, 4, 5, 6]"
ce24ad74,probe52_arc,simple_maze,9,7,ACTION2,0,GameState.NOT_FINISHED,False,"mechanics=I believe the actions are related to swapping or moving specific symbols in the  | EXPERIMENT | cd=[4, 5, 6]"
ce24ad74,probe52_arc,simple_maze,9,8,ACTION2,0,GameState.NOT_FINISHED,False,"mechanics=I now believe the actions might be related to rotating or shifting the grid, rat | EXPERIMENT | cd=[5, 6]"
ce24ad74,probe52_arc,simple_maze,9,9,ACTION2,0,GameState.NOT_FINISHED,False,mechanics=I now believe the actions might be related to manipulating the '8' and '9' cells | EXPERIMENT | cd=[5]
ce24ad74,probe52_arc,simple_maze,9,10,ACTION1,0,GameState.NOT_FINISHED,False,"mechanics=I now believe the actions might be related to manipulating the '5' cells, as the | EXPERIMENT | cd=[2]"
ce24ad74,probe52_arc,simple_maze,9,11,ACTION3,0,GameState.NOT_FINISHED,False,mechanics=I now believe the actions might be related to manipulating the '8' and '9' cells | EXPERIMENT | cd=[2]
ce24ad74,probe52_arc,simple_maze,9,12,ACTION4,0,GameState.NOT_FINISHED,False,"mechanics=I now believe the actions might be related to manipulating the '5' cells, as the | EXPERIMENT | cd=[2, 3]"
ce24ad74,probe52_arc,simple_maze,9,13,ACTION6,0,GameState.NOT_FINISHED,False,"mechanics=I now believe the actions might be related to interacting with the '8' and '9' c | EXPERIMENT | cd=[2, 3, 4]"
ce24ad74,probe52_arc,simple_maze,9,14,ACTION5,0,GameState.NOT_FINISHED,False,"mechanics=I now believe the actions might be related to manipulating the '5' cells, as the | EXPERIMENT | cd=[3, 4, 6]"
ce24ad74,probe52_arc,simple_maze,9,15,ACTION2,0,GameState.NOT_FINISHED,False,"mechanics=I now believe the actions might be related to manipulating the '.' cells, as the | EXPERIMENT | cd=[3, 4, 5, 6]"
ce24ad74,probe52_arc,simple_maze,9,16,ACTION2,0,GameState.NOT_FINISHED,False,"mechanics=I now believe the actions might be related to moving the '8' and '9' cells to sp | EXPERIMENT | cd=[4, 5, 6]"
ce24ad74,probe52_arc,simple_maze,9,17,ACTION1,0,GameState.NOT_FINISHED,False,"mechanics=I now believe the actions might be related to removing or replacing the '5' cell | EXPERIMENT | cd=[2, 5, 6]"
ce24ad74,probe52_arc,simple_maze,9,18,ACTION1,0,GameState.NOT_FINISHED,False,"mechanics=I now believe the actions might be related to rotating or shifting sections of t | EXPERIMENT | cd=[2, 5]"
ce24ad74,probe52_arc,simple_maze,9,19,ACTION1,0,GameState.NOT_FINISHED,False,mechanics=I now believe the actions might be related to swapping or mirroring cells across | EXPERIMENT | cd=[2]
ce24ad74,probe52_arc,simple_maze,9,20,ACTION1,0,GameState.NOT_FINISHED,False,mechanics=I now believe the actions might be related to modifying the grid in a way that c | EXPERIMENT | cd=[2]
ce24ad74,probe52_arc,simple_maze,9,21,ACTION2,0,GameState.NOT_FINISHED,False,mechanics=I now believe the actions might be related to modifying the grid in a way that c | EXPERIMENT | cd=[]
ce24ad74,probe52_arc,simple_maze,9,22,ACTION6,0,GameState.NOT_FINISHED,False,"mechanics=I now believe the actions might be related to swapping or moving specific cells, | EXPERIMENT | cd=[]"
ce24ad74,probe52_arc,simple_maze,9,23,ACTION3,0,GameState.NOT_FINISHED,False,mechanics=I now believe the actions might be related to modifying the grid in a way that c | EXPERIMENT | cd=[6]
ce24ad74,probe52_arc,simple_maze,9,24,ACTION4,0,GameState.NOT_FINISHED,False,"mechanics=I now believe the actions might be related to modifying the '5' cells to create  | EXPERIMENT | cd=[3, 6]"
ce24ad74,probe52_arc,simple_maze,9,25,ACTION5,0,GameState.NOT_FINISHED,False,"mechanics=I now believe the actions might be related to interacting with the '8' and '9' c | EXPERIMENT | cd=[3, 4, 6]"
ce24ad74,probe52_arc,simple_maze,9,26,ACTION1,0,GameState.NOT_FINISHED,False,"mechanics=I now believe the actions might be related to manipulating the '5' cells to crea | EXPERIMENT | cd=[3, 4, 5, 6]"
ce24ad74,probe52_arc,simple_maze,9,27,ACTION1,0,GameState.NOT_FINISHED,False,"mechanics=I now believe the actions might be related to manipulating the '.' cells to crea | EXPERIMENT | cd=[3, 4, 5]"
ce24ad74,probe52_arc,simple_maze,9,28,ACTION2,0,GameState.NOT_FINISHED,False,"mechanics=I now believe the actions might be related to manipulating the '5' cells to crea | EXPERIMENT | cd=[1, 4, 5]"
ce24ad74,probe52_arc,simple_maze,9,29,ACTION2,0,GameState.NOT_FINISHED,False,"mechanics=I now believe the actions might be related to manipulating the '8' and '9' cells | EXPERIMENT | cd=[1, 5]"
ce24ad74,probe52_arc,simple_maze,9,30,ACTION2,0,GameState.NOT_FINISHED,False,"mechanics=I now believe the actions might be related to manipulating the '5' cells, potent | EXPERIMENT | cd=[1]"
ce24ad74,probe52_arc,simple_maze,9,31,ACTION6,0,GameState.NOT_FINISHED,False,mechanics=I now believe the actions might be related to moving the '8' cell to the '9' cel | EXPERIMENT | cd=[1]
ce24ad74,probe52_arc,simple_maze,9,32,ACTION3,0,GameState.NOT_FINISHED,False,mechanics=I now believe the actions might be related to clearing or modifying the '5' cell | EXPERIMENT | cd=[6]
ce24ad74,probe52_arc,simple_maze,9,33,ACTION4,0,GameState.NOT_FINISHED,False,"mechanics=I now believe the actions might be related to manipulating the '.' cells to crea | EXPERIMENT | cd=[3, 6]"
ce24ad74,probe52_arc,simple_maze,9,34,ACTION5,0,GameState.NOT_FINISHED,False,"mechanics=I now believe the actions might be related to manipulating the '5' cells to crea | EXPERIMENT | cd=[3, 4, 6]"
ce24ad74,probe52_arc,simple_maze,9,35,ACTION2,0,GameState.NOT_FINISHED,False,"mechanics=I now believe the actions might be related to interacting with the '8' and '9' c | EXPERIMENT | cd=[3, 4, 5, 6]"
ce24ad74,probe52_arc,simple_maze,9,36,ACTION1,0,GameState.NOT_FINISHED,False,"mechanics=I now believe the actions might be related to moving or swapping the '8' and '9' | EXPERIMENT | cd=[3, 4, 5]"
ce24ad74,probe52_arc,simple_maze,9,37,ACTION2,0,GameState.NOT_FINISHED,False,"mechanics=I now believe the actions might be related to manipulating the '5' cells to crea | EXPERIMENT | cd=[4, 5]"
ce24ad74,probe52_arc,simple_maze,9,38,ACTION2,0,GameState.NOT_FINISHED,False,mechanics=I now believe the actions might be related to moving the '8' and '9' cells to sp | EXPERIMENT | cd=[5]
ce24ad74,probe52_arc,simple_maze,9,39,ACTION1,0,GameState.NOT_FINISHED,False,mechanics=I now believe the actions might be related to manipulating the '5' cells to crea | EXPERIMENT | cd=[2]
ce24ad74,probe52_arc,simple_maze,9,40,ACTION6,0,GameState.NOT_FINISHED,False,mechanics=I now believe the actions might be related to manipulating the '.' cells to crea | EXPERIMENT | cd=[2]
ce24ad74,probe52_arc,simple_maze,9,41,ACTION1,0,GameState.NOT_FINISHED,False,"mechanics=I now believe the actions might be related to manipulating the '5' cells to crea | EXPERIMENT | cd=[2, 6]"
ce24ad74,probe52_arc,simple_maze,9,42,ACTION4,0,GameState.NOT_FINISHED,False,"mechanics=I now believe the actions might be related to manipulating the '8' and '9' cells | EXPERIMENT | cd=[2, 6]"
ce24ad74,probe52_arc,simple_maze,9,43,ACTION3,0,GameState.NOT_FINISHED,False,"mechanics=I now believe the actions might be related to creating a path or connection betw | EXPERIMENT | cd=[4, 6]"
ce24ad74,probe52_arc,simple_maze,9,44,ACTION5,0,GameState.NOT_FINISHED,False,"mechanics=I now believe the actions might be related to modifying the '5' cells to create  | EXPERIMENT | cd=[3, 4, 6]"
ce24ad74,probe52_arc,simple_maze,9,45,ACTION2,0,GameState.NOT_FINISHED,False,"mechanics=I now believe the actions might be related to interacting with the '8' and '9' c | EXPERIMENT | cd=[3, 4, 5]"
ce24ad74,probe52_arc,simple_maze,9,46,ACTION1,0,GameState.NOT_FINISHED,False,"mechanics=I now believe the actions might be related to manipulating the '5' cells to crea | EXPERIMENT | cd=[3, 4, 5]"
ce24ad74,probe52_arc,simple_maze,9,47,ACTION1,0,GameState.NOT_FINISHED,False,"mechanics=I now believe the actions might be related to swapping or moving specific cells, | EXPERIMENT | cd=[3, 5]"
ce24ad74,probe52_arc,simple_maze,9,48,ACTION1,0,GameState.NOT_FINISHED,False,mechanics=I now believe the actions might be related to rotating or flipping specific sect | EXPERIMENT | cd=[5]
ce24ad74,probe52_arc,simple_maze,9,49,ACTION6,0,GameState.NOT_FINISHED,False,mechanics=I now believe the actions might be related to swapping or replacing specific cel | EXPERIMENT | cd=[]
