run_id,variant,env_id,seed,step,action,reward,done,note
fce1c43b,probe_a_mh,MiniHack-River-Narrow-v0,0,0,E,0.0,False,"A|belief={'layout': 'The goal is likely downstairs, but its location is unknown. The init | mech=unknown; I do not yet know how the obstacles here work, so I must discover it by"
fce1c43b,probe_a_mh,MiniHack-River-Narrow-v0,0,1,E,0.0,False,"A|belief={'layout': 'The goal is likely downstairs, but its location is unknown. The init | mech=unknown; I do not yet know how the obstacles here work, so I must discover it by"
fce1c43b,probe_a_mh,MiniHack-River-Narrow-v0,0,2,S,0.0,False,"A|belief={'layout': 'The goal is likely downstairs, but its location is unknown. The init | mech=unknown; I do not yet know how the obstacles here work, so I must discover it by"
fce1c43b,probe_a_mh,MiniHack-River-Narrow-v0,0,3,E,0.0,False,"A|belief={'layout': 'The goal is likely downstairs, but its location is unknown. The init | mech=unknown; I do not yet know how the obstacles here work, so I must discover it by"
fce1c43b,probe_a_mh,MiniHack-River-Narrow-v0,0,4,E,0.0,False,"A|belief={'layout': 'The goal is likely downstairs, but its location is unknown. The init | mech=unknown; I do not yet know how the obstacles here work, so I must discover it by"
fce1c43b,probe_a_mh,MiniHack-River-Narrow-v0,0,5,E,0.0,False,"A|belief={'layout': 'The goal is likely downstairs, but its location is unknown. The init | mech=unknown; I do not yet know how the obstacles here work, so I must discover it by"
fce1c43b,probe_a_mh,MiniHack-River-Narrow-v0,0,6,S,-0.01,False,"A|belief={'layout': 'The goal is likely downstairs, but its location is unknown. The init | mech=unknown; I do not yet know how the obstacles here work, so I must discover it by"
fce1c43b,probe_a_mh,MiniHack-River-Narrow-v0,0,7,S,-0.01,False,"A|belief={'layout': 'The goal is likely downstairs, but its location is unknown. The init | mech=unknown; I do not yet know how the obstacles here work, so I must discover it by"
fce1c43b,probe_a_mh,MiniHack-River-Narrow-v0,0,8,W,0.0,False,"A|belief={'layout': 'The goal is likely downstairs, but its location is unknown. The init | mech=unknown; I do not yet know how the obstacles here work, so I must discover it by"
fce1c43b,probe_a_mh,MiniHack-River-Narrow-v0,0,9,W,0.0,False,"A|belief={'layout': 'The goal is likely downstairs, but its location is unknown. The init | mech=I have ruled out that moving east and south is a viable option from this locatio"
fce1c43b,probe_a_mh,MiniHack-River-Narrow-v0,0,10,W,0.0,False,"A|belief={'layout': 'The goal is likely downstairs, but its location is unknown. The init | mech=I have ruled out that moving east and south is a viable option from this locatio"
fce1c43b,probe_a_mh,MiniHack-River-Narrow-v0,0,11,W,0.0,False,"A|belief={'layout': 'The goal is likely downstairs, but its location is unknown. The init | mech=I have ruled out that moving east and south is a viable option from this locatio"
fce1c43b,probe_a_mh,MiniHack-River-Narrow-v0,0,12,W,0.0,False,"A|belief={'layout': 'The goal is likely downstairs, but its location is unknown. The init | mech=I have ruled out that moving east and south is a viable option from this locatio"
fce1c43b,probe_a_mh,MiniHack-River-Narrow-v0,0,13,W,0.0,False,"A|belief={'layout': 'The goal is likely downstairs, but its location is unknown. The init | mech=I have ruled out that moving east and south is a viable option from this locatio"
fce1c43b,probe_a_mh,MiniHack-River-Narrow-v0,0,14,W,0.0,False,"A|belief={'layout': 'The goal is likely downstairs, but its location is unknown. The init | mech=I have ruled out that moving east and south is a viable option from this locatio"
fce1c43b,probe_a_mh,MiniHack-River-Narrow-v0,0,15,W,0.0,False,"A|belief={'layout': 'The goal is likely downstairs, but its location is unknown. The init | mech=I have ruled out that moving east and south is a viable option from this locatio"
fce1c43b,probe_a_mh,MiniHack-River-Narrow-v0,0,16,W,0.0,False,"A|belief={'layout': 'The goal is likely downstairs, but its location is unknown. The init | mech=I have ruled out that moving east and south is a viable option from this locatio"
fce1c43b,probe_a_mh,MiniHack-River-Narrow-v0,0,17,W,0.0,False,"A|belief={'layout': 'The goal is likely downstairs, but its location is unknown. The init | mech=I have ruled out that moving east and south is a viable option from this locatio"
fce1c43b,probe_a_mh,MiniHack-River-Narrow-v0,0,18,N,0.0,False,"A|belief={'layout': 'The goal is likely downstairs, but its location is unknown. The init | mech=I have ruled out that moving east and south is a viable option from this locatio"
fce1c43b,probe_a_mh,MiniHack-River-Narrow-v0,0,19,N,0.0,False,"A|belief={'layout': 'The goal is likely downstairs, but its location is unknown. The init | mech=I have ruled out that moving east and south is a viable option from this locatio"
fce1c43b,probe_a_mh,MiniHack-River-Narrow-v0,0,20,N,0.0,False,"A|belief={'layout': 'The goal is likely downstairs, but its location is unknown. The init | mech=I have ruled out that moving east and south is a viable option from this locatio"
fce1c43b,probe_a_mh,MiniHack-River-Narrow-v0,0,21,N,0.0,False,"A|belief={'layout': 'The goal is likely downstairs, but its location is unknown. The init | mech=I have ruled out that moving east and south is a viable option from this locatio"
fce1c43b,probe_a_mh,MiniHack-River-Narrow-v0,0,22,N,0.0,False,"A|belief={'layout': 'The goal is likely downstairs, but its location is unknown. The init | mech=I have ruled out that moving east and south is a viable option from this locatio"
fce1c43b,probe_a_mh,MiniHack-River-Narrow-v0,0,23,W,0.0,False,"A|belief={'layout': 'The goal is likely downstairs, but its location is unknown. The init | mech=I have ruled out that moving east and south is a viable option from this locatio"
fce1c43b,probe_a_mh,MiniHack-River-Narrow-v0,0,24,W,0.0,False,"A|belief={'layout': 'The goal is likely downstairs, but its location is unknown. The init | mech=I have ruled out that moving east and south is a viable option from this locatio"
fce1c43b,probe_a_mh,MiniHack-River-Narrow-v0,0,25,W,0.0,False,"A|belief={'layout': 'The goal is likely downstairs, but its location is unknown. The init | mech=I have ruled out that moving east and south is a viable option from this locatio"
fce1c43b,probe_a_mh,MiniHack-River-Narrow-v0,0,26,W,0.0,False,"A|belief={'layout': 'The goal is likely downstairs, but its location is unknown. The init | mech=I have ruled out that moving east and south is a viable option from this locatio"
fce1c43b,probe_a_mh,MiniHack-River-Narrow-v0,0,27,W,-0.01,False,"A|belief={'layout': 'The goal is likely downstairs, but its location is unknown. The init | mech=I have ruled out that moving east and south is a viable option from this locatio"
fce1c43b,probe_a_mh,MiniHack-River-Narrow-v0,0,28,N,0.0,False,"A|belief={'layout': 'The goal is likely downstairs, but its location is unknown. The init | mech=I have ruled out that moving east and south is a viable option from this locatio"
fce1c43b,probe_a_mh,MiniHack-River-Narrow-v0,0,29,N,-0.01,False,"A|belief={'layout': 'The goal is likely downstairs, but its location is unknown. The init | mech=I have ruled out that moving east and south is a viable option from this locatio"
fce1c43b,probe_a_mh,MiniHack-River-Narrow-v0,0,30,N,-0.01,False,"A|belief={'layout': 'The goal is likely downstairs, but its location is unknown. The init | mech=I have ruled out that moving east and south is a viable option from this locatio"
fce1c43b,probe_a_mh,MiniHack-River-Narrow-v0,0,31,W,0.0,False,"A|belief={'layout': 'The goal is likely downstairs, but its location is unknown. Since mo | mech=I have ruled out that moving east, south, and north is a viable option from this"
fce1c43b,probe_a_mh,MiniHack-River-Narrow-v0,0,32,W,0.0,False,"A|belief={'layout': 'The goal is likely downstairs, but its location is unknown. Since mo | mech=I have ruled out that moving east, south, and north is a viable option from this"
fce1c43b,probe_a_mh,MiniHack-River-Narrow-v0,0,33,W,0.0,False,"A|belief={'layout': 'The goal is likely downstairs, but its location is unknown. Since mo | mech=I have ruled out that moving east, south, and north is a viable option from this"
fce1c43b,probe_a_mh,MiniHack-River-Narrow-v0,0,34,W,-0.01,False,"A|belief={'layout': 'The goal is likely downstairs, but its location is unknown. Since mo | mech=I have ruled out that moving east, south, and north is a viable option from this"
fce1c43b,probe_a_mh,MiniHack-River-Narrow-v0,0,35,W,-0.01,False,"A|belief={'layout': 'The goal is likely downstairs, but its location is unknown. Since mo | mech=I have ruled out that moving east, south, and north is a viable option from this"
fce1c43b,probe_a_mh,MiniHack-River-Narrow-v0,0,36,E,0.0,False,"A|belief={'layout': 'The goal is likely downstairs, but its location is unknown. Since mo | mech=I have ruled out that moving north and west is a viable option from this locatio"
fce1c43b,probe_a_mh,MiniHack-River-Narrow-v0,0,37,E,0.0,False,"A|belief={'layout': 'The goal is likely downstairs, but its location is unknown. Since mo | mech=I have ruled out that moving north and west is a viable option from this locatio"
fce1c43b,probe_a_mh,MiniHack-River-Narrow-v0,0,38,E,0.0,False,"A|belief={'layout': 'The goal is likely downstairs, but its location is unknown. Since mo | mech=I have ruled out that moving north and west is a viable option from this locatio"
fce1c43b,probe_a_mh,MiniHack-River-Narrow-v0,0,39,E,0.0,False,"A|belief={'layout': 'The goal is likely downstairs, but its location is unknown. Since mo | mech=I have ruled out that moving north and west is a viable option from this locatio"
fce1c43b,probe_a_mh,MiniHack-River-Narrow-v0,0,40,E,0.0,False,"A|belief={'layout': 'The goal is likely downstairs, but its location is unknown. Since mo | mech=I have ruled out that moving north and west is a viable option from this locatio"
fce1c43b,probe_a_mh,MiniHack-River-Narrow-v0,0,41,E,0.0,False,"A|belief={'layout': 'The goal is likely downstairs, but its location is unknown. Since mo | mech=I have ruled out that moving north and west is a viable option from this locatio"
fce1c43b,probe_a_mh,MiniHack-River-Narrow-v0,0,42,E,0.0,False,"A|belief={'layout': 'The goal is likely downstairs, but its location is unknown. Since mo | mech=I have ruled out that moving north and west is a viable option from this locatio"
fce1c43b,probe_a_mh,MiniHack-River-Narrow-v0,0,43,E,0.0,False,"A|belief={'layout': 'The goal is likely downstairs, but its location is unknown. Since mo | mech=I have ruled out that moving north and west is a viable option from this locatio"
fce1c43b,probe_a_mh,MiniHack-River-Narrow-v0,0,44,E,0.0,False,"A|belief={'layout': 'The goal is likely downstairs, but its location is unknown. Since mo | mech=I have ruled out that moving north and west is a viable option from this locatio"
fce1c43b,probe_a_mh,MiniHack-River-Narrow-v0,0,45,E,0.0,False,"A|belief={'layout': 'The goal is likely downstairs, but its location is unknown. Since mo | mech=I have ruled out that moving north and west is a viable option from this locatio"
fce1c43b,probe_a_mh,MiniHack-River-Narrow-v0,0,46,E,0.0,False,"A|belief={'layout': 'The goal is likely downstairs, but its location is unknown. Since mo | mech=I have ruled out that moving north and west is a viable option from this locatio"
fce1c43b,probe_a_mh,MiniHack-River-Narrow-v0,0,47,E,0.0,False,"A|belief={'layout': 'The goal is likely downstairs, but its location is unknown. Since mo | mech=I have ruled out that moving north and west is a viable option from this locatio"
fce1c43b,probe_a_mh,MiniHack-River-Narrow-v0,0,48,E,0.0,False,"A|belief={'layout': 'The goal is likely downstairs, but its location is unknown. Since mo | mech=I have ruled out that moving north and west is a viable option from this locatio"
fce1c43b,probe_a_mh,MiniHack-River-Narrow-v0,0,49,E,0.0,False,"A|belief={'layout': 'The goal is likely downstairs, but its location is unknown. Since mo | mech=I have ruled out that moving north and west is a viable option from this locatio"
fce1c43b,probe_a_mh,MiniHack-River-Narrow-v0,0,50,E,0.0,False,"A|belief={'layout': 'The goal is likely downstairs, but its location is unknown. Since mo | mech=I have ruled out that moving north and west is a viable option from this locatio"
fce1c43b,probe_a_mh,MiniHack-River-Narrow-v0,0,51,E,0.0,False,"A|belief={'layout': 'The goal is likely downstairs, but its location is unknown. Since mo | mech=I have ruled out that moving north and west is a viable option from this locatio"
fce1c43b,probe_a_mh,MiniHack-River-Narrow-v0,0,52,E,0.0,False,"A|belief={'layout': 'The goal is likely downstairs, but its location is unknown. Since mo | mech=I have ruled out that moving north and west is a viable option from this locatio"
fce1c43b,probe_a_mh,MiniHack-River-Narrow-v0,0,53,E,0.0,False,"A|belief={'layout': 'The goal is likely downstairs, but its location is unknown. Since mo | mech=I have ruled out that moving north and west is a viable option from this locatio"
fce1c43b,probe_a_mh,MiniHack-River-Narrow-v0,0,54,E,0.0,False,"A|belief={'layout': 'The goal is likely downstairs, but its location is unknown. Since mo | mech=I have ruled out that moving north and west is a viable option from this locatio"
fce1c43b,probe_a_mh,MiniHack-River-Narrow-v0,0,55,E,0.0,False,"A|belief={'layout': 'The goal is likely downstairs, but its location is unknown. Since mo | mech=I have ruled out that moving north and west is a viable option from this locatio"
fce1c43b,probe_a_mh,MiniHack-River-Narrow-v0,0,56,E,0.0,False,"A|belief={'layout': 'The goal is likely downstairs, but its location is unknown. Since mo | mech=I have ruled out that moving north and west is a viable option from this locatio"
fce1c43b,probe_a_mh,MiniHack-River-Narrow-v0,0,57,E,0.0,False,"A|belief={'layout': 'The goal is likely downstairs, but its location is unknown. Since mo | mech=I have ruled out that moving north and west is a viable option from this locatio"
fce1c43b,probe_a_mh,MiniHack-River-Narrow-v0,0,58,S,0.0,False,"A|belief={'layout': 'The goal is likely downstairs, but its location is unknown. Since mo | mech=I have ruled out that moving north, west, and east are viable options from this "
fce1c43b,probe_a_mh,MiniHack-River-Narrow-v0,0,59,S,0.0,False,"A|belief={'layout': 'The goal is likely downstairs, but its location is unknown. Since mo | mech=I have ruled out that moving north, west, and east are viable options from this "
fce1c43b,probe_a_mh,MiniHack-River-Narrow-v0,0,60,S,0.0,False,"A|belief={'layout': 'The goal is likely downstairs, but its location is unknown. Since mo | mech=I have ruled out that moving north, west, and east are viable options from this "
fce1c43b,probe_a_mh,MiniHack-River-Narrow-v0,0,61,S,-0.01,False,"A|belief={'layout': 'The goal is likely downstairs, but its location is unknown. Since mo | mech=I have ruled out that moving north, west, and east are viable options from this "
fce1c43b,probe_a_mh,MiniHack-River-Narrow-v0,0,62,S,-0.01,False,"A|belief={'layout': 'The goal is likely downstairs, but its location is unknown. Since mo | mech=I have ruled out that moving north, west, and east are viable options from this "
fce1c43b,probe_a_mh,MiniHack-River-Narrow-v0,0,63,SE,-0.01,False,"A|belief={'layout': 'The goal is likely downstairs, but its location is unknown. Since mo | mech=I have ruled out that moving north, west, east, and directly south are viable op"
fce1c43b,probe_a_mh,MiniHack-River-Narrow-v0,0,64,SW,-0.01,False,"A|belief={'layout': 'The goal is likely downstairs, but its location is unknown. Since mo | mech=I have ruled out that moving north, west, east, and directly south are viable op"
fce1c43b,probe_a_mh,MiniHack-River-Narrow-v0,0,65,NW,0.0,False,"A|belief={'layout': 'The goal is likely downstairs, but its location is unknown. Given th | mech=I have ruled out that moving directly south, southeast, and southwest are viable"
fce1c43b,probe_a_mh,MiniHack-River-Narrow-v0,0,66,NW,0.0,False,"A|belief={'layout': 'The goal is likely downstairs, but its location is unknown. Given th | mech=I have ruled out that moving directly south, southeast, and southwest are viable"
fce1c43b,probe_a_mh,MiniHack-River-Narrow-v0,0,67,NW,0.0,False,"A|belief={'layout': 'The goal is likely downstairs, but its location is unknown. Given th | mech=I have ruled out that moving directly south, southeast, and southwest are viable"
fce1c43b,probe_a_mh,MiniHack-River-Narrow-v0,0,68,NW,0.0,False,"A|belief={'layout': 'The goal is likely downstairs, but its location is unknown. Given th | mech=I have ruled out that moving directly south, southeast, and southwest are viable"
fce1c43b,probe_a_mh,MiniHack-River-Narrow-v0,0,69,NW,0.0,False,"A|belief={'layout': 'The goal is likely downstairs, but its location is unknown. Given th | mech=I have ruled out that moving directly south, southeast, and southwest are viable"
fce1c43b,probe_a_mh,MiniHack-River-Narrow-v0,0,70,NW,0.0,False,"A|belief={'layout': 'The goal is likely downstairs, but its location is unknown. Given th | mech=I have ruled out that moving directly south, southeast, and southwest are viable"
fce1c43b,probe_a_mh,MiniHack-River-Narrow-v0,0,71,NW,-0.01,False,"A|belief={'layout': 'The goal is likely downstairs, but its location is unknown. Given th | mech=I have ruled out that moving directly south, southeast, and southwest are viable"
fce1c43b,probe_a_mh,MiniHack-River-Narrow-v0,0,72,NW,-0.01,False,"A|belief={'layout': 'The goal is likely downstairs, but its location is unknown. Given th | mech=I have ruled out that moving directly south, southeast, and southwest are viable"
fce1c43b,probe_a_mh,MiniHack-River-Narrow-v0,0,73,NE,-0.01,False,"A|belief={'layout': 'The goal is likely downstairs, but its location is unknown. Given th | mech=I have ruled out that moving directly south, southeast, southwest, and northwest"
fce1c43b,probe_a_mh,MiniHack-River-Narrow-v0,0,74,N,-0.01,False,"A|belief={'layout': 'The goal is likely downstairs, but its location is unknown. Given th | mech=I have ruled out that moving directly south, southeast, southwest, and northwest"
fce1c43b,probe_a_mh,MiniHack-River-Narrow-v0,0,75,E,0.0,False,"A|belief={'layout': 'The goal is likely downstairs, but its location is unknown. Given th | mech=I have ruled out that moving directly south, southeast, southwest, and northwest"
fce1c43b,probe_a_mh,MiniHack-River-Narrow-v0,0,76,E,0.0,False,"A|belief={'layout': 'The goal is likely downstairs, but its location is unknown. Given th | mech=I have ruled out that moving directly south, southeast, southwest, and northwest"
fce1c43b,probe_a_mh,MiniHack-River-Narrow-v0,0,77,E,0.0,False,"A|belief={'layout': 'The goal is likely downstairs, but its location is unknown. Given th | mech=I have ruled out that moving directly south, southeast, southwest, and northwest"
fce1c43b,probe_a_mh,MiniHack-River-Narrow-v0,0,78,E,0.0,False,"A|belief={'layout': 'The goal is likely downstairs, but its location is unknown. Given th | mech=I have ruled out that moving directly south, southeast, southwest, and northwest"
fce1c43b,probe_a_mh,MiniHack-River-Narrow-v0,0,79,E,0.0,False,"A|belief={'layout': 'The goal is likely downstairs, but its location is unknown. Given th | mech=I have ruled out that moving directly south, southeast, southwest, and northwest"
fce1c43b,probe_a_mh,MiniHack-River-Narrow-v0,0,80,E,0.0,False,"A|belief={'layout': 'The goal is likely downstairs, but its location is unknown. Given th | mech=I have ruled out that moving directly south, southeast, southwest, and northwest"
fce1c43b,probe_a_mh,MiniHack-River-Narrow-v0,0,81,E,0.0,False,"A|belief={'layout': 'The goal is likely downstairs, but its location is unknown. Given th | mech=I have ruled out that moving directly south, southeast, southwest, and northwest"
fce1c43b,probe_a_mh,MiniHack-River-Narrow-v0,0,82,E,0.0,False,"A|belief={'layout': 'The goal is likely downstairs, but its location is unknown. Given th | mech=I have ruled out that moving directly south, southeast, southwest, and northwest"
fce1c43b,probe_a_mh,MiniHack-River-Narrow-v0,0,83,N,-0.01,False,"A|belief={'layout': 'The goal is likely downstairs, but its location is unknown. Given th | mech=I have ruled out that moving directly east is a viable option from this location"
fce1c43b,probe_a_mh,MiniHack-River-Narrow-v0,0,84,N,-0.01,False,"A|belief={'layout': 'The goal is likely downstairs, but its location is unknown. Given th | mech=I have ruled out that moving directly east is a viable option from this location"
fce1c43b,probe_a_mh,MiniHack-River-Narrow-v0,0,85,W,0.0,False,"A|belief={'layout': 'The goal is likely downstairs, but its location is unknown. Given th | mech=I have ruled out that moving directly north is a viable option from this locatio"
fce1c43b,probe_a_mh,MiniHack-River-Narrow-v0,0,86,W,0.0,False,"A|belief={'layout': 'The goal is likely downstairs, but its location is unknown. Given th | mech=I have ruled out that moving directly north is a viable option from this locatio"
fce1c43b,probe_a_mh,MiniHack-River-Narrow-v0,0,87,W,0.0,False,"A|belief={'layout': 'The goal is likely downstairs, but its location is unknown. Given th | mech=I have ruled out that moving directly north is a viable option from this locatio"
fce1c43b,probe_a_mh,MiniHack-River-Narrow-v0,0,88,W,0.0,False,"A|belief={'layout': 'The goal is likely downstairs, but its location is unknown. Given th | mech=I have ruled out that moving directly north is a viable option from this locatio"
fce1c43b,probe_a_mh,MiniHack-River-Narrow-v0,0,89,W,0.0,False,"A|belief={'layout': 'The goal is likely downstairs, but its location is unknown. Given th | mech=I have ruled out that moving directly north is a viable option from this locatio"
fce1c43b,probe_a_mh,MiniHack-River-Narrow-v0,0,90,W,0.0,False,"A|belief={'layout': 'The goal is likely downstairs, but its location is unknown. Given th | mech=I have ruled out that moving directly north is a viable option from this locatio"
fce1c43b,probe_a_mh,MiniHack-River-Narrow-v0,0,91,W,0.0,False,"A|belief={'layout': 'The goal is likely downstairs, but its location is unknown. Given th | mech=I have ruled out that moving directly north is a viable option from this locatio"
fce1c43b,probe_a_mh,MiniHack-River-Narrow-v0,0,92,W,0.0,False,"A|belief={'layout': 'The goal is likely downstairs, but its location is unknown. Given th | mech=I have ruled out that moving directly north is a viable option from this locatio"
fce1c43b,probe_a_mh,MiniHack-River-Narrow-v0,0,93,W,0.0,False,"A|belief={'layout': 'The goal is likely downstairs, but its location is unknown. Given th | mech=I have ruled out that moving directly north is a viable option from this locatio"
fce1c43b,probe_a_mh,MiniHack-River-Narrow-v0,0,94,W,0.0,False,"A|belief={'layout': 'The goal is likely downstairs, but its location is unknown. Given th | mech=I have ruled out that moving directly north is a viable option from this locatio"
fce1c43b,probe_a_mh,MiniHack-River-Narrow-v0,0,95,W,0.0,False,"A|belief={'layout': 'The goal is likely downstairs, but its location is unknown. Given th | mech=I have ruled out that moving directly north is a viable option from this locatio"
fce1c43b,probe_a_mh,MiniHack-River-Narrow-v0,0,96,W,0.0,False,"A|belief={'layout': 'The goal is likely downstairs, but its location is unknown. Given th | mech=I have ruled out that moving directly north is a viable option from this locatio"
fce1c43b,probe_a_mh,MiniHack-River-Narrow-v0,0,97,W,0.0,False,"A|belief={'layout': 'The goal is likely downstairs, but its location is unknown. Given th | mech=I have ruled out that moving directly north is a viable option from this locatio"
fce1c43b,probe_a_mh,MiniHack-River-Narrow-v0,0,98,W,0.0,False,"A|belief={'layout': 'The goal is likely downstairs, but its location is unknown. Given th | mech=I have ruled out that moving directly north is a viable option from this locatio"
fce1c43b,probe_a_mh,MiniHack-River-Narrow-v0,0,99,W,0.0,False,"A|belief={'layout': 'The goal is likely downstairs, but its location is unknown. Given th | mech=I have ruled out that moving directly north is a viable option from this locatio"
fce1c43b,probe_a_mh,MiniHack-River-Narrow-v0,0,100,W,0.0,False,"A|belief={'layout': 'The goal is likely downstairs, but its location is unknown. Given th | mech=I have ruled out that moving directly north is a viable option from this locatio"
fce1c43b,probe_a_mh,MiniHack-River-Narrow-v0,0,101,W,0.0,False,"A|belief={'layout': 'The goal is likely downstairs, but its location is unknown. Given th | mech=I have ruled out that moving directly north is a viable option from this locatio"
fce1c43b,probe_a_mh,MiniHack-River-Narrow-v0,0,102,W,-0.01,False,"A|belief={'layout': 'The goal is likely downstairs, but its location is unknown. Given th | mech=I have ruled out that moving directly north is a viable option from this locatio"
fce1c43b,probe_a_mh,MiniHack-River-Narrow-v0,0,103,W,-0.01,False,"A|belief={'layout': 'The goal is likely downstairs, but its location is unknown. Given th | mech=I have ruled out that moving directly north is a viable option from this locatio"
fce1c43b,probe_a_mh,MiniHack-River-Narrow-v0,0,104,E,0.0,False,"A|belief={'layout': 'The goal is likely downstairs, but its location is unknown. Given th | mech=I have ruled out that moving directly west is a viable option from this location"
fce1c43b,probe_a_mh,MiniHack-River-Narrow-v0,0,105,E,0.0,False,"A|belief={'layout': 'The goal is likely downstairs, but its location is unknown. Given th | mech=I have ruled out that moving directly west is a viable option from this location"
fce1c43b,probe_a_mh,MiniHack-River-Narrow-v0,0,106,E,0.0,False,"A|belief={'layout': 'The goal is likely downstairs, but its location is unknown. Given th | mech=I have ruled out that moving directly west is a viable option from this location"
fce1c43b,probe_a_mh,MiniHack-River-Narrow-v0,0,107,E,0.0,False,"A|belief={'layout': 'The goal is likely downstairs, but its location is unknown. Given th | mech=I have ruled out that moving directly west is a viable option from this location"
fce1c43b,probe_a_mh,MiniHack-River-Narrow-v0,0,108,E,0.0,False,"A|belief={'layout': 'The goal is likely downstairs, but its location is unknown. Given th | mech=I have ruled out that moving directly west is a viable option from this location"
fce1c43b,probe_a_mh,MiniHack-River-Narrow-v0,0,109,E,0.0,False,"A|belief={'layout': 'The goal is likely downstairs, but its location is unknown. Given th | mech=I have ruled out that moving directly west is a viable option from this location"
fce1c43b,probe_a_mh,MiniHack-River-Narrow-v0,0,110,E,0.0,False,"A|belief={'layout': 'The goal is likely downstairs, but its location is unknown. Given th | mech=I have ruled out that moving directly west is a viable option from this location"
fce1c43b,probe_a_mh,MiniHack-River-Narrow-v0,0,111,E,0.0,False,"A|belief={'layout': 'The goal is likely downstairs, but its location is unknown. Given th | mech=I have ruled out that moving directly west is a viable option from this location"
fce1c43b,probe_a_mh,MiniHack-River-Narrow-v0,0,112,E,0.0,False,"A|belief={'layout': 'The goal is likely downstairs, but its location is unknown. Given th | mech=I have ruled out that moving directly west is a viable option from this location"
fce1c43b,probe_a_mh,MiniHack-River-Narrow-v0,0,113,E,0.0,False,"A|belief={'layout': 'The goal is likely downstairs, but its location is unknown. Given th | mech=I have ruled out that moving directly west is a viable option from this location"
fce1c43b,probe_a_mh,MiniHack-River-Narrow-v0,0,114,E,0.0,False,"A|belief={'layout': 'The goal is likely downstairs, but its location is unknown. Given th | mech=I have ruled out that moving directly west is a viable option from this location"
fce1c43b,probe_a_mh,MiniHack-River-Narrow-v0,0,115,E,0.0,False,"A|belief={'layout': 'The goal is likely downstairs, but its location is unknown. Given th | mech=I have ruled out that moving directly west is a viable option from this location"
fce1c43b,probe_a_mh,MiniHack-River-Narrow-v0,0,116,E,0.0,False,"A|belief={'layout': 'The goal is likely downstairs, but its location is unknown. Given th | mech=I have ruled out that moving directly west is a viable option from this location"
fce1c43b,probe_a_mh,MiniHack-River-Narrow-v0,0,117,E,0.0,False,"A|belief={'layout': 'The goal is likely downstairs, but its location is unknown. Given th | mech=I have ruled out that moving directly west is a viable option from this location"
fce1c43b,probe_a_mh,MiniHack-River-Narrow-v0,0,118,E,0.0,False,"A|belief={'layout': 'The goal is likely downstairs, but its location is unknown. Given th | mech=I have ruled out that moving directly west is a viable option from this location"
fce1c43b,probe_a_mh,MiniHack-River-Narrow-v0,0,119,E,0.0,False,"A|belief={'layout': 'The goal is likely downstairs, but its location is unknown. Given th | mech=I have ruled out that moving directly west is a viable option from this location"
fce1c43b,probe_a_mh,MiniHack-River-Narrow-v0,1,0,E,0.0,False,"A|belief={'layout': 'The goal is unknown, but I will start by exploring the surroundings. | mech=unknown; I do not yet know how the obstacles here work, so I must discover it by"
fce1c43b,probe_a_mh,MiniHack-River-Narrow-v0,1,1,E,0.0,False,"A|belief={'layout': 'The goal is unknown, but I will start by exploring the surroundings. | mech=unknown; I do not yet know how the obstacles here work, so I must discover it by"
fce1c43b,probe_a_mh,MiniHack-River-Narrow-v0,1,2,E,0.0,False,"A|belief={'layout': 'The goal is unknown, but I will start by exploring the surroundings. | mech=unknown; I do not yet know how the obstacles here work, so I must discover it by"
fce1c43b,probe_a_mh,MiniHack-River-Narrow-v0,1,3,S,0.0,False,"A|belief={'layout': 'The goal is unknown, but I will start by exploring the surroundings. | mech=I still do not know how the obstacles here work, so I must discover it by trying"
fce1c43b,probe_a_mh,MiniHack-River-Narrow-v0,1,4,S,0.0,False,"A|belief={'layout': 'The goal is unknown, but I will start by exploring the surroundings. | mech=I still do not know how the obstacles here work, so I must discover it by trying"
fce1c43b,probe_a_mh,MiniHack-River-Narrow-v0,1,5,S,0.0,False,"A|belief={'layout': 'The goal is unknown, but I will start by exploring the surroundings. | mech=I still do not know how the obstacles here work, so I must discover it by trying"
fce1c43b,probe_a_mh,MiniHack-River-Narrow-v0,1,6,S,0.0,False,"A|belief={'layout': 'The goal is unknown, but I will start by exploring the surroundings. | mech=I still do not know how the obstacles here work, so I must discover it by trying"
fce1c43b,probe_a_mh,MiniHack-River-Narrow-v0,1,7,E,0.0,False,"A|belief={'layout': 'The goal is unknown, but I will start by exploring the surroundings. | mech=I still do not know how the obstacles here work, so I must discover it by trying"
fce1c43b,probe_a_mh,MiniHack-River-Narrow-v0,1,8,E,0.0,False,"A|belief={'layout': 'The goal is unknown, but I will start by exploring the surroundings. | mech=I still do not know how the obstacles here work, so I must discover it by trying"
fce1c43b,probe_a_mh,MiniHack-River-Narrow-v0,1,9,S,0.0,False,"A|belief={'layout': 'The goal is unknown, but I will start by exploring the surroundings. | mech=I still do not know how the obstacles here work, so I must discover it by trying"
fce1c43b,probe_a_mh,MiniHack-River-Narrow-v0,1,10,S,-0.01,False,"A|belief={'layout': 'The goal is unknown, but I will start by exploring the surroundings. | mech=I still do not know how the obstacles here work, so I must discover it by trying"
fce1c43b,probe_a_mh,MiniHack-River-Narrow-v0,1,11,N,0.0,False,"A|belief={'layout': 'The goal is unknown, but I will start by exploring the surroundings. | mech=I still do not know how the obstacles here work, so I must discover it by trying"
fce1c43b,probe_a_mh,MiniHack-River-Narrow-v0,1,12,E,0.0,False,"A|belief={'layout': 'The goal is still unknown, but I will continue exploring the surroun | mech=I still do not know how the obstacles here work, so I must discover it by trying"
fce1c43b,probe_a_mh,MiniHack-River-Narrow-v0,1,13,E,0.0,False,"A|belief={'layout': 'The goal is still unknown, but I will continue exploring the surroun | mech=I believe the } symbol represents an obstacle that I need to find a way around. "
fce1c43b,probe_a_mh,MiniHack-River-Narrow-v0,1,14,E,0.0,False,"A|belief={'layout': 'The goal is still unknown, but I will continue exploring the surroun | mech=I believe the } symbol represents an obstacle that I need to find a way around. "
fce1c43b,probe_a_mh,MiniHack-River-Narrow-v0,1,15,E,0.0,False,"A|belief={'layout': 'The goal is still unknown, but I will continue exploring the surroun | mech=I believe the } symbol represents an obstacle that I need to find a way around. "
fce1c43b,probe_a_mh,MiniHack-River-Narrow-v0,1,16,E,0.0,False,"A|belief={'layout': 'The goal is still unknown, but I will continue exploring the surroun | mech=I believe the } symbol represents an obstacle that I need to find a way around. "
fce1c43b,probe_a_mh,MiniHack-River-Narrow-v0,1,17,E,0.0,False,"A|belief={'layout': 'The goal is still unknown, but I will continue exploring the surroun | mech=I believe the } symbol represents an obstacle that I need to find a way around. "
fce1c43b,probe_a_mh,MiniHack-River-Narrow-v0,1,18,E,0.0,False,"A|belief={'layout': 'The goal is still unknown, but I will continue exploring the surroun | mech=I believe the } symbol represents an obstacle that I need to find a way around. "
fce1c43b,probe_a_mh,MiniHack-River-Narrow-v0,1,19,E,0.0,False,"A|belief={'layout': 'The goal is still unknown, but I will continue exploring the surroun | mech=I believe the } symbol represents an obstacle that I need to find a way around. "
fce1c43b,probe_a_mh,MiniHack-River-Narrow-v0,1,20,E,-0.01,False,"A|belief={'layout': 'The goal is still unknown, but I will continue exploring the surroun | mech=I believe the } symbol represents an obstacle that I need to find a way around. "
fce1c43b,probe_a_mh,MiniHack-River-Narrow-v0,1,21,N,0.0,False,"A|belief={'layout': 'The goal is still unknown, but I will continue exploring the surroun | mech=I believe the } symbol represents an obstacle that I need to find a way around. "
fce1c43b,probe_a_mh,MiniHack-River-Narrow-v0,1,22,N,1.0,True,"A|belief={'layout': 'The goal is still unknown, but I will continue exploring the surroun | mech=I believe the } symbol represents an obstacle that I need to find a way around. "
fce1c43b,probe_a_mh,MiniHack-River-Narrow-v0,2,0,N,0.0,False,"A|belief={'layout': 'I am in a room with lava or water (}) and need to find a path to the | mech=unknown; I do not yet know how the obstacles here work, so I must discover it by"
fce1c43b,probe_a_mh,MiniHack-River-Narrow-v0,2,1,N,0.0,False,"A|belief={'layout': 'I am in a room with lava or water (}) and need to find a path to the | mech=unknown; I do not yet know how the obstacles here work, so I must discover it by"
fce1c43b,probe_a_mh,MiniHack-River-Narrow-v0,2,2,E,0.0,False,"A|belief={'layout': 'I am in a room with lava or water (}) and need to find a path to the | mech=unknown; I do not yet know how the obstacles here work, so I must discover it by"
fce1c43b,probe_a_mh,MiniHack-River-Narrow-v0,2,3,S,0.0,False,"A|belief={'layout': 'I am in a room with lava or water (}) and need to find a path to the | mech=unknown; I do not yet know how the obstacles here work, so I must discover it by"
fce1c43b,probe_a_mh,MiniHack-River-Narrow-v0,2,4,E,0.0,False,"A|belief={'layout': 'I am in a room with lava or water (}) and need to find a path to the | mech=unknown; I do not yet know how the obstacles here work, so I must discover it by"
fce1c43b,probe_a_mh,MiniHack-River-Narrow-v0,2,5,E,0.0,False,"A|belief={'layout': 'I am in a room with lava or water (}) and need to find a path to the | mech=unknown; I do not yet know how the obstacles here work, so I must discover it by"
fce1c43b,probe_a_mh,MiniHack-River-Narrow-v0,2,6,N,0.0,False,"A|belief={'layout': 'I am in a room with lava or water (}) and need to find a path to the | mech=unknown; I do not yet know how the obstacles here work, so I must discover it by"
fce1c43b,probe_a_mh,MiniHack-River-Narrow-v0,2,7,N,0.0,False,"A|belief={'layout': 'I am in a room with lava or water (}) and need to find a path to the | mech=unknown; I do not yet know how the obstacles here work, so I must discover it by"
fce1c43b,probe_a_mh,MiniHack-River-Narrow-v0,2,8,N,0.0,False,"A|belief={'layout': 'I am in a room with lava or water (}) and need to find a path to the | mech=unknown; I do not yet know how the obstacles here work, so I must discover it by"
fce1c43b,probe_a_mh,MiniHack-River-Narrow-v0,2,9,N,0.0,False,"A|belief={'layout': 'I am in a room with lava or water (}) and need to find a path to the | mech=unknown; I do not yet know how the obstacles here work, so I must discover it by"
fce1c43b,probe_a_mh,MiniHack-River-Narrow-v0,2,10,N,-0.01,False,"A|belief={'layout': 'I am in a room with lava or water (}) and need to find a path to the | mech=unknown; I do not yet know how the obstacles here work, so I must discover it by"
fce1c43b,probe_a_mh,MiniHack-River-Narrow-v0,2,11,E,0.0,False,"A|belief={'layout': 'I am in a room with lava or water (}) and need to find a path to the | mech=unknown; I do not yet know how the obstacles here work, so I must discover it by | EXPERIMENT"
fce1c43b,probe_a_mh,MiniHack-River-Narrow-v0,2,12,N,-0.01,False,"A|belief={'layout': 'I am in a room with lava or water (}) and need to find a path to the | mech=unknown; I do not yet know how the obstacles here work, so I must discover it by"
fce1c43b,probe_a_mh,MiniHack-River-Narrow-v0,2,13,E,0.0,False,"A|belief={'layout': 'I am in a room with lava or water (}) and need to find a path to the | mech=unknown; I do not yet know how the obstacles here work, so I must discover it by"
fce1c43b,probe_a_mh,MiniHack-River-Narrow-v0,2,14,E,0.0,False,"A|belief={'layout': 'I am in a room with lava or water (}) and need to find a path to the | mech=unknown; I do not yet know how the obstacles here work, so I must discover it by"
fce1c43b,probe_a_mh,MiniHack-River-Narrow-v0,2,15,E,0.0,False,"A|belief={'layout': 'I am in a room with lava or water (}) and need to find a path to the | mech=unknown; I do not yet know how the obstacles here work, so I must discover it by"
fce1c43b,probe_a_mh,MiniHack-River-Narrow-v0,2,16,E,0.0,False,"A|belief={'layout': 'I am in a room with lava or water (}) and need to find a path to the | mech=unknown; I do not yet know how the obstacles here work, so I must discover it by"
fce1c43b,probe_a_mh,MiniHack-River-Narrow-v0,2,17,S,0.0,False,"A|belief={'layout': 'I am in a room with lava or water (}) and need to find a path to the | mech=unknown; I do not yet know how the obstacles here work, so I must discover it by"
fce1c43b,probe_a_mh,MiniHack-River-Narrow-v0,2,18,S,0.0,False,"A|belief={'layout': 'I am in a room with lava or water (}) and need to find a path to the | mech=unknown; I do not yet know how the obstacles here work, so I must discover it by"
fce1c43b,probe_a_mh,MiniHack-River-Narrow-v0,2,19,S,0.0,False,"A|belief={'layout': 'I am in a room with lava or water (}) and need to find a path to the | mech=unknown; I do not yet know how the obstacles here work, so I must discover it by"
fce1c43b,probe_a_mh,MiniHack-River-Narrow-v0,2,20,S,0.0,False,"A|belief={'layout': 'I am in a room with lava or water (}) and need to find a path to the | mech=unknown; I do not yet know how the obstacles here work, so I must discover it by"
fce1c43b,probe_a_mh,MiniHack-River-Narrow-v0,2,21,S,0.0,False,"A|belief={'layout': 'I am in a room with lava or water (}) and need to find a path to the | mech=unknown; I do not yet know how the obstacles here work, so I must discover it by"
fce1c43b,probe_a_mh,MiniHack-River-Narrow-v0,2,22,E,0.0,False,"A|belief={'layout': 'I am in a room with lava or water (}) and need to find a path to the | mech=unknown; I do not yet know how the obstacles here work, so I must discover it by"
fce1c43b,probe_a_mh,MiniHack-River-Narrow-v0,2,23,E,0.0,False,"A|belief={'layout': 'I am in a room with lava or water (}) and need to find a path to the | mech=unknown; I do not yet know how the obstacles here work, so I must discover it by | EXPERIMENT"
fce1c43b,probe_a_mh,MiniHack-River-Narrow-v0,2,24,E,0.0,False,"A|belief={'layout': 'I am in a room with lava or water (}) and need to find a path to the | mech=unknown; I do not yet know how the obstacles here work, so I must discover it by"
fce1c43b,probe_a_mh,MiniHack-River-Narrow-v0,2,25,E,0.0,False,"A|belief={'layout': 'I am in a room with lava or water (}) and need to find a path to the | mech=unknown; I do not yet know how the obstacles here work, so I must discover it by"
fce1c43b,probe_a_mh,MiniHack-River-Narrow-v0,2,26,E,0.0,False,"A|belief={'layout': 'I am in a room with lava or water (}) and need to find a path to the | mech=unknown; I do not yet know how the obstacles here work, so I must discover it by"
fce1c43b,probe_a_mh,MiniHack-River-Narrow-v0,2,27,E,0.0,False,"A|belief={'layout': 'I am in a room with lava or water (}) and need to find a path to the | mech=unknown; I do not yet know how the obstacles here work, so I must discover it by"
fce1c43b,probe_a_mh,MiniHack-River-Narrow-v0,2,28,E,0.0,False,"A|belief={'layout': 'I am in a room with lava or water (}) and need to find a path to the | mech=unknown; I do not yet know how the obstacles here work, so I must discover it by"
fce1c43b,probe_a_mh,MiniHack-River-Narrow-v0,2,29,E,0.0,False,"A|belief={'layout': 'I am in a room with lava or water (}) and need to find a path to the | mech=unknown; I do not yet know how the obstacles here work, so I must discover it by"
fce1c43b,probe_a_mh,MiniHack-River-Narrow-v0,2,30,E,0.0,False,"A|belief={'layout': 'I am in a room with lava or water (}) and need to find a path to the | mech=unknown; I do not yet know how the obstacles here work, so I must discover it by"
fce1c43b,probe_a_mh,MiniHack-River-Narrow-v0,2,31,E,0.0,False,"A|belief={'layout': 'I am in a room with lava or water (}) and need to find a path to the | mech=unknown; I do not yet know how the obstacles here work, so I must discover it by"
fce1c43b,probe_a_mh,MiniHack-River-Narrow-v0,2,32,N,0.0,False,"A|belief={'layout': 'I am in a room with lava or water (}) and need to find a path to the | mech=unknown; I do not yet know how the obstacles here work, so I must discover it by"
fce1c43b,probe_a_mh,MiniHack-River-Narrow-v0,2,33,N,0.0,False,"A|belief={'layout': 'I am in a room with lava or water (}) and need to find a path to the | mech=unknown; I do not yet know how the obstacles here work, so I must discover it by"
fce1c43b,probe_a_mh,MiniHack-River-Narrow-v0,2,34,N,0.0,False,"A|belief={'layout': 'I am in a room with lava or water (}) and need to find a path to the | mech=unknown; I do not yet know how the obstacles here work, so I must discover it by"
fce1c43b,probe_a_mh,MiniHack-River-Narrow-v0,2,35,E,0.0,False,"A|belief={'layout': 'I am in a room with lava or water (}) and need to find a path to the | mech=unknown; I do not yet know how the obstacles here work, so I must discover it by | EXPERIMENT"
fce1c43b,probe_a_mh,MiniHack-River-Narrow-v0,2,36,E,0.0,False,"A|belief={'layout': 'I am in a room with lava or water (}) and need to find a path to the | mech=unknown; I do not yet know how the obstacles here work, so I must discover it by"
fce1c43b,probe_a_mh,MiniHack-River-Narrow-v0,2,37,E,0.0,False,"A|belief={'layout': 'I am in a room with lava or water (}) and need to find a path to the | mech=unknown; I do not yet know how the obstacles here work, so I must discover it by"
fce1c43b,probe_a_mh,MiniHack-River-Narrow-v0,2,38,E,0.0,False,"A|belief={'layout': 'I am in a room with lava or water (}) and need to find a path to the | mech=unknown; I do not yet know how the obstacles here work, so I must discover it by"
fce1c43b,probe_a_mh,MiniHack-River-Narrow-v0,2,39,N,0.0,False,"A|belief={'layout': 'I am in a room with lava or water (}) and need to find a path to the | mech=unknown; I do not yet know how the obstacles here work, so I must discover it by"
fce1c43b,probe_a_mh,MiniHack-River-Narrow-v0,2,40,N,0.0,False,"A|belief={'layout': 'I am in a room with lava or water (}) and need to find a path to the | mech=unknown; I do not yet know how the obstacles here work, so I must discover it by"
fce1c43b,probe_a_mh,MiniHack-River-Narrow-v0,2,41,N,-0.01,False,"A|belief={'layout': 'I am in a room with lava or water (}) and need to find a path to the | mech=unknown; I do not yet know how the obstacles here work, so I must discover it by"
fce1c43b,probe_a_mh,MiniHack-River-Narrow-v0,2,42,E,0.0,False,"A|belief={'layout': 'I am in a room with lava or water (}) and need to find a path to the | mech=unknown; I do not yet know how the obstacles here work, so I must discover it by"
fce1c43b,probe_a_mh,MiniHack-River-Narrow-v0,2,43,E,0.0,False,"A|belief={'layout': 'I am in a room with lava or water (}) and need to find a path to the | mech=unknown; I do not yet know how the obstacles here work, so I must discover it by"
fce1c43b,probe_a_mh,MiniHack-River-Narrow-v0,2,44,E,0.0,False,"A|belief={'layout': 'I am in a room with lava or water (}) and need to find a path to the | mech=unknown; I do not yet know how the obstacles here work, so I must discover it by"
fce1c43b,probe_a_mh,MiniHack-River-Narrow-v0,2,45,N,-0.01,False,"A|belief={'layout': 'I am in a room with lava or water (}) and need to find a path to the | mech=unknown; I do not yet know how the obstacles here work, so I must discover it by"
fce1c43b,probe_a_mh,MiniHack-River-Narrow-v0,2,46,N,-0.01,False,"A|belief={'layout': 'I am in a room with lava or water (}) and need to find a path to the | mech=unknown; I do not yet know how the obstacles here work, so I must discover it by"
fce1c43b,probe_a_mh,MiniHack-River-Narrow-v0,2,47,W,0.0,False,"A|belief={'layout': 'I am in a room with lava or water (}) and need to find a path to the | mech=unknown; I do not yet know how the obstacles here work, so I must discover it by | EXPERIMENT"
fce1c43b,probe_a_mh,MiniHack-River-Narrow-v0,2,48,E,0.0,False,"A|belief={'layout': 'I am in a room with lava or water (}) and need to find a path to the | mech=unknown; I do not yet know how the obstacles here work, so I must discover it by"
fce1c43b,probe_a_mh,MiniHack-River-Narrow-v0,2,49,E,0.0,False,"A|belief={'layout': 'I am in a room with lava or water (}) and need to find a path to the | mech=unknown; I do not yet know how the obstacles here work, so I must discover it by"
fce1c43b,probe_a_mh,MiniHack-River-Narrow-v0,2,50,N,-0.01,False,"A|belief={'layout': 'I am in a room with lava or water (}) and need to find a path to the | mech=unknown; I do not yet know how the obstacles here work, so I must discover it by"
fce1c43b,probe_a_mh,MiniHack-River-Narrow-v0,2,51,E,0.0,False,"A|belief={'layout': 'I am in a room with lava or water (}) and need to find a path to the | mech=unknown; I do not yet know how the obstacles here work, so I must discover it by"
fce1c43b,probe_a_mh,MiniHack-River-Narrow-v0,2,52,E,0.0,False,"A|belief={'layout': 'I am in a room with lava or water (}) and need to find a path to the | mech=unknown; I do not yet know how the obstacles here work, so I must discover it by"
fce1c43b,probe_a_mh,MiniHack-River-Narrow-v0,2,53,S,0.0,False,"A|belief={'layout': 'I am in a room with lava or water (}) and need to find a path to the | mech=unknown; I do not yet know how the obstacles here work, so I must discover it by"
fce1c43b,probe_a_mh,MiniHack-River-Narrow-v0,2,54,E,0.0,False,"A|belief={'layout': 'I am in a room with lava or water (}) and need to find a path to the | mech=unknown; I do not yet know how the obstacles here work, so I must discover it by"
fce1c43b,probe_a_mh,MiniHack-River-Narrow-v0,2,55,N,-0.01,False,"A|belief={'layout': 'I am in a room with lava or water (}) and need to find a path to the | mech=unknown; I do not yet know how the obstacles here work, so I must discover it by"
fce1c43b,probe_a_mh,MiniHack-River-Narrow-v0,2,56,E,0.0,False,"A|belief={'layout': 'I am in a room with lava or water (}) and need to find a path to the | mech=unknown; I do not yet know how the obstacles here work, so I must discover it by"
fce1c43b,probe_a_mh,MiniHack-River-Narrow-v0,2,57,E,0.0,False,"A|belief={'layout': 'I am in a room with lava or water (}) and need to find a path to the | mech=unknown; I do not yet know how the obstacles here work, so I must discover it by"
fce1c43b,probe_a_mh,MiniHack-River-Narrow-v0,2,58,N,0.0,False,"A|belief={'layout': 'I am in a room with lava or water (}) and need to find a path to the | mech=unknown; I do not yet know how the obstacles here work, so I must discover it by"
fce1c43b,probe_a_mh,MiniHack-River-Narrow-v0,2,59,W,0.0,False,"A|belief={'layout': 'I am in a room with lava or water (}) and need to find a path to the | mech=unknown; I do not yet know how the obstacles here work, so I must discover it by | EXPERIMENT"
fce1c43b,probe_a_mh,MiniHack-River-Narrow-v0,2,60,N,-0.01,False,"A|belief={'layout': 'I am in a room with lava or water (}) and need to find a path to the | mech=unknown; I do not yet know how the obstacles here work, so I must discover it by"
fce1c43b,probe_a_mh,MiniHack-River-Narrow-v0,2,61,N,-0.01,False,"A|belief={'layout': 'I am in a room with lava or water (}) and need to find a path to the | mech=unknown; I do not yet know how the obstacles here work, so I must discover it by"
fce1c43b,probe_a_mh,MiniHack-River-Narrow-v0,2,62,E,0.0,False,"A|belief={'layout': 'I am in a room with lava or water (}) and need to find a path to the | mech=unknown; I do not yet know how the obstacles here work, so I must discover it by"
fce1c43b,probe_a_mh,MiniHack-River-Narrow-v0,2,63,E,0.0,False,"A|belief={'layout': 'I am in a room with lava or water (}) and need to find a path to the | mech=unknown; I do not yet know how the obstacles here work, so I must discover it by"
fce1c43b,probe_a_mh,MiniHack-River-Narrow-v0,2,64,S,0.0,False,"A|belief={'layout': 'I am in a room with lava or water (}) and need to find a path to the | mech=unknown; I do not yet know how the obstacles here work, so I must discover it by"
fce1c43b,probe_a_mh,MiniHack-River-Narrow-v0,2,65,S,0.0,False,"A|belief={'layout': 'I am in a room with lava or water (}) and need to find a path to the | mech=unknown; I do not yet know how the obstacles here work, so I must discover it by"
fce1c43b,probe_a_mh,MiniHack-River-Narrow-v0,2,66,E,0.0,False,"A|belief={'layout': 'I am in a room with lava or water (}) and need to find a path to the | mech=unknown; I do not yet know how the obstacles here work, so I must discover it by"
fce1c43b,probe_a_mh,MiniHack-River-Narrow-v0,2,67,E,0.0,False,"A|belief={'layout': 'I am in a room with lava or water (}) and need to find a path to the | mech=unknown; I do not yet know how the obstacles here work, so I must discover it by"
fce1c43b,probe_a_mh,MiniHack-River-Narrow-v0,2,68,S,0.0,False,"A|belief={'layout': 'I am in a room with lava or water (}) and need to find a path to the | mech=unknown; I do not yet know how the obstacles here work, so I must discover it by"
fce1c43b,probe_a_mh,MiniHack-River-Narrow-v0,2,69,S,0.0,False,"A|belief={'layout': 'I am in a room with lava or water (}) and need to find a path to the | mech=unknown; I do not yet know how the obstacles here work, so I must discover it by"
fce1c43b,probe_a_mh,MiniHack-River-Narrow-v0,2,70,S,0.0,False,"A|belief={'layout': 'I am in a room with lava or water (}) and need to find a path to the | mech=unknown; I do not yet know how the obstacles here work, so I must discover it by"
fce1c43b,probe_a_mh,MiniHack-River-Narrow-v0,2,71,E,0.0,False,"A|belief={'layout': 'I am in a room with lava or water (}) and need to find a path to the | mech=I hypothesize that the lava or water (}) can be interacted with in some way, pos | EXPERIMENT"
fce1c43b,probe_a_mh,MiniHack-River-Narrow-v0,2,72,S,0.0,False,"A|belief={'layout': 'I am in a room with lava or water (}) and need to find a path to the | mech=I hypothesize that the lava or water (}) can be interacted with in some way, pos"
fce1c43b,probe_a_mh,MiniHack-River-Narrow-v0,2,73,S,-0.01,False,"A|belief={'layout': 'I am in a room with lava or water (}) and need to find a path to the | mech=I hypothesize that the lava or water (}) can be interacted with in some way, pos"
fce1c43b,probe_a_mh,MiniHack-River-Narrow-v0,2,74,S,-0.01,False,"A|belief={'layout': 'I am in a room with lava or water (}) and need to find a path to the | mech=I hypothesize that the lava or water (}) can be interacted with in some way, pos"
fce1c43b,probe_a_mh,MiniHack-River-Narrow-v0,2,75,N,0.0,False,"A|belief={'layout': 'I am in a room with lava or water (}) and need to find a path to the | mech=I hypothesize that the lava or water (}) can be interacted with in some way, pos"
fce1c43b,probe_a_mh,MiniHack-River-Narrow-v0,2,76,N,0.0,False,"A|belief={'layout': 'I am in a room with lava or water (}) and need to find a path to the | mech=I hypothesize that the lava or water (}) can be interacted with in some way, pos"
fce1c43b,probe_a_mh,MiniHack-River-Narrow-v0,2,77,N,0.0,False,"A|belief={'layout': 'I am in a room with lava or water (}) and need to find a path to the | mech=I hypothesize that the lava or water (}) can be interacted with in some way, pos"
fce1c43b,probe_a_mh,MiniHack-River-Narrow-v0,2,78,N,0.0,False,"A|belief={'layout': 'I am in a room with lava or water (}) and need to find a path to the | mech=I hypothesize that the lava or water (}) can be interacted with in some way, pos"
fce1c43b,probe_a_mh,MiniHack-River-Narrow-v0,2,79,N,0.0,False,"A|belief={'layout': 'I am in a room with lava or water (}) and need to find a path to the | mech=I hypothesize that the lava or water (}) can be interacted with in some way, pos"
fce1c43b,probe_a_mh,MiniHack-River-Narrow-v0,2,80,N,0.0,False,"A|belief={'layout': 'I am in a room with lava or water (}) and need to find a path to the | mech=I hypothesize that the lava or water (}) can be interacted with in some way, pos"
fce1c43b,probe_a_mh,MiniHack-River-Narrow-v0,2,81,N,-0.01,False,"A|belief={'layout': 'I am in a room with lava or water (}) and need to find a path to the | mech=I hypothesize that the lava or water (}) can be interacted with in some way, pos"
fce1c43b,probe_a_mh,MiniHack-River-Narrow-v0,2,82,S,0.0,False,"A|belief={'layout': 'I am in a room with lava or water (}) and need to find a path to the | mech=I hypothesize that the lava or water (}) can be interacted with in some way, pos"
fce1c43b,probe_a_mh,MiniHack-River-Narrow-v0,2,83,S,0.0,False,"A|belief={'layout': 'I am in a room with lava or water (}) and need to find a path to the | mech=I hypothesize that the lava or water (}) can be interacted with in some way, pos"
fce1c43b,probe_a_mh,MiniHack-River-Narrow-v0,2,84,S,0.0,False,"A|belief={'layout': 'I am in a room with lava or water (}) and need to find a path to the | mech=I hypothesize that the lava or water (}) can be interacted with in some way, pos"
fce1c43b,probe_a_mh,MiniHack-River-Narrow-v0,2,85,S,0.0,False,"A|belief={'layout': 'I am in a room with lava or water (}) and need to find a path to the | mech=I hypothesize that the lava or water (}) can be interacted with in some way, pos"
fce1c43b,probe_a_mh,MiniHack-River-Narrow-v0,2,86,S,0.0,False,"A|belief={'layout': 'I am in a room with lava or water (}) and need to find a path to the | mech=I hypothesize that the lava or water (}) can be interacted with in some way, pos"
fce1c43b,probe_a_mh,MiniHack-River-Narrow-v0,2,87,S,0.0,False,"A|belief={'layout': 'I am in a room with lava or water (}) and need to find a path to the | mech=I hypothesize that the lava or water (}) can be interacted with in some way, pos"
fce1c43b,probe_a_mh,MiniHack-River-Narrow-v0,2,88,S,-0.01,False,"A|belief={'layout': 'I am in a room with lava or water (}) and need to find a path to the | mech=I hypothesize that the lava or water (}) can be interacted with in some way, pos"
fce1c43b,probe_a_mh,MiniHack-River-Narrow-v0,2,89,W,0.0,False,"A|belief={'layout': 'I am in a room with lava or water (}) and need to find a path to the | mech=I hypothesize that the lava or water (}) can be interacted with in some way, pos"
fce1c43b,probe_a_mh,MiniHack-River-Narrow-v0,2,90,W,0.0,False,"A|belief={'layout': 'I am in a room with lava or water (}) and need to find a path to the | mech=I hypothesize that the lava or water (}) can be interacted with in some way, pos"
fce1c43b,probe_a_mh,MiniHack-River-Narrow-v0,2,91,W,0.0,False,"A|belief={'layout': 'I am in a room with lava or water (}) and need to find a path to the | mech=I hypothesize that the lava or water (}) can be interacted with in some way, pos"
fce1c43b,probe_a_mh,MiniHack-River-Narrow-v0,2,92,W,0.0,False,"A|belief={'layout': 'I am in a room with lava or water (}) and need to find a path to the | mech=I hypothesize that the lava or water (}) can be interacted with in some way, pos"
fce1c43b,probe_a_mh,MiniHack-River-Narrow-v0,2,93,W,0.0,False,"A|belief={'layout': 'I am in a room with lava or water (}) and need to find a path to the | mech=I hypothesize that the lava or water (}) can be interacted with in some way, pos"
fce1c43b,probe_a_mh,MiniHack-River-Narrow-v0,2,94,W,0.0,False,"A|belief={'layout': 'I am in a room with lava or water (}) and need to find a path to the | mech=I hypothesize that the lava or water (}) can be interacted with in some way, pos"
fce1c43b,probe_a_mh,MiniHack-River-Narrow-v0,2,95,W,0.0,False,"A|belief={'layout': 'I am in a room with lava or water (}) and need to find a path to the | mech=I hypothesize that the lava or water (}) can be interacted with in some way, pos"
fce1c43b,probe_a_mh,MiniHack-River-Narrow-v0,2,96,N,0.0,False,"A|belief={'layout': 'I am in a room with lava or water (}) and need to find a path to the | mech=I hypothesize that the lava or water (}) can be interacted with in some way, pos"
fce1c43b,probe_a_mh,MiniHack-River-Narrow-v0,2,97,W,0.0,False,"A|belief={'layout': 'I am in a room with lava or water (}) and need to find a path to the | mech=I hypothesize that the lava or water (}) can be interacted with in some way, pos"
fce1c43b,probe_a_mh,MiniHack-River-Narrow-v0,2,98,W,0.0,False,"A|belief={'layout': 'I am in a room with lava or water (}) and need to find a path to the | mech=I hypothesize that the lava or water (}) can be interacted with in some way, pos"
fce1c43b,probe_a_mh,MiniHack-River-Narrow-v0,2,99,W,0.0,False,"A|belief={'layout': 'I am in a room with lava or water (}) and need to find a path to the | mech=I hypothesize that the lava or water (}) can be interacted with in some way, pos"
fce1c43b,probe_a_mh,MiniHack-River-Narrow-v0,2,100,W,0.0,False,"A|belief={'layout': 'I am in a room with lava or water (}) and need to find a path to the | mech=I hypothesize that the lava or water (}) can be interacted with in some way, pos"
fce1c43b,probe_a_mh,MiniHack-River-Narrow-v0,2,101,W,0.0,False,"A|belief={'layout': 'I am in a room with lava or water (}) and need to find a path to the | mech=I hypothesize that the lava or water (}) can be interacted with in some way, pos"
fce1c43b,probe_a_mh,MiniHack-River-Narrow-v0,2,102,W,0.0,False,"A|belief={'layout': 'I am in a room with lava or water (}) and need to find a path to the | mech=I hypothesize that the lava or water (}) can be interacted with in some way, pos"
fce1c43b,probe_a_mh,MiniHack-River-Narrow-v0,2,103,W,0.0,False,"A|belief={'layout': 'I am in a room with lava or water (}) and need to find a path to the | mech=I hypothesize that the lava or water (}) can be interacted with in some way, pos"
fce1c43b,probe_a_mh,MiniHack-River-Narrow-v0,2,104,W,0.0,False,"A|belief={'layout': 'I am in a room with lava or water (}) and need to find a path to the | mech=I hypothesize that the lava or water (}) can be interacted with in some way, pos"
fce1c43b,probe_a_mh,MiniHack-River-Narrow-v0,2,105,W,0.0,False,"A|belief={'layout': 'I am in a room with lava or water (}) and need to find a path to the | mech=I hypothesize that the lava or water (}) can be interacted with in some way, pos"
fce1c43b,probe_a_mh,MiniHack-River-Narrow-v0,2,106,W,0.0,False,"A|belief={'layout': 'I am in a room with lava or water (}) and need to find a path to the | mech=I hypothesize that the lava or water (}) can be interacted with in some way, pos"
fce1c43b,probe_a_mh,MiniHack-River-Narrow-v0,2,107,W,-0.01,False,"A|belief={'layout': 'I am in a room with lava or water (}) and need to find a path to the | mech=I hypothesize that the lava or water (}) can be interacted with in some way, pos"
fce1c43b,probe_a_mh,MiniHack-River-Narrow-v0,2,108,E,0.0,False,"A|belief={'layout': 'I am in a room with lava or water (}) and need to find a path to the | mech=I hypothesize that the lava or water (}) can be interacted with in some way, pos"
fce1c43b,probe_a_mh,MiniHack-River-Narrow-v0,2,109,E,0.0,False,"A|belief={'layout': 'I am in a room with lava or water (}) and need to find a path to the | mech=I hypothesize that the lava or water (}) can be interacted with in some way, pos"
fce1c43b,probe_a_mh,MiniHack-River-Narrow-v0,2,110,E,0.0,False,"A|belief={'layout': 'I am in a room with lava or water (}) and need to find a path to the | mech=I hypothesize that the lava or water (}) can be interacted with in some way, pos"
fce1c43b,probe_a_mh,MiniHack-River-Narrow-v0,2,111,E,0.0,False,"A|belief={'layout': 'I am in a room with lava or water (}) and need to find a path to the | mech=I hypothesize that the lava or water (}) can be interacted with in some way, pos"
fce1c43b,probe_a_mh,MiniHack-River-Narrow-v0,2,112,E,0.0,False,"A|belief={'layout': 'I am in a room with lava or water (}) and need to find a path to the | mech=I hypothesize that the lava or water (}) can be interacted with in some way, pos"
fce1c43b,probe_a_mh,MiniHack-River-Narrow-v0,2,113,W,0.0,False,"A|belief={'layout': 'I am in a room with lava or water (}) and need to find a path to the | mech=I hypothesize that the lava or water (}) can be interacted with in some way, pos"
fce1c43b,probe_a_mh,MiniHack-River-Narrow-v0,2,114,E,0.0,False,"A|belief={'layout': 'I am in a room with lava or water (}) and need to find a path to the | mech=I hypothesize that the lava or water (}) can be interacted with in some way, pos"
fce1c43b,probe_a_mh,MiniHack-River-Narrow-v0,2,115,E,0.0,False,"A|belief={'layout': 'I am in a room with lava or water (}) and need to find a path to the | mech=I hypothesize that the lava or water (}) can be interacted with in some way, pos"
fce1c43b,probe_a_mh,MiniHack-River-Narrow-v0,2,116,E,0.0,False,"A|belief={'layout': 'I am in a room with lava or water (}) and need to find a path to the | mech=I hypothesize that the lava or water (}) can be interacted with in some way, pos"
fce1c43b,probe_a_mh,MiniHack-River-Narrow-v0,2,117,E,0.0,False,"A|belief={'layout': 'I am in a room with lava or water (}) and need to find a path to the | mech=I hypothesize that the lava or water (}) can be interacted with in some way, pos"
fce1c43b,probe_a_mh,MiniHack-River-Narrow-v0,2,118,E,0.0,False,"A|belief={'layout': 'I am in a room with lava or water (}) and need to find a path to the | mech=I hypothesize that the lava or water (}) can be interacted with in some way, pos"
fce1c43b,probe_a_mh,MiniHack-River-Narrow-v0,2,119,E,0.0,False,"A|belief={'layout': 'I am in a room with lava or water (}) and need to find a path to the | mech=I hypothesize that the lava or water (}) can be interacted with in some way, pos"
fce1c43b,probe_a_mh,MiniHack-River-Narrow-v0,3,0,S,0.0,False,"A|belief={'layout': 'I am in a room with lava or water to the south, my goal is likely do | mech=unknown; I do not yet know how the obstacles here work, so I must discover it by"
fce1c43b,probe_a_mh,MiniHack-River-Narrow-v0,3,1,S,0.0,False,"A|belief={'layout': 'I am in a room with lava or water to the south, my goal is likely do | mech=unknown; I do not yet know how the obstacles here work, so I must discover it by"
fce1c43b,probe_a_mh,MiniHack-River-Narrow-v0,3,2,S,0.0,False,"A|belief={'layout': 'I am in a room with lava or water to the south, my goal is likely do | mech=unknown; I do not yet know how the obstacles here work, so I must discover it by"
fce1c43b,probe_a_mh,MiniHack-River-Narrow-v0,3,3,S,0.0,False,"A|belief={'layout': 'I am in a room with lava or water to the south, my goal is likely do | mech=unknown; I do not yet know how the obstacles here work, so I must discover it by"
fce1c43b,probe_a_mh,MiniHack-River-Narrow-v0,3,4,S,-0.01,False,"A|belief={'layout': 'I am in a room with lava or water to the south, my goal is likely do | mech=unknown; I do not yet know how the obstacles here work, so I must discover it by"
fce1c43b,probe_a_mh,MiniHack-River-Narrow-v0,3,5,E,0.0,False,"A|belief={'layout': 'I am in a room with lava or water to the south, my goal is likely do | mech=unknown; I do not yet know how the obstacles here work, so I must discover it by"
fce1c43b,probe_a_mh,MiniHack-River-Narrow-v0,3,6,E,0.0,False,"A|belief={'layout': 'I am in a room with lava or water to the south, my goal is likely do | mech=unknown; I do not yet know how the obstacles here work, so I must discover it by"
fce1c43b,probe_a_mh,MiniHack-River-Narrow-v0,3,7,E,0.0,False,"A|belief={'layout': 'I am in a room with lava or water to the south, my goal is likely do | mech=unknown; I do not yet know how the obstacles here work, so I must discover it by"
fce1c43b,probe_a_mh,MiniHack-River-Narrow-v0,3,8,E,0.0,False,"A|belief={'layout': 'I am in a room with lava or water to the south, my goal is likely do | mech=unknown; I do not yet know how the obstacles here work, so I must discover it by"
fce1c43b,probe_a_mh,MiniHack-River-Narrow-v0,3,9,E,0.0,False,"A|belief={'layout': 'I am in a room with lava or water to the south, my goal is likely do | mech=unknown; I do not yet know how the obstacles here work, so I must discover it by"
fce1c43b,probe_a_mh,MiniHack-River-Narrow-v0,3,10,E,0.0,False,"A|belief={'layout': 'I am in a room with lava or water to the south, my goal is likely do | mech=unknown; I do not yet know how the obstacles here work, so I must discover it by"
fce1c43b,probe_a_mh,MiniHack-River-Narrow-v0,3,11,S,-0.01,False,"A|belief={'layout': 'I am in a room with lava or water to the south, my goal is likely do | mech=unknown; I do not yet know how the obstacles here work, so I must discover it by | EXPERIMENT"
fce1c43b,probe_a_mh,MiniHack-River-Narrow-v0,3,12,N,0.0,False,"A|belief={'layout': 'I am in a room with lava or water to the south, my goal is likely do | mech=unknown; I do not yet know how the obstacles here work, so I must discover it by"
fce1c43b,probe_a_mh,MiniHack-River-Narrow-v0,3,13,N,0.0,False,"A|belief={'layout': 'I am in a room with lava or water to the south, my goal is likely do | mech=unknown; I do not yet know how the obstacles here work, so I must discover it by"
fce1c43b,probe_a_mh,MiniHack-River-Narrow-v0,3,14,E,0.0,False,"A|belief={'layout': 'I am in a room with lava or water to the south, my goal is likely do | mech=unknown; I do not yet know how the obstacles here work, so I must discover it by"
fce1c43b,probe_a_mh,MiniHack-River-Narrow-v0,3,15,E,0.0,False,"A|belief={'layout': 'I am in a room with lava or water to the south, my goal is likely do | mech=unknown; I do not yet know how the obstacles here work, so I must discover it by"
fce1c43b,probe_a_mh,MiniHack-River-Narrow-v0,3,16,E,0.0,False,"A|belief={'layout': 'I am in a room with lava or water to the south, my goal is likely do | mech=unknown; I do not yet know how the obstacles here work, so I must discover it by"
fce1c43b,probe_a_mh,MiniHack-River-Narrow-v0,3,17,E,0.0,False,"A|belief={'layout': 'I am in a room with lava or water to the south, my goal is likely do | mech=unknown; I do not yet know how the obstacles here work, so I must discover it by"
fce1c43b,probe_a_mh,MiniHack-River-Narrow-v0,3,18,E,0.0,False,"A|belief={'layout': 'I am in a room with lava or water to the south, my goal is likely do | mech=unknown; I do not yet know how the obstacles here work, so I must discover it by"
fce1c43b,probe_a_mh,MiniHack-River-Narrow-v0,3,19,E,0.0,False,"A|belief={'layout': 'I am in a room with lava or water to the south, my goal is likely do | mech=unknown; I do not yet know how the obstacles here work, so I must discover it by"
fce1c43b,probe_a_mh,MiniHack-River-Narrow-v0,3,20,E,0.0,False,"A|belief={'layout': 'I am in a room with lava or water to the south, my goal is likely do | mech=unknown; I do not yet know how the obstacles here work, so I must discover it by"
fce1c43b,probe_a_mh,MiniHack-River-Narrow-v0,3,21,E,0.0,False,"A|belief={'layout': 'I am in a room with lava or water to the south, my goal is likely do | mech=unknown; I do not yet know how the obstacles here work, so I must discover it by"
fce1c43b,probe_a_mh,MiniHack-River-Narrow-v0,3,22,S,0.0,False,"A|belief={'layout': 'I am in a room with lava or water to the south, my goal is likely do | mech=unknown; I do not yet know how the obstacles here work, so I must discover it by"
fce1c43b,probe_a_mh,MiniHack-River-Narrow-v0,3,23,S,0.0,False,"A|belief={'layout': 'I am in a room with lava or water to the south, my goal is likely do | mech=unknown; I do not yet know how the obstacles here work, so I must discover it by | EXPERIMENT"
fce1c43b,probe_a_mh,MiniHack-River-Narrow-v0,3,24,N,0.0,False,"A|belief={'layout': 'I am in a room with lava or water to the south, my goal is likely do | mech=unknown; I do not yet know how the obstacles here work, so I must discover it by"
fce1c43b,probe_a_mh,MiniHack-River-Narrow-v0,3,25,N,0.0,False,"A|belief={'layout': 'I am in a room with lava or water to the south, my goal is likely do | mech=unknown; I do not yet know how the obstacles here work, so I must discover it by"
fce1c43b,probe_a_mh,MiniHack-River-Narrow-v0,3,26,N,0.0,False,"A|belief={'layout': 'I am in a room with lava or water to the south, my goal is likely do | mech=unknown; I do not yet know how the obstacles here work, so I must discover it by"
fce1c43b,probe_a_mh,MiniHack-River-Narrow-v0,3,27,N,0.0,False,"A|belief={'layout': 'I am in a room with lava or water to the south, my goal is likely do | mech=unknown; I do not yet know how the obstacles here work, so I must discover it by"
fce1c43b,probe_a_mh,MiniHack-River-Narrow-v0,3,28,N,0.0,False,"A|belief={'layout': 'I am in a room with lava or water to the south, my goal is likely do | mech=unknown; I do not yet know how the obstacles here work, so I must discover it by"
fce1c43b,probe_a_mh,MiniHack-River-Narrow-v0,3,29,E,0.0,False,"A|belief={'layout': 'I am in a room with lava or water to the south, my goal is likely do | mech=unknown; I do not yet know how the obstacles here work, so I must discover it by"
fce1c43b,probe_a_mh,MiniHack-River-Narrow-v0,3,30,E,0.0,False,"A|belief={'layout': 'I am in a room with lava or water to the south, my goal is likely do | mech=unknown; I do not yet know how the obstacles here work, so I must discover it by"
fce1c43b,probe_a_mh,MiniHack-River-Narrow-v0,3,31,E,0.0,False,"A|belief={'layout': 'I am in a room with lava or water to the south, my goal is likely do | mech=unknown; I do not yet know how the obstacles here work, so I must discover it by"
fce1c43b,probe_a_mh,MiniHack-River-Narrow-v0,3,32,E,0.0,False,"A|belief={'layout': 'I am in a room with lava or water to the south, my goal is likely do | mech=unknown; I do not yet know how the obstacles here work, so I must discover it by"
fce1c43b,probe_a_mh,MiniHack-River-Narrow-v0,3,33,E,0.0,False,"A|belief={'layout': 'I am in a room with lava or water to the south, my goal is likely do | mech=unknown; I do not yet know how the obstacles here work, so I must discover it by"
fce1c43b,probe_a_mh,MiniHack-River-Narrow-v0,3,34,E,0.0,False,"A|belief={'layout': 'I am in a room with lava or water to the south, my goal is likely do | mech=unknown; I do not yet know how the obstacles here work, so I must discover it by"
fce1c43b,probe_a_mh,MiniHack-River-Narrow-v0,3,35,S,0.0,False,"A|belief={'layout': 'I am in a room with water to the south, my goal is likely downstairs | mech=unknown; I do not yet know how the obstacles here work, so I must discover it by | EXPERIMENT"
fce1c43b,probe_a_mh,MiniHack-River-Narrow-v0,3,36,S,0.0,False,"A|belief={'layout': 'I am in a room with water to the south, my goal is likely downstairs | mech=unknown; I do not yet know how the obstacles here work, so I must discover it by"
fce1c43b,probe_a_mh,MiniHack-River-Narrow-v0,3,37,S,0.0,False,"A|belief={'layout': 'I am in a room with water to the south, my goal is likely downstairs | mech=unknown; I do not yet know how the obstacles here work, so I must discover it by"
fce1c43b,probe_a_mh,MiniHack-River-Narrow-v0,3,38,S,0.0,False,"A|belief={'layout': 'I am in a room with water to the south, my goal is likely downstairs | mech=unknown; I do not yet know how the obstacles here work, so I must discover it by"
fce1c43b,probe_a_mh,MiniHack-River-Narrow-v0,3,39,S,0.0,False,"A|belief={'layout': 'I am in a room with water to the south, my goal is likely downstairs | mech=unknown; I do not yet know how the obstacles here work, so I must discover it by"
fce1c43b,probe_a_mh,MiniHack-River-Narrow-v0,3,40,S,-0.01,False,"A|belief={'layout': 'I am in a room with water to the south, my goal is likely downstairs | mech=unknown; I do not yet know how the obstacles here work, so I must discover it by"
fce1c43b,probe_a_mh,MiniHack-River-Narrow-v0,3,41,S,-0.01,False,"A|belief={'layout': 'I am in a room with water to the south, my goal is likely downstairs | mech=unknown; I do not yet know how the obstacles here work, so I must discover it by"
fce1c43b,probe_a_mh,MiniHack-River-Narrow-v0,3,42,E,0.0,False,"A|belief={'layout': 'I am in a room with water to the south, my goal is likely downstairs | mech=unknown; I do not yet know how the obstacles here work, so I must discover it by"
fce1c43b,probe_a_mh,MiniHack-River-Narrow-v0,3,43,E,0.0,False,"A|belief={'layout': 'I am in a room with water to the south, my goal is likely downstairs | mech=unknown; I do not yet know how the obstacles here work, so I must discover it by"
fce1c43b,probe_a_mh,MiniHack-River-Narrow-v0,3,44,N,0.0,False,"A|belief={'layout': 'I am in a room with water to the south, my goal is likely downstairs | mech=unknown; I do not yet know how the obstacles here work, so I must discover it by"
fce1c43b,probe_a_mh,MiniHack-River-Narrow-v0,3,45,N,0.0,False,"A|belief={'layout': 'I am in a room with water to the south, my goal is likely downstairs | mech=unknown; I do not yet know how the obstacles here work, so I must discover it by"
fce1c43b,probe_a_mh,MiniHack-River-Narrow-v0,3,46,N,0.0,False,"A|belief={'layout': 'I am in a room with water to the south, my goal is likely downstairs | mech=unknown; I do not yet know how the obstacles here work, so I must discover it by"
fce1c43b,probe_a_mh,MiniHack-River-Narrow-v0,3,47,S,0.0,False,"A|belief={'layout': 'I am in a room with water to the south, my goal is likely downstairs | mech=unknown; I do not yet know how the obstacles here work, so I must discover it by | EXPERIMENT"
fce1c43b,probe_a_mh,MiniHack-River-Narrow-v0,3,48,S,0.0,False,"A|belief={'layout': 'I am in a room with water to the south, my goal is likely downstairs | mech=unknown; I do not yet know how the obstacles here work, so I must discover it by"
fce1c43b,probe_a_mh,MiniHack-River-Narrow-v0,3,49,S,0.0,False,"A|belief={'layout': 'I am in a room with water to the south, my goal is likely downstairs | mech=unknown; I do not yet know how the obstacles here work, so I must discover it by"
fce1c43b,probe_a_mh,MiniHack-River-Narrow-v0,3,50,S,-0.01,False,"A|belief={'layout': 'I am in a room with water to the south, my goal is likely downstairs | mech=unknown; I do not yet know how the obstacles here work, so I must discover it by"
fce1c43b,probe_a_mh,MiniHack-River-Narrow-v0,3,51,E,0.0,False,"A|belief={'layout': 'I am in a room with water to the south, my goal is likely downstairs | mech=unknown; I do not yet know how the obstacles here work, so I must discover it by"
fce1c43b,probe_a_mh,MiniHack-River-Narrow-v0,3,52,N,0.0,False,"A|belief={'layout': 'I am in a room with water to the south, my goal is likely downstairs | mech=unknown; I do not yet know how the obstacles here work, so I must discover it by"
fce1c43b,probe_a_mh,MiniHack-River-Narrow-v0,3,53,E,0.0,False,"A|belief={'layout': 'I am in a room with water to the south, my goal is likely downstairs | mech=unknown; I do not yet know how the obstacles here work, so I must discover it by"
fce1c43b,probe_a_mh,MiniHack-River-Narrow-v0,3,54,E,0.0,False,"A|belief={'layout': 'I am in a room with water to the south, my goal is likely downstairs | mech=unknown; I do not yet know how the obstacles here work, so I must discover it by"
fce1c43b,probe_a_mh,MiniHack-River-Narrow-v0,3,55,E,0.0,False,"A|belief={'layout': 'I am in a room with water to the south, my goal is likely downstairs | mech=unknown; I do not yet know how the obstacles here work, so I must discover it by"
fce1c43b,probe_a_mh,MiniHack-River-Narrow-v0,3,56,N,0.0,False,"A|belief={'layout': 'I am in a room with water to the south, my goal is likely downstairs | mech=unknown; I do not yet know how the obstacles here work, so I must discover it by"
fce1c43b,probe_a_mh,MiniHack-River-Narrow-v0,3,57,N,0.0,False,"A|belief={'layout': 'I am in a room with water to the south, my goal is likely downstairs | mech=unknown; I do not yet know how the obstacles here work, so I must discover it by"
fce1c43b,probe_a_mh,MiniHack-River-Narrow-v0,3,58,N,0.0,False,"A|belief={'layout': 'I am in a room with water to the south, my goal is likely downstairs | mech=unknown; I do not yet know how the obstacles here work, so I must discover it by"
fce1c43b,probe_a_mh,MiniHack-River-Narrow-v0,3,59,S,0.0,False,"A|belief={'layout': 'I am in a room with water to the south, my goal is likely downstairs | mech=unknown; I do not yet know how the obstacles here work, so I must discover it by | EXPERIMENT"
fce1c43b,probe_a_mh,MiniHack-River-Narrow-v0,3,60,S,0.0,False,"A|belief={'layout': 'I am in a room with water to the south, my goal is likely downstairs | mech=unknown; I do not yet know how the obstacles here work, so I must discover it by"
fce1c43b,probe_a_mh,MiniHack-River-Narrow-v0,3,61,S,0.0,False,"A|belief={'layout': 'I am in a room with water to the south, my goal is likely downstairs | mech=unknown; I do not yet know how the obstacles here work, so I must discover it by"
fce1c43b,probe_a_mh,MiniHack-River-Narrow-v0,3,62,S,-0.01,False,"A|belief={'layout': 'I am in a room with water to the south, my goal is likely downstairs | mech=unknown; I do not yet know how the obstacles here work, so I must discover it by"
fce1c43b,probe_a_mh,MiniHack-River-Narrow-v0,3,63,E,0.0,False,"A|belief={'layout': 'I am in a room with lava or water to the south, my goal is likely do | mech=unknown; I do not yet know how the obstacles here work, so I must discover it by"
fce1c43b,probe_a_mh,MiniHack-River-Narrow-v0,3,64,N,0.0,False,"A|belief={'layout': 'I am in a room with lava or water to the south, my goal is likely do | mech=unknown; I do not yet know how the obstacles here work, so I must discover it by"
fce1c43b,probe_a_mh,MiniHack-River-Narrow-v0,3,65,N,0.0,False,"A|belief={'layout': 'I am in a room with lava or water to the south, my goal is likely do | mech=unknown; I do not yet know how the obstacles here work, so I must discover it by"
fce1c43b,probe_a_mh,MiniHack-River-Narrow-v0,3,66,N,0.0,False,"A|belief={'layout': 'I am in a room with lava or water to the south, my goal is likely do | mech=unknown; I do not yet know how the obstacles here work, so I must discover it by"
fce1c43b,probe_a_mh,MiniHack-River-Narrow-v0,3,67,N,0.0,False,"A|belief={'layout': 'I am in a room with lava or water to the south, my goal is likely do | mech=unknown; I do not yet know how the obstacles here work, so I must discover it by"
fce1c43b,probe_a_mh,MiniHack-River-Narrow-v0,3,68,N,0.0,False,"A|belief={'layout': 'I am in a room with lava or water to the south, my goal is likely do | mech=unknown; I do not yet know how the obstacles here work, so I must discover it by"
fce1c43b,probe_a_mh,MiniHack-River-Narrow-v0,3,69,E,0.0,False,"A|belief={'layout': 'I am in a room with lava or water to the south, my goal is likely do | mech=unknown; I do not yet know how the obstacles here work, so I must discover it by"
fce1c43b,probe_a_mh,MiniHack-River-Narrow-v0,3,70,E,0.0,False,"A|belief={'layout': 'I am in a room with lava or water to the south, my goal is likely do | mech=unknown; I do not yet know how the obstacles here work, so I must discover it by"
fce1c43b,probe_a_mh,MiniHack-River-Narrow-v0,3,71,S,0.0,False,"A|belief={'layout': 'I am in a room with lava or water to the south, my goal is likely do | mech=unknown; I do not yet know how the obstacles here work, so I must discover it by | EXPERIMENT"
fce1c43b,probe_a_mh,MiniHack-River-Narrow-v0,3,72,E,0.0,False,"A|belief={'layout': 'I am in a room with lava or water to the south, my goal is likely do | mech=unknown; I do not yet know how the obstacles here work, so I must discover it by"
fce1c43b,probe_a_mh,MiniHack-River-Narrow-v0,3,73,E,0.0,False,"A|belief={'layout': 'I am in a room with lava or water to the south, my goal is likely do | mech=unknown; I do not yet know how the obstacles here work, so I must discover it by"
fce1c43b,probe_a_mh,MiniHack-River-Narrow-v0,3,74,N,0.0,False,"A|belief={'layout': 'I am in a room with lava or water to the south, my goal is likely do | mech=unknown; I do not yet know how the obstacles here work, so I must discover it by"
fce1c43b,probe_a_mh,MiniHack-River-Narrow-v0,3,75,N,0.0,False,"A|belief={'layout': 'I am in a room with lava or water to the south, my goal is likely do | mech=unknown; I do not yet know how the obstacles here work, so I must discover it by"
fce1c43b,probe_a_mh,MiniHack-River-Narrow-v0,3,76,N,0.0,False,"A|belief={'layout': 'I am in a room with lava or water to the south, my goal is likely do | mech=unknown; I do not yet know how the obstacles here work, so I must discover it by"
fce1c43b,probe_a_mh,MiniHack-River-Narrow-v0,3,77,N,0.0,False,"A|belief={'layout': 'I am in a room with lava or water to the south, my goal is likely do | mech=unknown; I do not yet know how the obstacles here work, so I must discover it by"
fce1c43b,probe_a_mh,MiniHack-River-Narrow-v0,3,78,N,0.0,False,"A|belief={'layout': 'I am in a room with lava or water to the south, my goal is likely do | mech=unknown; I do not yet know how the obstacles here work, so I must discover it by"
fce1c43b,probe_a_mh,MiniHack-River-Narrow-v0,3,79,N,-0.01,False,"A|belief={'layout': 'I am in a room with lava or water to the south, my goal is likely do | mech=unknown; I do not yet know how the obstacles here work, so I must discover it by"
fce1c43b,probe_a_mh,MiniHack-River-Narrow-v0,3,80,E,0.0,False,"A|belief={'layout': 'I am in a room with lava or water to the south, my goal is likely do | mech=unknown; I do not yet know how the obstacles here work, so I must discover it by"
fce1c43b,probe_a_mh,MiniHack-River-Narrow-v0,3,81,E,0.0,False,"A|belief={'layout': 'I am in a room with lava or water to the south, my goal is likely do | mech=unknown; I do not yet know how the obstacles here work, so I must discover it by"
fce1c43b,probe_a_mh,MiniHack-River-Narrow-v0,3,82,N,0.0,False,"A|belief={'layout': 'I am in a room with lava or water to the south, my goal is likely do | mech=unknown; I do not yet know how the obstacles here work, so I must discover it by"
fce1c43b,probe_a_mh,MiniHack-River-Narrow-v0,3,83,S,0.0,False,"A|belief={'layout': 'I am in a room with lava or water to the south, my goal is likely do | mech=unknown; I do not yet know how the obstacles here work, so I must discover it by | EXPERIMENT"
fce1c43b,probe_a_mh,MiniHack-River-Narrow-v0,3,84,S,0.0,False,"A|belief={'layout': 'I am in a room with lava or water to the south, my goal is likely do | mech=unknown; I do not yet know how the obstacles here work, so I must discover it by"
fce1c43b,probe_a_mh,MiniHack-River-Narrow-v0,3,85,S,0.0,False,"A|belief={'layout': 'I am in a room with lava or water to the south, my goal is likely do | mech=unknown; I do not yet know how the obstacles here work, so I must discover it by"
fce1c43b,probe_a_mh,MiniHack-River-Narrow-v0,3,86,S,0.0,False,"A|belief={'layout': 'I am in a room with lava or water to the south, my goal is likely do | mech=unknown; I do not yet know how the obstacles here work, so I must discover it by"
fce1c43b,probe_a_mh,MiniHack-River-Narrow-v0,3,87,S,0.0,False,"A|belief={'layout': 'I am in a room with lava or water to the south, my goal is likely do | mech=unknown; I do not yet know how the obstacles here work, so I must discover it by"
fce1c43b,probe_a_mh,MiniHack-River-Narrow-v0,3,88,S,0.0,False,"A|belief={'layout': 'I am in a room with lava or water to the south, my goal is likely do | mech=unknown; I do not yet know how the obstacles here work, so I must discover it by"
fce1c43b,probe_a_mh,MiniHack-River-Narrow-v0,3,89,S,-0.01,False,"A|belief={'layout': 'I am in a room with lava or water to the south, my goal is likely do | mech=unknown; I do not yet know how the obstacles here work, so I must discover it by"
fce1c43b,probe_a_mh,MiniHack-River-Narrow-v0,3,90,S,-0.01,False,"A|belief={'layout': 'I am in a room with lava or water to the south, my goal is likely do | mech=unknown; I do not yet know how the obstacles here work, so I must discover it by"
fce1c43b,probe_a_mh,MiniHack-River-Narrow-v0,3,91,E,0.0,False,"A|belief={'layout': 'I am in a room with lava or water to the south, my goal is likely do | mech=unknown; I do not yet know how the obstacles here work, so I must discover it by"
fce1c43b,probe_a_mh,MiniHack-River-Narrow-v0,3,92,N,0.0,False,"A|belief={'layout': 'I am in a room with lava or water to the south, my goal is likely do | mech=unknown; I do not yet know how the obstacles here work, so I must discover it by"
fce1c43b,probe_a_mh,MiniHack-River-Narrow-v0,3,93,N,0.0,False,"A|belief={'layout': 'I am in a room with lava or water to the south, my goal is likely do | mech=unknown; I do not yet know how the obstacles here work, so I must discover it by"
fce1c43b,probe_a_mh,MiniHack-River-Narrow-v0,3,94,E,0.0,False,"A|belief={'layout': 'I am in a room with lava or water to the south, my goal is likely do | mech=unknown; I do not yet know how the obstacles here work, so I must discover it by"
fce1c43b,probe_a_mh,MiniHack-River-Narrow-v0,3,95,S,0.0,False,"A|belief={'layout': 'I am in a room with lava or water to the south, my goal is likely do | mech=unknown; I do not yet know how the obstacles here work, so I must discover it by | EXPERIMENT"
fce1c43b,probe_a_mh,MiniHack-River-Narrow-v0,3,96,E,0.0,False,"A|belief={'layout': 'I am in a room with lava or water to the south, my goal is likely do | mech=unknown; I do not yet know how the obstacles here work, so I must discover it by"
fce1c43b,probe_a_mh,MiniHack-River-Narrow-v0,3,97,N,0.0,False,"A|belief={'layout': 'I am in a room with lava or water to the south, my goal is likely do | mech=unknown; I do not yet know how the obstacles here work, so I must discover it by"
fce1c43b,probe_a_mh,MiniHack-River-Narrow-v0,3,98,N,0.0,False,"A|belief={'layout': 'I am in a room with lava or water to the south, my goal is likely do | mech=unknown; I do not yet know how the obstacles here work, so I must discover it by"
fce1c43b,probe_a_mh,MiniHack-River-Narrow-v0,3,99,N,0.0,False,"A|belief={'layout': 'I am in a room with lava or water to the south, my goal is likely do | mech=unknown; I do not yet know how the obstacles here work, so I must discover it by"
fce1c43b,probe_a_mh,MiniHack-River-Narrow-v0,3,100,N,0.0,False,"A|belief={'layout': 'I am in a room with lava or water to the south, my goal is likely do | mech=unknown; I do not yet know how the obstacles here work, so I must discover it by"
fce1c43b,probe_a_mh,MiniHack-River-Narrow-v0,3,101,N,0.0,False,"A|belief={'layout': 'I am in a room with lava or water to the south, my goal is likely do | mech=unknown; I do not yet know how the obstacles here work, so I must discover it by"
fce1c43b,probe_a_mh,MiniHack-River-Narrow-v0,3,102,N,-0.01,False,"A|belief={'layout': 'I am in a room with lava or water to the south, my goal is likely do | mech=unknown; I do not yet know how the obstacles here work, so I must discover it by"
fce1c43b,probe_a_mh,MiniHack-River-Narrow-v0,3,103,E,0.0,False,"A|belief={'layout': 'I am in a room with lava or water to the south, my goal is likely do | mech=unknown; I do not yet know how the obstacles here work, so I must discover it by"
fce1c43b,probe_a_mh,MiniHack-River-Narrow-v0,3,104,N,0.0,False,"A|belief={'layout': 'I am in a room with lava or water to the south, my goal is likely do | mech=unknown; I do not yet know how the obstacles here work, so I must discover it by"
fce1c43b,probe_a_mh,MiniHack-River-Narrow-v0,3,105,N,-0.01,False,"A|belief={'layout': 'I am in a room with lava or water to the south, my goal is likely do | mech=unknown; I do not yet know how the obstacles here work, so I must discover it by"
fce1c43b,probe_a_mh,MiniHack-River-Narrow-v0,3,106,E,0.0,False,"A|belief={'layout': 'I am in a room with lava or water to the south, my goal is likely do | mech=unknown; I do not yet know how the obstacles here work, so I must discover it by"
fce1c43b,probe_a_mh,MiniHack-River-Narrow-v0,3,107,S,0.0,False,"A|belief={'layout': 'I am in a room with lava or water to the south, my goal is likely do | mech=The lava or water may be crossable by finding a way to fill it, or by using an i | EXPERIMENT"
fce1c43b,probe_a_mh,MiniHack-River-Narrow-v0,3,108,S,0.0,False,"A|belief={'layout': 'I am in a room with lava or water to the south, my goal is likely do | mech=The lava or water may be crossable by finding a way to fill it, or by using an i"
fce1c43b,probe_a_mh,MiniHack-River-Narrow-v0,3,109,S,0.0,False,"A|belief={'layout': 'I am in a room with lava or water to the south, my goal is likely do | mech=The lava or water may be crossable by finding a way to fill it, or by using an i"
fce1c43b,probe_a_mh,MiniHack-River-Narrow-v0,3,110,S,0.0,False,"A|belief={'layout': 'I am in a room with lava or water to the south, my goal is likely do | mech=The lava or water may be crossable by finding a way to fill it, or by using an i"
fce1c43b,probe_a_mh,MiniHack-River-Narrow-v0,3,111,S,0.0,False,"A|belief={'layout': 'I am in a room with lava or water to the south, my goal is likely do | mech=The lava or water may be crossable by finding a way to fill it, or by using an i"
fce1c43b,probe_a_mh,MiniHack-River-Narrow-v0,3,112,S,-0.01,False,"A|belief={'layout': 'I am in a room with lava or water to the south, my goal is likely do | mech=The lava or water may be crossable by finding a way to fill it, or by using an i"
fce1c43b,probe_a_mh,MiniHack-River-Narrow-v0,3,113,W,0.0,False,"A|belief={'layout': 'I am in a room with lava or water to the south, my goal is likely do | mech=The lava or water may be crossable by finding a way to fill it, or by using an i"
fce1c43b,probe_a_mh,MiniHack-River-Narrow-v0,3,114,W,0.0,False,"A|belief={'layout': 'I am in a room with lava or water to the south, my goal is likely do | mech=The lava or water may be crossable by finding a way to fill it, or by using an i"
fce1c43b,probe_a_mh,MiniHack-River-Narrow-v0,3,115,N,0.0,False,"A|belief={'layout': 'I am in a room with lava or water to the south, my goal is likely do | mech=The lava or water may be crossable by finding a way to fill it, or by using an i"
fce1c43b,probe_a_mh,MiniHack-River-Narrow-v0,3,116,N,0.0,False,"A|belief={'layout': 'I am in a room with lava or water to the south, my goal is likely do | mech=The lava or water may be crossable by finding a way to fill it, or by using an i"
fce1c43b,probe_a_mh,MiniHack-River-Narrow-v0,3,117,N,0.0,False,"A|belief={'layout': 'I am in a room with lava or water to the south, my goal is likely do | mech=The lava or water may be crossable by finding a way to fill it, or by using an i"
fce1c43b,probe_a_mh,MiniHack-River-Narrow-v0,3,118,E,0.0,False,"A|belief={'layout': 'I am in a room with lava or water to the south, my goal is likely do | mech=The lava or water may be crossable by finding a way to fill it, or by using an i"
fce1c43b,probe_a_mh,MiniHack-River-Narrow-v0,3,119,E,0.0,False,"A|belief={'layout': 'I am in a room with lava or water to the south, my goal is likely do | mech=The lava or water may be crossable by finding a way to fill it, or by using an i"
fce1c43b,probe_a_mh,MiniHack-River-Narrow-v0,4,0,E,0.0,False,"A|belief={'layout': 'The goal is likely to be downstairs, but its location is unknown. Th | mech=unknown; I do not yet know how the obstacles here work, so I must discover it by"
fce1c43b,probe_a_mh,MiniHack-River-Narrow-v0,4,1,E,0.0,False,"A|belief={'layout': 'The goal is likely to be downstairs, but its location is unknown. Th | mech=unknown; I do not yet know how the obstacles here work, so I must discover it by"
fce1c43b,probe_a_mh,MiniHack-River-Narrow-v0,4,2,S,0.0,False,"A|belief={'layout': 'The goal is likely to be downstairs, but its location is unknown. Th | mech=unknown; I do not yet know how the obstacles here work, so I must discover it by"
fce1c43b,probe_a_mh,MiniHack-River-Narrow-v0,4,3,E,0.0,False,"A|belief={'layout': 'The goal is likely to be downstairs, but its location is unknown. Th | mech=unknown; I do not yet know how the obstacles here work, so I must discover it by"
fce1c43b,probe_a_mh,MiniHack-River-Narrow-v0,4,4,E,0.0,False,"A|belief={'layout': 'The goal is likely to be downstairs, but its location is unknown. Th | mech=unknown; I do not yet know how the obstacles here work, so I must discover it by"
fce1c43b,probe_a_mh,MiniHack-River-Narrow-v0,4,5,E,0.0,False,"A|belief={'layout': 'The goal is likely to be downstairs, but its location is unknown. Th | mech=unknown; I do not yet know how the obstacles here work, so I must discover it by"
fce1c43b,probe_a_mh,MiniHack-River-Narrow-v0,4,6,S,0.0,False,"A|belief={'layout': 'The goal is likely to be downstairs, but its location is unknown. Th | mech=unknown; I do not yet know how the obstacles here work, so I must discover it by"
fce1c43b,probe_a_mh,MiniHack-River-Narrow-v0,4,7,S,0.0,False,"A|belief={'layout': 'The goal is likely to be downstairs, but its location is unknown. Th | mech=I have not yet interacted with any obstacles, so my theory is that movement is u"
fce1c43b,probe_a_mh,MiniHack-River-Narrow-v0,4,8,S,-0.01,False,"A|belief={'layout': 'The goal is likely to be downstairs, but its location is unknown. Th | mech=I have not yet interacted with any obstacles, so my theory is that movement is u"
fce1c43b,probe_a_mh,MiniHack-River-Narrow-v0,4,9,E,0.0,False,"A|belief={'layout': 'The goal is likely to be downstairs, but its location is unknown. Th | mech=I have not yet interacted with any obstacles, so my theory is that movement is u"
fce1c43b,probe_a_mh,MiniHack-River-Narrow-v0,4,10,E,0.0,False,"A|belief={'layout': 'The goal is likely to be downstairs, but its location is unknown. Th | mech=I have not yet interacted with any obstacles, so my theory is that movement is u"
fce1c43b,probe_a_mh,MiniHack-River-Narrow-v0,4,11,E,0.0,False,"A|belief={'layout': 'The goal is likely to be downstairs, but its location is unknown. Th | mech=I have not yet interacted with any obstacles, so my theory is that movement is u"
fce1c43b,probe_a_mh,MiniHack-River-Narrow-v0,4,12,E,0.0,False,"A|belief={'layout': 'The goal is likely to be downstairs, but its location is unknown. Th | mech=I have not yet interacted with any obstacles, so my theory is that movement is u"
fce1c43b,probe_a_mh,MiniHack-River-Narrow-v0,4,13,E,0.0,False,"A|belief={'layout': 'The goal is likely to be downstairs, but its location is unknown. Th | mech=I have not yet interacted with any obstacles, so my theory is that movement is u"
fce1c43b,probe_a_mh,MiniHack-River-Narrow-v0,4,14,E,0.0,False,"A|belief={'layout': 'The goal is likely to be downstairs, but its location is unknown. Th | mech=I have not yet interacted with any obstacles, so my theory is that movement is u"
fce1c43b,probe_a_mh,MiniHack-River-Narrow-v0,4,15,E,0.0,False,"A|belief={'layout': 'The goal is likely to be downstairs, but its location is unknown. Th | mech=I have not yet interacted with any obstacles, so my theory is that movement is u"
fce1c43b,probe_a_mh,MiniHack-River-Narrow-v0,4,16,E,0.0,False,"A|belief={'layout': 'The goal is likely to be downstairs, but its location is unknown. Th | mech=I have not yet interacted with any obstacles, so my theory is that movement is u"
fce1c43b,probe_a_mh,MiniHack-River-Narrow-v0,4,17,E,0.0,False,"A|belief={'layout': 'The goal is likely to be downstairs, but its location is unknown. Th | mech=I have not yet interacted with any obstacles, so my theory is that movement is u"
fce1c43b,probe_a_mh,MiniHack-River-Narrow-v0,4,18,E,0.0,False,"A|belief={'layout': 'The goal is likely to be downstairs, but its location is unknown. Th | mech=I have not yet interacted with any obstacles, so my theory is that movement is u"
fce1c43b,probe_a_mh,MiniHack-River-Narrow-v0,4,19,N,0.0,False,"A|belief={'layout': 'The goal is likely to be downstairs, but its location is unknown. Th | mech=I have not yet interacted with any obstacles, so my theory is that movement is u"
fce1c43b,probe_a_mh,MiniHack-River-Narrow-v0,4,20,N,0.0,False,"A|belief={'layout': 'The goal is likely to be downstairs, but its location is unknown. Th | mech=I have not yet interacted with any obstacles, so my theory is that movement is u"
fce1c43b,probe_a_mh,MiniHack-River-Narrow-v0,4,21,N,0.0,False,"A|belief={'layout': 'The goal is likely to be downstairs, but its location is unknown. Th | mech=I have not yet interacted with any obstacles, so my theory is that movement is u"
fce1c43b,probe_a_mh,MiniHack-River-Narrow-v0,4,22,N,0.0,False,"A|belief={'layout': 'The goal is likely to be downstairs, but its location is unknown. Th | mech=I have not yet interacted with any obstacles, so my theory is that movement is u"
fce1c43b,probe_a_mh,MiniHack-River-Narrow-v0,4,23,N,-0.01,False,"A|belief={'layout': 'The goal is likely to be downstairs, but its location is unknown. Th | mech=I have not yet interacted with any obstacles, so my theory is that movement is u"
fce1c43b,probe_a_mh,MiniHack-River-Narrow-v0,4,24,N,-0.01,False,"A|belief={'layout': 'The goal is likely to be downstairs, but its location is unknown. Th | mech=I have not yet interacted with any obstacles, so my theory is that movement is u"
fce1c43b,probe_a_mh,MiniHack-River-Narrow-v0,4,25,S,0.0,False,"A|belief={'layout': 'The goal is likely to be downstairs, but its location is unknown. Th | mech=I have not yet interacted with any obstacles, so my theory is that movement is u"
fce1c43b,probe_a_mh,MiniHack-River-Narrow-v0,4,26,S,0.0,False,"A|belief={'layout': 'The goal is likely to be downstairs, but its location is unknown. Th | mech=I have not yet interacted with any obstacles, so my theory is that movement is u"
fce1c43b,probe_a_mh,MiniHack-River-Narrow-v0,4,27,S,0.0,False,"A|belief={'layout': 'The goal is likely to be downstairs, but its location is unknown. Th | mech=I have not yet interacted with any obstacles, so my theory is that movement is u"
fce1c43b,probe_a_mh,MiniHack-River-Narrow-v0,4,28,S,0.0,False,"A|belief={'layout': 'The goal is likely to be downstairs, but its location is unknown. Th | mech=I have not yet interacted with any obstacles, so my theory is that movement is u"
fce1c43b,probe_a_mh,MiniHack-River-Narrow-v0,4,29,S,0.0,False,"A|belief={'layout': 'The goal is likely to be downstairs, but its location is unknown. Th | mech=I have not yet interacted with any obstacles, so my theory is that movement is u"
fce1c43b,probe_a_mh,MiniHack-River-Narrow-v0,4,30,S,-0.01,False,"A|belief={'layout': 'The goal is likely to be downstairs, but its location is unknown. Th | mech=I have not yet interacted with any obstacles, so my theory is that movement is u"
fce1c43b,probe_a_mh,MiniHack-River-Narrow-v0,4,31,S,-0.01,False,"A|belief={'layout': 'The goal is likely to be downstairs, but its location is unknown. Th | mech=I have not yet interacted with any obstacles, so my theory is that movement is u"
fce1c43b,probe_a_mh,MiniHack-River-Narrow-v0,4,32,W,0.0,False,"A|belief={'layout': 'The goal is likely to be downstairs, but its location is unknown. Th | mech=I have not yet interacted with any obstacles, so my theory is that movement is u"
fce1c43b,probe_a_mh,MiniHack-River-Narrow-v0,4,33,W,0.0,False,"A|belief={'layout': 'The goal is likely to be downstairs, but its location is unknown. Th | mech=I have not yet interacted with any obstacles, so my theory is that movement is u"
fce1c43b,probe_a_mh,MiniHack-River-Narrow-v0,4,34,W,0.0,False,"A|belief={'layout': 'The goal is likely to be downstairs, but its location is unknown. Th | mech=I have not yet interacted with any obstacles, so my theory is that movement is u"
fce1c43b,probe_a_mh,MiniHack-River-Narrow-v0,4,35,W,0.0,False,"A|belief={'layout': 'The goal is likely to be downstairs, but its location is unknown. Th | mech=I have not yet interacted with any obstacles, so my theory is that movement is u"
fce1c43b,probe_a_mh,MiniHack-River-Narrow-v0,4,36,W,0.0,False,"A|belief={'layout': 'The goal is likely to be downstairs, but its location is unknown. Th | mech=I have not yet interacted with any obstacles, so my theory is that movement is u"
fce1c43b,probe_a_mh,MiniHack-River-Narrow-v0,4,37,W,0.0,False,"A|belief={'layout': 'The goal is likely to be downstairs, but its location is unknown. Th | mech=I have not yet interacted with any obstacles, so my theory is that movement is u"
fce1c43b,probe_a_mh,MiniHack-River-Narrow-v0,4,38,W,0.0,False,"A|belief={'layout': 'The goal is likely to be downstairs, but its location is unknown. Th | mech=I have not yet interacted with any obstacles, so my theory is that movement is u"
fce1c43b,probe_a_mh,MiniHack-River-Narrow-v0,4,39,W,0.0,False,"A|belief={'layout': 'The goal is likely to be downstairs, but its location is unknown. Th | mech=I have not yet interacted with any obstacles, so my theory is that movement is u"
fce1c43b,probe_a_mh,MiniHack-River-Narrow-v0,4,40,W,0.0,False,"A|belief={'layout': 'The goal is likely to be downstairs, but its location is unknown. Th | mech=I have not yet interacted with any obstacles, so my theory is that movement is u"
fce1c43b,probe_a_mh,MiniHack-River-Narrow-v0,4,41,W,0.0,False,"A|belief={'layout': 'The goal is likely to be downstairs, but its location is unknown. Th | mech=I have not yet interacted with any obstacles, so my theory is that movement is u"
fce1c43b,probe_a_mh,MiniHack-River-Narrow-v0,4,42,W,0.0,False,"A|belief={'layout': 'The goal is likely to be downstairs, but its location is unknown. Th | mech=I have not yet interacted with any obstacles, so my theory is that movement is u"
fce1c43b,probe_a_mh,MiniHack-River-Narrow-v0,4,43,W,0.0,False,"A|belief={'layout': 'The goal is likely to be downstairs, but its location is unknown. Th | mech=I have not yet interacted with any obstacles, so my theory is that movement is u"
fce1c43b,probe_a_mh,MiniHack-River-Narrow-v0,4,44,W,0.0,False,"A|belief={'layout': 'The goal is likely to be downstairs, but its location is unknown. Th | mech=I have not yet interacted with any obstacles, so my theory is that movement is u"
fce1c43b,probe_a_mh,MiniHack-River-Narrow-v0,4,45,W,0.0,False,"A|belief={'layout': 'The goal is likely to be downstairs, but its location is unknown. Th | mech=I have not yet interacted with any obstacles, so my theory is that movement is u"
fce1c43b,probe_a_mh,MiniHack-River-Narrow-v0,4,46,W,0.0,False,"A|belief={'layout': 'The goal is likely to be downstairs, but its location is unknown. Th | mech=I have not yet interacted with any obstacles, so my theory is that movement is u"
fce1c43b,probe_a_mh,MiniHack-River-Narrow-v0,4,47,W,0.0,False,"A|belief={'layout': 'The goal is likely to be downstairs, but its location is unknown. Th | mech=I have not yet interacted with any obstacles, so my theory is that movement is u"
fce1c43b,probe_a_mh,MiniHack-River-Narrow-v0,4,48,W,0.0,False,"A|belief={'layout': 'The goal is likely to be downstairs, but its location is unknown. Th | mech=I have not yet interacted with any obstacles, so my theory is that movement is u"
fce1c43b,probe_a_mh,MiniHack-River-Narrow-v0,4,49,W,-0.01,False,"A|belief={'layout': 'The goal is likely to be downstairs, but its location is unknown. Th | mech=I have not yet interacted with any obstacles, so my theory is that movement is u"
fce1c43b,probe_a_mh,MiniHack-River-Narrow-v0,4,50,W,-0.01,False,"A|belief={'layout': 'The goal is likely to be downstairs, but its location is unknown. Th | mech=I have not yet interacted with any obstacles, so my theory is that movement is u"
fce1c43b,probe_a_mh,MiniHack-River-Narrow-v0,4,51,S,-0.01,False,"A|belief={'layout': 'The goal is likely to be downstairs, but its location is unknown. Th | mech=I have not yet interacted with any obstacles, so my theory is that movement is u"
fce1c43b,probe_a_mh,MiniHack-River-Narrow-v0,4,52,NW,-0.01,False,"A|belief={'layout': 'The goal is likely to be downstairs, but its location is unknown. Si | mech=I have not yet interacted with any obstacles, so my theory is that movement is u"
fce1c43b,probe_a_mh,MiniHack-River-Narrow-v0,4,53,NE,0.0,False,"A|belief={'layout': 'The goal is likely to be downstairs, but its location is unknown. Si | mech=I have not yet interacted with any obstacles, so my theory is that movement is u"
fce1c43b,probe_a_mh,MiniHack-River-Narrow-v0,4,54,NE,0.0,False,"A|belief={'layout': 'The goal is likely to be downstairs, but its location is unknown. Si | mech=I have not yet interacted with any obstacles, so my theory is that movement is u"
fce1c43b,probe_a_mh,MiniHack-River-Narrow-v0,4,55,NE,0.0,False,"A|belief={'layout': 'The goal is likely to be downstairs, but its location is unknown. Si | mech=I have not yet interacted with any obstacles, so my theory is that movement is u"
fce1c43b,probe_a_mh,MiniHack-River-Narrow-v0,4,56,NE,0.0,False,"A|belief={'layout': 'The goal is likely to be downstairs, but its location is unknown. Si | mech=I have not yet interacted with any obstacles, so my theory is that movement is u"
fce1c43b,probe_a_mh,MiniHack-River-Narrow-v0,4,57,NE,0.0,False,"A|belief={'layout': 'The goal is likely to be downstairs, but its location is unknown. Si | mech=I have not yet interacted with any obstacles, so my theory is that movement is u"
fce1c43b,probe_a_mh,MiniHack-River-Narrow-v0,4,58,NE,0.0,False,"A|belief={'layout': 'The goal is likely to be downstairs, but its location is unknown. Si | mech=I have not yet interacted with any obstacles, so my theory is that movement is u"
fce1c43b,probe_a_mh,MiniHack-River-Narrow-v0,4,59,NE,-0.01,False,"A|belief={'layout': 'The goal is likely to be downstairs, but its location is unknown. Si | mech=I have not yet interacted with any obstacles, so my theory is that movement is u"
fce1c43b,probe_a_mh,MiniHack-River-Narrow-v0,4,60,NE,-0.01,False,"A|belief={'layout': 'The goal is likely to be downstairs, but its location is unknown. Si | mech=I have not yet interacted with any obstacles, so my theory is that movement is u"
fce1c43b,probe_a_mh,MiniHack-River-Narrow-v0,4,61,SE,0.0,False,"A|belief={'layout': 'The goal is likely to be downstairs, but its location is unknown. Si | mech=I have found that movement is restricted by solid stone walls. My theory is that"
fce1c43b,probe_a_mh,MiniHack-River-Narrow-v0,4,62,SE,0.0,False,"A|belief={'layout': 'The goal is likely to be downstairs, but its location is unknown. Si | mech=I have found that movement is restricted by solid stone walls. My theory is that"
fce1c43b,probe_a_mh,MiniHack-River-Narrow-v0,4,63,SE,0.0,False,"A|belief={'layout': 'The goal is likely to be downstairs, but its location is unknown. Si | mech=I have found that movement is restricted by solid stone walls. My theory is that"
fce1c43b,probe_a_mh,MiniHack-River-Narrow-v0,4,64,SE,0.0,False,"A|belief={'layout': 'The goal is likely to be downstairs, but its location is unknown. Si | mech=I have found that movement is restricted by solid stone walls. My theory is that"
fce1c43b,probe_a_mh,MiniHack-River-Narrow-v0,4,65,SE,0.0,False,"A|belief={'layout': 'The goal is likely to be downstairs, but its location is unknown. Si | mech=I have found that movement is restricted by solid stone walls. My theory is that"
fce1c43b,probe_a_mh,MiniHack-River-Narrow-v0,4,66,SE,0.0,False,"A|belief={'layout': 'The goal is likely to be downstairs, but its location is unknown. Si | mech=I have found that movement is restricted by solid stone walls. My theory is that"
fce1c43b,probe_a_mh,MiniHack-River-Narrow-v0,4,67,SE,-0.01,False,"A|belief={'layout': 'The goal is likely to be downstairs, but its location is unknown. Si | mech=I have found that movement is restricted by solid stone walls. My theory is that"
fce1c43b,probe_a_mh,MiniHack-River-Narrow-v0,4,68,SE,-0.01,False,"A|belief={'layout': 'The goal is likely to be downstairs, but its location is unknown. Si | mech=I have found that movement is restricted by solid stone walls. My theory is that"
fce1c43b,probe_a_mh,MiniHack-River-Narrow-v0,4,69,NW,0.0,False,"A|belief={'layout': 'The goal is likely to be downstairs, but its location is unknown. Si | mech=I have found that movement is restricted by solid stone walls. My theory is that"
fce1c43b,probe_a_mh,MiniHack-River-Narrow-v0,4,70,NW,0.0,False,"A|belief={'layout': 'The goal is likely to be downstairs, but its location is unknown. Si | mech=I have found that movement is restricted by solid stone walls. My theory is that"
fce1c43b,probe_a_mh,MiniHack-River-Narrow-v0,4,71,NW,0.0,False,"A|belief={'layout': 'The goal is likely to be downstairs, but its location is unknown. Si | mech=I have found that movement is restricted by solid stone walls. My theory is that"
fce1c43b,probe_a_mh,MiniHack-River-Narrow-v0,4,72,NW,0.0,False,"A|belief={'layout': 'The goal is likely to be downstairs, but its location is unknown. Si | mech=I have found that movement is restricted by solid stone walls. My theory is that"
fce1c43b,probe_a_mh,MiniHack-River-Narrow-v0,4,73,NW,0.0,False,"A|belief={'layout': 'The goal is likely to be downstairs, but its location is unknown. Si | mech=I have found that movement is restricted by solid stone walls. My theory is that"
fce1c43b,probe_a_mh,MiniHack-River-Narrow-v0,4,74,NW,0.0,False,"A|belief={'layout': 'The goal is likely to be downstairs, but its location is unknown. Si | mech=I have found that movement is restricted by solid stone walls. My theory is that"
fce1c43b,probe_a_mh,MiniHack-River-Narrow-v0,4,75,NW,-0.01,False,"A|belief={'layout': 'The goal is likely to be downstairs, but its location is unknown. Si | mech=I have found that movement is restricted by solid stone walls. My theory is that"
fce1c43b,probe_a_mh,MiniHack-River-Narrow-v0,4,76,N,-0.01,False,"A|belief={'layout': 'The goal is likely to be downstairs, but its location is unknown. Si | mech=I have found that movement is restricted by solid stone walls. My theory is that"
fce1c43b,probe_a_mh,MiniHack-River-Narrow-v0,4,77,W,0.0,False,"A|belief={'layout': 'The goal is likely to be downstairs, but its location is unknown. Si | mech=I have found that movement is restricted by solid stone walls. My theory is that"
fce1c43b,probe_a_mh,MiniHack-River-Narrow-v0,4,78,W,0.0,False,"A|belief={'layout': 'The goal is likely to be downstairs, but its location is unknown. Si | mech=I have found that movement is restricted by solid stone walls. My theory is that"
fce1c43b,probe_a_mh,MiniHack-River-Narrow-v0,4,79,W,0.0,False,"A|belief={'layout': 'The goal is likely to be downstairs, but its location is unknown. Si | mech=I have found that movement is restricted by solid stone walls. My theory is that"
fce1c43b,probe_a_mh,MiniHack-River-Narrow-v0,4,80,W,0.0,False,"A|belief={'layout': 'The goal is likely to be downstairs, but its location is unknown. Si | mech=I have found that movement is restricted by solid stone walls. My theory is that"
fce1c43b,probe_a_mh,MiniHack-River-Narrow-v0,4,81,W,0.0,False,"A|belief={'layout': 'The goal is likely to be downstairs, but its location is unknown. Si | mech=I have found that movement is restricted by solid stone walls. My theory is that"
fce1c43b,probe_a_mh,MiniHack-River-Narrow-v0,4,82,W,0.0,False,"A|belief={'layout': 'The goal is likely to be downstairs, but its location is unknown. Si | mech=I have found that movement is restricted by solid stone walls. My theory is that"
fce1c43b,probe_a_mh,MiniHack-River-Narrow-v0,4,83,W,-0.01,False,"A|belief={'layout': 'The goal is likely to be downstairs, but its location is unknown. Si | mech=I have found that movement is restricted by solid stone walls. My theory is that"
fce1c43b,probe_a_mh,MiniHack-River-Narrow-v0,4,84,S,0.0,False,"A|belief={'layout': ""The goal is likely to be downstairs, but its location is unknown. Si | mech=I have found that movement is restricted by solid stone walls. My theory is that"
fce1c43b,probe_a_mh,MiniHack-River-Narrow-v0,4,85,S,0.0,False,"A|belief={'layout': ""The goal is likely to be downstairs, but its location is unknown. Si | mech=I have found that movement is restricted by solid stone walls. My theory is that"
fce1c43b,probe_a_mh,MiniHack-River-Narrow-v0,4,86,S,0.0,False,"A|belief={'layout': ""The goal is likely to be downstairs, but its location is unknown. Si | mech=I have found that movement is restricted by solid stone walls. My theory is that"
fce1c43b,probe_a_mh,MiniHack-River-Narrow-v0,4,87,S,0.0,False,"A|belief={'layout': 'The goal is likely to be downstairs, but its location is unknown. Si | mech=I have found that movement is restricted by solid stone walls. My theory is that"
fce1c43b,probe_a_mh,MiniHack-River-Narrow-v0,4,88,S,0.0,False,"A|belief={'layout': 'The goal is likely to be downstairs, but its location is unknown. Si | mech=I have found that movement is restricted by solid stone walls. My theory is that"
fce1c43b,probe_a_mh,MiniHack-River-Narrow-v0,4,89,S,0.0,False,"A|belief={'layout': 'The goal is likely to be downstairs, but its location is unknown. Si | mech=I have found that movement is restricted by solid stone walls. My theory is that"
fce1c43b,probe_a_mh,MiniHack-River-Narrow-v0,4,90,S,-0.01,False,"A|belief={'layout': 'The goal is likely to be downstairs, but its location is unknown. Si | mech=I have found that movement is restricted by solid stone walls. My theory is that"
fce1c43b,probe_a_mh,MiniHack-River-Narrow-v0,4,91,E,0.0,False,"A|belief={'layout': 'The goal is likely to be downstairs, but its location is unknown. Si | mech=I have found that movement is restricted by solid stone walls. My theory is that"
fce1c43b,probe_a_mh,MiniHack-River-Narrow-v0,4,92,E,0.0,False,"A|belief={'layout': 'The goal is likely to be downstairs, but its location is unknown. Si | mech=I have found that movement is restricted by solid stone walls. My theory is that"
fce1c43b,probe_a_mh,MiniHack-River-Narrow-v0,4,93,E,0.0,False,"A|belief={'layout': 'The goal is likely to be downstairs, but its location is unknown. Si | mech=I have found that movement is restricted by solid stone walls. My theory is that"
fce1c43b,probe_a_mh,MiniHack-River-Narrow-v0,4,94,E,0.0,False,"A|belief={'layout': 'The goal is likely to be downstairs, but its location is unknown. Si | mech=I have found that movement is restricted by solid stone walls. My theory is that"
fce1c43b,probe_a_mh,MiniHack-River-Narrow-v0,4,95,E,0.0,False,"A|belief={'layout': 'The goal is likely to be downstairs, but its location is unknown. Si | mech=I have found that movement is restricted by solid stone walls. My theory is that"
fce1c43b,probe_a_mh,MiniHack-River-Narrow-v0,4,96,E,0.0,False,"A|belief={'layout': 'The goal is likely to be downstairs, but its location is unknown. Si | mech=I have found that movement is restricted by solid stone walls. My theory is that"
fce1c43b,probe_a_mh,MiniHack-River-Narrow-v0,4,97,E,0.0,False,"A|belief={'layout': 'The goal is likely to be downstairs, but its location is unknown. Si | mech=I have found that movement is restricted by solid stone walls. My theory is that"
fce1c43b,probe_a_mh,MiniHack-River-Narrow-v0,4,98,E,0.0,False,"A|belief={'layout': 'The goal is likely to be downstairs, but its location is unknown. Si | mech=I have found that movement is restricted by solid stone walls. My theory is that"
fce1c43b,probe_a_mh,MiniHack-River-Narrow-v0,4,99,E,0.0,False,"A|belief={'layout': 'The goal is likely to be downstairs, but its location is unknown. Si | mech=I have found that movement is restricted by solid stone walls. My theory is that"
fce1c43b,probe_a_mh,MiniHack-River-Narrow-v0,4,100,E,0.0,False,"A|belief={'layout': 'The goal is likely to be downstairs, but its location is unknown. Si | mech=I have found that movement is restricted by solid stone walls. My theory is that"
fce1c43b,probe_a_mh,MiniHack-River-Narrow-v0,4,101,E,0.0,False,"A|belief={'layout': 'The goal is likely to be downstairs, but its location is unknown. Si | mech=I have found that movement is restricted by solid stone walls. My theory is that"
fce1c43b,probe_a_mh,MiniHack-River-Narrow-v0,4,102,E,0.0,False,"A|belief={'layout': 'The goal is likely to be downstairs, but its location is unknown. Si | mech=I have found that movement is restricted by solid stone walls. My theory is that"
fce1c43b,probe_a_mh,MiniHack-River-Narrow-v0,4,103,E,0.0,False,"A|belief={'layout': 'The goal is likely to be downstairs, but its location is unknown. Si | mech=I have found that movement is restricted by solid stone walls. My theory is that"
fce1c43b,probe_a_mh,MiniHack-River-Narrow-v0,4,104,E,0.0,False,"A|belief={'layout': 'The goal is likely to be downstairs, but its location is unknown. Si | mech=I have found that movement is restricted by solid stone walls. My theory is that"
fce1c43b,probe_a_mh,MiniHack-River-Narrow-v0,4,105,E,0.0,False,"A|belief={'layout': 'The goal is likely to be downstairs, but its location is unknown. Si | mech=I have found that movement is restricted by solid stone walls. My theory is that"
fce1c43b,probe_a_mh,MiniHack-River-Narrow-v0,4,106,E,0.0,False,"A|belief={'layout': 'The goal is likely to be downstairs, but its location is unknown. Si | mech=I have found that movement is restricted by solid stone walls. My theory is that"
fce1c43b,probe_a_mh,MiniHack-River-Narrow-v0,4,107,E,0.0,False,"A|belief={'layout': 'The goal is likely to be downstairs, but its location is unknown. Si | mech=I have found that movement is restricted by solid stone walls. My theory is that"
fce1c43b,probe_a_mh,MiniHack-River-Narrow-v0,4,108,E,0.0,False,"A|belief={'layout': 'The goal is likely to be downstairs, but its location is unknown. Si | mech=I have found that movement is restricted by solid stone walls. My theory is that"
fce1c43b,probe_a_mh,MiniHack-River-Narrow-v0,4,109,E,0.0,False,"A|belief={'layout': 'The goal is likely to be downstairs, but its location is unknown. Si | mech=I have found that movement is restricted by solid stone walls. My theory is that"
fce1c43b,probe_a_mh,MiniHack-River-Narrow-v0,4,110,E,0.0,False,"A|belief={'layout': 'The goal is likely to be downstairs, but its location is unknown. Si | mech=I have found that movement is restricted by solid stone walls. My theory is that"
fce1c43b,probe_a_mh,MiniHack-River-Narrow-v0,4,111,W,0.0,False,"A|belief={'layout': 'The goal is likely to be downstairs, but its location is unknown. Si | mech=I have found that movement is restricted by solid stone walls. My theory is that"
fce1c43b,probe_a_mh,MiniHack-River-Narrow-v0,4,112,W,0.0,False,"A|belief={'layout': 'The goal is likely to be downstairs, but its location is unknown. Si | mech=I have found that movement is restricted by solid stone walls. My theory is that"
fce1c43b,probe_a_mh,MiniHack-River-Narrow-v0,4,113,W,0.0,False,"A|belief={'layout': 'The goal is likely to be downstairs, but its location is unknown. Si | mech=I have found that movement is restricted by solid stone walls. My theory is that"
fce1c43b,probe_a_mh,MiniHack-River-Narrow-v0,4,114,W,0.0,False,"A|belief={'layout': 'The goal is likely to be downstairs, but its location is unknown. Si | mech=I have found that movement is restricted by solid stone walls. My theory is that"
fce1c43b,probe_a_mh,MiniHack-River-Narrow-v0,4,115,W,0.0,False,"A|belief={'layout': 'The goal is likely to be downstairs, but its location is unknown. Si | mech=I have found that movement is restricted by solid stone walls. My theory is that"
fce1c43b,probe_a_mh,MiniHack-River-Narrow-v0,4,116,W,0.0,False,"A|belief={'layout': 'The goal is likely to be downstairs, but its location is unknown. Si | mech=I have found that movement is restricted by solid stone walls. My theory is that"
fce1c43b,probe_a_mh,MiniHack-River-Narrow-v0,4,117,W,0.0,False,"A|belief={'layout': 'The goal is likely to be downstairs, but its location is unknown. Si | mech=I have found that movement is restricted by solid stone walls. My theory is that"
fce1c43b,probe_a_mh,MiniHack-River-Narrow-v0,4,118,W,0.0,False,"A|belief={'layout': 'The goal is likely to be downstairs, but its location is unknown. Si | mech=I have found that movement is restricted by solid stone walls. My theory is that"
fce1c43b,probe_a_mh,MiniHack-River-Narrow-v0,4,119,W,0.0,False,"A|belief={'layout': 'The goal is likely to be downstairs, but its location is unknown. Si | mech=I have found that movement is restricted by solid stone walls. My theory is that"
fce1c43b,probe_a_mh,MiniHack-River-Narrow-v0,5,0,E,0.0,False,"A|belief={'layout': 'The goal is likely to be downstairs, but its location is unknown. Th | mech=unknown; I do not yet know how the obstacles here work, so I must discover it by"
fce1c43b,probe_a_mh,MiniHack-River-Narrow-v0,5,1,E,0.0,False,"A|belief={'layout': 'The goal is likely to be downstairs, but its location is unknown. Th | mech=unknown; I do not yet know how the obstacles here work, so I must discover it by"
fce1c43b,probe_a_mh,MiniHack-River-Narrow-v0,5,2,S,-0.01,False,"A|belief={'layout': 'The goal is likely to be downstairs, but its location is unknown. Th | mech=unknown; I do not yet know how the obstacles here work, so I must discover it by"
fce1c43b,probe_a_mh,MiniHack-River-Narrow-v0,5,3,E,0.0,False,"A|belief={'layout': 'The goal is likely to be downstairs, but its location is unknown. Th | mech=unknown; I do not yet know how the obstacles here work, so I must discover it by"
fce1c43b,probe_a_mh,MiniHack-River-Narrow-v0,5,4,E,0.0,False,"A|belief={'layout': 'The goal is likely to be downstairs, but its location is unknown. Th | mech=unknown; I do not yet know how the obstacles here work, so I must discover it by"
fce1c43b,probe_a_mh,MiniHack-River-Narrow-v0,5,5,S,-0.01,False,"A|belief={'layout': 'The goal is likely to be downstairs, but its location is unknown. Th | mech=unknown; I do not yet know how the obstacles here work, so I must discover it by"
fce1c43b,probe_a_mh,MiniHack-River-Narrow-v0,5,6,E,0.0,False,"A|belief={'layout': 'The goal is likely to be downstairs, but its location is unknown. Th | mech=unknown; I do not yet know how the obstacles here work, so I must discover it by"
fce1c43b,probe_a_mh,MiniHack-River-Narrow-v0,5,7,E,0.0,False,"A|belief={'layout': 'The goal is likely to be downstairs, but its location is unknown. Th | mech=unknown; I do not yet know how the obstacles here work, so I must discover it by"
fce1c43b,probe_a_mh,MiniHack-River-Narrow-v0,5,8,E,0.0,False,"A|belief={'layout': 'The goal is likely to be downstairs, but its location is unknown. Th | mech=unknown; I do not yet know how the obstacles here work, so I must discover it by"
fce1c43b,probe_a_mh,MiniHack-River-Narrow-v0,5,9,E,0.0,False,"A|belief={'layout': 'The goal is likely to be downstairs, but its location is unknown. Th | mech=unknown; I do not yet know how the obstacles here work, so I must discover it by"
fce1c43b,probe_a_mh,MiniHack-River-Narrow-v0,5,10,E,0.0,False,"A|belief={'layout': 'The goal is likely to be downstairs, but its location is unknown. Th | mech=unknown; I do not yet know how the obstacles here work, so I must discover it by"
fce1c43b,probe_a_mh,MiniHack-River-Narrow-v0,5,11,S,-0.01,False,"A|belief={'layout': 'The goal is likely to be downstairs, but its location is unknown. Th | mech=unknown; I do not yet know how the obstacles here work, so I must discover it by | EXPERIMENT"
fce1c43b,probe_a_mh,MiniHack-River-Narrow-v0,5,12,S,-0.01,False,"A|belief={'layout': 'The goal is likely to be downstairs, but its location is unknown. Th | mech=unknown; I do not yet know how the obstacles here work, so I must discover it by"
fce1c43b,probe_a_mh,MiniHack-River-Narrow-v0,5,13,E,0.0,False,"A|belief={'layout': 'The goal is likely to be downstairs, but its location is unknown. Th | mech=unknown; I do not yet know how the obstacles here work, so I must discover it by"
fce1c43b,probe_a_mh,MiniHack-River-Narrow-v0,5,14,E,0.0,False,"A|belief={'layout': 'The goal is likely to be downstairs, but its location is unknown. Th | mech=unknown; I do not yet know how the obstacles here work, so I must discover it by"
fce1c43b,probe_a_mh,MiniHack-River-Narrow-v0,5,15,E,0.0,False,"A|belief={'layout': 'The goal is likely to be downstairs, but its location is unknown. Th | mech=unknown; I do not yet know how the obstacles here work, so I must discover it by"
fce1c43b,probe_a_mh,MiniHack-River-Narrow-v0,5,16,E,0.0,False,"A|belief={'layout': 'The goal is likely to be downstairs, but its location is unknown. Th | mech=unknown; I do not yet know how the obstacles here work, so I must discover it by"
fce1c43b,probe_a_mh,MiniHack-River-Narrow-v0,5,17,E,0.0,False,"A|belief={'layout': 'The goal is likely to be downstairs, but its location is unknown. Th | mech=unknown; I do not yet know how the obstacles here work, so I must discover it by"
fce1c43b,probe_a_mh,MiniHack-River-Narrow-v0,5,18,E,0.0,False,"A|belief={'layout': 'The goal is likely to be downstairs, but its location is unknown. Th | mech=unknown; I do not yet know how the obstacles here work, so I must discover it by"
fce1c43b,probe_a_mh,MiniHack-River-Narrow-v0,5,19,E,0.0,False,"A|belief={'layout': 'The goal is likely to be downstairs, but its location is unknown. Th | mech=unknown; I do not yet know how the obstacles here work, so I must discover it by"
fce1c43b,probe_a_mh,MiniHack-River-Narrow-v0,5,20,E,0.0,False,"A|belief={'layout': 'The goal is likely to be downstairs, but its location is unknown. Th | mech=unknown; I do not yet know how the obstacles here work, so I must discover it by"
fce1c43b,probe_a_mh,MiniHack-River-Narrow-v0,5,21,E,0.0,False,"A|belief={'layout': 'The goal is likely to be downstairs, but its location is unknown. Th | mech=unknown; I do not yet know how the obstacles here work, so I must discover it by"
fce1c43b,probe_a_mh,MiniHack-River-Narrow-v0,5,22,E,0.0,False,"A|belief={'layout': 'The goal is likely to be downstairs, but its location is unknown. Th | mech=unknown; I do not yet know how the obstacles here work, so I must discover it by"
fce1c43b,probe_a_mh,MiniHack-River-Narrow-v0,5,23,E,0.0,False,"A|belief={'layout': ""The goal is likely to be downstairs, but its location is unknown. Gi | mech=unknown; I do not yet know how the obstacles here work, so I must discover it by | EXPERIMENT"
fce1c43b,probe_a_mh,MiniHack-River-Narrow-v0,5,24,E,0.0,False,"A|belief={'layout': ""The goal is likely to be downstairs, but its location is unknown. Gi | mech=unknown; I do not yet know how the obstacles here work, so I must discover it by"
fce1c43b,probe_a_mh,MiniHack-River-Narrow-v0,5,25,E,0.0,False,"A|belief={'layout': ""The goal is likely to be downstairs, but its location is unknown. Gi | mech=unknown; I do not yet know how the obstacles here work, so I must discover it by"
fce1c43b,probe_a_mh,MiniHack-River-Narrow-v0,5,26,E,0.0,False,"A|belief={'layout': ""The goal is likely to be downstairs, but its location is unknown. Gi | mech=unknown; I do not yet know how the obstacles here work, so I must discover it by"
fce1c43b,probe_a_mh,MiniHack-River-Narrow-v0,5,27,E,0.0,False,"A|belief={'layout': ""The goal is likely to be downstairs, but its location is unknown. Gi | mech=unknown; I do not yet know how the obstacles here work, so I must discover it by"
fce1c43b,probe_a_mh,MiniHack-River-Narrow-v0,5,28,N,0.0,False,"A|belief={'layout': ""The goal is likely to be downstairs, but its location is unknown. Gi | mech=unknown; I do not yet know how the obstacles here work, so I must discover it by"
fce1c43b,probe_a_mh,MiniHack-River-Narrow-v0,5,29,N,-0.01,False,"A|belief={'layout': ""The goal is likely to be downstairs, but its location is unknown. Gi | mech=unknown; I do not yet know how the obstacles here work, so I must discover it by"
fce1c43b,probe_a_mh,MiniHack-River-Narrow-v0,5,30,N,-0.01,False,"A|belief={'layout': ""The goal is likely to be downstairs, but its location is unknown. Gi | mech=unknown; I do not yet know how the obstacles here work, so I must discover it by"
fce1c43b,probe_a_mh,MiniHack-River-Narrow-v0,5,31,E,0.0,False,"A|belief={'layout': ""The goal is likely to be downstairs, but its location is unknown. Gi | mech=unknown; I do not yet know how the obstacles here work, so I must discover it by"
fce1c43b,probe_a_mh,MiniHack-River-Narrow-v0,5,32,S,0.0,False,"A|belief={'layout': ""The goal is likely to be downstairs, but its location is unknown. Gi | mech=unknown; I do not yet know how the obstacles here work, so I must discover it by"
fce1c43b,probe_a_mh,MiniHack-River-Narrow-v0,5,33,S,0.0,False,"A|belief={'layout': ""The goal is likely to be downstairs, but its location is unknown. Gi | mech=unknown; I do not yet know how the obstacles here work, so I must discover it by"
fce1c43b,probe_a_mh,MiniHack-River-Narrow-v0,5,34,S,0.0,False,"A|belief={'layout': ""The goal is likely to be downstairs, but its location is unknown. Gi | mech=unknown; I do not yet know how the obstacles here work, so I must discover it by"
fce1c43b,probe_a_mh,MiniHack-River-Narrow-v0,5,35,S,0.0,False,"A|belief={'layout': ""The goal is likely to be downstairs, but its location is unknown. Gi | mech=unknown; I do not yet know how the obstacles here work, so I must discover it by | EXPERIMENT"
fce1c43b,probe_a_mh,MiniHack-River-Narrow-v0,5,36,S,0.0,False,"A|belief={'layout': ""The goal is likely to be downstairs, but its location is unknown. Gi | mech=unknown; I do not yet know how the obstacles here work, so I must discover it by"
fce1c43b,probe_a_mh,MiniHack-River-Narrow-v0,5,37,S,-0.01,False,"A|belief={'layout': ""The goal is likely to be downstairs, but its location is unknown. Gi | mech=unknown; I do not yet know how the obstacles here work, so I must discover it by"
fce1c43b,probe_a_mh,MiniHack-River-Narrow-v0,5,38,S,-0.01,False,"A|belief={'layout': ""The goal is likely to be downstairs, but its location is unknown. Gi | mech=unknown; I do not yet know how the obstacles here work, so I must discover it by"
fce1c43b,probe_a_mh,MiniHack-River-Narrow-v0,5,39,E,0.0,False,"A|belief={'layout': ""The goal is likely to be downstairs, but its location is unknown. Gi | mech=unknown; I do not yet know how the obstacles here work, so I must discover it by"
fce1c43b,probe_a_mh,MiniHack-River-Narrow-v0,5,40,E,0.0,False,"A|belief={'layout': ""The goal is likely to be downstairs, but its location is unknown. Gi | mech=unknown; I do not yet know how the obstacles here work, so I must discover it by"
fce1c43b,probe_a_mh,MiniHack-River-Narrow-v0,5,41,E,0.0,False,"A|belief={'layout': ""The goal is likely to be downstairs, but its location is unknown. Gi | mech=unknown; I do not yet know how the obstacles here work, so I must discover it by"
fce1c43b,probe_a_mh,MiniHack-River-Narrow-v0,5,42,E,0.0,False,"A|belief={'layout': ""The goal is likely to be downstairs, but its location is unknown. Gi | mech=unknown; I do not yet know how the obstacles here work, so I must discover it by"
fce1c43b,probe_a_mh,MiniHack-River-Narrow-v0,5,43,W,0.0,False,"A|belief={'layout': ""The goal is likely to be downstairs, but its location is unknown. Gi | mech=unknown; I do not yet know how the obstacles here work, so I must discover it by"
fce1c43b,probe_a_mh,MiniHack-River-Narrow-v0,5,44,W,0.0,False,"A|belief={'layout': ""The goal is likely to be downstairs, but its location is unknown. Gi | mech=unknown; I do not yet know how the obstacles here work, so I must discover it by"
fce1c43b,probe_a_mh,MiniHack-River-Narrow-v0,5,45,W,0.0,False,"A|belief={'layout': ""The goal is likely to be downstairs, but its location is unknown. Gi | mech=unknown; I do not yet know how the obstacles here work, so I must discover it by"
fce1c43b,probe_a_mh,MiniHack-River-Narrow-v0,5,46,W,0.0,False,"A|belief={'layout': ""The goal is likely to be downstairs, but its location is unknown. Gi | mech=unknown; I do not yet know how the obstacles here work, so I must discover it by"
fce1c43b,probe_a_mh,MiniHack-River-Narrow-v0,5,47,W,0.0,False,"A|belief={'layout': ""The goal is likely to be downstairs, but its location is unknown. Gi | mech=unknown; I do not yet know how the obstacles here work, so I must discover it by | EXPERIMENT"
fce1c43b,probe_a_mh,MiniHack-River-Narrow-v0,5,48,E,0.0,False,"A|belief={'layout': ""The goal is likely to be downstairs, but its location is unknown. Gi | mech=unknown; I do not yet know how the obstacles here work, so I must discover it by"
fce1c43b,probe_a_mh,MiniHack-River-Narrow-v0,5,49,E,0.0,False,"A|belief={'layout': ""The goal is likely to be downstairs, but its location is unknown. Gi | mech=unknown; I do not yet know how the obstacles here work, so I must discover it by"
fce1c43b,probe_a_mh,MiniHack-River-Narrow-v0,5,50,E,0.0,False,"A|belief={'layout': ""The goal is likely to be downstairs, but its location is unknown. Gi | mech=unknown; I do not yet know how the obstacles here work, so I must discover it by"
fce1c43b,probe_a_mh,MiniHack-River-Narrow-v0,5,51,S,0.0,False,"A|belief={'layout': ""The goal is likely to be downstairs, but its location is unknown. Gi | mech=unknown; I do not yet know how the obstacles here work, so I must discover it by"
fce1c43b,probe_a_mh,MiniHack-River-Narrow-v0,5,52,E,0.0,False,"A|belief={'layout': ""The goal is likely to be downstairs, but its location is unknown. Gi | mech=unknown; I do not yet know how the obstacles here work, so I must discover it by"
fce1c43b,probe_a_mh,MiniHack-River-Narrow-v0,5,53,NW,0.0,False,"A|belief={'layout': ""The goal is likely to be downstairs, but its location is unknown. Gi | mech=unknown; I do not yet know how the obstacles here work, so I must discover it by"
fce1c43b,probe_a_mh,MiniHack-River-Narrow-v0,5,54,NW,0.0,False,"A|belief={'layout': ""The goal is likely to be downstairs, but its location is unknown. Gi | mech=unknown; I do not yet know how the obstacles here work, so I must discover it by"
fce1c43b,probe_a_mh,MiniHack-River-Narrow-v0,5,55,NW,0.0,False,"A|belief={'layout': ""The goal is likely to be downstairs, but its location is unknown. Gi | mech=unknown; I do not yet know how the obstacles here work, so I must discover it by"
fce1c43b,probe_a_mh,MiniHack-River-Narrow-v0,5,56,NW,0.0,False,"A|belief={'layout': ""The goal is likely to be downstairs, but its location is unknown. Gi | mech=unknown; I do not yet know how the obstacles here work, so I must discover it by"
fce1c43b,probe_a_mh,MiniHack-River-Narrow-v0,5,57,NW,0.0,False,"A|belief={'layout': ""The goal is likely to be downstairs, but its location is unknown. Gi | mech=unknown; I do not yet know how the obstacles here work, so I must discover it by"
fce1c43b,probe_a_mh,MiniHack-River-Narrow-v0,5,58,NW,0.0,False,"A|belief={'layout': ""The goal is likely to be downstairs, but its location is unknown. Gi | mech=unknown; I do not yet know how the obstacles here work, so I must discover it by"
fce1c43b,probe_a_mh,MiniHack-River-Narrow-v0,5,59,E,0.0,False,"A|belief={'layout': ""The goal is likely to be downstairs, but its location is unknown. Gi | mech=unknown; I do not yet know how the obstacles here work, so I must discover it by | EXPERIMENT"
fce1c43b,probe_a_mh,MiniHack-River-Narrow-v0,5,60,NW,-0.01,False,"A|belief={'layout': ""The goal is likely to be downstairs, but its location is unknown. Gi | mech=unknown; I do not yet know how the obstacles here work, so I must discover it by"
fce1c43b,probe_a_mh,MiniHack-River-Narrow-v0,5,61,NW,-0.01,False,"A|belief={'layout': ""The goal is likely to be downstairs, but its location is unknown. Gi | mech=unknown; I do not yet know how the obstacles here work, so I must discover it by"
fce1c43b,probe_a_mh,MiniHack-River-Narrow-v0,5,62,E,0.0,False,"A|belief={'layout': ""The goal is likely to be downstairs, but its location is unknown. Gi | mech=unknown; I do not yet know how the obstacles here work, so I must discover it by"
fce1c43b,probe_a_mh,MiniHack-River-Narrow-v0,5,63,N,-0.01,False,"A|belief={'layout': ""The goal is likely to be downstairs, but its location is unknown. Gi | mech=unknown; I do not yet know how the obstacles here work, so I must discover it by"
fce1c43b,probe_a_mh,MiniHack-River-Narrow-v0,5,64,N,-0.01,False,"A|belief={'layout': ""The goal is likely to be downstairs, but its location is unknown. Gi | mech=unknown; I do not yet know how the obstacles here work, so I must discover it by"
fce1c43b,probe_a_mh,MiniHack-River-Narrow-v0,5,65,E,0.0,False,"A|belief={'layout': ""The goal is likely to be downstairs, but its location is unknown. Gi | mech=unknown; I do not yet know how the obstacles here work, so I must discover it by"
fce1c43b,probe_a_mh,MiniHack-River-Narrow-v0,5,66,NW,-0.01,False,"A|belief={'layout': ""The goal is likely to be downstairs, but its location is unknown. Gi | mech=unknown; I do not yet know how the obstacles here work, so I must discover it by"
fce1c43b,probe_a_mh,MiniHack-River-Narrow-v0,5,67,NW,-0.01,False,"A|belief={'layout': ""The goal is likely to be downstairs, but its location is unknown. Gi | mech=unknown; I do not yet know how the obstacles here work, so I must discover it by"
fce1c43b,probe_a_mh,MiniHack-River-Narrow-v0,5,68,E,0.0,False,"A|belief={'layout': ""The goal is likely to be downstairs, but its location is unknown. Gi | mech=unknown; I do not yet know how the obstacles here work, so I must discover it by"
fce1c43b,probe_a_mh,MiniHack-River-Narrow-v0,5,69,N,-0.01,False,"A|belief={'layout': ""The goal is likely to be downstairs, but its location is unknown. Gi | mech=unknown; I do not yet know how the obstacles here work, so I must discover it by"
fce1c43b,probe_a_mh,MiniHack-River-Narrow-v0,5,70,N,-0.01,False,"A|belief={'layout': ""The goal is likely to be downstairs, but its location is unknown. Gi | mech=unknown; I do not yet know how the obstacles here work, so I must discover it by"
fce1c43b,probe_a_mh,MiniHack-River-Narrow-v0,5,71,NW,-0.01,False,"A|belief={'layout': ""The goal is likely to be downstairs, but its location is unknown. Gi | mech=unknown; I do not yet know how the obstacles here work, so I must discover it by | EXPERIMENT"
fce1c43b,probe_a_mh,MiniHack-River-Narrow-v0,5,72,W,0.0,False,"A|belief={'layout': ""The goal is likely to be downstairs, but its location is unknown. Gi | mech=unknown; I do not yet know how the obstacles here work, so I must discover it by"
fce1c43b,probe_a_mh,MiniHack-River-Narrow-v0,5,73,E,0.0,False,"A|belief={'layout': ""The goal is likely to be downstairs, but its location is unknown. Gi | mech=unknown; I do not yet know how the obstacles here work, so I must discover it by"
fce1c43b,probe_a_mh,MiniHack-River-Narrow-v0,5,74,W,0.0,False,"A|belief={'layout': ""The goal is likely to be downstairs, but its location is unknown. Gi | mech=unknown; I do not yet know how the obstacles here work, so I must discover it by"
fce1c43b,probe_a_mh,MiniHack-River-Narrow-v0,5,75,W,0.0,False,"A|belief={'layout': ""The goal is likely to be downstairs, but its location is unknown. Gi | mech=unknown; I do not yet know how the obstacles here work, so I must discover it by"
fce1c43b,probe_a_mh,MiniHack-River-Narrow-v0,5,76,W,0.0,False,"A|belief={'layout': ""The goal is likely to be downstairs, but its location is unknown. Gi | mech=unknown; I do not yet know how the obstacles here work, so I must discover it by"
fce1c43b,probe_a_mh,MiniHack-River-Narrow-v0,5,77,W,0.0,False,"A|belief={'layout': ""The goal is likely to be downstairs, but its location is unknown. Gi | mech=unknown; I do not yet know how the obstacles here work, so I must discover it by"
fce1c43b,probe_a_mh,MiniHack-River-Narrow-v0,5,78,W,0.0,False,"A|belief={'layout': ""The goal is likely to be downstairs, but its location is unknown. Gi | mech=unknown; I do not yet know how the obstacles here work, so I must discover it by"
fce1c43b,probe_a_mh,MiniHack-River-Narrow-v0,5,79,NW,-0.01,False,"A|belief={'layout': ""The goal is likely to be downstairs, but its location is unknown. Gi | mech=unknown; I do not yet know how the obstacles here work, so I must discover it by"
fce1c43b,probe_a_mh,MiniHack-River-Narrow-v0,5,80,NW,-0.01,False,"A|belief={'layout': ""The goal is likely to be downstairs, but its location is unknown. Gi | mech=unknown; I do not yet know how the obstacles here work, so I must discover it by"
fce1c43b,probe_a_mh,MiniHack-River-Narrow-v0,5,81,W,0.0,False,"A|belief={'layout': ""The goal is likely to be downstairs, but its location is unknown. Gi | mech=unknown; I do not yet know how the obstacles here work, so I must discover it by"
fce1c43b,probe_a_mh,MiniHack-River-Narrow-v0,5,82,N,-0.01,False,"A|belief={'layout': ""The goal is likely to be downstairs, but its location is unknown. Gi | mech=unknown; I do not yet know how the obstacles here work, so I must discover it by"
fce1c43b,probe_a_mh,MiniHack-River-Narrow-v0,5,83,N,-0.01,False,"A|belief={'layout': ""The goal is likely to be downstairs, but its location is unknown. Gi | mech=unknown; I do not yet know how the obstacles here work, so I must discover it by | EXPERIMENT"
fce1c43b,probe_a_mh,MiniHack-River-Narrow-v0,5,84,W,0.0,False,"A|belief={'layout': ""The goal is likely to be downstairs, but its location is unknown. Gi | mech=unknown; I do not yet know how the obstacles here work, so I must discover it by"
fce1c43b,probe_a_mh,MiniHack-River-Narrow-v0,5,85,NW,-0.01,False,"A|belief={'layout': ""The goal is likely to be downstairs, but its location is unknown. Gi | mech=unknown; I do not yet know how the obstacles here work, so I must discover it by"
fce1c43b,probe_a_mh,MiniHack-River-Narrow-v0,5,86,W,0.0,False,"A|belief={'layout': ""The goal is likely to be downstairs, but its location is unknown. Gi | mech=unknown; I do not yet know how the obstacles here work, so I must discover it by"
fce1c43b,probe_a_mh,MiniHack-River-Narrow-v0,5,87,NW,-0.01,False,"A|belief={'layout': ""The goal is likely to be downstairs, but its location is unknown. Gi | mech=unknown; I do not yet know how the obstacles here work, so I must discover it by"
fce1c43b,probe_a_mh,MiniHack-River-Narrow-v0,5,88,W,0.0,False,"A|belief={'layout': ""The goal is likely to be downstairs, but its location is unknown. Gi | mech=unknown; I do not yet know how the obstacles here work, so I must discover it by"
fce1c43b,probe_a_mh,MiniHack-River-Narrow-v0,5,89,NW,-0.01,False,"A|belief={'layout': ""The goal is likely to be downstairs, but its location is unknown. Gi | mech=unknown; I do not yet know how the obstacles here work, so I must discover it by"
fce1c43b,probe_a_mh,MiniHack-River-Narrow-v0,5,90,W,0.0,False,"A|belief={'layout': ""The goal is likely to be downstairs, but its location is unknown. Gi | mech=unknown; I do not yet know how the obstacles here work, so I must discover it by"
fce1c43b,probe_a_mh,MiniHack-River-Narrow-v0,5,91,NW,-0.01,False,"A|belief={'layout': ""The goal is likely to be downstairs, but its location is unknown. Gi | mech=unknown; I do not yet know how the obstacles here work, so I must discover it by"
fce1c43b,probe_a_mh,MiniHack-River-Narrow-v0,5,92,NW,-0.01,False,"A|belief={'layout': ""The goal is likely to be downstairs, but its location is unknown. Gi | mech=unknown; I do not yet know how the obstacles here work, so I must discover it by"
fce1c43b,probe_a_mh,MiniHack-River-Narrow-v0,5,93,S,0.0,False,"A|belief={'layout': ""The goal is likely to be downstairs, but its location is unknown. Gi | mech=unknown; I do not yet know how the obstacles here work, so I must discover it by"
fce1c43b,probe_a_mh,MiniHack-River-Narrow-v0,5,94,S,0.0,False,"A|belief={'layout': ""The goal is likely to be downstairs, but its location is unknown. Gi | mech=unknown; I do not yet know how the obstacles here work, so I must discover it by"
fce1c43b,probe_a_mh,MiniHack-River-Narrow-v0,5,95,S,0.0,False,"A|belief={'layout': ""The goal is likely to be downstairs, but its location is unknown. Gi | mech=I hypothesize that the lava/water (represented by '}') may be crossable or inter | EXPERIMENT"
fce1c43b,probe_a_mh,MiniHack-River-Narrow-v0,5,96,S,0.0,False,"A|belief={'layout': ""The goal is likely to be downstairs, but its location is unknown. Gi | mech=I hypothesize that the lava/water (represented by '}') may be crossable or inter"
fce1c43b,probe_a_mh,MiniHack-River-Narrow-v0,5,97,S,0.0,False,"A|belief={'layout': ""The goal is likely to be downstairs, but its location is unknown. Gi | mech=I hypothesize that the lava/water (represented by '}') may be crossable or inter"
fce1c43b,probe_a_mh,MiniHack-River-Narrow-v0,5,98,S,0.0,False,"A|belief={'layout': ""The goal is likely to be downstairs, but its location is unknown. Gi | mech=I hypothesize that the lava/water (represented by '}') may be crossable or inter"
fce1c43b,probe_a_mh,MiniHack-River-Narrow-v0,5,99,S,-0.01,False,"A|belief={'layout': ""The goal is likely to be downstairs, but its location is unknown. Gi | mech=I hypothesize that the lava/water (represented by '}') may be crossable or inter"
fce1c43b,probe_a_mh,MiniHack-River-Narrow-v0,5,100,S,-0.01,False,"A|belief={'layout': ""The goal is likely to be downstairs, but its location is unknown. Gi | mech=I hypothesize that the lava/water (represented by '}') may be crossable or inter"
fce1c43b,probe_a_mh,MiniHack-River-Narrow-v0,5,101,W,0.0,False,"A|belief={'layout': ""The goal is likely to be downstairs, but its location is unknown. Gi | mech=I hypothesize that the lava/water (represented by '}') may be crossable or inter"
fce1c43b,probe_a_mh,MiniHack-River-Narrow-v0,5,102,W,0.0,False,"A|belief={'layout': ""The goal is likely to be downstairs, but its location is unknown. Gi | mech=I hypothesize that the lava/water (represented by '}') may be crossable or inter"
fce1c43b,probe_a_mh,MiniHack-River-Narrow-v0,5,103,E,0.0,False,"A|belief={'layout': ""The goal is likely to be downstairs, but its location is unknown. Gi | mech=I hypothesize that the lava/water (represented by '}') may be crossable or inter"
fce1c43b,probe_a_mh,MiniHack-River-Narrow-v0,5,104,E,0.0,False,"A|belief={'layout': ""The goal is likely to be downstairs, but its location is unknown. Gi | mech=I hypothesize that the lava/water (represented by '}') may be crossable or inter"
fce1c43b,probe_a_mh,MiniHack-River-Narrow-v0,5,105,E,0.0,False,"A|belief={'layout': ""The goal is likely to be downstairs, but its location is unknown. Gi | mech=I hypothesize that the lava/water (represented by '}') may be crossable or inter"
fce1c43b,probe_a_mh,MiniHack-River-Narrow-v0,5,106,E,0.0,False,"A|belief={'layout': ""The goal is likely to be downstairs, but its location is unknown. Gi | mech=I hypothesize that the lava/water (represented by '}') may be crossable or inter"
fce1c43b,probe_a_mh,MiniHack-River-Narrow-v0,5,107,E,0.0,False,"A|belief={'layout': ""The goal is likely to be downstairs, but its location is unknown. Gi | mech=I hypothesize that the lava/water (represented by '}') may be crossable or inter"
fce1c43b,probe_a_mh,MiniHack-River-Narrow-v0,5,108,E,0.0,False,"A|belief={'layout': ""The goal is likely to be downstairs, but its location is unknown. Gi | mech=I hypothesize that the lava/water (represented by '}') may be crossable or inter"
fce1c43b,probe_a_mh,MiniHack-River-Narrow-v0,5,109,E,0.0,False,"A|belief={'layout': ""The goal is likely to be downstairs, but its location is unknown. Gi | mech=I hypothesize that the lava/water (represented by '}') may be crossable or inter"
fce1c43b,probe_a_mh,MiniHack-River-Narrow-v0,5,110,E,0.0,False,"A|belief={'layout': ""The goal is likely to be downstairs, but its location is unknown. Gi | mech=I hypothesize that the lava/water (represented by '}') may be crossable or inter"
fce1c43b,probe_a_mh,MiniHack-River-Narrow-v0,5,111,NW,0.0,False,"A|belief={'layout': ""The goal is likely to be downstairs, but its location is unknown. Gi | mech=I hypothesize that the lava/water (represented by '}') may be crossable or inter"
fce1c43b,probe_a_mh,MiniHack-River-Narrow-v0,5,112,NW,0.0,False,"A|belief={'layout': ""The goal is likely to be downstairs, but its location is unknown. Gi | mech=I hypothesize that the lava/water (represented by '}') may be crossable or inter"
fce1c43b,probe_a_mh,MiniHack-River-Narrow-v0,5,113,NW,0.0,False,"A|belief={'layout': ""The goal is likely to be downstairs, but its location is unknown. Gi | mech=I hypothesize that the lava/water (represented by '}') may be crossable or inter"
fce1c43b,probe_a_mh,MiniHack-River-Narrow-v0,5,114,NW,0.0,False,"A|belief={'layout': ""The goal is likely to be downstairs, but its location is unknown. Gi | mech=I hypothesize that the lava/water (represented by '}') may be crossable or inter"
fce1c43b,probe_a_mh,MiniHack-River-Narrow-v0,5,115,NW,0.0,False,"A|belief={'layout': ""The goal is likely to be downstairs, but its location is unknown. Gi | mech=I hypothesize that the lava/water (represented by '}') may be crossable or inter"
fce1c43b,probe_a_mh,MiniHack-River-Narrow-v0,5,116,S,0.0,False,"A|belief={'layout': ""The goal is likely to be downstairs, but its location is unknown. Gi | mech=I hypothesize that the lava/water (represented by '}') may be crossable or inter"
fce1c43b,probe_a_mh,MiniHack-River-Narrow-v0,5,117,S,0.0,False,"A|belief={'layout': ""The goal is likely to be downstairs, but its location is unknown. Gi | mech=I hypothesize that the lava/water (represented by '}') may be crossable or inter"
fce1c43b,probe_a_mh,MiniHack-River-Narrow-v0,5,118,S,0.0,False,"A|belief={'layout': ""The goal is likely to be downstairs, but its location is unknown. Gi | mech=I hypothesize that the lava/water (represented by '}') may be crossable or inter"
fce1c43b,probe_a_mh,MiniHack-River-Narrow-v0,5,119,S,0.0,False,"A|belief={'layout': ""The goal is likely to be downstairs, but its location is unknown. Gi | mech=I hypothesize that the lava/water (represented by '}') may be crossable or inter"
fce1c43b,probe_a_mh,MiniHack-River-Narrow-v0,6,0,N,0.0,False,"A|belief={'layout': 'I am in a room with lava or water to the east and south, my goal is  | mech=unknown; I do not yet know how the obstacles here work, so I must discover it by"
fce1c43b,probe_a_mh,MiniHack-River-Narrow-v0,6,1,N,0.0,False,"A|belief={'layout': 'I am in a room with lava or water to the east and south, my goal is  | mech=unknown; I do not yet know how the obstacles here work, so I must discover it by"
fce1c43b,probe_a_mh,MiniHack-River-Narrow-v0,6,2,N,-0.01,False,"A|belief={'layout': 'I am in a room with lava or water to the east and south, my goal is  | mech=unknown; I do not yet know how the obstacles here work, so I must discover it by"
fce1c43b,probe_a_mh,MiniHack-River-Narrow-v0,6,3,W,0.0,False,"A|belief={'layout': 'I am in a room with lava or water to the east and south, my goal is  | mech=unknown; I do not yet know how the obstacles here work, so I must discover it by"
fce1c43b,probe_a_mh,MiniHack-River-Narrow-v0,6,4,N,-0.01,False,"A|belief={'layout': 'I am in a room with lava or water to the east and south, my goal is  | mech=unknown; I do not yet know how the obstacles here work, so I must discover it by"
fce1c43b,probe_a_mh,MiniHack-River-Narrow-v0,6,5,N,-0.01,False,"A|belief={'layout': 'I am in a room with lava or water to the east and south, my goal is  | mech=unknown; I do not yet know how the obstacles here work, so I must discover it by"
fce1c43b,probe_a_mh,MiniHack-River-Narrow-v0,6,6,W,0.0,False,"A|belief={'layout': 'I am in a room with lava or water to the east and south, my goal is  | mech=unknown; I do not yet know how the obstacles here work, so I must discover it by"
fce1c43b,probe_a_mh,MiniHack-River-Narrow-v0,6,7,W,0.0,False,"A|belief={'layout': 'I am in a room with lava or water to the east and south, my goal is  | mech=unknown; I do not yet know how the obstacles here work, so I must discover it by"
fce1c43b,probe_a_mh,MiniHack-River-Narrow-v0,6,8,W,-0.01,False,"A|belief={'layout': 'I am in a room with lava or water to the east and south, my goal is  | mech=unknown; I do not yet know how the obstacles here work, so I must discover it by"
fce1c43b,probe_a_mh,MiniHack-River-Narrow-v0,6,9,N,-0.01,False,"A|belief={'layout': 'I am in a room with lava or water to the east and south, my goal is  | mech=unknown; I do not yet know how the obstacles here work, so I must discover it by"
fce1c43b,probe_a_mh,MiniHack-River-Narrow-v0,6,10,W,-0.01,False,"A|belief={'layout': 'I am in a room with lava or water to the east and south, my goal is  | mech=unknown; I do not yet know how the obstacles here work, so I must discover it by"
fce1c43b,probe_a_mh,MiniHack-River-Narrow-v0,6,11,E,0.0,False,"A|belief={'layout': 'I am in a room with lava or water to the east and south, my goal is  | mech=unknown; I do not yet know how the obstacles here work, so I must discover it by | EXPERIMENT"
fce1c43b,probe_a_mh,MiniHack-River-Narrow-v0,6,12,E,0.0,False,"A|belief={'layout': 'I am in a room with lava or water to the east and south, my goal is  | mech=unknown; I do not yet know how the obstacles here work, so I must discover it by"
fce1c43b,probe_a_mh,MiniHack-River-Narrow-v0,6,13,E,0.0,False,"A|belief={'layout': 'I am in a room with lava or water to the east and south, my goal is  | mech=unknown; I do not yet know how the obstacles here work, so I must discover it by"
fce1c43b,probe_a_mh,MiniHack-River-Narrow-v0,6,14,E,0.0,False,"A|belief={'layout': 'I am in a room with lava or water to the east and south, my goal is  | mech=unknown; I do not yet know how the obstacles here work, so I must discover it by"
fce1c43b,probe_a_mh,MiniHack-River-Narrow-v0,6,15,E,0.0,False,"A|belief={'layout': 'I am in a room with lava or water to the east and south, my goal is  | mech=unknown; I do not yet know how the obstacles here work, so I must discover it by"
fce1c43b,probe_a_mh,MiniHack-River-Narrow-v0,6,16,S,0.0,False,"A|belief={'layout': 'I am in a room with lava or water to the east and south, my goal is  | mech=unknown; I do not yet know how the obstacles here work, so I must discover it by"
fce1c43b,probe_a_mh,MiniHack-River-Narrow-v0,6,17,S,0.0,False,"A|belief={'layout': 'I am in a room with lava or water to the east and south, my goal is  | mech=unknown; I do not yet know how the obstacles here work, so I must discover it by"
fce1c43b,probe_a_mh,MiniHack-River-Narrow-v0,6,18,E,0.0,False,"A|belief={'layout': 'I am in a room with lava or water to the east and south, my goal is  | mech=unknown; I do not yet know how the obstacles here work, so I must discover it by"
fce1c43b,probe_a_mh,MiniHack-River-Narrow-v0,6,19,N,0.0,False,"A|belief={'layout': 'I am in a room with lava or water to the east and south, my goal is  | mech=unknown; I do not yet know how the obstacles here work, so I must discover it by"
fce1c43b,probe_a_mh,MiniHack-River-Narrow-v0,6,20,N,0.0,False,"A|belief={'layout': 'I am in a room with lava or water to the east and south, my goal is  | mech=unknown; I do not yet know how the obstacles here work, so I must discover it by"
fce1c43b,probe_a_mh,MiniHack-River-Narrow-v0,6,21,N,-0.01,False,"A|belief={'layout': 'I am in a room with lava or water to the east and south, my goal is  | mech=unknown; I do not yet know how the obstacles here work, so I must discover it by"
fce1c43b,probe_a_mh,MiniHack-River-Narrow-v0,6,22,N,-0.01,False,"A|belief={'layout': 'I am in a room with lava or water to the east and possibly other sid | mech=unknown; I do not yet know how the obstacles here work, so I must discover it by"
fce1c43b,probe_a_mh,MiniHack-River-Narrow-v0,6,23,E,0.0,False,"A|belief={'layout': 'I am in a room with lava or water to the east and possibly other sid | mech=unknown; I do not yet know how the obstacles here work, so I must discover it by | EXPERIMENT"
fce1c43b,probe_a_mh,MiniHack-River-Narrow-v0,6,24,E,0.0,False,"A|belief={'layout': 'I am in a room with lava or water to the east and possibly other sid | mech=unknown; I do not yet know how the obstacles here work, so I must discover it by"
fce1c43b,probe_a_mh,MiniHack-River-Narrow-v0,6,25,E,0.0,False,"A|belief={'layout': 'I am in a room with lava or water to the east and possibly other sid | mech=unknown; I do not yet know how the obstacles here work, so I must discover it by"
fce1c43b,probe_a_mh,MiniHack-River-Narrow-v0,6,26,E,0.0,False,"A|belief={'layout': 'I am in a room with lava or water to the east and possibly other sid | mech=unknown; I do not yet know how the obstacles here work, so I must discover it by"
fce1c43b,probe_a_mh,MiniHack-River-Narrow-v0,6,27,E,0.0,False,"A|belief={'layout': 'I am in a room with lava or water to the east and possibly other sid | mech=unknown; I do not yet know how the obstacles here work, so I must discover it by"
fce1c43b,probe_a_mh,MiniHack-River-Narrow-v0,6,28,E,0.0,False,"A|belief={'layout': 'I am in a room with lava or water to the east and possibly other sid | mech=unknown; I do not yet know how the obstacles here work, so I must discover it by"
fce1c43b,probe_a_mh,MiniHack-River-Narrow-v0,6,29,N,-0.01,False,"A|belief={'layout': 'I am in a room with lava or water to the east and possibly other sid | mech=unknown; I do not yet know how the obstacles here work, so I must discover it by"
fce1c43b,probe_a_mh,MiniHack-River-Narrow-v0,6,30,N,-0.01,False,"A|belief={'layout': 'I am in a room with lava or water to the east and possibly other sid | mech=unknown; I do not yet know how the obstacles here work, so I must discover it by"
fce1c43b,probe_a_mh,MiniHack-River-Narrow-v0,6,31,W,0.0,False,"A|belief={'layout': 'I am in a room with lava or water to the east and possibly other sid | mech=unknown; I do not yet know how the obstacles here work, so I must discover it by"
fce1c43b,probe_a_mh,MiniHack-River-Narrow-v0,6,32,W,0.0,False,"A|belief={'layout': 'I am in a room with lava or water to the east and possibly other sid | mech=unknown; I do not yet know how the obstacles here work, so I must discover it by"
fce1c43b,probe_a_mh,MiniHack-River-Narrow-v0,6,33,W,0.0,False,"A|belief={'layout': 'I am in a room with lava or water to the east and possibly other sid | mech=unknown; I do not yet know how the obstacles here work, so I must discover it by"
fce1c43b,probe_a_mh,MiniHack-River-Narrow-v0,6,34,W,0.0,False,"A|belief={'layout': 'I am in a room with lava or water to the east and possibly other sid | mech=unknown; I do not yet know how the obstacles here work, so I must discover it by"
fce1c43b,probe_a_mh,MiniHack-River-Narrow-v0,6,35,S,0.0,False,"A|belief={'layout': 'I am in a room with lava or water to the east and possibly other sid | mech=unknown; I do not yet know how the obstacles here work, so I must discover it by | EXPERIMENT"
fce1c43b,probe_a_mh,MiniHack-River-Narrow-v0,6,36,S,0.0,False,"A|belief={'layout': 'I am in a room with lava or water to the east and possibly other sid | mech=unknown; I do not yet know how the obstacles here work, so I must discover it by"
fce1c43b,probe_a_mh,MiniHack-River-Narrow-v0,6,37,E,0.0,False,"A|belief={'layout': 'I am in a room with lava or water to the east and possibly other sid | mech=unknown; I do not yet know how the obstacles here work, so I must discover it by"
fce1c43b,probe_a_mh,MiniHack-River-Narrow-v0,6,38,E,0.0,False,"A|belief={'layout': 'I am in a room with lava or water to the east and possibly other sid | mech=unknown; I do not yet know how the obstacles here work, so I must discover it by"
fce1c43b,probe_a_mh,MiniHack-River-Narrow-v0,6,39,E,0.0,False,"A|belief={'layout': 'I am in a room with lava or water to the east and possibly other sid | mech=unknown; I do not yet know how the obstacles here work, so I must discover it by"
fce1c43b,probe_a_mh,MiniHack-River-Narrow-v0,6,40,E,0.0,False,"A|belief={'layout': 'I am in a room with lava or water to the east and possibly other sid | mech=unknown; I do not yet know how the obstacles here work, so I must discover it by"
fce1c43b,probe_a_mh,MiniHack-River-Narrow-v0,6,41,N,0.0,False,"A|belief={'layout': 'I am in a room with lava or water to the east and possibly other sid | mech=unknown; I do not yet know how the obstacles here work, so I must discover it by"
fce1c43b,probe_a_mh,MiniHack-River-Narrow-v0,6,42,N,0.0,False,"A|belief={'layout': 'I am in a room with lava or water to the east and possibly other sid | mech=unknown; I do not yet know how the obstacles here work, so I must discover it by"
fce1c43b,probe_a_mh,MiniHack-River-Narrow-v0,6,43,N,-0.01,False,"A|belief={'layout': 'I am in a room with lava or water to the east and possibly other sid | mech=unknown; I do not yet know how the obstacles here work, so I must discover it by"
fce1c43b,probe_a_mh,MiniHack-River-Narrow-v0,6,44,W,0.0,False,"A|belief={'layout': 'I am in a room with lava or water to the east and possibly other sid | mech=unknown; I do not yet know how the obstacles here work, so I must discover it by"
fce1c43b,probe_a_mh,MiniHack-River-Narrow-v0,6,45,W,0.0,False,"A|belief={'layout': 'I am in a room with lava or water to the east and possibly other sid | mech=unknown; I do not yet know how the obstacles here work, so I must discover it by"
fce1c43b,probe_a_mh,MiniHack-River-Narrow-v0,6,46,W,0.0,False,"A|belief={'layout': 'I am in a room with lava or water to the east and possibly other sid | mech=unknown; I do not yet know how the obstacles here work, so I must discover it by"
fce1c43b,probe_a_mh,MiniHack-River-Narrow-v0,6,47,E,0.0,False,"A|belief={'layout': 'I am in a room with lava or water to the east and possibly other sid | mech=unknown; I do not yet know how the obstacles here work, so I must discover it by | EXPERIMENT"
fce1c43b,probe_a_mh,MiniHack-River-Narrow-v0,6,48,E,0.0,False,"A|belief={'layout': 'I am in a room with lava or water to the east and possibly other sid | mech=unknown; I do not yet know how the obstacles here work, so I must discover it by"
fce1c43b,probe_a_mh,MiniHack-River-Narrow-v0,6,49,E,0.0,False,"A|belief={'layout': 'I am in a room with lava or water to the east and possibly other sid | mech=unknown; I do not yet know how the obstacles here work, so I must discover it by"
fce1c43b,probe_a_mh,MiniHack-River-Narrow-v0,6,50,E,0.0,False,"A|belief={'layout': 'I am in a room with lava or water to the east and possibly other sid | mech=unknown; I do not yet know how the obstacles here work, so I must discover it by"
fce1c43b,probe_a_mh,MiniHack-River-Narrow-v0,6,51,N,-0.01,False,"A|belief={'layout': 'I am in a room with lava or water to the east and possibly other sid | mech=unknown; I do not yet know how the obstacles here work, so I must discover it by"
fce1c43b,probe_a_mh,MiniHack-River-Narrow-v0,6,52,N,-0.01,False,"A|belief={'layout': 'I am in a room with lava or water to the east and possibly other sid | mech=unknown; I do not yet know how the obstacles here work, so I must discover it by"
fce1c43b,probe_a_mh,MiniHack-River-Narrow-v0,6,53,S,0.0,False,"A|belief={'layout': 'I am in a room with lava or water to the east and possibly other sid | mech=unknown; I do not yet know how the obstacles here work, so I must discover it by"
fce1c43b,probe_a_mh,MiniHack-River-Narrow-v0,6,54,S,0.0,False,"A|belief={'layout': 'I am in a room with lava or water to the east and possibly other sid | mech=unknown; I do not yet know how the obstacles here work, so I must discover it by"
fce1c43b,probe_a_mh,MiniHack-River-Narrow-v0,6,55,S,0.0,False,"A|belief={'layout': 'I am in a room with lava or water to the east and possibly other sid | mech=unknown; I do not yet know how the obstacles here work, so I must discover it by"
fce1c43b,probe_a_mh,MiniHack-River-Narrow-v0,6,56,S,0.0,False,"A|belief={'layout': 'I am in a room with lava or water to the east and possibly other sid | mech=unknown; I do not yet know how the obstacles here work, so I must discover it by"
fce1c43b,probe_a_mh,MiniHack-River-Narrow-v0,6,57,S,0.0,False,"A|belief={'layout': 'I am in a room with lava or water to the east and possibly other sid | mech=unknown; I do not yet know how the obstacles here work, so I must discover it by"
fce1c43b,probe_a_mh,MiniHack-River-Narrow-v0,6,58,S,-0.01,False,"A|belief={'layout': 'I am in a room with lava or water to the east and possibly other sid | mech=unknown; I do not yet know how the obstacles here work, so I must discover it by"
fce1c43b,probe_a_mh,MiniHack-River-Narrow-v0,6,59,NW,0.0,False,"A|belief={'layout': 'I am in a room with lava or water to the east and possibly other sid | mech=Boulders can be pushed by walking into them, which may help create a path or fil | EXPERIMENT"
fce1c43b,probe_a_mh,MiniHack-River-Narrow-v0,6,60,E,0.0,False,"A|belief={'layout': 'I am in a room with lava or water to the east and possibly other sid | mech=Boulders can be pushed by walking into them, which may help create a path or fil"
fce1c43b,probe_a_mh,MiniHack-River-Narrow-v0,6,61,N,0.0,False,"A|belief={'layout': 'I am in a room with lava or water to the east and possibly other sid | mech=Boulders can be pushed by walking into them, which may help create a path or fil"
fce1c43b,probe_a_mh,MiniHack-River-Narrow-v0,6,62,N,0.0,False,"A|belief={'layout': 'I am in a room with lava or water to the east and possibly other sid | mech=Boulders can be pushed by walking into them, which may help create a path or fil"
fce1c43b,probe_a_mh,MiniHack-River-Narrow-v0,6,63,N,0.0,False,"A|belief={'layout': 'I am in a room with lava or water to the east and possibly other sid | mech=Boulders can be pushed by walking into them, which may help create a path or fil"
fce1c43b,probe_a_mh,MiniHack-River-Narrow-v0,6,64,N,0.0,False,"A|belief={'layout': 'I am in a room with lava or water to the east and possibly other sid | mech=Boulders can be pushed by walking into them, which may help create a path or fil"
fce1c43b,probe_a_mh,MiniHack-River-Narrow-v0,6,65,N,-0.01,False,"A|belief={'layout': 'I am in a room with lava or water to the east and possibly other sid | mech=Boulders can be pushed by walking into them, which may help create a path or fil"
fce1c43b,probe_a_mh,MiniHack-River-Narrow-v0,6,66,N,-0.01,False,"A|belief={'layout': 'I am in a room with lava or water to the east and possibly other sid | mech=Boulders can be pushed by walking into them, which may help create a path or fil"
fce1c43b,probe_a_mh,MiniHack-River-Narrow-v0,6,67,E,0.0,False,"A|belief={'layout': 'I am in a room with lava or water to the east and possibly other sid | mech=Boulders can be pushed by walking into them, which may help create a path or fil"
fce1c43b,probe_a_mh,MiniHack-River-Narrow-v0,6,68,E,0.0,False,"A|belief={'layout': 'I am in a room with lava or water to the east and possibly other sid | mech=Boulders can be pushed by walking into them, which may help create a path or fil"
fce1c43b,probe_a_mh,MiniHack-River-Narrow-v0,6,69,E,0.0,False,"A|belief={'layout': 'I am in a room with lava or water to the east and possibly other sid | mech=Boulders can be pushed by walking into them, which may help create a path or fil"
fce1c43b,probe_a_mh,MiniHack-River-Narrow-v0,6,70,E,0.0,False,"A|belief={'layout': 'I am in a room with lava or water to the east and possibly other sid | mech=Boulders can be pushed by walking into them, which may help create a path or fil"
fce1c43b,probe_a_mh,MiniHack-River-Narrow-v0,6,71,E,0.0,False,"A|belief={'layout': 'I am in a room with lava or water to the east and possibly other sid | mech=Boulders can be pushed by walking into them, which may help create a path or fil"
fce1c43b,probe_a_mh,MiniHack-River-Narrow-v0,6,72,N,0.0,False,"A|belief={'layout': 'I am in a room with lava or water to the east and possibly other sid | mech=Boulders can be pushed by walking into them, which may help create a path or fil"
fce1c43b,probe_a_mh,MiniHack-River-Narrow-v0,6,73,N,-0.01,False,"A|belief={'layout': 'I am in a room with lava or water to the east and possibly other sid | mech=Boulders can be pushed by walking into them, which may help create a path or fil"
fce1c43b,probe_a_mh,MiniHack-River-Narrow-v0,6,74,N,-0.01,False,"A|belief={'layout': 'I am in a room with lava or water to the east and possibly other sid | mech=Boulders can be pushed by walking into them, which may help create a path or fil"
fce1c43b,probe_a_mh,MiniHack-River-Narrow-v0,6,75,W,0.0,False,"A|belief={'layout': 'I am in a room with lava or water to the east and possibly other sid | mech=Boulders can be pushed by walking into them, which may help create a path or fil"
fce1c43b,probe_a_mh,MiniHack-River-Narrow-v0,6,76,W,0.0,False,"A|belief={'layout': 'I am in a room with lava or water to the east and possibly other sid | mech=Boulders can be pushed by walking into them, which may help create a path or fil"
fce1c43b,probe_a_mh,MiniHack-River-Narrow-v0,6,77,W,0.0,False,"A|belief={'layout': 'I am in a room with lava or water to the east and possibly other sid | mech=Boulders can be pushed by walking into them, which may help create a path or fil"
fce1c43b,probe_a_mh,MiniHack-River-Narrow-v0,6,78,W,0.0,False,"A|belief={'layout': 'I am in a room with lava or water to the east and possibly other sid | mech=Boulders can be pushed by walking into them, which may help create a path or fil"
fce1c43b,probe_a_mh,MiniHack-River-Narrow-v0,6,79,W,0.0,False,"A|belief={'layout': 'I am in a room with lava or water to the east and possibly other sid | mech=Boulders can be pushed by walking into them, which may help create a path or fil"
fce1c43b,probe_a_mh,MiniHack-River-Narrow-v0,6,80,W,0.0,False,"A|belief={'layout': 'I am in a room with lava or water to the east and possibly other sid | mech=Boulders can be pushed by walking into them, which may help create a path or fil"
fce1c43b,probe_a_mh,MiniHack-River-Narrow-v0,6,81,W,0.0,False,"A|belief={'layout': 'I am in a room with lava or water to the east and possibly other sid | mech=Boulders can be pushed by walking into them, which may help create a path or fil"
fce1c43b,probe_a_mh,MiniHack-River-Narrow-v0,6,82,N,-0.01,False,"A|belief={'layout': 'I am in a room with lava or water to the east and possibly other sid | mech=Boulders can be pushed by walking into them, which may help create a path or fil"
fce1c43b,probe_a_mh,MiniHack-River-Narrow-v0,6,83,N,-0.01,False,"A|belief={'layout': 'I am in a room with lava or water to the east and possibly other sid | mech=Boulders can be pushed by walking into them, which may help create a path or fil"
fce1c43b,probe_a_mh,MiniHack-River-Narrow-v0,6,84,E,0.0,False,"A|belief={'layout': 'I am in a room with lava or water to the east and possibly other sid | mech=Boulders can be pushed by walking into them, which may help create a path or fil"
fce1c43b,probe_a_mh,MiniHack-River-Narrow-v0,6,85,E,0.0,False,"A|belief={'layout': 'I am in a room with lava or water to the east and possibly other sid | mech=Boulders can be pushed by walking into them, which may help create a path or fil"
fce1c43b,probe_a_mh,MiniHack-River-Narrow-v0,6,86,E,0.0,False,"A|belief={'layout': 'I am in a room with lava or water to the east and possibly other sid | mech=Boulders can be pushed by walking into them, which may help create a path or fil"
fce1c43b,probe_a_mh,MiniHack-River-Narrow-v0,6,87,N,-0.01,False,"A|belief={'layout': 'I am in a room with lava or water to the east and possibly other sid | mech=Boulders can be pushed by walking into them, which may help create a path or fil"
fce1c43b,probe_a_mh,MiniHack-River-Narrow-v0,6,88,N,-0.01,False,"A|belief={'layout': 'I am in a room with lava or water to the east and possibly other sid | mech=Boulders can be pushed by walking into them, which may help create a path or fil"
fce1c43b,probe_a_mh,MiniHack-River-Narrow-v0,6,89,E,0.0,False,"A|belief={'layout': 'I am in a room with lava or water to the east and possibly other sid | mech=Boulders can be pushed by walking into them, which may help create a path or fil"
fce1c43b,probe_a_mh,MiniHack-River-Narrow-v0,6,90,E,0.0,False,"A|belief={'layout': 'I am in a room with lava or water to the east and possibly other sid | mech=Boulders can be pushed by walking into them, which may help create a path or fil"
fce1c43b,probe_a_mh,MiniHack-River-Narrow-v0,6,91,E,0.0,False,"A|belief={'layout': 'I am in a room with lava or water to the east and possibly other sid | mech=Boulders can be pushed by walking into them, which may help create a path or fil"
fce1c43b,probe_a_mh,MiniHack-River-Narrow-v0,6,92,E,0.0,False,"A|belief={'layout': 'I am in a room with lava or water to the east and possibly other sid | mech=Boulders can be pushed by walking into them, which may help create a path or fil"
fce1c43b,probe_a_mh,MiniHack-River-Narrow-v0,6,93,E,0.0,False,"A|belief={'layout': 'I am in a room with lava or water to the east and possibly other sid | mech=Boulders can be pushed by walking into them, which may help create a path or fil"
fce1c43b,probe_a_mh,MiniHack-River-Narrow-v0,6,94,E,0.0,False,"A|belief={'layout': 'I am in a room with lava or water to the east and possibly other sid | mech=Boulders can be pushed by walking into them, which may help create a path or fil"
fce1c43b,probe_a_mh,MiniHack-River-Narrow-v0,6,95,E,0.0,False,"A|belief={'layout': 'I am in a room with lava or water to the east and possibly other sid | mech=Boulders can be pushed by walking into them, which may help create a path or fil"
fce1c43b,probe_a_mh,MiniHack-River-Narrow-v0,6,96,S,0.0,False,"A|belief={'layout': 'I am in a room with water to the north and possibly other sides, my  | mech=Boulders can be pushed by walking into them, which may help create a path or fil"
fce1c43b,probe_a_mh,MiniHack-River-Narrow-v0,6,97,N,0.0,False,"A|belief={'layout': 'I am in a room with water to the north and possibly other sides, my  | mech=Boulders can be pushed by walking into them, which may help create a path or fil"
fce1c43b,probe_a_mh,MiniHack-River-Narrow-v0,6,98,N,0.0,False,"A|belief={'layout': 'I am in a room with water to the north and possibly other sides, my  | mech=Boulders can be pushed by walking into them, which may help create a path or fil"
fce1c43b,probe_a_mh,MiniHack-River-Narrow-v0,6,99,N,0.0,False,"A|belief={'layout': 'I am in a room with water to the north and possibly other sides, my  | mech=Boulders can be pushed by walking into them, which may help create a path or fil"
fce1c43b,probe_a_mh,MiniHack-River-Narrow-v0,6,100,N,0.0,False,"A|belief={'layout': 'I am in a room with water to the north and possibly other sides, my  | mech=Boulders can be pushed by walking into them, which may help create a path or fil"
fce1c43b,probe_a_mh,MiniHack-River-Narrow-v0,6,101,N,-0.01,False,"A|belief={'layout': 'I am in a room with water to the north and possibly other sides, my  | mech=Boulders can be pushed by walking into them, which may help create a path or fil"
fce1c43b,probe_a_mh,MiniHack-River-Narrow-v0,6,102,N,-0.01,False,"A|belief={'layout': 'I am in a room with water to the north and possibly other sides, my  | mech=Boulders can be pushed by walking into them, which may help create a path or fil"
fce1c43b,probe_a_mh,MiniHack-River-Narrow-v0,6,103,E,0.0,False,"A|belief={'layout': 'I am in a room with water to the north and possibly other sides, my  | mech=Boulders can be pushed by walking into them, which may help create a path or fil"
fce1c43b,probe_a_mh,MiniHack-River-Narrow-v0,6,104,E,0.0,False,"A|belief={'layout': 'I am in a room with water to the north and possibly other sides, my  | mech=Boulders can be pushed by walking into them, which may help create a path or fil"
fce1c43b,probe_a_mh,MiniHack-River-Narrow-v0,6,105,E,0.0,False,"A|belief={'layout': 'I am in a room with water to the north and possibly other sides, my  | mech=Boulders can be pushed by walking into them, which may help create a path or fil"
fce1c43b,probe_a_mh,MiniHack-River-Narrow-v0,6,106,E,0.0,False,"A|belief={'layout': 'I am in a room with water to the north and possibly other sides, my  | mech=Boulders can be pushed by walking into them, which may help create a path or fil"
fce1c43b,probe_a_mh,MiniHack-River-Narrow-v0,6,107,E,0.0,False,"A|belief={'layout': 'I am in a room with water to the north and possibly other sides, my  | mech=Boulders can be pushed by walking into them, which may help create a path or fil"
fce1c43b,probe_a_mh,MiniHack-River-Narrow-v0,6,108,S,0.0,False,"A|belief={'layout': 'I am in a room with water to the north and possibly other sides, my  | mech=Boulders can be pushed by walking into them, which may help create a path or fil"
fce1c43b,probe_a_mh,MiniHack-River-Narrow-v0,6,109,S,0.0,False,"A|belief={'layout': 'I am in a room with water to the north and possibly other sides, my  | mech=Boulders can be pushed by walking into them, which may help create a path or fil"
fce1c43b,probe_a_mh,MiniHack-River-Narrow-v0,6,110,S,0.0,False,"A|belief={'layout': 'I am in a room with water to the north and possibly other sides, my  | mech=Boulders can be pushed by walking into them, which may help create a path or fil"
fce1c43b,probe_a_mh,MiniHack-River-Narrow-v0,6,111,W,0.0,False,"A|belief={'layout': 'I am in a room with water to the north and possibly other sides, my  | mech=Boulders can be pushed by walking into them, which may help create a path or fil"
fce1c43b,probe_a_mh,MiniHack-River-Narrow-v0,6,112,W,0.0,False,"A|belief={'layout': 'I am in a room with water to the north and possibly other sides, my  | mech=Boulders can be pushed by walking into them, which may help create a path or fil"
fce1c43b,probe_a_mh,MiniHack-River-Narrow-v0,6,113,W,0.0,False,"A|belief={'layout': 'I am in a room with water to the north and possibly other sides, my  | mech=Boulders can be pushed by walking into them, which may help create a path or fil"
fce1c43b,probe_a_mh,MiniHack-River-Narrow-v0,6,114,W,0.0,False,"A|belief={'layout': 'I am in a room with water to the north and possibly other sides, my  | mech=Boulders can be pushed by walking into them, which may help create a path or fil"
fce1c43b,probe_a_mh,MiniHack-River-Narrow-v0,6,115,W,0.0,False,"A|belief={'layout': 'I am in a room with water to the north and possibly other sides, my  | mech=Boulders can be pushed by walking into them, which may help create a path or fil"
fce1c43b,probe_a_mh,MiniHack-River-Narrow-v0,6,116,N,0.0,False,"A|belief={'layout': 'I am in a room with water to the north and possibly other sides, my  | mech=Boulders can be pushed by walking into them, which may help create a path or fil"
fce1c43b,probe_a_mh,MiniHack-River-Narrow-v0,6,117,N,0.0,False,"A|belief={'layout': 'I am in a room with water to the north and possibly other sides, my  | mech=Boulders can be pushed by walking into them, which may help create a path or fil"
fce1c43b,probe_a_mh,MiniHack-River-Narrow-v0,6,118,N,0.0,False,"A|belief={'layout': 'I am in a room with water to the north and possibly other sides, my  | mech=Boulders can be pushed by walking into them, which may help create a path or fil"
fce1c43b,probe_a_mh,MiniHack-River-Narrow-v0,6,119,N,-0.01,False,"A|belief={'layout': 'I am in a room with water to the north and possibly other sides, my  | mech=Boulders can be pushed by walking into them, which may help create a path or fil"
fce1c43b,probe_a_mh,MiniHack-River-Narrow-v0,7,0,E,0.0,False,"A|belief=The goal is likely to be downstairs, but its location is unknown. My next move w | mech=I believe that the '@' symbol represents my character, and the '.' symbol repres"
fce1c43b,probe_a_mh,MiniHack-River-Narrow-v0,7,1,E,0.0,False,"A|belief=The goal is likely to be downstairs, but its location is unknown. My next move w | mech=I believe that the '@' symbol represents my character, and the '.' symbol repres"
fce1c43b,probe_a_mh,MiniHack-River-Narrow-v0,7,2,S,-0.01,False,"A|belief=The goal is likely to be downstairs, but its location is unknown. My next move w | mech=I believe that the '@' symbol represents my character, and the '.' symbol repres"
fce1c43b,probe_a_mh,MiniHack-River-Narrow-v0,7,3,E,0.0,False,"A|belief={'layout': 'The goal is likely to be downstairs, but its location is unknown. My | mech=I believe that the '@' symbol represents my character, and the '.' symbol repres"
fce1c43b,probe_a_mh,MiniHack-River-Narrow-v0,7,4,E,0.0,False,"A|belief={'layout': 'The goal is likely to be downstairs, but its location is unknown. My | mech=I believe that the '@' symbol represents my character, and the '.' symbol repres"
fce1c43b,probe_a_mh,MiniHack-River-Narrow-v0,7,5,E,0.0,False,"A|belief={'layout': 'The goal is likely to be downstairs, but its location is unknown. My | mech=I believe that the '@' symbol represents my character, and the '.' symbol repres"
fce1c43b,probe_a_mh,MiniHack-River-Narrow-v0,7,6,E,0.0,False,"A|belief={'layout': 'The goal is likely to be downstairs, but its location is unknown. My | mech=I believe that the '@' symbol represents my character, and the '.' symbol repres"
fce1c43b,probe_a_mh,MiniHack-River-Narrow-v0,7,7,S,-0.01,False,"A|belief={'layout': 'The goal is likely to be downstairs, but its location is unknown. My | mech=I believe that the '@' symbol represents my character, and the '.' symbol repres"
fce1c43b,probe_a_mh,MiniHack-River-Narrow-v0,7,8,E,0.0,False,"A|belief={'layout': 'The goal is likely to be downstairs, but its location is unknown. My | mech=I believe that the '@' symbol represents my character, and the '.' symbol repres"
fce1c43b,probe_a_mh,MiniHack-River-Narrow-v0,7,9,S,-0.01,False,"A|belief={'layout': 'The goal is likely to be downstairs, but its location is unknown. My | mech=I believe that the '@' symbol represents my character, and the '.' symbol repres"
fce1c43b,probe_a_mh,MiniHack-River-Narrow-v0,7,10,S,-0.01,False,"A|belief={'layout': 'The goal is likely to be downstairs, but its location is unknown. My | mech=I believe that the '@' symbol represents my character, and the '.' symbol repres"
fce1c43b,probe_a_mh,MiniHack-River-Narrow-v0,7,11,E,0.0,False,"A|belief={'layout': 'The goal is likely to be downstairs, but its location is unknown. Si | mech=I believe that the '@' symbol represents my character, and the '.' symbol repres"
fce1c43b,probe_a_mh,MiniHack-River-Narrow-v0,7,12,E,0.0,False,"A|belief={'layout': 'The goal is likely to be downstairs, but its location is unknown. Si | mech=I believe that the '@' symbol represents my character, and the '.' symbol repres"
fce1c43b,probe_a_mh,MiniHack-River-Narrow-v0,7,13,E,0.0,False,"A|belief={'layout': 'The goal is likely to be downstairs, but its location is unknown. Si | mech=I believe that the '@' symbol represents my character, and the '.' symbol repres"
fce1c43b,probe_a_mh,MiniHack-River-Narrow-v0,7,14,E,0.0,False,"A|belief={'layout': 'The goal is likely to be downstairs, but its location is unknown. Si | mech=I believe that the '@' symbol represents my character, and the '.' symbol repres"
fce1c43b,probe_a_mh,MiniHack-River-Narrow-v0,7,15,E,0.0,False,"A|belief={'layout': 'The goal is likely to be downstairs, but its location is unknown. Si | mech=I believe that the '@' symbol represents my character, and the '.' symbol repres"
fce1c43b,probe_a_mh,MiniHack-River-Narrow-v0,7,16,E,0.0,False,"A|belief={'layout': 'The goal is likely to be downstairs, but its location is unknown. Si | mech=I believe that the '@' symbol represents my character, and the '.' symbol repres"
fce1c43b,probe_a_mh,MiniHack-River-Narrow-v0,7,17,E,0.0,False,"A|belief={'layout': 'The goal is likely to be downstairs, but its location is unknown. Si | mech=I believe that the '@' symbol represents my character, and the '.' symbol repres"
fce1c43b,probe_a_mh,MiniHack-River-Narrow-v0,7,18,E,0.0,False,"A|belief={'layout': 'The goal is likely to be downstairs, but its location is unknown. Si | mech=I believe that the '@' symbol represents my character, and the '.' symbol repres"
fce1c43b,probe_a_mh,MiniHack-River-Narrow-v0,7,19,E,0.0,False,"A|belief={'layout': 'The goal is likely to be downstairs, but its location is unknown. Si | mech=I believe that the '@' symbol represents my character, and the '.' symbol repres"
fce1c43b,probe_a_mh,MiniHack-River-Narrow-v0,7,20,E,0.0,False,"A|belief={'layout': 'The goal is likely to be downstairs, but its location is unknown. Si | mech=I believe that the '@' symbol represents my character, and the '.' symbol repres"
fce1c43b,probe_a_mh,MiniHack-River-Narrow-v0,7,21,E,0.0,False,"A|belief={'layout': 'The goal is likely to be downstairs, but its location is unknown. Si | mech=I believe that the '@' symbol represents my character, and the '.' symbol repres"
fce1c43b,probe_a_mh,MiniHack-River-Narrow-v0,7,22,E,0.0,False,"A|belief={'layout': 'The goal is likely to be downstairs, but its location is unknown. Si | mech=I believe that the '@' symbol represents my character, and the '.' symbol repres"
fce1c43b,probe_a_mh,MiniHack-River-Narrow-v0,7,23,W,0.0,False,"A|belief={'layout': 'The goal is likely to be downstairs, but its location is unknown. Si | mech=I believe that the '@' symbol represents my character, and the '.' symbol repres"
fce1c43b,probe_a_mh,MiniHack-River-Narrow-v0,7,24,W,0.0,False,"A|belief={'layout': 'The goal is likely to be downstairs, but its location is unknown. Si | mech=I believe that the '@' symbol represents my character, and the '.' symbol repres"
fce1c43b,probe_a_mh,MiniHack-River-Narrow-v0,7,25,W,0.0,False,"A|belief={'layout': 'The goal is likely to be downstairs, but its location is unknown. Si | mech=I believe that the '@' symbol represents my character, and the '.' symbol repres"
fce1c43b,probe_a_mh,MiniHack-River-Narrow-v0,7,26,W,0.0,False,"A|belief={'layout': 'The goal is likely to be downstairs, but its location is unknown. Si | mech=I believe that the '@' symbol represents my character, and the '.' symbol repres"
fce1c43b,probe_a_mh,MiniHack-River-Narrow-v0,7,27,W,0.0,False,"A|belief={'layout': 'The goal is likely to be downstairs, but its location is unknown. Si | mech=I believe that the '@' symbol represents my character, and the '.' symbol repres"
fce1c43b,probe_a_mh,MiniHack-River-Narrow-v0,7,28,W,0.0,False,"A|belief={'layout': 'The goal is likely to be downstairs, but its location is unknown. Si | mech=I believe that the '@' symbol represents my character, and the '.' symbol repres"
fce1c43b,probe_a_mh,MiniHack-River-Narrow-v0,7,29,W,0.0,False,"A|belief={'layout': 'The goal is likely to be downstairs, but its location is unknown. Si | mech=I believe that the '@' symbol represents my character, and the '.' symbol repres"
fce1c43b,probe_a_mh,MiniHack-River-Narrow-v0,7,30,W,0.0,False,"A|belief={'layout': 'The goal is likely to be downstairs, but its location is unknown. Si | mech=I believe that the '@' symbol represents my character, and the '.' symbol repres"
fce1c43b,probe_a_mh,MiniHack-River-Narrow-v0,7,31,W,0.0,False,"A|belief={'layout': 'The goal is likely to be downstairs, but its location is unknown. Si | mech=I believe that the '@' symbol represents my character, and the '.' symbol repres"
fce1c43b,probe_a_mh,MiniHack-River-Narrow-v0,7,32,W,0.0,False,"A|belief={'layout': 'The goal is likely to be downstairs, but its location is unknown. Si | mech=I believe that the '@' symbol represents my character, and the '.' symbol repres"
fce1c43b,probe_a_mh,MiniHack-River-Narrow-v0,7,33,W,0.0,False,"A|belief={'layout': 'The goal is likely to be downstairs, but its location is unknown. Si | mech=I believe that the '@' symbol represents my character, and the '.' symbol repres"
fce1c43b,probe_a_mh,MiniHack-River-Narrow-v0,7,34,W,0.0,False,"A|belief={'layout': 'The goal is likely to be downstairs, but its location is unknown. Si | mech=I believe that the '@' symbol represents my character, and the '.' symbol repres"
fce1c43b,probe_a_mh,MiniHack-River-Narrow-v0,7,35,W,0.0,False,"A|belief={'layout': 'The goal is likely to be downstairs, but its location is unknown. Si | mech=I believe that the '@' symbol represents my character, and the '.' symbol repres"
fce1c43b,probe_a_mh,MiniHack-River-Narrow-v0,7,36,W,0.0,False,"A|belief={'layout': 'The goal is likely to be downstairs, but its location is unknown. Si | mech=I believe that the '@' symbol represents my character, and the '.' symbol repres"
fce1c43b,probe_a_mh,MiniHack-River-Narrow-v0,7,37,W,0.0,False,"A|belief={'layout': 'The goal is likely to be downstairs, but its location is unknown. Si | mech=I believe that the '@' symbol represents my character, and the '.' symbol repres"
fce1c43b,probe_a_mh,MiniHack-River-Narrow-v0,7,38,W,0.0,False,"A|belief={'layout': 'The goal is likely to be downstairs, but its location is unknown. Si | mech=I believe that the '@' symbol represents my character, and the '.' symbol repres"
fce1c43b,probe_a_mh,MiniHack-River-Narrow-v0,7,39,W,0.0,False,"A|belief={'layout': 'The goal is likely to be downstairs, but its location is unknown. Si | mech=I believe that the '@' symbol represents my character, and the '.' symbol repres"
fce1c43b,probe_a_mh,MiniHack-River-Narrow-v0,7,40,W,-0.01,False,"A|belief={'layout': 'The goal is likely to be downstairs, but its location is unknown. Si | mech=I believe that the '@' symbol represents my character, and the '.' symbol repres"
fce1c43b,probe_a_mh,MiniHack-River-Narrow-v0,7,41,W,-0.01,False,"A|belief={'layout': 'The goal is likely to be downstairs, but its location is unknown. Si | mech=I believe that the '@' symbol represents my character, and the '.' symbol repres"
fce1c43b,probe_a_mh,MiniHack-River-Narrow-v0,7,42,N,0.0,False,"A|belief={'layout': 'The goal is likely to be downstairs, but its location is unknown. Si | mech=I believe that the '@' symbol represents my character, and the '.' symbol repres"
fce1c43b,probe_a_mh,MiniHack-River-Narrow-v0,7,43,N,0.0,False,"A|belief={'layout': 'The goal is likely to be downstairs, but its location is unknown. Si | mech=I believe that the '@' symbol represents my character, and the '.' symbol repres"
fce1c43b,probe_a_mh,MiniHack-River-Narrow-v0,7,44,N,0.0,False,"A|belief={'layout': 'The goal is likely to be downstairs, but its location is unknown. Si | mech=I believe that the '@' symbol represents my character, and the '.' symbol repres"
fce1c43b,probe_a_mh,MiniHack-River-Narrow-v0,7,45,N,0.0,False,"A|belief={'layout': 'The goal is likely to be downstairs, but its location is unknown. Si | mech=I believe that the '@' symbol represents my character, and the '.' symbol repres"
fce1c43b,probe_a_mh,MiniHack-River-Narrow-v0,7,46,N,0.0,False,"A|belief={'layout': 'The goal is likely to be downstairs, but its location is unknown. Si | mech=I believe that the '@' symbol represents my character, and the '.' symbol repres"
fce1c43b,probe_a_mh,MiniHack-River-Narrow-v0,7,47,N,0.0,False,"A|belief={'layout': 'The goal is likely to be downstairs, but its location is unknown. Si | mech=I believe that the '@' symbol represents my character, and the '.' symbol repres"
fce1c43b,probe_a_mh,MiniHack-River-Narrow-v0,7,48,N,-0.01,False,"A|belief={'layout': 'The goal is likely to be downstairs, but its location is unknown. Si | mech=I believe that the '@' symbol represents my character, and the '.' symbol repres"
fce1c43b,probe_a_mh,MiniHack-River-Narrow-v0,7,49,N,-0.01,False,"A|belief={'layout': 'The goal is likely to be downstairs, but its location is unknown. Si | mech=I believe that the '@' symbol represents my character, and the '.' symbol repres"
fce1c43b,probe_a_mh,MiniHack-River-Narrow-v0,7,50,NW,-0.01,False,"A|belief={'layout': 'The goal is likely to be downstairs, but its location is unknown. Si | mech=I believe that the '@' symbol represents my character, and the '.' symbol repres"
fce1c43b,probe_a_mh,MiniHack-River-Narrow-v0,7,51,W,-0.01,False,"A|belief={'layout': 'The goal is likely to be downstairs, but its location is unknown. Si | mech=I believe that the '@' symbol represents my character, and the '.' symbol repres"
fce1c43b,probe_a_mh,MiniHack-River-Narrow-v0,7,52,SE,0.0,False,"A|belief={'layout': 'The goal is likely to be downstairs, but its location is unknown. Si | mech=I believe that the '@' symbol represents my character, and the '.' symbol repres"
fce1c43b,probe_a_mh,MiniHack-River-Narrow-v0,7,53,SE,0.0,False,"A|belief={'layout': 'The goal is likely to be downstairs, but its location is unknown. Si | mech=I believe that the '@' symbol represents my character, and the '.' symbol repres"
fce1c43b,probe_a_mh,MiniHack-River-Narrow-v0,7,54,SE,0.0,False,"A|belief={'layout': 'The goal is likely to be downstairs, but its location is unknown. Si | mech=I believe that the '@' symbol represents my character, and the '.' symbol repres"
fce1c43b,probe_a_mh,MiniHack-River-Narrow-v0,7,55,SE,0.0,False,"A|belief={'layout': 'The goal is likely to be downstairs, but its location is unknown. Si | mech=I believe that the '@' symbol represents my character, and the '.' symbol repres"
fce1c43b,probe_a_mh,MiniHack-River-Narrow-v0,7,56,SE,0.0,False,"A|belief={'layout': 'The goal is likely to be downstairs, but its location is unknown. Si | mech=I believe that the '@' symbol represents my character, and the '.' symbol repres"
fce1c43b,probe_a_mh,MiniHack-River-Narrow-v0,7,57,SE,0.0,False,"A|belief={'layout': 'The goal is likely to be downstairs, but its location is unknown. Si | mech=I believe that the '@' symbol represents my character, and the '.' symbol repres"
fce1c43b,probe_a_mh,MiniHack-River-Narrow-v0,7,58,SE,-0.01,False,"A|belief={'layout': 'The goal is likely to be downstairs, but its location is unknown. Si | mech=I believe that the '@' symbol represents my character, and the '.' symbol repres"
fce1c43b,probe_a_mh,MiniHack-River-Narrow-v0,7,59,SE,-0.01,False,"A|belief={'layout': 'The goal is likely to be downstairs, but its location is unknown. Si | mech=I believe that the '@' symbol represents my character, and the '.' symbol repres"
fce1c43b,probe_a_mh,MiniHack-River-Narrow-v0,7,60,NW,0.0,False,"A|belief={'layout': 'The goal is likely to be downstairs, but its location is unknown. Si | mech=I believe that the '@' symbol represents my character, and the '.' symbol repres"
fce1c43b,probe_a_mh,MiniHack-River-Narrow-v0,7,61,NW,0.0,False,"A|belief={'layout': 'The goal is likely to be downstairs, but its location is unknown. Si | mech=I believe that the '@' symbol represents my character, and the '.' symbol repres"
fce1c43b,probe_a_mh,MiniHack-River-Narrow-v0,7,62,NW,0.0,False,"A|belief={'layout': 'The goal is likely to be downstairs, but its location is unknown. Si | mech=I believe that the '@' symbol represents my character, and the '.' symbol repres"
fce1c43b,probe_a_mh,MiniHack-River-Narrow-v0,7,63,NW,0.0,False,"A|belief={'layout': 'The goal is likely to be downstairs, but its location is unknown. Si | mech=I believe that the '@' symbol represents my character, and the '.' symbol repres"
fce1c43b,probe_a_mh,MiniHack-River-Narrow-v0,7,64,NW,0.0,False,"A|belief={'layout': 'The goal is likely to be downstairs, but its location is unknown. Si | mech=I believe that the '@' symbol represents my character, and the '.' symbol repres"
fce1c43b,probe_a_mh,MiniHack-River-Narrow-v0,7,65,NW,0.0,False,"A|belief={'layout': 'The goal is likely to be downstairs, but its location is unknown. Si | mech=I believe that the '@' symbol represents my character, and the '.' symbol repres"
fce1c43b,probe_a_mh,MiniHack-River-Narrow-v0,7,66,NW,-0.01,False,"A|belief={'layout': 'The goal is likely to be downstairs, but its location is unknown. Si | mech=I believe that the '@' symbol represents my character, and the '.' symbol repres"
fce1c43b,probe_a_mh,MiniHack-River-Narrow-v0,7,67,SW,-0.01,False,"A|belief={'layout': 'The goal is likely to be downstairs, but its location is unknown. Si | mech=I believe that the '@' symbol represents my character, and the '.' symbol repres"
fce1c43b,probe_a_mh,MiniHack-River-Narrow-v0,7,68,E,0.0,False,"A|belief={'layout': 'The goal is likely to be downstairs, but its location is unknown. Si | mech=I believe that the '@' symbol represents my character, and the '.' symbol repres"
fce1c43b,probe_a_mh,MiniHack-River-Narrow-v0,7,69,NE,-0.01,False,"A|belief={'layout': 'The goal is likely to be downstairs, but its location is unknown. Si | mech=I believe that the '@' symbol represents my character, and the '.' symbol repres"
fce1c43b,probe_a_mh,MiniHack-River-Narrow-v0,7,70,NE,-0.01,False,"A|belief={'layout': 'The goal is likely to be downstairs, but its location is unknown. Si | mech=I believe that the '@' symbol represents my character, and the '.' symbol repres"
fce1c43b,probe_a_mh,MiniHack-River-Narrow-v0,7,71,NW,-0.01,False,"A|belief={'layout': 'The goal is likely to be downstairs, but its location is unknown. Si | mech=I believe that the '@' symbol represents my character, and the '.' symbol repres"
fce1c43b,probe_a_mh,MiniHack-River-Narrow-v0,7,72,SW,0.0,False,"A|belief={'layout': 'The goal is likely to be downstairs, but its location is unknown. Si | mech=I believe that the '@' symbol represents my character, and the '.' symbol repres"
fce1c43b,probe_a_mh,MiniHack-River-Narrow-v0,7,73,SW,-0.01,False,"A|belief={'layout': 'The goal is likely to be downstairs, but its location is unknown. Si | mech=I believe that the '@' symbol represents my character, and the '.' symbol repres"
fce1c43b,probe_a_mh,MiniHack-River-Narrow-v0,7,74,SW,-0.01,False,"A|belief={'layout': 'The goal is likely to be downstairs, but its location is unknown. Si | mech=I believe that the '@' symbol represents my character, and the '.' symbol repres"
fce1c43b,probe_a_mh,MiniHack-River-Narrow-v0,7,75,NW,-0.01,False,"A|belief={'layout': 'The goal is likely to be downstairs, but its location is unknown. Si | mech=I believe that the '@' symbol represents my character, and the '.' symbol repres"
fce1c43b,probe_a_mh,MiniHack-River-Narrow-v0,7,76,SE,0.0,False,"A|belief={'layout': 'The goal is likely to be downstairs, but its location is unknown. Si | mech=I believe that the '@' symbol represents my character, and the '.' symbol repres"
fce1c43b,probe_a_mh,MiniHack-River-Narrow-v0,7,77,N,0.0,False,"A|belief={'layout': 'The goal is likely to be downstairs, but its location is unknown. Si | mech=I believe that the '@' symbol represents my character, and the '.' symbol repres"
fce1c43b,probe_a_mh,MiniHack-River-Narrow-v0,7,78,W,0.0,False,"A|belief={'layout': 'The goal is likely to be downstairs, but its location is unknown. Si | mech=I believe that the '@' symbol represents my character, and the '.' symbol repres"
fce1c43b,probe_a_mh,MiniHack-River-Narrow-v0,7,79,NW,-0.01,False,"A|belief={'layout': 'The goal is likely to be downstairs, but its location is unknown. Si | mech=I believe that the '@' symbol represents my character, and the '.' symbol repres"
fce1c43b,probe_a_mh,MiniHack-River-Narrow-v0,7,80,SE,0.0,False,"A|belief={'layout': 'The goal is likely to be downstairs, but its location is unknown. Si | mech=I believe that the '@' symbol represents my character, and the '.' symbol repres"
fce1c43b,probe_a_mh,MiniHack-River-Narrow-v0,7,81,SE,0.0,False,"A|belief={'layout': 'The goal is likely to be downstairs, but its location is unknown. Si | mech=I believe that the '@' symbol represents my character, and the '.' symbol repres"
fce1c43b,probe_a_mh,MiniHack-River-Narrow-v0,7,82,SE,0.0,False,"A|belief={'layout': 'The goal is likely to be downstairs, but its location is unknown. Si | mech=I believe that the '@' symbol represents my character, and the '.' symbol repres"
fce1c43b,probe_a_mh,MiniHack-River-Narrow-v0,7,83,SE,0.0,False,"A|belief={'layout': 'The goal is likely to be downstairs, but its location is unknown. Si | mech=I believe that the '@' symbol represents my character, and the '.' symbol repres"
fce1c43b,probe_a_mh,MiniHack-River-Narrow-v0,7,84,SE,0.0,False,"A|belief={'layout': 'The goal is likely to be downstairs, but its location is unknown. Si | mech=I believe that the '@' symbol represents my character, and the '.' symbol repres"
fce1c43b,probe_a_mh,MiniHack-River-Narrow-v0,7,85,SE,-0.01,False,"A|belief={'layout': 'The goal is likely to be downstairs, but its location is unknown. Si | mech=I believe that the '@' symbol represents my character, and the '.' symbol repres"
fce1c43b,probe_a_mh,MiniHack-River-Narrow-v0,7,86,SE,-0.01,False,"A|belief={'layout': 'The goal is likely to be downstairs, but its location is unknown. Si | mech=I believe that the '@' symbol represents my character, and the '.' symbol repres"
fce1c43b,probe_a_mh,MiniHack-River-Narrow-v0,7,87,NW,0.0,False,"A|belief={'layout': 'The goal is likely to be downstairs, but its location is unknown. Si | mech=I believe that the '@' symbol represents my character, and the '.' symbol repres"
fce1c43b,probe_a_mh,MiniHack-River-Narrow-v0,7,88,NW,0.0,False,"A|belief={'layout': 'The goal is likely to be downstairs, but its location is unknown. Si | mech=I believe that the '@' symbol represents my character, and the '.' symbol repres"
fce1c43b,probe_a_mh,MiniHack-River-Narrow-v0,7,89,NW,0.0,False,"A|belief={'layout': 'The goal is likely to be downstairs, but its location is unknown. Si | mech=I believe that the '@' symbol represents my character, and the '.' symbol repres"
fce1c43b,probe_a_mh,MiniHack-River-Narrow-v0,7,90,NW,0.0,False,"A|belief={'layout': 'The goal is likely to be downstairs, but its location is unknown. Si | mech=I believe that the '@' symbol represents my character, and the '.' symbol repres"
fce1c43b,probe_a_mh,MiniHack-River-Narrow-v0,7,91,NW,0.0,False,"A|belief={'layout': 'The goal is likely to be downstairs, but its location is unknown. Si | mech=I believe that the '@' symbol represents my character, and the '.' symbol repres"
fce1c43b,probe_a_mh,MiniHack-River-Narrow-v0,7,92,NW,-0.01,False,"A|belief={'layout': 'The goal is likely to be downstairs, but its location is unknown. Si | mech=I believe that the '@' symbol represents my character, and the '.' symbol repres"
fce1c43b,probe_a_mh,MiniHack-River-Narrow-v0,7,93,NE,0.0,False,"A|belief={'layout': 'The goal is likely to be downstairs, but its location is unknown. Si | mech=I believe that the '@' symbol represents my character, and the '.' symbol repres"
fce1c43b,probe_a_mh,MiniHack-River-Narrow-v0,7,94,NE,-0.01,False,"A|belief={'layout': 'The goal is likely to be downstairs, but its location is unknown. Si | mech=I believe that the '@' symbol represents my character, and the '.' symbol repres"
fce1c43b,probe_a_mh,MiniHack-River-Narrow-v0,7,95,W,0.0,False,"A|belief={'layout': 'The goal is likely to be downstairs, but its location is unknown. Si | mech=I believe that the '@' symbol represents my character, and the '.' symbol repres"
fce1c43b,probe_a_mh,MiniHack-River-Narrow-v0,7,96,NW,-0.01,False,"A|belief={'layout': 'The goal is likely to be downstairs, but its location is unknown. Si | mech=I believe that the '@' symbol represents my character, and the '.' symbol repres"
fce1c43b,probe_a_mh,MiniHack-River-Narrow-v0,7,97,SE,0.0,False,"A|belief={'layout': 'The goal is likely to be downstairs, but its location is unknown. Si | mech=I believe that the '@' symbol represents my character, and the '.' symbol repres"
fce1c43b,probe_a_mh,MiniHack-River-Narrow-v0,7,98,NW,0.0,False,"A|belief={'layout': 'The goal is likely to be downstairs, but its location is unknown. Si | mech=I believe that the '@' symbol represents my character, and the '.' symbol repres"
fce1c43b,probe_a_mh,MiniHack-River-Narrow-v0,7,99,SE,0.0,False,"A|belief={'layout': 'The goal is likely to be downstairs, but its location is unknown. Si | mech=I believe that the '@' symbol represents my character, and the '.' symbol repres"
fce1c43b,probe_a_mh,MiniHack-River-Narrow-v0,7,100,NW,0.0,False,"A|belief={'layout': 'The goal is likely to be downstairs, but its location is unknown. Si | mech=I believe that the '@' symbol represents my character, and the '.' symbol repres"
fce1c43b,probe_a_mh,MiniHack-River-Narrow-v0,7,101,NW,-0.01,False,"A|belief={'layout': 'The goal is likely to be downstairs, but its location is unknown. Si | mech=I believe that the '@' symbol represents my character, and the '.' symbol repres"
fce1c43b,probe_a_mh,MiniHack-River-Narrow-v0,7,102,SE,0.0,False,"A|belief={'layout': 'The goal is likely to be downstairs, but its location is unknown. Si | mech=I believe that the '@' symbol represents my character, and the '.' symbol repres"
fce1c43b,probe_a_mh,MiniHack-River-Narrow-v0,7,103,NW,0.0,False,"A|belief={'layout': 'The goal is likely to be downstairs, but its location is unknown. Si | mech=I believe that the '@' symbol represents my character, and the '.' symbol repres"
fce1c43b,probe_a_mh,MiniHack-River-Narrow-v0,7,104,NE,-0.01,False,"A|belief={'layout': 'The goal is likely to be downstairs, but its location is unknown. Si | mech=I believe that the '@' symbol represents my character, and the '.' symbol repres"
fce1c43b,probe_a_mh,MiniHack-River-Narrow-v0,7,105,NE,-0.01,False,"A|belief={'layout': 'The goal is likely to be downstairs, but its location is unknown. Si | mech=I believe that the '@' symbol represents my character, and the '.' symbol repres"
fce1c43b,probe_a_mh,MiniHack-River-Narrow-v0,7,106,SE,0.0,False,"A|belief={'layout': 'The goal is likely to be downstairs, but its location is unknown. Si | mech=I hypothesize that the water or lava (represented by '}') may be traversable or  | EXPERIMENT"
fce1c43b,probe_a_mh,MiniHack-River-Narrow-v0,7,107,E,0.0,False,"A|belief={'layout': 'The goal is likely to be downstairs, but its location is unknown. Si | mech=I hypothesize that the water or lava (represented by '}') may be traversable or  | EXPERIMENT"
fce1c43b,probe_a_mh,MiniHack-River-Narrow-v0,7,108,E,0.0,False,"A|belief={'layout': 'The goal is likely to be downstairs, but its location is unknown. Si | mech=I hypothesize that the water or lava (represented by '}') may be traversable or  | EXPERIMENT"
fce1c43b,probe_a_mh,MiniHack-River-Narrow-v0,7,109,E,0.0,False,"A|belief={'layout': 'The goal is likely to be downstairs, but its location is unknown. Si | mech=I hypothesize that the water or lava (represented by '}') may be traversable or "
fce1c43b,probe_a_mh,MiniHack-River-Narrow-v0,7,110,E,0.0,False,"A|belief={'layout': 'The goal is likely to be downstairs, but its location is unknown. Si | mech=I hypothesize that the water or lava (represented by '}') may be traversable or "
fce1c43b,probe_a_mh,MiniHack-River-Narrow-v0,7,111,NW,0.0,False,"A|belief={'layout': 'The goal is likely to be downstairs, but its location is unknown. Si | mech=I hypothesize that the water or lava (represented by '}') may be traversable or "
fce1c43b,probe_a_mh,MiniHack-River-Narrow-v0,7,112,NW,-0.01,False,"A|belief={'layout': 'The goal is likely to be downstairs, but its location is unknown. Si | mech=I hypothesize that the water or lava (represented by '}') may be traversable or "
fce1c43b,probe_a_mh,MiniHack-River-Narrow-v0,7,113,NW,-0.01,False,"A|belief={'layout': 'The goal is likely to be downstairs, but its location is unknown. Si | mech=I hypothesize that the water or lava (represented by '}') may be traversable or "
fce1c43b,probe_a_mh,MiniHack-River-Narrow-v0,7,114,E,0.0,False,"A|belief={'layout': 'The goal is likely to be downstairs, but its location is unknown. Si | mech=I hypothesize that the water or lava (represented by '}') may be traversable or "
fce1c43b,probe_a_mh,MiniHack-River-Narrow-v0,7,115,N,-0.01,False,"A|belief={'layout': 'The goal is likely to be downstairs, but its location is unknown. Si | mech=I hypothesize that the water or lava (represented by '}') may be traversable or "
fce1c43b,probe_a_mh,MiniHack-River-Narrow-v0,7,116,N,-0.01,False,"A|belief={'layout': 'The goal is likely to be downstairs, but its location is unknown. Si | mech=I hypothesize that the water or lava (represented by '}') may be traversable or "
fce1c43b,probe_a_mh,MiniHack-River-Narrow-v0,7,117,NW,-0.01,False,"A|belief={'layout': 'The goal is likely to be downstairs, but its location is unknown. Si | mech=I hypothesize that the water or lava (represented by '}') may be traversable or "
fce1c43b,probe_a_mh,MiniHack-River-Narrow-v0,7,118,E,0.0,False,"A|belief={'layout': 'The goal is likely to be downstairs, but its location is unknown. Si | mech=I hypothesize that the water or lava (represented by '}') may be traversable or "
fce1c43b,probe_a_mh,MiniHack-River-Narrow-v0,7,119,E,0.0,False,"A|belief={'layout': 'The goal is likely to be downstairs, but its location is unknown. Si | mech=I hypothesize that the water or lava (represented by '}') may be traversable or "
fce1c43b,probe_a_mh,MiniHack-River-Narrow-v0,8,0,E,0.0,False,"A|belief=My current layout belief is that the goal is likely to be downstairs, but I need | mech=My current mechanics belief is that movement is possible in the eight main compa"
fce1c43b,probe_a_mh,MiniHack-River-Narrow-v0,8,1,E,0.0,False,"A|belief=My current layout belief is that the goal is likely to be downstairs, but I need | mech=My current mechanics belief is that movement is possible in the eight main compa"
fce1c43b,probe_a_mh,MiniHack-River-Narrow-v0,8,2,E,0.0,False,"A|belief=My current layout belief is that the goal is likely to be downstairs, but I need | mech=My current mechanics belief is that movement is possible in the eight main compa"
fce1c43b,probe_a_mh,MiniHack-River-Narrow-v0,8,3,E,0.0,False,"A|belief=My current layout belief is that the goal is likely to be downstairs, but I need | mech=My current mechanics belief is that movement is possible in the eight main compa"
fce1c43b,probe_a_mh,MiniHack-River-Narrow-v0,8,4,E,0.0,False,"A|belief=My current layout belief is that the goal is likely to be downstairs, but I need | mech=My current mechanics belief is that movement is possible in the eight main compa"
fce1c43b,probe_a_mh,MiniHack-River-Narrow-v0,8,5,E,0.0,False,"A|belief=My current layout belief is that the goal is likely to be downstairs, but I need | mech=My current mechanics belief is that movement is possible in the eight main compa"
fce1c43b,probe_a_mh,MiniHack-River-Narrow-v0,8,6,E,0.0,False,"A|belief=My current layout belief is that the goal is likely to be downstairs, but I need | mech=My current mechanics belief is that movement is possible in the eight main compa"
fce1c43b,probe_a_mh,MiniHack-River-Narrow-v0,8,7,E,0.0,False,"A|belief=My current layout belief is that the goal is likely to be downstairs, but I need | mech=My current mechanics belief is that movement is possible in the eight main compa"
fce1c43b,probe_a_mh,MiniHack-River-Narrow-v0,8,8,E,0.0,False,"A|belief=My current layout belief is that the goal is likely to be downstairs, but I need | mech=My current mechanics belief is that movement is possible in the eight main compa"
fce1c43b,probe_a_mh,MiniHack-River-Narrow-v0,8,9,E,0.0,False,"A|belief=My current layout belief is that the goal is likely to be downstairs, but I need | mech=My current mechanics belief is that movement is possible in the eight main compa"
fce1c43b,probe_a_mh,MiniHack-River-Narrow-v0,8,10,E,0.0,False,"A|belief=My current layout belief is that the goal is likely to be downstairs, but I need | mech=My current mechanics belief is that movement is possible in the eight main compa"
fce1c43b,probe_a_mh,MiniHack-River-Narrow-v0,8,11,E,0.0,False,"A|belief=My current layout belief is that the goal is likely to be downstairs, but I need | mech=My current mechanics belief is that movement is possible in the eight main compa"
fce1c43b,probe_a_mh,MiniHack-River-Narrow-v0,8,12,E,0.0,False,"A|belief=My current layout belief is that the goal is likely to be downstairs, but I need | mech=My current mechanics belief is that movement is possible in the eight main compa"
fce1c43b,probe_a_mh,MiniHack-River-Narrow-v0,8,13,E,0.0,False,"A|belief=My current layout belief is that the goal is likely to be downstairs, but I need | mech=My current mechanics belief is that movement is possible in the eight main compa"
fce1c43b,probe_a_mh,MiniHack-River-Narrow-v0,8,14,E,0.0,False,"A|belief=My current layout belief is that the goal is likely to be downstairs, but I need | mech=My current mechanics belief is that movement is possible in the eight main compa"
fce1c43b,probe_a_mh,MiniHack-River-Narrow-v0,8,15,E,0.0,False,"A|belief=My current layout belief is that the goal is likely to be downstairs, but I need | mech=My current mechanics belief is that movement is possible in the eight main compa"
fce1c43b,probe_a_mh,MiniHack-River-Narrow-v0,8,16,E,0.0,False,"A|belief={'layout': 'The goal is likely to be downstairs, but I need to explore to confir | mech=My current mechanics belief is that movement is possible in the eight main compa"
fce1c43b,probe_a_mh,MiniHack-River-Narrow-v0,8,17,N,0.0,False,"A|belief={'layout': 'The goal is likely to be downstairs, but I need to explore to confir | mech=My current mechanics belief is that movement is possible in the eight main compa"
fce1c43b,probe_a_mh,MiniHack-River-Narrow-v0,8,18,N,0.0,False,"A|belief={'layout': 'The goal is likely to be downstairs, but I need to explore to confir | mech=My current mechanics belief is that movement is possible in the eight main compa"
fce1c43b,probe_a_mh,MiniHack-River-Narrow-v0,8,19,N,-0.01,False,"A|belief={'layout': 'The goal is likely to be downstairs, but I need to explore to confir | mech=My current mechanics belief is that movement is possible in the eight main compa"
fce1c43b,probe_a_mh,MiniHack-River-Narrow-v0,8,20,N,-0.01,False,"A|belief={'layout': 'The goal is likely to be downstairs, but I need to explore to confir | mech=My current mechanics belief is that movement is possible in the eight main compa"
fce1c43b,probe_a_mh,MiniHack-River-Narrow-v0,8,21,E,0.0,False,"A|belief={'layout': 'The goal is likely to be downstairs, but I need to explore to confir | mech=My current mechanics belief is that movement is possible in the eight main compa"
fce1c43b,probe_a_mh,MiniHack-River-Narrow-v0,8,22,E,0.0,False,"A|belief={'layout': 'The goal is likely to be downstairs, but I need to explore to confir | mech=My current mechanics belief is that movement is possible in the eight main compa"
fce1c43b,probe_a_mh,MiniHack-River-Narrow-v0,8,23,E,0.0,False,"A|belief={'layout': 'The goal is likely to be downstairs, but I need to explore to confir | mech=My current mechanics belief is that movement is possible in the eight main compa"
fce1c43b,probe_a_mh,MiniHack-River-Narrow-v0,8,24,E,0.0,False,"A|belief={'layout': 'The goal is likely to be downstairs, but I need to explore to confir | mech=My current mechanics belief is that movement is possible in the eight main compa"
fce1c43b,probe_a_mh,MiniHack-River-Narrow-v0,8,25,E,0.0,False,"A|belief={'layout': 'The goal is likely to be downstairs, but I need to explore to confir | mech=My current mechanics belief is that movement is possible in the eight main compa"
fce1c43b,probe_a_mh,MiniHack-River-Narrow-v0,8,26,E,0.0,False,"A|belief={'layout': 'The goal is likely to be downstairs, but I need to explore to confir | mech=My current mechanics belief is that movement is possible in the eight main compa"
fce1c43b,probe_a_mh,MiniHack-River-Narrow-v0,8,27,E,0.0,False,"A|belief={'layout': 'The goal is likely to be downstairs, but I need to explore to confir | mech=My current mechanics belief is that movement is possible in the eight main compa"
fce1c43b,probe_a_mh,MiniHack-River-Narrow-v0,8,28,E,0.0,False,"A|belief={'layout': 'The goal is likely to be downstairs, but I need to explore to confir | mech=My current mechanics belief is that movement is possible in the eight main compa"
fce1c43b,probe_a_mh,MiniHack-River-Narrow-v0,8,29,E,0.0,False,"A|belief={'layout': 'The goal is likely to be downstairs, but I need to explore to confir | mech=My current mechanics belief is that movement is possible in the eight main compa"
fce1c43b,probe_a_mh,MiniHack-River-Narrow-v0,8,30,N,0.0,False,"A|belief={'layout': 'The goal is likely to be downstairs, but I need to explore to confir | mech=My current mechanics belief is that movement is possible in the eight main compa"
fce1c43b,probe_a_mh,MiniHack-River-Narrow-v0,8,31,N,0.0,False,"A|belief={'layout': 'The goal is likely to be downstairs, but I need to explore to confir | mech=My current mechanics belief is that movement is possible in the eight main compa"
fce1c43b,probe_a_mh,MiniHack-River-Narrow-v0,8,32,N,0.0,False,"A|belief={'layout': 'The goal is likely to be downstairs, but I need to explore to confir | mech=My current mechanics belief is that movement is possible in the eight main compa"
fce1c43b,probe_a_mh,MiniHack-River-Narrow-v0,8,33,N,0.0,False,"A|belief={'layout': 'The goal is likely to be downstairs, but I need to explore to confir | mech=My current mechanics belief is that movement is possible in the eight main compa"
fce1c43b,probe_a_mh,MiniHack-River-Narrow-v0,8,34,N,0.0,False,"A|belief={'layout': 'The goal is likely to be downstairs, but I need to explore to confir | mech=My current mechanics belief is that movement is possible in the eight main compa"
fce1c43b,probe_a_mh,MiniHack-River-Narrow-v0,8,35,N,-0.01,False,"A|belief={'layout': 'The goal is likely to be downstairs, but I need to explore to confir | mech=My current mechanics belief is that movement is possible in the eight main compa"
fce1c43b,probe_a_mh,MiniHack-River-Narrow-v0,8,36,E,0.0,False,"A|belief={'layout': ""The goal is likely to be downstairs, but I need to explore to confir | mech=My current mechanics belief is that movement is possible in the eight main compa"
fce1c43b,probe_a_mh,MiniHack-River-Narrow-v0,8,37,E,0.0,False,"A|belief={'layout': ""The goal is likely to be downstairs, but I need to explore to confir | mech=My current mechanics belief is that movement is possible in the eight main compa"
fce1c43b,probe_a_mh,MiniHack-River-Narrow-v0,8,38,E,0.0,False,"A|belief={'layout': ""The goal is likely to be downstairs, but I need to explore to confir | mech=My current mechanics belief is that movement is possible in the eight main compa"
fce1c43b,probe_a_mh,MiniHack-River-Narrow-v0,8,39,N,-0.01,False,"A|belief={'layout': ""The goal is likely to be downstairs, but I need to explore to confir | mech=My current mechanics belief is that movement is possible in the eight main compa"
fce1c43b,probe_a_mh,MiniHack-River-Narrow-v0,8,40,W,0.0,False,"A|belief={'layout': ""The goal is likely to be downstairs, but I need to explore to confir | mech=My current mechanics belief is that movement is possible in the eight main compa"
fce1c43b,probe_a_mh,MiniHack-River-Narrow-v0,8,41,W,0.0,False,"A|belief={'layout': ""The goal is likely to be downstairs, but I need to explore to confir | mech=My current mechanics belief is that movement is possible in the eight main compa"
fce1c43b,probe_a_mh,MiniHack-River-Narrow-v0,8,42,W,0.0,False,"A|belief={'layout': ""The goal is likely to be downstairs, but I need to explore to confir | mech=My current mechanics belief is that movement is possible in the eight main compa"
fce1c43b,probe_a_mh,MiniHack-River-Narrow-v0,8,43,W,0.0,False,"A|belief={'layout': ""The goal is likely to be downstairs, but I need to explore to confir | mech=My current mechanics belief is that movement is possible in the eight main compa"
fce1c43b,probe_a_mh,MiniHack-River-Narrow-v0,8,44,W,0.0,False,"A|belief={'layout': ""The goal is likely to be downstairs, but I need to explore to confir | mech=My current mechanics belief is that movement is possible in the eight main compa"
fce1c43b,probe_a_mh,MiniHack-River-Narrow-v0,8,45,W,0.0,False,"A|belief={'layout': ""The goal is likely to be downstairs, but I need to explore to confir | mech=My current mechanics belief is that movement is possible in the eight main compa"
fce1c43b,probe_a_mh,MiniHack-River-Narrow-v0,8,46,W,0.0,False,"A|belief={'layout': ""The goal is likely to be downstairs, but I need to explore to confir | mech=My current mechanics belief is that movement is possible in the eight main compa"
fce1c43b,probe_a_mh,MiniHack-River-Narrow-v0,8,47,W,0.0,False,"A|belief={'layout': ""The goal is likely to be downstairs, but I need to explore to confir | mech=My current mechanics belief is that movement is possible in the eight main compa"
fce1c43b,probe_a_mh,MiniHack-River-Narrow-v0,8,48,W,0.0,False,"A|belief={'layout': ""The goal is likely to be downstairs, but I need to explore to confir | mech=My current mechanics belief is that movement is possible in the eight main compa"
fce1c43b,probe_a_mh,MiniHack-River-Narrow-v0,8,49,W,0.0,False,"A|belief={'layout': ""The goal is likely to be downstairs, but I need to explore to confir | mech=My current mechanics belief is that movement is possible in the eight main compa"
fce1c43b,probe_a_mh,MiniHack-River-Narrow-v0,8,50,W,0.0,False,"A|belief={'layout': ""The goal is likely to be downstairs, but I need to explore to confir | mech=My current mechanics belief is that movement is possible in the eight main compa"
fce1c43b,probe_a_mh,MiniHack-River-Narrow-v0,8,51,W,0.0,False,"A|belief={'layout': ""The goal is likely to be downstairs, but I need to explore to confir | mech=My current mechanics belief is that movement is possible in the eight main compa"
fce1c43b,probe_a_mh,MiniHack-River-Narrow-v0,8,52,W,0.0,False,"A|belief={'layout': ""The goal is likely to be downstairs, but I need to explore to confir | mech=My current mechanics belief is that movement is possible in the eight main compa"
fce1c43b,probe_a_mh,MiniHack-River-Narrow-v0,8,53,W,0.0,False,"A|belief={'layout': ""The goal is likely to be downstairs, but I need to explore to confir | mech=My current mechanics belief is that movement is possible in the eight main compa"
fce1c43b,probe_a_mh,MiniHack-River-Narrow-v0,8,54,W,0.0,False,"A|belief={'layout': ""The goal is likely to be downstairs, but I need to explore to confir | mech=My current mechanics belief is that movement is possible in the eight main compa"
fce1c43b,probe_a_mh,MiniHack-River-Narrow-v0,8,55,W,0.0,False,"A|belief={'layout': ""The goal is likely to be downstairs, but I need to explore to confir | mech=My current mechanics belief is that movement is possible in the eight main compa"
fce1c43b,probe_a_mh,MiniHack-River-Narrow-v0,8,56,W,0.0,False,"A|belief={'layout': ""The goal is likely to be downstairs, but I need to explore to confir | mech=My current mechanics belief is that movement is possible in the eight main compa"
fce1c43b,probe_a_mh,MiniHack-River-Narrow-v0,8,57,W,-0.01,False,"A|belief={'layout': ""The goal is likely to be downstairs, but I need to explore to confir | mech=My current mechanics belief is that movement is possible in the eight main compa"
fce1c43b,probe_a_mh,MiniHack-River-Narrow-v0,8,58,W,-0.01,False,"A|belief={'layout': ""The goal is likely to be downstairs, but I need to explore to confir | mech=My current mechanics belief is that movement is possible in the eight main compa"
fce1c43b,probe_a_mh,MiniHack-River-Narrow-v0,8,59,N,0.0,False,"A|belief={'layout': ""The goal is likely to be downstairs, but I need to explore to confir | mech=My current mechanics belief is that movement is possible in the eight main compa"
fce1c43b,probe_a_mh,MiniHack-River-Narrow-v0,8,60,N,-0.01,False,"A|belief={'layout': ""The goal is likely to be downstairs, but I need to explore to confir | mech=My current mechanics belief is that movement is possible in the eight main compa"
fce1c43b,probe_a_mh,MiniHack-River-Narrow-v0,8,61,N,-0.01,False,"A|belief={'layout': ""The goal is likely to be downstairs, but I need to explore to confir | mech=My current mechanics belief is that movement is possible in the eight main compa"
fce1c43b,probe_a_mh,MiniHack-River-Narrow-v0,8,62,E,0.0,False,"A|belief={'layout': ""The goal is likely to be downstairs, but I need to explore to confir | mech=My current mechanics belief is that movement is possible in the eight main compa"
fce1c43b,probe_a_mh,MiniHack-River-Narrow-v0,8,63,E,0.0,False,"A|belief={'layout': ""The goal is likely to be downstairs, but I need to explore to confir | mech=My current mechanics belief is that movement is possible in the eight main compa"
fce1c43b,probe_a_mh,MiniHack-River-Narrow-v0,8,64,E,0.0,False,"A|belief={'layout': ""The goal is likely to be downstairs, but I need to explore to confir | mech=My current mechanics belief is that movement is possible in the eight main compa"
fce1c43b,probe_a_mh,MiniHack-River-Narrow-v0,8,65,E,0.0,False,"A|belief={'layout': ""The goal is likely to be downstairs, but I need to explore to confir | mech=My current mechanics belief is that movement is possible in the eight main compa"
fce1c43b,probe_a_mh,MiniHack-River-Narrow-v0,8,66,E,0.0,False,"A|belief={'layout': ""The goal is likely to be downstairs, but I need to explore to confir | mech=My current mechanics belief is that movement is possible in the eight main compa"
fce1c43b,probe_a_mh,MiniHack-River-Narrow-v0,8,67,E,0.0,False,"A|belief={'layout': ""The goal is likely to be downstairs, but I need to explore to confir | mech=My current mechanics belief is that movement is possible in the eight main compa"
fce1c43b,probe_a_mh,MiniHack-River-Narrow-v0,8,68,E,0.0,False,"A|belief={'layout': ""The goal is likely to be downstairs, but I need to explore to confir | mech=My current mechanics belief is that movement is possible in the eight main compa"
fce1c43b,probe_a_mh,MiniHack-River-Narrow-v0,8,69,E,0.0,False,"A|belief={'layout': ""The goal is likely to be downstairs, but I need to explore to confir | mech=My current mechanics belief is that movement is possible in the eight main compa"
fce1c43b,probe_a_mh,MiniHack-River-Narrow-v0,8,70,E,0.0,False,"A|belief={'layout': ""The goal is likely to be downstairs, but I need to explore to confir | mech=My current mechanics belief is that movement is possible in the eight main compa"
fce1c43b,probe_a_mh,MiniHack-River-Narrow-v0,8,71,E,0.0,False,"A|belief={'layout': ""The goal is likely to be downstairs, but I need to explore to confir | mech=My current mechanics belief is that movement is possible in the eight main compa"
fce1c43b,probe_a_mh,MiniHack-River-Narrow-v0,8,72,E,0.0,False,"A|belief={'layout': ""The goal is likely to be downstairs, but I need to explore to confir | mech=My current mechanics belief is that movement is possible in the eight main compa"
fce1c43b,probe_a_mh,MiniHack-River-Narrow-v0,8,73,E,0.0,False,"A|belief={'layout': ""The goal is likely to be downstairs, but I need to explore to confir | mech=My current mechanics belief is that movement is possible in the eight main compa"
fce1c43b,probe_a_mh,MiniHack-River-Narrow-v0,8,74,E,0.0,False,"A|belief={'layout': ""The goal is likely to be downstairs, but I need to explore to confir | mech=My current mechanics belief is that movement is possible in the eight main compa"
fce1c43b,probe_a_mh,MiniHack-River-Narrow-v0,8,75,E,0.0,False,"A|belief={'layout': ""The goal is likely to be downstairs, but I need to explore to confir | mech=My current mechanics belief is that movement is possible in the eight main compa"
fce1c43b,probe_a_mh,MiniHack-River-Narrow-v0,8,76,E,0.0,False,"A|belief={'layout': ""The goal is likely to be downstairs, but I need to explore to confir | mech=My current mechanics belief is that movement is possible in the eight main compa"
fce1c43b,probe_a_mh,MiniHack-River-Narrow-v0,8,77,E,0.0,False,"A|belief={'layout': ""The goal is likely to be downstairs, but I need to explore to confir | mech=My current mechanics belief is that movement is possible in the eight main compa"
fce1c43b,probe_a_mh,MiniHack-River-Narrow-v0,8,78,E,0.0,False,"A|belief={'layout': ""The goal is likely to be downstairs, but I need to explore to confir | mech=My current mechanics belief is that movement is possible in the eight main compa"
fce1c43b,probe_a_mh,MiniHack-River-Narrow-v0,8,79,N,-0.01,False,"A|belief={'layout': 'The goal is likely to be downstairs, but I need to explore to confir | mech=My current mechanics belief is that movement is possible in the eight main compa"
fce1c43b,probe_a_mh,MiniHack-River-Narrow-v0,8,80,N,-0.01,False,"A|belief={'layout': 'The goal is likely to be downstairs, but I need to explore to confir | mech=My current mechanics belief is that movement is possible in the eight main compa"
fce1c43b,probe_a_mh,MiniHack-River-Narrow-v0,8,81,E,0.0,False,"A|belief={'layout': 'The goal is likely to be downstairs, but I need to explore to confir | mech=My current mechanics belief is that movement is possible in the eight main compa"
fce1c43b,probe_a_mh,MiniHack-River-Narrow-v0,8,82,S,0.0,False,"A|belief={'layout': ""The goal is likely to be downstairs, but I need to explore to confir | mech=My current mechanics belief is that movement is possible in the eight main compa"
fce1c43b,probe_a_mh,MiniHack-River-Narrow-v0,8,83,S,0.0,False,"A|belief={'layout': ""Given the recent lack of progress and the presence of lava or water  | mech=My current mechanics belief is that movement is possible in the eight main compa"
fce1c43b,probe_a_mh,MiniHack-River-Narrow-v0,8,84,S,0.0,False,"A|belief={'layout': ""Given the recent lack of progress and the presence of lava or water  | mech=My current mechanics belief is that movement is possible in the eight main compa"
fce1c43b,probe_a_mh,MiniHack-River-Narrow-v0,8,85,S,0.0,False,"A|belief={'layout': ""Given the recent lack of progress and the presence of lava or water  | mech=My current mechanics belief is that movement is possible in the eight main compa"
fce1c43b,probe_a_mh,MiniHack-River-Narrow-v0,8,86,S,0.0,False,"A|belief={'layout': ""Given the recent lack of progress and the presence of lava or water  | mech=My current mechanics belief is that movement is possible in the eight main compa"
fce1c43b,probe_a_mh,MiniHack-River-Narrow-v0,8,87,S,0.0,False,"A|belief={'layout': ""Given the recent lack of progress and the presence of lava or water  | mech=My current mechanics belief is that movement is possible in the eight main compa"
fce1c43b,probe_a_mh,MiniHack-River-Narrow-v0,8,88,S,-0.01,False,"A|belief={'layout': ""Given the recent lack of progress and the presence of lava or water  | mech=My current mechanics belief is that movement is possible in the eight main compa"
fce1c43b,probe_a_mh,MiniHack-River-Narrow-v0,8,89,S,-0.01,False,"A|belief={'layout': ""Given the recent lack of progress and the presence of lava or water  | mech=My current mechanics belief is that movement is possible in the eight main compa"
fce1c43b,probe_a_mh,MiniHack-River-Narrow-v0,8,90,W,0.0,False,"A|belief={'layout': ""Given the recent lack of progress and the presence of lava or water  | mech=My current mechanics belief is that movement is possible in the eight main compa"
fce1c43b,probe_a_mh,MiniHack-River-Narrow-v0,8,91,W,0.0,False,"A|belief={'layout': ""Given the recent lack of progress and the presence of lava or water  | mech=My current mechanics belief is that movement is possible in the eight main compa"
fce1c43b,probe_a_mh,MiniHack-River-Narrow-v0,8,92,W,0.0,False,"A|belief={'layout': ""Given the recent lack of progress and the presence of lava or water  | mech=My current mechanics belief is that movement is possible in the eight main compa"
fce1c43b,probe_a_mh,MiniHack-River-Narrow-v0,8,93,W,0.0,False,"A|belief={'layout': ""Given the recent lack of progress and the presence of lava or water  | mech=My current mechanics belief is that movement is possible in the eight main compa"
fce1c43b,probe_a_mh,MiniHack-River-Narrow-v0,8,94,W,0.0,False,"A|belief={'layout': ""Given the recent lack of progress and the presence of lava or water  | mech=My current mechanics belief is that movement is possible in the eight main compa"
fce1c43b,probe_a_mh,MiniHack-River-Narrow-v0,8,95,W,0.0,False,"A|belief={'layout': ""Given the recent lack of progress and the presence of lava or water  | mech=My current mechanics belief is that movement is possible in the eight main compa"
fce1c43b,probe_a_mh,MiniHack-River-Narrow-v0,8,96,W,0.0,False,"A|belief={'layout': ""Given the recent lack of progress and the presence of lava or water  | mech=My current mechanics belief is that movement is possible in the eight main compa"
fce1c43b,probe_a_mh,MiniHack-River-Narrow-v0,8,97,W,0.0,False,"A|belief={'layout': ""Given the recent lack of progress and the presence of lava or water  | mech=My current mechanics belief is that movement is possible in the eight main compa"
fce1c43b,probe_a_mh,MiniHack-River-Narrow-v0,8,98,W,0.0,False,"A|belief={'layout': ""Given the recent lack of progress and the presence of lava or water  | mech=My current mechanics belief is that movement is possible in the eight main compa"
fce1c43b,probe_a_mh,MiniHack-River-Narrow-v0,8,99,W,0.0,False,"A|belief={'layout': ""Given the recent lack of progress and the presence of lava or water  | mech=My current mechanics belief is that movement is possible in the eight main compa"
fce1c43b,probe_a_mh,MiniHack-River-Narrow-v0,8,100,W,0.0,False,"A|belief={'layout': ""Given the recent lack of progress and the presence of lava or water  | mech=My current mechanics belief is that movement is possible in the eight main compa"
fce1c43b,probe_a_mh,MiniHack-River-Narrow-v0,8,101,W,0.0,False,"A|belief={'layout': ""Given the recent lack of progress and the presence of lava or water  | mech=My current mechanics belief is that movement is possible in the eight main compa"
fce1c43b,probe_a_mh,MiniHack-River-Narrow-v0,8,102,W,0.0,False,"A|belief={'layout': ""Given the recent lack of progress and the presence of lava or water  | mech=My current mechanics belief is that movement is possible in the eight main compa"
fce1c43b,probe_a_mh,MiniHack-River-Narrow-v0,8,103,W,0.0,False,"A|belief={'layout': ""Given the recent lack of progress and the presence of lava or water  | mech=My current mechanics belief is that movement is possible in the eight main compa"
fce1c43b,probe_a_mh,MiniHack-River-Narrow-v0,8,104,W,0.0,False,"A|belief={'layout': ""Given the recent lack of progress and the presence of lava or water  | mech=My current mechanics belief is that movement is possible in the eight main compa"
fce1c43b,probe_a_mh,MiniHack-River-Narrow-v0,8,105,W,0.0,False,"A|belief={'layout': ""Given the recent lack of progress and the presence of lava or water  | mech=My current mechanics belief is that movement is possible in the eight main compa"
fce1c43b,probe_a_mh,MiniHack-River-Narrow-v0,8,106,W,0.0,False,"A|belief={'layout': ""Given the recent lack of progress and the presence of lava or water  | mech=My current mechanics belief is that movement is possible in the eight main compa"
fce1c43b,probe_a_mh,MiniHack-River-Narrow-v0,8,107,W,-0.01,False,"A|belief={'layout': ""Given the recent lack of progress and the presence of lava or water  | mech=My current mechanics belief is that movement is possible in the eight main compa"
fce1c43b,probe_a_mh,MiniHack-River-Narrow-v0,8,108,W,-0.01,False,"A|belief={'layout': ""Given the recent lack of progress and the presence of lava or water  | mech=My current mechanics belief is that movement is possible in the eight main compa"
fce1c43b,probe_a_mh,MiniHack-River-Narrow-v0,8,109,N,0.0,False,"A|belief={'layout': ""Given the recent lack of progress and the presence of lava or water  | mech=My current mechanics belief is that movement is possible in the eight main compa"
fce1c43b,probe_a_mh,MiniHack-River-Narrow-v0,8,110,N,0.0,False,"A|belief={'layout': ""Given the recent lack of progress and the presence of lava or water  | mech=My current mechanics belief is that movement is possible in the eight main compa"
fce1c43b,probe_a_mh,MiniHack-River-Narrow-v0,8,111,N,0.0,False,"A|belief={'layout': ""Given the recent lack of progress and the presence of lava or water  | mech=My current mechanics belief is that movement is possible in the eight main compa"
fce1c43b,probe_a_mh,MiniHack-River-Narrow-v0,8,112,N,0.0,False,"A|belief={'layout': ""Given the recent lack of progress and the presence of lava or water  | mech=My current mechanics belief is that movement is possible in the eight main compa"
fce1c43b,probe_a_mh,MiniHack-River-Narrow-v0,8,113,N,0.0,False,"A|belief={'layout': ""Given the recent lack of progress and the presence of lava or water  | mech=My current mechanics belief is that movement is possible in the eight main compa"
fce1c43b,probe_a_mh,MiniHack-River-Narrow-v0,8,114,N,0.0,False,"A|belief={'layout': ""Given the recent lack of progress and the presence of lava or water  | mech=My current mechanics belief is that movement is possible in the eight main compa"
fce1c43b,probe_a_mh,MiniHack-River-Narrow-v0,8,115,N,-0.01,False,"A|belief={'layout': ""Given the recent lack of progress and the presence of lava or water  | mech=My current mechanics belief is that movement is possible in the eight main compa"
fce1c43b,probe_a_mh,MiniHack-River-Narrow-v0,8,116,N,-0.01,False,"A|belief={'layout': ""Given the recent lack of progress and the presence of lava or water  | mech=My current mechanics belief is that movement is possible in the eight main compa"
fce1c43b,probe_a_mh,MiniHack-River-Narrow-v0,8,117,E,0.0,False,"A|belief={'layout': ""Given the recent lack of progress and the presence of lava or water  | mech=My current mechanics belief is that movement is possible in the eight main compa"
fce1c43b,probe_a_mh,MiniHack-River-Narrow-v0,8,118,E,0.0,False,"A|belief={'layout': ""Given the recent lack of progress and the presence of lava or water  | mech=My current mechanics belief is that movement is possible in the eight main compa"
fce1c43b,probe_a_mh,MiniHack-River-Narrow-v0,8,119,E,0.0,False,"A|belief={'layout': ""Given the recent lack of progress and the presence of lava or water  | mech=My current mechanics belief is that movement is possible in the eight main compa"
fce1c43b,probe_a_mh,MiniHack-River-Narrow-v0,9,0,N,0.0,False,"A|belief={'layout': 'unknown', 'plan': 'explore north'} | mech=unknown; I do not yet know how the obstacles here work, so I must discover it by"
fce1c43b,probe_a_mh,MiniHack-River-Narrow-v0,9,1,N,0.0,False,"A|belief={'layout': 'unknown', 'plan': 'explore north'} | mech=unknown; I do not yet know how the obstacles here work, so I must discover it by"
fce1c43b,probe_a_mh,MiniHack-River-Narrow-v0,9,2,E,0.0,False,"A|belief={'layout': 'unknown', 'plan': 'explore north'} | mech=unknown; I do not yet know how the obstacles here work, so I must discover it by"
fce1c43b,probe_a_mh,MiniHack-River-Narrow-v0,9,3,N,-0.01,False,"A|belief={'layout': 'unknown', 'plan': 'explore north'} | mech=unknown; I do not yet know how the obstacles here work, so I must discover it by"
fce1c43b,probe_a_mh,MiniHack-River-Narrow-v0,9,4,S,0.0,False,"A|belief={'layout': 'unknown', 'plan': 'explore south'} | mech=unknown; I do not yet know how the obstacles here work, so I must discover it by"
fce1c43b,probe_a_mh,MiniHack-River-Narrow-v0,9,5,S,0.0,False,"A|belief={'layout': 'unknown', 'plan': 'explore south'} | mech=unknown; I do not yet know how the obstacles here work, so I must discover it by"
fce1c43b,probe_a_mh,MiniHack-River-Narrow-v0,9,6,S,-0.01,False,"A|belief={'layout': 'unknown', 'plan': 'explore south'} | mech=unknown; I do not yet know how the obstacles here work, so I must discover it by"
fce1c43b,probe_a_mh,MiniHack-River-Narrow-v0,9,7,E,0.0,False,"A|belief={'layout': 'unknown', 'plan': 'explore east'} | mech=unknown; I do not yet know how the obstacles here work, so I must discover it by"
fce1c43b,probe_a_mh,MiniHack-River-Narrow-v0,9,8,E,0.0,False,"A|belief={'layout': 'unknown', 'plan': 'explore east'} | mech=unknown; I do not yet know how the obstacles here work, so I must discover it by"
fce1c43b,probe_a_mh,MiniHack-River-Narrow-v0,9,9,E,0.0,False,"A|belief={'layout': 'unknown', 'plan': 'explore east'} | mech=unknown; I do not yet know how the obstacles here work, so I must discover it by"
fce1c43b,probe_a_mh,MiniHack-River-Narrow-v0,9,10,E,0.0,False,"A|belief={'layout': 'unknown', 'plan': 'explore east'} | mech=unknown; I do not yet know how the obstacles here work, so I must discover it by"
fce1c43b,probe_a_mh,MiniHack-River-Narrow-v0,9,11,E,0.0,False,"A|belief={'layout': 'unknown, but lava/water to the east may be traversable', 'plan': 'te | mech=unknown; I do not yet know how the obstacles here work, so I must discover it by | EXPERIMENT"
fce1c43b,probe_a_mh,MiniHack-River-Narrow-v0,9,12,E,0.0,False,"A|belief={'layout': 'unknown, but lava/water to the east may be traversable', 'plan': 'te | mech=unknown; I do not yet know how the obstacles here work, so I must discover it by"
fce1c43b,probe_a_mh,MiniHack-River-Narrow-v0,9,13,E,0.0,False,"A|belief={'layout': 'unknown, but lava/water to the east may be traversable', 'plan': 'te | mech=unknown; I do not yet know how the obstacles here work, so I must discover it by"
fce1c43b,probe_a_mh,MiniHack-River-Narrow-v0,9,14,E,0.0,False,"A|belief={'layout': 'unknown, but lava/water to the east may be traversable', 'plan': 'te | mech=unknown; I do not yet know how the obstacles here work, so I must discover it by"
fce1c43b,probe_a_mh,MiniHack-River-Narrow-v0,9,15,E,0.0,False,"A|belief={'layout': 'unknown, but lava/water to the east may be traversable', 'plan': 'te | mech=unknown; I do not yet know how the obstacles here work, so I must discover it by"
fce1c43b,probe_a_mh,MiniHack-River-Narrow-v0,9,16,E,0.0,False,"A|belief={'layout': 'unknown, but lava/water to the east may be traversable', 'plan': 'te | mech=unknown; I do not yet know how the obstacles here work, so I must discover it by"
fce1c43b,probe_a_mh,MiniHack-River-Narrow-v0,9,17,E,0.0,False,"A|belief={'layout': 'unknown, but lava/water to the east may be traversable', 'plan': 'te | mech=unknown; I do not yet know how the obstacles here work, so I must discover it by"
fce1c43b,probe_a_mh,MiniHack-River-Narrow-v0,9,18,E,0.0,False,"A|belief={'layout': 'unknown, but lava/water to the east may be traversable', 'plan': 'te | mech=unknown; I do not yet know how the obstacles here work, so I must discover it by"
fce1c43b,probe_a_mh,MiniHack-River-Narrow-v0,9,19,E,0.0,False,"A|belief={'layout': 'unknown, but lava/water to the east may be traversable', 'plan': 'te | mech=unknown; I do not yet know how the obstacles here work, so I must discover it by"
fce1c43b,probe_a_mh,MiniHack-River-Narrow-v0,9,20,N,0.0,False,"A|belief={'layout': 'unknown, but lava/water to the east may be traversable, and I just e | mech=unknown; I do not yet know how the obstacles here work, so I must discover it by"
fce1c43b,probe_a_mh,MiniHack-River-Narrow-v0,9,21,E,0.0,False,"A|belief={'layout': 'unknown, but lava/water to the east may be traversable, and I just e | mech=unknown; I do not yet know how the obstacles here work, so I must discover it by"
fce1c43b,probe_a_mh,MiniHack-River-Narrow-v0,9,22,E,0.0,False,"A|belief={'layout': 'unknown, but lava/water to the east may be traversable, and I just e | mech=unknown; I do not yet know how the obstacles here work, so I must discover it by"
fce1c43b,probe_a_mh,MiniHack-River-Narrow-v0,9,23,E,0.0,False,"A|belief={'layout': 'unknown, but lava/water to the east may be traversable, and I just e | mech=unknown; I do not yet know how the obstacles here work, so I must discover it by | EXPERIMENT"
fce1c43b,probe_a_mh,MiniHack-River-Narrow-v0,9,24,E,0.0,False,"A|belief={'layout': 'unknown, but lava/water to the east may be traversable, and I just e | mech=unknown; I do not yet know how the obstacles here work, so I must discover it by"
fce1c43b,probe_a_mh,MiniHack-River-Narrow-v0,9,25,E,0.0,False,"A|belief={'layout': 'unknown, but lava/water to the east may be traversable, and I just e | mech=unknown; I do not yet know how the obstacles here work, so I must discover it by"
fce1c43b,probe_a_mh,MiniHack-River-Narrow-v0,9,26,E,0.0,False,"A|belief={'layout': 'unknown, but lava/water to the east may be traversable, and I just e | mech=unknown; I do not yet know how the obstacles here work, so I must discover it by"
fce1c43b,probe_a_mh,MiniHack-River-Narrow-v0,9,27,E,0.0,False,"A|belief={'layout': 'unknown, but lava/water to the east may be traversable, and I just e | mech=unknown; I do not yet know how the obstacles here work, so I must discover it by"
fce1c43b,probe_a_mh,MiniHack-River-Narrow-v0,9,28,S,0.0,False,"A|belief={'layout': 'unknown, but lava/water to the east may be traversable, and I just e | mech=unknown; I do not yet know how the obstacles here work, so I must discover it by"
fce1c43b,probe_a_mh,MiniHack-River-Narrow-v0,9,29,N,0.0,False,"A|belief={'layout': 'unknown, but lava/water to the east may be traversable, and I just e | mech=unknown; I do not yet know how the obstacles here work, so I must discover it by"
fce1c43b,probe_a_mh,MiniHack-River-Narrow-v0,9,30,N,-0.01,False,"A|belief={'layout': 'unknown, but lava/water to the east may be traversable, and I just e | mech=unknown; I do not yet know how the obstacles here work, so I must discover it by"
fce1c43b,probe_a_mh,MiniHack-River-Narrow-v0,9,31,W,0.0,False,"A|belief={'layout': 'unknown, but lava/water to the east may be traversable, and I just e | mech=unknown; I do not yet know how the obstacles here work, so I must discover it by"
fce1c43b,probe_a_mh,MiniHack-River-Narrow-v0,9,32,N,-0.01,False,"A|belief={'layout': 'unknown, but lava/water to the east may be traversable, and I just e | mech=unknown; I do not yet know how the obstacles here work, so I must discover it by"
fce1c43b,probe_a_mh,MiniHack-River-Narrow-v0,9,33,N,-0.01,False,"A|belief={'layout': 'unknown, but lava/water to the east may be traversable, and I just e | mech=unknown; I do not yet know how the obstacles here work, so I must discover it by"
fce1c43b,probe_a_mh,MiniHack-River-Narrow-v0,9,34,E,0.0,False,"A|belief={'layout': 'unknown, but lava/water to the east may be traversable, and I just e | mech=unknown; I do not yet know how the obstacles here work, so I must discover it by"
fce1c43b,probe_a_mh,MiniHack-River-Narrow-v0,9,35,E,0.0,False,"A|belief={'layout': 'unknown, but lava/water to the east may be traversable, and I just e | mech=unknown; I do not yet know how the obstacles here work, so I must discover it by | EXPERIMENT"
fce1c43b,probe_a_mh,MiniHack-River-Narrow-v0,9,36,E,0.0,False,"A|belief={'layout': 'unknown, but lava/water to the east may be traversable, and I just e | mech=unknown; I do not yet know how the obstacles here work, so I must discover it by"
fce1c43b,probe_a_mh,MiniHack-River-Narrow-v0,9,37,N,0.0,False,"A|belief={'layout': 'unknown, but lava/water to the east may be traversable, and I just e | mech=unknown; I do not yet know how the obstacles here work, so I must discover it by"
fce1c43b,probe_a_mh,MiniHack-River-Narrow-v0,9,38,N,-0.01,False,"A|belief={'layout': 'unknown, but lava/water to the east may be traversable, and I just e | mech=unknown; I do not yet know how the obstacles here work, so I must discover it by"
fce1c43b,probe_a_mh,MiniHack-River-Narrow-v0,9,39,N,-0.01,False,"A|belief={'layout': 'unknown, but lava/water to the east may be traversable, and I just e | mech=unknown; I do not yet know how the obstacles here work, so I must discover it by"
fce1c43b,probe_a_mh,MiniHack-River-Narrow-v0,9,40,E,0.0,False,"A|belief={'layout': 'unknown, but lava/water to the east may be traversable, and I just e | mech=unknown; I do not yet know how the obstacles here work, so I must discover it by"
fce1c43b,probe_a_mh,MiniHack-River-Narrow-v0,9,41,S,0.0,False,"A|belief={'layout': 'unknown, but lava/water to the east may be traversable, and I just e | mech=unknown; I do not yet know how the obstacles here work, so I must discover it by"
fce1c43b,probe_a_mh,MiniHack-River-Narrow-v0,9,42,S,0.0,False,"A|belief={'layout': 'unknown, but lava/water to the east may be traversable, and I just e | mech=unknown; I do not yet know how the obstacles here work, so I must discover it by"
fce1c43b,probe_a_mh,MiniHack-River-Narrow-v0,9,43,S,0.0,False,"A|belief={'layout': 'unknown, but lava/water to the east may be traversable, and I just e | mech=unknown; I do not yet know how the obstacles here work, so I must discover it by"
fce1c43b,probe_a_mh,MiniHack-River-Narrow-v0,9,44,S,0.0,False,"A|belief={'layout': 'unknown, but lava/water to the east may be traversable, and I just e | mech=unknown; I do not yet know how the obstacles here work, so I must discover it by"
fce1c43b,probe_a_mh,MiniHack-River-Narrow-v0,9,45,S,0.0,False,"A|belief={'layout': 'unknown, but lava/water to the east may be traversable, and I just e | mech=unknown; I do not yet know how the obstacles here work, so I must discover it by"
fce1c43b,probe_a_mh,MiniHack-River-Narrow-v0,9,46,S,-0.01,False,"A|belief={'layout': 'unknown, but lava/water to the east may be traversable, and I just e | mech=unknown; I do not yet know how the obstacles here work, so I must discover it by"
fce1c43b,probe_a_mh,MiniHack-River-Narrow-v0,9,47,E,0.0,False,"A|belief={'layout': 'unknown, but lava/water to the east may be traversable, and I just e | mech=unknown; I do not yet know how the obstacles here work, so I must discover it by | EXPERIMENT"
fce1c43b,probe_a_mh,MiniHack-River-Narrow-v0,9,48,E,0.0,False,"A|belief={'layout': 'unknown, but lava/water to the east may be traversable, and I just e | mech=unknown; I do not yet know how the obstacles here work, so I must discover it by"
fce1c43b,probe_a_mh,MiniHack-River-Narrow-v0,9,49,E,0.0,False,"A|belief={'layout': 'unknown, but lava/water to the east may be traversable, and I just e | mech=unknown; I do not yet know how the obstacles here work, so I must discover it by"
fce1c43b,probe_a_mh,MiniHack-River-Narrow-v0,9,50,E,0.0,False,"A|belief={'layout': 'unknown, but lava/water to the east may be traversable, and I just e | mech=unknown; I do not yet know how the obstacles here work, so I must discover it by"
fce1c43b,probe_a_mh,MiniHack-River-Narrow-v0,9,51,S,0.0,False,"A|belief={'layout': 'unknown, but lava/water to the east may be traversable, and I just e | mech=unknown; I do not yet know how the obstacles here work, so I must discover it by"
fce1c43b,probe_a_mh,MiniHack-River-Narrow-v0,9,52,S,-0.01,False,"A|belief={'layout': 'unknown, but lava/water to the east may be traversable, and I just e | mech=unknown; I do not yet know how the obstacles here work, so I must discover it by"
fce1c43b,probe_a_mh,MiniHack-River-Narrow-v0,9,53,S,-0.01,False,"A|belief={'layout': 'unknown, but lava/water to the east may be traversable, and I just e | mech=unknown; I do not yet know how the obstacles here work, so I must discover it by"
fce1c43b,probe_a_mh,MiniHack-River-Narrow-v0,9,54,E,0.0,False,"A|belief={'layout': 'unknown, but lava/water to the east may be traversable, and I just e | mech=unknown; I do not yet know how the obstacles here work, so I must discover it by"
fce1c43b,probe_a_mh,MiniHack-River-Narrow-v0,9,55,N,0.0,False,"A|belief={'layout': 'unknown, but lava/water to the east may be traversable, and I just e | mech=unknown; I do not yet know how the obstacles here work, so I must discover it by"
fce1c43b,probe_a_mh,MiniHack-River-Narrow-v0,9,56,E,0.0,False,"A|belief={'layout': 'unknown, but lava/water to the east may be traversable, and I just e | mech=unknown; I do not yet know how the obstacles here work, so I must discover it by"
fce1c43b,probe_a_mh,MiniHack-River-Narrow-v0,9,57,E,0.0,False,"A|belief={'layout': 'unknown, but lava/water to the east may be traversable, and I just e | mech=unknown; I do not yet know how the obstacles here work, so I must discover it by"
fce1c43b,probe_a_mh,MiniHack-River-Narrow-v0,9,58,E,0.0,False,"A|belief={'layout': 'unknown, but lava/water to the east may be traversable, and I just e | mech=unknown; I do not yet know how the obstacles here work, so I must discover it by"
fce1c43b,probe_a_mh,MiniHack-River-Narrow-v0,9,59,E,0.0,False,"A|belief={'layout': 'unknown, but lava/water to the east may be traversable, and I just e | mech=unknown; I do not yet know how the obstacles here work, so I must discover it by | EXPERIMENT"
fce1c43b,probe_a_mh,MiniHack-River-Narrow-v0,9,60,S,0.0,False,"A|belief={'layout': 'unknown, but lava/water to the east may be traversable, and I just e | mech=unknown; I do not yet know how the obstacles here work, so I must discover it by"
fce1c43b,probe_a_mh,MiniHack-River-Narrow-v0,9,61,S,-0.01,False,"A|belief={'layout': 'unknown, but lava/water to the east may be traversable, and I just e | mech=unknown; I do not yet know how the obstacles here work, so I must discover it by"
fce1c43b,probe_a_mh,MiniHack-River-Narrow-v0,9,62,N,0.0,False,"A|belief={'layout': 'unknown, but lava/water to the east may be traversable, and I just e | mech=unknown; I do not yet know how the obstacles here work, so I must discover it by"
fce1c43b,probe_a_mh,MiniHack-River-Narrow-v0,9,63,S,0.0,False,"A|belief={'layout': 'unknown, but lava/water to the east may be traversable, and I just e | mech=unknown; I do not yet know how the obstacles here work, so I must discover it by"
fce1c43b,probe_a_mh,MiniHack-River-Narrow-v0,9,64,S,-0.01,False,"A|belief={'layout': 'unknown, but lava/water to the east may be traversable, and I just e | mech=unknown; I do not yet know how the obstacles here work, so I must discover it by"
fce1c43b,probe_a_mh,MiniHack-River-Narrow-v0,9,65,W,0.0,False,"A|belief={'layout': 'unknown, but lava/water to the east may be traversable, and I just e | mech=unknown; I do not yet know how the obstacles here work, so I must discover it by"
fce1c43b,probe_a_mh,MiniHack-River-Narrow-v0,9,66,W,0.0,False,"A|belief={'layout': 'unknown, but lava/water to the east may be traversable, and I just e | mech=unknown; I do not yet know how the obstacles here work, so I must discover it by"
fce1c43b,probe_a_mh,MiniHack-River-Narrow-v0,9,67,W,0.0,False,"A|belief={'layout': 'unknown, but lava/water to the east may be traversable, and I just e | mech=unknown; I do not yet know how the obstacles here work, so I must discover it by"
fce1c43b,probe_a_mh,MiniHack-River-Narrow-v0,9,68,W,0.0,False,"A|belief={'layout': 'unknown, but lava/water to the east may be traversable, and I just e | mech=unknown; I do not yet know how the obstacles here work, so I must discover it by"
fce1c43b,probe_a_mh,MiniHack-River-Narrow-v0,9,69,W,0.0,False,"A|belief={'layout': 'unknown, but lava/water to the east may be traversable, and I just e | mech=unknown; I do not yet know how the obstacles here work, so I must discover it by"
fce1c43b,probe_a_mh,MiniHack-River-Narrow-v0,9,70,W,0.0,False,"A|belief={'layout': 'unknown, but lava/water to the east may be traversable, and I just e | mech=unknown; I do not yet know how the obstacles here work, so I must discover it by"
fce1c43b,probe_a_mh,MiniHack-River-Narrow-v0,9,71,E,0.0,False,"A|belief={'layout': 'unknown, but lava/water to the east may be traversable, and I just e | mech=I hypothesize that the lava/water may be traversable by finding a way to cross i | EXPERIMENT"
fce1c43b,probe_a_mh,MiniHack-River-Narrow-v0,9,72,E,0.0,False,"A|belief={'layout': 'unknown, but lava/water to the east may be traversable, and I just e | mech=I hypothesize that the lava/water may be traversable by finding a way to cross i"
fce1c43b,probe_a_mh,MiniHack-River-Narrow-v0,9,73,E,0.0,False,"A|belief={'layout': 'unknown, but lava/water to the east may be traversable, and I just e | mech=I hypothesize that the lava/water may be traversable by finding a way to cross i"
fce1c43b,probe_a_mh,MiniHack-River-Narrow-v0,9,74,E,0.0,False,"A|belief={'layout': 'unknown, but lava/water to the east may be traversable, and I just e | mech=I hypothesize that the lava/water may be traversable by finding a way to cross i"
fce1c43b,probe_a_mh,MiniHack-River-Narrow-v0,9,75,E,0.0,False,"A|belief={'layout': 'unknown, but lava/water to the east may be traversable, and I just e | mech=I hypothesize that the lava/water may be traversable by finding a way to cross i"
fce1c43b,probe_a_mh,MiniHack-River-Narrow-v0,9,76,E,0.0,False,"A|belief={'layout': 'unknown, but lava/water to the east may be traversable, and I just e | mech=I hypothesize that the lava/water may be traversable by finding a way to cross i"
fce1c43b,probe_a_mh,MiniHack-River-Narrow-v0,9,77,E,0.0,False,"A|belief={'layout': 'unknown, but lava/water to the east may be traversable, and I just e | mech=I hypothesize that the lava/water may be traversable by finding a way to cross i"
fce1c43b,probe_a_mh,MiniHack-River-Narrow-v0,9,78,N,0.0,False,"A|belief={'layout': 'unknown, but lava/water to the east may be traversable, and I just e | mech=I hypothesize that the lava/water may be traversable by finding a way to cross i"
fce1c43b,probe_a_mh,MiniHack-River-Narrow-v0,9,79,E,0.0,False,"A|belief={'layout': 'unknown, but lava/water to the east may be traversable, and I just e | mech=I hypothesize that the lava/water may be traversable by finding a way to cross i"
fce1c43b,probe_a_mh,MiniHack-River-Narrow-v0,9,80,E,0.0,False,"A|belief={'layout': 'unknown, but lava/water to the east may be traversable, and I just e | mech=I hypothesize that the lava/water may be traversable by finding a way to cross i"
fce1c43b,probe_a_mh,MiniHack-River-Narrow-v0,9,81,S,0.0,False,"A|belief={'layout': 'unknown, but lava/water to the east may be traversable, and I just e | mech=I hypothesize that the lava/water may be traversable by finding a way to cross i"
fce1c43b,probe_a_mh,MiniHack-River-Narrow-v0,9,82,S,-0.01,False,"A|belief={'layout': 'unknown, but lava/water to the east may be traversable, and I just e | mech=I hypothesize that the lava/water may be traversable by finding a way to cross i"
fce1c43b,probe_a_mh,MiniHack-River-Narrow-v0,9,83,E,0.0,False,"A|belief={'layout': 'unknown, but lava/water to the east may be traversable, and I just e | mech=I hypothesize that the lava/water may be traversable by finding a way to cross i"
fce1c43b,probe_a_mh,MiniHack-River-Narrow-v0,9,84,E,0.0,False,"A|belief={'layout': 'unknown, but lava/water to the east may be traversable, and I just e | mech=I hypothesize that the lava/water may be traversable by finding a way to cross i"
fce1c43b,probe_a_mh,MiniHack-River-Narrow-v0,9,85,N,0.0,False,"A|belief={'layout': ""unknown, but lava/water to the east may be traversable, and I just e | mech=I hypothesize that the lava/water may be traversable by finding a way to cross i"
fce1c43b,probe_a_mh,MiniHack-River-Narrow-v0,9,86,N,0.0,False,"A|belief={'layout': ""unknown, but lava/water to the east may be traversable, and I just e | mech=I hypothesize that the lava/water may be traversable by finding a way to cross i"
fce1c43b,probe_a_mh,MiniHack-River-Narrow-v0,9,87,N,0.0,False,"A|belief={'layout': ""unknown, but lava/water to the east may be traversable, and I just e | mech=I hypothesize that the lava/water may be traversable by finding a way to cross i"
fce1c43b,probe_a_mh,MiniHack-River-Narrow-v0,9,88,N,0.0,False,"A|belief={'layout': ""unknown, but lava/water to the east may be traversable, and I just e | mech=I hypothesize that the lava/water may be traversable by finding a way to cross i"
fce1c43b,probe_a_mh,MiniHack-River-Narrow-v0,9,89,N,0.0,False,"A|belief={'layout': ""unknown, but lava/water to the east may be traversable, and I just e | mech=I hypothesize that the lava/water may be traversable by finding a way to cross i"
fce1c43b,probe_a_mh,MiniHack-River-Narrow-v0,9,90,N,0.0,False,"A|belief={'layout': ""unknown, but lava/water to the east may be traversable, and I just e | mech=I hypothesize that the lava/water may be traversable by finding a way to cross i"
fce1c43b,probe_a_mh,MiniHack-River-Narrow-v0,9,91,N,-0.01,False,"A|belief={'layout': ""unknown, but lava/water to the east may be traversable, and I just e | mech=I hypothesize that the lava/water may be traversable by finding a way to cross i"
fce1c43b,probe_a_mh,MiniHack-River-Narrow-v0,9,92,S,0.0,False,"A|belief={'layout': ""unknown, but lava/water to the east may be traversable, and I just e | mech=I hypothesize that the lava/water may be traversable by finding a way to cross i"
fce1c43b,probe_a_mh,MiniHack-River-Narrow-v0,9,93,S,0.0,False,"A|belief={'layout': ""unknown, but lava/water to the east may be traversable, and I just e | mech=I hypothesize that the lava/water may be traversable by finding a way to cross i"
fce1c43b,probe_a_mh,MiniHack-River-Narrow-v0,9,94,S,0.0,False,"A|belief={'layout': ""unknown, but lava/water to the east may be traversable, and I just e | mech=I hypothesize that the lava/water may be traversable by finding a way to cross i"
fce1c43b,probe_a_mh,MiniHack-River-Narrow-v0,9,95,S,0.0,False,"A|belief={'layout': ""unknown, but lava/water to the east may be traversable, and I just e | mech=I hypothesize that the lava/water may be traversable by finding a way to cross i"
fce1c43b,probe_a_mh,MiniHack-River-Narrow-v0,9,96,S,0.0,False,"A|belief={'layout': ""unknown, but lava/water to the east may be traversable, and I just e | mech=I hypothesize that the lava/water may be traversable by finding a way to cross i"
fce1c43b,probe_a_mh,MiniHack-River-Narrow-v0,9,97,S,0.0,False,"A|belief={'layout': ""unknown, but lava/water to the east may be traversable, and I just e | mech=I hypothesize that the lava/water may be traversable by finding a way to cross i"
fce1c43b,probe_a_mh,MiniHack-River-Narrow-v0,9,98,S,-0.01,False,"A|belief={'layout': ""unknown, but lava/water to the east may be traversable, and I just e | mech=I hypothesize that the lava/water may be traversable by finding a way to cross i"
fce1c43b,probe_a_mh,MiniHack-River-Narrow-v0,9,99,N,0.0,False,"A|belief={'layout': ""unknown, but lava/water to the east may be traversable, and I just e | mech=I hypothesize that the lava/water may be traversable by finding a way to cross i"
fce1c43b,probe_a_mh,MiniHack-River-Narrow-v0,9,100,N,0.0,False,"A|belief={'layout': ""unknown, but lava/water to the east may be traversable, and I just e | mech=I hypothesize that the lava/water may be traversable by finding a way to cross i"
fce1c43b,probe_a_mh,MiniHack-River-Narrow-v0,9,101,N,0.0,False,"A|belief={'layout': ""unknown, but lava/water to the east may be traversable, and I just e | mech=I hypothesize that the lava/water may be traversable by finding a way to cross i"
fce1c43b,probe_a_mh,MiniHack-River-Narrow-v0,9,102,N,0.0,False,"A|belief={'layout': ""unknown, but lava/water to the east may be traversable, and I just e | mech=I hypothesize that the lava/water may be traversable by finding a way to cross i"
fce1c43b,probe_a_mh,MiniHack-River-Narrow-v0,9,103,N,0.0,False,"A|belief={'layout': ""unknown, but lava/water to the east may be traversable, and I just e | mech=I hypothesize that the lava/water may be traversable by finding a way to cross i"
fce1c43b,probe_a_mh,MiniHack-River-Narrow-v0,9,104,N,0.0,False,"A|belief={'layout': ""unknown, but lava/water to the east may be traversable, and I just e | mech=I hypothesize that the lava/water may be traversable by finding a way to cross i"
fce1c43b,probe_a_mh,MiniHack-River-Narrow-v0,9,105,N,-0.01,False,"A|belief={'layout': ""unknown, but lava/water to the east may be traversable, and I just e | mech=I hypothesize that the lava/water may be traversable by finding a way to cross i"
fce1c43b,probe_a_mh,MiniHack-River-Narrow-v0,9,106,W,0.0,False,"A|belief={'layout': ""unknown, but lava/water to the east may be traversable, and I just e | mech=I hypothesize that the lava/water may be traversable by finding a way to cross i"
fce1c43b,probe_a_mh,MiniHack-River-Narrow-v0,9,107,W,0.0,False,"A|belief={'layout': ""unknown, but lava/water to the east may be traversable, and I just e | mech=I hypothesize that the lava/water may be traversable by finding a way to cross i"
fce1c43b,probe_a_mh,MiniHack-River-Narrow-v0,9,108,W,0.0,False,"A|belief={'layout': ""unknown, but lava/water to the east may be traversable, and I just e | mech=I hypothesize that the lava/water may be traversable by finding a way to cross i"
fce1c43b,probe_a_mh,MiniHack-River-Narrow-v0,9,109,W,0.0,False,"A|belief={'layout': ""unknown, but lava/water to the east may be traversable, and I just e | mech=I hypothesize that the lava/water may be traversable by finding a way to cross i"
fce1c43b,probe_a_mh,MiniHack-River-Narrow-v0,9,110,W,0.0,False,"A|belief={'layout': ""unknown, but lava/water to the east may be traversable, and I just e | mech=I hypothesize that the lava/water may be traversable by finding a way to cross i"
fce1c43b,probe_a_mh,MiniHack-River-Narrow-v0,9,111,W,0.0,False,"A|belief={'layout': ""unknown, but lava/water to the east may be traversable, and I just e | mech=I hypothesize that the lava/water may be traversable by finding a way to cross i"
fce1c43b,probe_a_mh,MiniHack-River-Narrow-v0,9,112,W,0.0,False,"A|belief={'layout': ""unknown, but lava/water to the east may be traversable, and I just e | mech=I hypothesize that the lava/water may be traversable by finding a way to cross i"
fce1c43b,probe_a_mh,MiniHack-River-Narrow-v0,9,113,W,0.0,False,"A|belief={'layout': ""unknown, but lava/water to the east may be traversable, and I just e | mech=I hypothesize that the lava/water may be traversable by finding a way to cross i"
fce1c43b,probe_a_mh,MiniHack-River-Narrow-v0,9,114,W,0.0,False,"A|belief={'layout': ""unknown, but lava/water to the east may be traversable, and I just e | mech=I hypothesize that the lava/water may be traversable by finding a way to cross i"
fce1c43b,probe_a_mh,MiniHack-River-Narrow-v0,9,115,W,0.0,False,"A|belief={'layout': ""unknown, but lava/water to the east may be traversable, and I just e | mech=I hypothesize that the lava/water may be traversable by finding a way to cross i"
fce1c43b,probe_a_mh,MiniHack-River-Narrow-v0,9,116,W,0.0,False,"A|belief={'layout': ""unknown, but lava/water to the east may be traversable, and I just e | mech=I hypothesize that the lava/water may be traversable by finding a way to cross i"
fce1c43b,probe_a_mh,MiniHack-River-Narrow-v0,9,117,W,0.0,False,"A|belief={'layout': ""unknown, but lava/water to the east may be traversable, and I just e | mech=I hypothesize that the lava/water may be traversable by finding a way to cross i"
fce1c43b,probe_a_mh,MiniHack-River-Narrow-v0,9,118,W,0.0,False,"A|belief={'layout': ""unknown, but lava/water to the east may be traversable, and I just e | mech=I hypothesize that the lava/water may be traversable by finding a way to cross i"
fce1c43b,probe_a_mh,MiniHack-River-Narrow-v0,9,119,W,0.0,False,"A|belief={'layout': ""unknown, but lava/water to the east may be traversable, and I just e | mech=I hypothesize that the lava/water may be traversable by finding a way to cross i"
