run_id,variant,env_id,seed,step,action,reward,done,note
73da8766,reflexion_mh,MiniHack-River-Narrow-v0,20,0,S,0.0,False,"reflection=The level appears to have water or lava (represented by '}') to the east and south, which could be a significant obstacle or a boundary for this part "
73da8766,reflexion_mh,MiniHack-River-Narrow-v0,20,1,N,0.0,False,"reflection=The level's boundaries and obstacles suggest a need to explore cautiously, prioritizing directions that seem safer. The presence of water or lava to t"
73da8766,reflexion_mh,MiniHack-River-Narrow-v0,20,2,N,0.0,False,"reflection=The level's boundaries and obstacles suggest a need to explore cautiously, prioritizing directions that seem safer. The presence of water or lava to t"
73da8766,reflexion_mh,MiniHack-River-Narrow-v0,20,3,N,0.0,False,"reflection=The level's layout suggests that moving towards the north could reveal more of the map without immediate danger, allowing for a safer exploration of t"
73da8766,reflexion_mh,MiniHack-River-Narrow-v0,20,4,N,0.0,False,"reflection=The level's layout suggests that moving towards the north could reveal more of the map without immediate danger, allowing for a safer exploration of t"
73da8766,reflexion_mh,MiniHack-River-Narrow-v0,20,5,N,0.0,False,"reflection=The level's layout suggests that the north direction is the safest for initial exploration, and moving in this direction could provide more informatio"
73da8766,reflexion_mh,MiniHack-River-Narrow-v0,20,6,N,0.0,False,"reflection=The level's layout suggests that the north direction is the safest for initial exploration, and moving in this direction could provide more informatio"
73da8766,reflexion_mh,MiniHack-River-Narrow-v0,20,7,N,-0.01,False,"reflection=The level's north direction appears safe for initial exploration and could provide more information about the level's layout without immediate danger,"
73da8766,reflexion_mh,MiniHack-River-Narrow-v0,20,8,E,0.0,False,"reflection=The level's north direction appears safe for initial exploration, and exploring other directions like east could provide more information about the le"
73da8766,reflexion_mh,MiniHack-River-Narrow-v0,20,9,N,-0.01,False,reflection=The level's north direction continues to appear safe for initial exploration. The presence of lava or water to the east and southeast suggests caution
73da8766,reflexion_mh,MiniHack-River-Narrow-v0,20,10,N,-0.01,False,reflection=The level's north direction continues to appear safe for initial exploration. The presence of lava or water to the east and southeast suggests caution
73da8766,reflexion_mh,MiniHack-River-Narrow-v0,20,11,W,0.0,False,"reflection=The level's north direction is bounded by a wall, suggesting the need to explore sideways. The west direction appears as a potential path for further "
73da8766,reflexion_mh,MiniHack-River-Narrow-v0,20,12,W,0.0,False,"reflection=The level's west direction remains a viable path for exploration without encountering lava, water, or other immediate dangers, suggesting it might lea"
73da8766,reflexion_mh,MiniHack-River-Narrow-v0,20,13,W,0.0,False,"reflection=The level's west direction remains a viable path for exploration without encountering lava, water, or other immediate dangers, and continuing this way"
73da8766,reflexion_mh,MiniHack-River-Narrow-v0,20,14,W,0.0,False,"reflection=The level's west direction remains a viable path for exploration without encountering lava, water, or other immediate dangers, and continuing this way"
73da8766,reflexion_mh,MiniHack-River-Narrow-v0,20,15,W,-0.01,False,"reflection=The level's west direction remains a viable path for exploration without encountering lava, water, or other immediate dangers, and continuing this way"
73da8766,reflexion_mh,MiniHack-River-Narrow-v0,20,16,W,-0.01,False,"reflection=The level's west direction remains a viable path for exploration without encountering lava, water, or other immediate dangers, and continuing this way"
73da8766,reflexion_mh,MiniHack-River-Narrow-v0,20,17,N,-0.01,False,"reflection=The level's west boundary has been reached, indicating a need to explore north, south, or potentially diagonal directions to uncover more of the level"
73da8766,reflexion_mh,MiniHack-River-Narrow-v0,20,18,S,0.0,False,"reflection=The level's west and north boundaries have been reached, indicating a need to explore south or east to find the staircase, and potentially other point"
73da8766,reflexion_mh,MiniHack-River-Narrow-v0,20,19,E,0.0,False,"reflection=The level's west and north boundaries have been reached, indicating a need to explore south or east to find the staircase, and potentially other point"
73da8766,reflexion_mh,MiniHack-River-Narrow-v0,20,20,E,0.0,False,"reflection=The level's east boundary has not been reached yet, indicating potential for further exploration in this direction. The presence of lava or water (}) "
73da8766,reflexion_mh,MiniHack-River-Narrow-v0,20,21,E,0.0,False,"reflection=The level's east boundary remains unexplored, with lava or water posing a potential hazard to the southeast, suggesting a need for careful navigation "
73da8766,reflexion_mh,MiniHack-River-Narrow-v0,20,22,E,0.0,False,"reflection=The level's east boundary remains unexplored, with lava or water posing a potential hazard to the southeast, suggesting a need for careful navigation "
73da8766,reflexion_mh,MiniHack-River-Narrow-v0,20,23,E,0.0,False,"reflection=The level's east boundary is still being explored, and moving east continues to reveal new areas without encountering walls or immediate hazards, sugg"
73da8766,reflexion_mh,MiniHack-River-Narrow-v0,20,24,E,0.0,False,"reflection=The level's east boundary continues to expand with no signs of walls or immediate dangers, suggesting a potential path or open area in this direction."
73da8766,reflexion_mh,MiniHack-River-Narrow-v0,20,25,E,0.0,False,"reflection=The level's east boundary appears to be an open path or area with no immediate dangers, suggesting further exploration in this direction may be fruitf"
73da8766,reflexion_mh,MiniHack-River-Narrow-v0,20,26,E,0.0,False,"reflection=The level's east boundary remains open, suggesting a larger open area or a path that continues in this direction, which may be worth exploring further"
73da8766,reflexion_mh,MiniHack-River-Narrow-v0,20,27,E,0.0,False,"reflection=The level's east boundary continues to suggest a larger open area or a path that continues in this direction, and the ability to move boulders indicat"
73da8766,reflexion_mh,MiniHack-River-Narrow-v0,20,28,E,0.0,False,"reflection=The level's east boundary continues to suggest a larger open area or a path that continues in this direction, and the ability to move boulders indicat"
73da8766,reflexion_mh,MiniHack-River-Narrow-v0,20,29,N,0.0,False,"reflection=The level's layout suggests a need to explore multiple directions to understand its boundaries and features, especially considering the lava or water "
73da8766,reflexion_mh,MiniHack-River-Narrow-v0,20,30,N,-0.01,False,"reflection=The level's layout suggests a need to explore multiple directions to understand its boundaries and features, especially considering the lava or water "
73da8766,reflexion_mh,MiniHack-River-Narrow-v0,20,31,N,-0.01,False,"reflection=The level's layout suggests a need to explore multiple directions to understand its boundaries and features, and moving in one direction repeatedly ma"
73da8766,reflexion_mh,MiniHack-River-Narrow-v0,20,32,S,0.0,False,"reflection=The level's layout suggests a need to explore multiple directions to understand its boundaries and features, and moving in one direction repeatedly ma"
73da8766,reflexion_mh,MiniHack-River-Narrow-v0,20,33,SW,0.0,False,"reflection=The level's layout suggests a need to explore multiple directions to understand its boundaries and features, and moving in one direction repeatedly ma"
73da8766,reflexion_mh,MiniHack-River-Narrow-v0,20,34,E,0.0,False,"reflection=The level's boundaries and features are still not fully understood, and exploring different directions is crucial; I should also be cautious of the la"
73da8766,reflexion_mh,MiniHack-River-Narrow-v0,20,35,N,0.0,False,"reflection=The level's boundaries and features are still not fully understood, and exploring different directions is crucial; I should also be cautious of the la"
73da8766,reflexion_mh,MiniHack-River-Narrow-v0,20,36,N,0.0,False,"reflection=The level's boundaries and features are still not fully understood, and exploring different directions is crucial; moving north continues to be a viab"
73da8766,reflexion_mh,MiniHack-River-Narrow-v0,20,37,N,-0.01,False,"reflection=The level's layout is still being discovered, with northward movement being a consistent option for progression; it's also important to remain aware o"
73da8766,reflexion_mh,MiniHack-River-Narrow-v0,20,38,W,0.0,False,"reflection=The level's layout is still being discovered, with northward movement being blocked, suggesting the need to explore sideways to find a path or importa"
73da8766,reflexion_mh,MiniHack-River-Narrow-v0,20,39,S,0.0,False,"reflection=The level's layout is still being discovered, with northward movement being blocked, suggesting the need to explore sideways to find a path or importa"
73da8766,reflexion_mh,MiniHack-River-Narrow-v0,20,40,W,0.0,False,"reflection=The level's layout is still being discovered, with northward movement being blocked, suggesting the need to explore sideways to find a path or importa"
73da8766,reflexion_mh,MiniHack-River-Narrow-v0,20,41,W,0.0,False,"reflection=The level's western area remains unexplored, and moving in this direction could reveal important features, items, or a path downward, while also avoid"
73da8766,reflexion_mh,MiniHack-River-Narrow-v0,20,42,W,0.0,False,"reflection=The level's western area is still unexplored, and moving in this direction could reveal important features, items, or a path downward. The eastern are"
73da8766,reflexion_mh,MiniHack-River-Narrow-v0,20,43,W,0.0,False,"reflection=The level's western area is still largely unexplored and could contain important features or a staircase down, while the eastern area is hazardous due"
73da8766,reflexion_mh,MiniHack-River-Narrow-v0,20,44,W,0.0,False,reflection=The western area is still largely unexplored and could contain important features or a staircase down. The eastern area is hazardous due to the presen
73da8766,reflexion_mh,MiniHack-River-Narrow-v0,20,45,W,0.0,False,reflection=The western area is still largely unexplored and could contain important features or a staircase down. The eastern area is hazardous due to the presen
73da8766,reflexion_mh,MiniHack-River-Narrow-v0,20,46,W,0.0,False,reflection=The western area is still largely unexplored and could contain important features or a staircase down. The eastern area is hazardous due to the presen
73da8766,reflexion_mh,MiniHack-River-Narrow-v0,20,47,W,0.0,False,"reflection=The western area remains a priority for exploration due to its unknown contents, and the lack of walls encountered so far suggests an open path that c"
73da8766,reflexion_mh,MiniHack-River-Narrow-v0,20,48,W,0.0,False,"reflection=The western path remains open, and it's crucial to continue exploring this direction to uncover more of the level's layout and potential items or stai"
73da8766,reflexion_mh,MiniHack-River-Narrow-v0,20,49,W,-0.01,False,"reflection=The level's western area is still unexplored, and continuing west may reveal more of the level's layout, items, or the staircase."
73da8766,reflexion_mh,MiniHack-River-Narrow-v0,20,50,N,0.0,False,"reflection=The western edge of the level is bounded by a wall, so further exploration should focus on the northern, southern, and eastern areas to uncover more o"
73da8766,reflexion_mh,MiniHack-River-Narrow-v0,20,51,E,0.0,False,"reflection=The western edge of the level is bounded by a wall, so further exploration should focus on the northern, southern, and eastern areas to uncover more o"
73da8766,reflexion_mh,MiniHack-River-Narrow-v0,20,52,E,0.0,False,"reflection=The eastern area appears to be quite open, suggesting that there may be more rooms, corridors, or features to discover in this direction, which could "
73da8766,reflexion_mh,MiniHack-River-Narrow-v0,20,53,E,0.0,False,"reflection=The eastern area's openness suggests a possible large room or corridor system in this direction, which may contain stairs, items, or creatures, and wa"
73da8766,reflexion_mh,MiniHack-River-Narrow-v0,20,54,E,0.0,False,"reflection=The eastern area's openness suggests a possible large room or corridor system in this direction, which may contain stairs, items, or creatures, and wa"
73da8766,reflexion_mh,MiniHack-River-Narrow-v0,20,55,E,0.0,False,"reflection=The eastern area's openness suggests a possible large room or corridor system, and so far, it appears to be safe and worthy of further exploration. Co"
73da8766,reflexion_mh,MiniHack-River-Narrow-v0,20,56,E,0.0,False,"reflection=The eastern area's openness suggests a possible large room or corridor system, and so far, it appears to be safe and worthy of further exploration. Co"
73da8766,reflexion_mh,MiniHack-River-Narrow-v0,20,57,E,0.0,False,"reflection=The eastern area's openness suggests a possible large room or corridor system, and so far, it appears to be safe and worthy of further exploration. Th"
73da8766,reflexion_mh,MiniHack-River-Narrow-v0,20,58,E,0.0,False,"reflection=The eastern area's openness suggests a possible large room or corridor system, and so far, it appears to be safe and worthy of further exploration. Th"
73da8766,reflexion_mh,MiniHack-River-Narrow-v0,20,59,E,0.0,False,"reflection=The eastern area's openness suggests a possible large room or corridor system, and so far, it appears to be safe and worthy of further exploration. Th"
73da8766,reflexion_mh,MiniHack-River-Narrow-v0,20,60,E,0.0,False,"reflection=The eastern area's openness suggests a possible large room or corridor system, and so far, it appears to be safe and worthy of further exploration. Th"
73da8766,reflexion_mh,MiniHack-River-Narrow-v0,20,61,E,0.0,False,"reflection=The eastern openness suggests a possible large room or corridor system, and so far, it appears to be safe and worthy of further exploration. The lack "
73da8766,reflexion_mh,MiniHack-River-Narrow-v0,20,62,E,0.0,False,"reflection=The eastern openness suggests a possible large room or corridor system, and continuing east may reveal new features or boundaries, such as corridors, "
73da8766,reflexion_mh,MiniHack-River-Narrow-v0,20,63,E,0.0,False,"reflection=The eastern path remains open, suggesting a large area to explore, and it's likely that continuing east will eventually reveal corridors, rooms, or st"
73da8766,reflexion_mh,MiniHack-River-Narrow-v0,20,64,E,0.0,False,"reflection=The level seems to be quite open to the east, suggesting a potential for a large room or a corridor system in that direction. Continuing east may reve"
73da8766,reflexion_mh,MiniHack-River-Narrow-v0,20,65,N,-0.01,False,"reflection=The level seems to be quite open to the east, suggesting a potential for a large room or a corridor system in that direction. Continuing east may reve"
73da8766,reflexion_mh,MiniHack-River-Narrow-v0,20,66,E,0.0,False,"reflection=The level's openness to the east suggests a possible large room or corridor system, and continuing in this direction may lead to significant discoveri"
73da8766,reflexion_mh,MiniHack-River-Narrow-v0,20,67,E,0.0,False,"reflection=The level's openness to the east suggests a possible large room or corridor system. Continuing east may lead to significant discoveries, including the"
73da8766,reflexion_mh,MiniHack-River-Narrow-v0,20,68,E,0.0,False,"reflection=The level's eastern openness suggests a large room or corridor system, and continuing in this direction may reveal significant features such as the do"
73da8766,reflexion_mh,MiniHack-River-Narrow-v0,20,69,E,0.0,False,"reflection=The level's eastern area appears to be a large, open space, potentially indicating a significant chamber or a corridor system that could lead to impor"
73da8766,reflexion_mh,MiniHack-River-Narrow-v0,20,70,S,0.0,False,"reflection=The level's eastern area appears to be a large, open space, and there's water to the north, which could be a moat or a boundary for a specific section"
73da8766,reflexion_mh,MiniHack-River-Narrow-v0,20,71,S,0.0,False,"reflection=The level's eastern area appears to be a large, open space, and there's water to the north. Exploring southward may reveal the staircase down or other"
73da8766,reflexion_mh,MiniHack-River-Narrow-v0,20,72,S,0.0,False,"reflection=The level's eastern area appears to be a large, open space, and there's water to the north. Exploring southward may reveal the staircase down or other"
73da8766,reflexion_mh,MiniHack-River-Narrow-v0,20,73,S,0.0,False,"reflection=The level's eastern area is a large open space, and there's water to the north. Exploring southward may reveal the staircase down or other important f"
73da8766,reflexion_mh,MiniHack-River-Narrow-v0,20,74,S,0.0,False,"reflection=The level's eastern area is a large open space, and there's water to the north. Exploring southward may reveal the staircase down or other important f"
73da8766,reflexion_mh,MiniHack-River-Narrow-v0,20,75,E,0.0,False,"reflection=The level's eastern area is a large open space, and there's water to the north. Exploring southward may reveal the staircase down or other important f"
73da8766,reflexion_mh,MiniHack-River-Narrow-v0,20,76,W,0.0,False,"reflection=The level's eastern area is a large open space, and there's water to the north. Exploring southward did not reveal the staircase down or other importa"
73da8766,reflexion_mh,MiniHack-River-Narrow-v0,20,77,W,-0.01,False,"reflection=The level's eastern area is a large open space, there's water to the north, and exploring southward and then moving east did not reveal the staircase "
73da8766,reflexion_mh,MiniHack-River-Narrow-v0,20,78,N,0.0,False,"reflection=The level's eastern area is a large open space, there's water to the north, and exploring southward and then moving east and west did not reveal the s"
73da8766,reflexion_mh,MiniHack-River-Narrow-v0,20,79,N,0.0,False,"reflection=The level's northern area, with water, is now a point of interest for potentially finding the staircase down or other significant features, building u"
73da8766,reflexion_mh,MiniHack-River-Narrow-v0,20,80,N,0.0,False,"reflection=The level's northern area with water may contain the staircase down or other significant features, and exploring this area could reveal more about the"
73da8766,reflexion_mh,MiniHack-River-Narrow-v0,20,81,N,0.0,False,"reflection=The level's northern area with water is a priority to explore for potential features like the staircase down or other important locations, and the cur"
73da8766,reflexion_mh,MiniHack-River-Narrow-v0,20,82,N,0.0,False,"reflection=The level's northern area with water remains a priority to explore for potential features like the staircase down or other important locations, and mo"
73da8766,reflexion_mh,MiniHack-River-Narrow-v0,20,83,N,-0.01,False,"reflection=The level's northern area with water remains a priority to explore, and continuing to move north may reveal the staircase down or other important feat"
73da8766,reflexion_mh,MiniHack-River-Narrow-v0,20,84,N,-0.01,False,"reflection=The level's northern area with water remains a priority to explore, and since moving north hasn't hit a wall, it suggests the path continues, potentia"
73da8766,reflexion_mh,MiniHack-River-Narrow-v0,20,85,E,0.0,False,"reflection=The level's northern boundary has been reached, suggesting a need to explore eastward, where water is visible, which might be connected to the level's"
73da8766,reflexion_mh,MiniHack-River-Narrow-v0,20,86,E,0.0,False,"reflection=The level's northern boundary is solid, and initial exploration suggests that significant features, including the staircase down, might be located to "
73da8766,reflexion_mh,MiniHack-River-Narrow-v0,20,87,E,0.0,False,"reflection=The level's eastern area, beyond the current view, likely contains important features such as the staircase down or other significant elements. Contin"
73da8766,reflexion_mh,MiniHack-River-Narrow-v0,20,88,N,-0.01,False,"reflection=The level's eastern boundary is solid, suggesting that the staircase or other key features might be located in other directions, necessitating explora"
73da8766,reflexion_mh,MiniHack-River-Narrow-v0,20,89,W,0.0,False,"reflection=The level's eastern boundary is solid, suggesting that the staircase or other key features might be located in other directions, necessitating explora"
73da8766,reflexion_mh,MiniHack-River-Narrow-v0,20,90,W,0.0,False,"reflection=The initial exploration suggests that key features like the staircase might be located to the west, north, or south, given the solid eastern boundary."
73da8766,reflexion_mh,MiniHack-River-Narrow-v0,20,91,W,0.0,False,"reflection=The level appears to have a significant amount of water or lava to the south and east, suggesting that the north and west directions may be more fruit"
73da8766,reflexion_mh,MiniHack-River-Narrow-v0,20,92,N,-0.01,False,"reflection=The level's design seems to encourage exploration towards the north and west, possibly to find items, stairs, or other important features before tackl"
73da8766,reflexion_mh,MiniHack-River-Narrow-v0,20,93,N,-0.01,False,"reflection=The level's design seems to encourage exploration towards the north and west, possibly to find items, stairs, or other important features before tackl"
73da8766,reflexion_mh,MiniHack-River-Narrow-v0,20,94,W,0.0,False,reflection=The level's design seems to encourage exploration towards the west and possibly finding alternative paths since direct northward movement is blocked. 
73da8766,reflexion_mh,MiniHack-River-Narrow-v0,20,95,NW,-0.01,False,reflection=The level's design seems to encourage exploration towards the west and possibly finding alternative paths since direct northward movement is blocked. 
73da8766,reflexion_mh,MiniHack-River-Narrow-v0,20,96,NW,-0.01,False,"reflection=The level's design continues to suggest that northwest is a key direction for exploration, and it's necessary to avoid or find a way to safely navigat"
73da8766,reflexion_mh,MiniHack-River-Narrow-v0,20,97,S,0.0,False,"reflection=The level's design suggests that moving south or finding an alternative path around the obstacles could be necessary, given the northwest direction is"
73da8766,reflexion_mh,MiniHack-River-Narrow-v0,20,98,E,0.0,False,"reflection=The level's design suggests that moving south or finding an alternative path around the obstacles could be necessary, and exploring east may reveal mo"
73da8766,reflexion_mh,MiniHack-River-Narrow-v0,20,99,E,0.0,False,"reflection=The level's design suggests that moving south or finding an alternative path around the obstacles could be necessary, and exploring east may reveal mo"
73da8766,reflexion_mh,MiniHack-River-Narrow-v0,20,100,N,0.0,False,"reflection=The level's design suggests that moving south or finding an alternative path around the obstacles could be necessary, and exploring east may reveal mo"
73da8766,reflexion_mh,MiniHack-River-Narrow-v0,20,101,N,-0.01,False,"reflection=The level's design suggests that moving south or finding an alternative path around the obstacles could be necessary, and exploring east may reveal mo"
73da8766,reflexion_mh,MiniHack-River-Narrow-v0,20,102,N,-0.01,False,"reflection=The level's design suggests prioritizing northward exploration to uncover more of the layout and avoid danger, and it's necessary to keep exploring to"
73da8766,reflexion_mh,MiniHack-River-Narrow-v0,20,103,E,0.0,False,"reflection=The level's design suggests prioritizing exploration in directions that do not immediately hit a wall, and it's necessary to keep exploring to find a "
73da8766,reflexion_mh,MiniHack-River-Narrow-v0,20,104,E,0.0,False,"reflection=The level's design suggests prioritizing exploration in directions that do not immediately hit a wall, and moving east or west are potential paths to "
73da8766,reflexion_mh,MiniHack-River-Narrow-v0,20,105,W,0.0,False,"reflection=The level's design suggests prioritizing exploration in directions that do not immediately hit a wall, and moving east or west are potential paths to "
73da8766,reflexion_mh,MiniHack-River-Narrow-v0,20,106,W,0.0,False,"reflection=The level's design suggests that water or lava bodies may be used to block or guide the player's path, making it important to identify and navigate ar"
73da8766,reflexion_mh,MiniHack-River-Narrow-v0,20,107,E,0.0,False,"reflection=The level's design suggests that water or lava bodies may be used to block or guide the player's path, making it important to identify and navigate ar"
73da8766,reflexion_mh,MiniHack-River-Narrow-v0,20,108,E,0.0,False,"reflection=The level's design suggests that water or lava bodies may be used to block or guide the player's path, and initial exploration indicates that moving e"
73da8766,reflexion_mh,MiniHack-River-Narrow-v0,20,109,E,0.0,False,"reflection=The level's design suggests that water or lava bodies may be used to block or guide the player's path, and initial exploration indicates that moving e"
73da8766,reflexion_mh,MiniHack-River-Narrow-v0,20,110,E,0.0,False,reflection=The level's design continues to suggest that water or lava bodies are used to block or guide the player's path. Initial exploration indicates that mov
73da8766,reflexion_mh,MiniHack-River-Narrow-v0,20,111,E,0.0,False,reflection=The level's design continues to suggest that water or lava bodies are used to block or guide the player's path. Initial exploration indicates that mov
73da8766,reflexion_mh,MiniHack-River-Narrow-v0,20,112,E,0.0,False,reflection=The level's design continues to suggest that water or lava bodies are used to block or guide the player's path. Initial exploration indicates that mov
73da8766,reflexion_mh,MiniHack-River-Narrow-v0,20,113,N,0.0,False,reflection=The level's design continues to suggest that water or lava bodies are used to block or guide the player's path. Initial exploration indicates that mov
73da8766,reflexion_mh,MiniHack-River-Narrow-v0,20,114,N,-0.01,False,reflection=The level's design continues to suggest that water or lava bodies are used to block or guide the player's path. Initial exploration indicates that mov
73da8766,reflexion_mh,MiniHack-River-Narrow-v0,20,115,N,-0.01,False,"reflection=The level's design uses solid stone walls to block the player's path in addition to lava or water bodies, indicating a need to explore carefully and c"
73da8766,reflexion_mh,MiniHack-River-Narrow-v0,20,116,S,0.0,False,"reflection=The level's design uses solid stone walls to block the player's path in addition to lava or water bodies, indicating a need to explore carefully and c"
73da8766,reflexion_mh,MiniHack-River-Narrow-v0,20,117,S,0.0,False,"reflection=The level's design uses solid stone walls to block the player's path in addition to lava or water bodies, indicating a need to explore carefully and c"
73da8766,reflexion_mh,MiniHack-River-Narrow-v0,20,118,S,0.0,False,reflection=The level's design uses open areas and lava or water bodies to guide the player's exploration. It's essential to keep moving and exploring different d
73da8766,reflexion_mh,MiniHack-River-Narrow-v0,20,119,S,0.0,False,"reflection=The level's open areas and use of lava or water bodies to guide exploration suggest that moving in a direction that has been successful so far, like s"
73da8766,reflexion_mh,MiniHack-River-Narrow-v0,21,0,N,0.0,False,"reflection=The level appears to have a large body of water or lava to the east, which could be a potential obstacle or hazard. I'll need to be cautious when appr"
73da8766,reflexion_mh,MiniHack-River-Narrow-v0,21,1,N,0.0,False,"reflection=The level appears to have a large body of water or lava to the east, which could be a potential obstacle or hazard. I'll need to explore other directi"
73da8766,reflexion_mh,MiniHack-River-Narrow-v0,21,2,W,0.0,False,"reflection=The level has a large body of water or lava to the east, which could be a potential obstacle or hazard. I've tried moving north twice, but I should al"
73da8766,reflexion_mh,MiniHack-River-Narrow-v0,21,3,W,0.0,False,"reflection=The level has a large body of water or lava to the east, and initial northward movements didn't yield significant new information. Exploring west may "
73da8766,reflexion_mh,MiniHack-River-Narrow-v0,21,4,W,0.0,False,"reflection=The level has a large body of water or lava to the east, and initial northward movements didn't yield significant new information. Exploring west may "
73da8766,reflexion_mh,MiniHack-River-Narrow-v0,21,5,NW,-0.01,False,"reflection=The level's layout remains largely unknown, but it's clear that the eastern path is blocked by a large body of water or lava. The focus should be on e"
73da8766,reflexion_mh,MiniHack-River-Narrow-v0,21,6,S,0.0,False,"reflection=The level's layout remains largely unknown, but it's clear that the eastern path is blocked by a large body of water or lava. The focus should be on e"
73da8766,reflexion_mh,MiniHack-River-Narrow-v0,21,7,S,0.0,False,"reflection=The level's layout remains largely unknown, but it's clear that the eastern path is blocked by a large body of water or lava. The focus should be on e"
73da8766,reflexion_mh,MiniHack-River-Narrow-v0,21,8,S,0.0,False,"reflection=The level's layout remains largely unknown, but it's clear that the eastern path is blocked. The focus should be on exploring the western and southern"
73da8766,reflexion_mh,MiniHack-River-Narrow-v0,21,9,S,0.0,False,"reflection=The level's layout remains largely unknown, but it's clear that the eastern path is blocked. The focus should be on exploring the western and southern"
73da8766,reflexion_mh,MiniHack-River-Narrow-v0,21,10,S,0.0,False,"reflection=The level's layout remains largely unknown, but exploring south may provide insights into the level's structure or lead to the discovery of the downst"
73da8766,reflexion_mh,MiniHack-River-Narrow-v0,21,11,S,0.0,False,"reflection=The level seems to extend further south without immediate obstacles, suggesting a potential for discovering new areas or features by continuing in thi"
73da8766,reflexion_mh,MiniHack-River-Narrow-v0,21,12,S,-0.01,False,"reflection=The level seems to have a significant amount of open space to the south, which could indicate the presence of stairs, items, or other important featur"
73da8766,reflexion_mh,MiniHack-River-Narrow-v0,21,13,S,-0.01,False,"reflection=The level seems to have a significant amount of open space to the south, which could indicate the presence of stairs, items, or other important featur"
73da8766,reflexion_mh,MiniHack-River-Narrow-v0,21,14,E,0.0,False,"reflection=The level has a boundary to the south, which was previously open. This suggests that the initial open space might have been a corridor or a large room"
73da8766,reflexion_mh,MiniHack-River-Narrow-v0,21,15,E,0.0,False,"reflection=The level has a boundary to the south, suggesting an initial corridor or room. Exploring east or west may reveal items, stairs, or other features. The"
73da8766,reflexion_mh,MiniHack-River-Narrow-v0,21,16,W,0.0,False,"reflection=The level has a boundary to the south, and exploring east is hazardous due to water or lava. Westward exploration may yield items, stairs, or other fe"
73da8766,reflexion_mh,MiniHack-River-Narrow-v0,21,17,N,0.0,False,"reflection=The level has a boundary to the south, and exploring east is hazardous due to water or lava. Westward exploration may yield items, stairs, or other fe"
73da8766,reflexion_mh,MiniHack-River-Narrow-v0,21,18,N,0.0,False,"reflection=The level has a boundary to the south, and exploring east is hazardous due to water or lava. Westward exploration may yield items, stairs, or other fe"
73da8766,reflexion_mh,MiniHack-River-Narrow-v0,21,19,N,0.0,False,"reflection=The level has a boundary to the south, and exploring east is hazardous due to water or lava. Westward exploration may yield items, stairs, or other fe"
73da8766,reflexion_mh,MiniHack-River-Narrow-v0,21,20,N,0.0,False,"reflection=The level has a boundary to the south, and exploring east is hazardous due to water or lava. Westward exploration may yield items, stairs, or other fe"
73da8766,reflexion_mh,MiniHack-River-Narrow-v0,21,21,N,0.0,False,"reflection=The level has a boundary to the south, and exploring east is hazardous due to water or lava. Westward exploration may yield items, stairs, or other fe"
73da8766,reflexion_mh,MiniHack-River-Narrow-v0,21,22,N,0.0,False,"reflection=The level has a boundary to the south, and exploring east is hazardous due to water or lava. Westward exploration may yield items, stairs, or other fe"
73da8766,reflexion_mh,MiniHack-River-Narrow-v0,21,23,N,-0.01,False,"reflection=The level's northward path continues to be safe and potentially rewarding. I should keep exploring this direction until I find stairs, significant ite"
73da8766,reflexion_mh,MiniHack-River-Narrow-v0,21,24,N,-0.01,False,"reflection=The level's northward path continues to be safe and potentially rewarding. I should keep exploring this direction until I find stairs, significant ite"
73da8766,reflexion_mh,MiniHack-River-Narrow-v0,21,25,S,0.0,False,"reflection=The level's northward path is bounded by solid stone, indicating a need to explore other directions. Southward movement may reveal new paths, items, o"
73da8766,reflexion_mh,MiniHack-River-Narrow-v0,21,26,E,0.0,False,"reflection=The level's initial northward path is bounded, suggesting exploration should focus on southern and eastern directions initially to uncover potential i"
73da8766,reflexion_mh,MiniHack-River-Narrow-v0,21,27,E,0.0,False,"reflection=The level's initial northward path is bounded, suggesting exploration should focus on southern and eastern directions initially to uncover potential i"
73da8766,reflexion_mh,MiniHack-River-Narrow-v0,21,28,E,0.0,False,"reflection=The level's initial exploration suggests that the eastern and southern directions are the most promising for finding new paths or items, and it's nece"
73da8766,reflexion_mh,MiniHack-River-Narrow-v0,21,29,S,0.0,False,"reflection=The level's layout suggests that exploring the southern direction from the current position may yield new discoveries, and it's essential to continue "
73da8766,reflexion_mh,MiniHack-River-Narrow-v0,21,30,S,0.0,False,"reflection=The level's layout suggests that exploring the southern direction from the current position may yield new discoveries, and it's essential to continue "
73da8766,reflexion_mh,MiniHack-River-Narrow-v0,21,31,S,0.0,False,"reflection=The level's southern area remains unexplored, and continuing in this direction may reveal important features such as stairs, treasures, or other obsta"
73da8766,reflexion_mh,MiniHack-River-Narrow-v0,21,32,S,0.0,False,"reflection=The level's southern area remains unexplored, and continuing in this direction may reveal important features such as stairs, treasures, or other obsta"
73da8766,reflexion_mh,MiniHack-River-Narrow-v0,21,33,S,0.0,False,"reflection=The level's southern area is still largely unexplored, and the presence of lava or water to the east could indicate a need to find alternative paths o"
73da8766,reflexion_mh,MiniHack-River-Narrow-v0,21,34,W,0.0,False,"reflection=The level's southern area remains unexplored, and the western part, while partially explored, still holds unknowns. The presence of lava or water to t"
73da8766,reflexion_mh,MiniHack-River-Narrow-v0,21,35,S,-0.01,False,"reflection=The level's southern area is still unexplored, and moving south may provide more insights into the level's layout and necessary items for progression,"
73da8766,reflexion_mh,MiniHack-River-Narrow-v0,21,36,S,-0.01,False,"reflection=The level's southern area is still largely unexplored, and moving south may provide more insights into the level's layout and necessary items for prog"
73da8766,reflexion_mh,MiniHack-River-Narrow-v0,21,37,N,0.0,False,"reflection=The level's southern area is blocked, and caution is advised when exploring east due to potential lava or water. Exploring north or west may yield mor"
73da8766,reflexion_mh,MiniHack-River-Narrow-v0,21,38,N,0.0,False,"reflection=The level's southern area is blocked, and caution is advised when exploring east due to potential lava or water. Exploring north may yield more insigh"
73da8766,reflexion_mh,MiniHack-River-Narrow-v0,21,39,N,0.0,False,"reflection=The level's southern area is blocked, and caution is advised when exploring east due to potential lava or water. Exploring north may yield more insigh"
73da8766,reflexion_mh,MiniHack-River-Narrow-v0,21,40,N,0.0,False,"reflection=The level's northern area appears to be open for further exploration, which may reveal necessary items, stairs, or other important features. The easte"
73da8766,reflexion_mh,MiniHack-River-Narrow-v0,21,41,N,0.0,False,"reflection=The level's northern area is open for exploration, which may lead to discovering stairs, items, or other features. The current position does not show "
73da8766,reflexion_mh,MiniHack-River-Narrow-v0,21,42,N,0.0,False,"reflection=The level's northern area is still open for exploration, and moving north may lead to discovering stairs, items, or other features. The presence of la"
73da8766,reflexion_mh,MiniHack-River-Narrow-v0,21,43,N,-0.01,False,"reflection=The level's northern area is still open for exploration, and moving north may lead to discovering stairs, items, or other features. The presence of la"
73da8766,reflexion_mh,MiniHack-River-Narrow-v0,21,44,N,-0.01,False,"reflection=The level's northern area remains open for exploration, and no obstacles have been encountered yet, suggesting it's a viable path. The eastern and wes"
73da8766,reflexion_mh,MiniHack-River-Narrow-v0,21,45,W,0.0,False,"reflection=The level's northern area is bounded by a wall, suggesting the need to explore sideways. The western path appears more immediately accessible than the"
73da8766,reflexion_mh,MiniHack-River-Narrow-v0,21,46,W,0.0,False,"reflection=The level's northern boundary is a wall, and initial western exploration is favored over eastern due to potential obstacles. Further westward movement"
73da8766,reflexion_mh,MiniHack-River-Narrow-v0,21,47,W,0.0,False,"reflection=The level's northern boundary is a wall, and initial western exploration is favored over eastern due to potential obstacles. Further westward movement"
73da8766,reflexion_mh,MiniHack-River-Narrow-v0,21,48,W,0.0,False,"reflection=The level's design suggests that western exploration may yield more significant discoveries, and it's crucial to avoid repeating actions that result i"
73da8766,reflexion_mh,MiniHack-River-Narrow-v0,21,49,W,0.0,False,reflection=The level's design suggests that western exploration may yield more significant discoveries. It's also important to keep track of the map's layout to 
73da8766,reflexion_mh,MiniHack-River-Narrow-v0,21,50,W,0.0,False,reflection=The level's design suggests that western exploration may yield more significant discoveries. Continuing to move west will help confirm if this directi
73da8766,reflexion_mh,MiniHack-River-Narrow-v0,21,51,W,0.0,False,"reflection=The level's western area remains unexplored and potentially holds important features or items, warranting further investigation in this direction."
73da8766,reflexion_mh,MiniHack-River-Narrow-v0,21,52,W,0.0,False,"reflection=The level's western area, while partially explored, still holds potential for discovery, including items, features, or paths that could aid in progres"
73da8766,reflexion_mh,MiniHack-River-Narrow-v0,21,53,N,-0.01,False,"reflection=The level's design might include a mix of open spaces and obstacles, requiring careful navigation to uncover all reachable areas. The presence of wate"
73da8766,reflexion_mh,MiniHack-River-Narrow-v0,21,54,S,0.0,False,"reflection=The level's design includes obstacles like lava or water that require careful navigation, and exploring in different directions is necessary to unders"
73da8766,reflexion_mh,MiniHack-River-Narrow-v0,21,55,E,0.0,False,"reflection=The level's design includes open spaces that allow for movement in multiple directions, and exploring these areas can help in discovering important fe"
73da8766,reflexion_mh,MiniHack-River-Narrow-v0,21,56,E,0.0,False,"reflection=The level's design includes open spaces that allow for movement in multiple directions, and exploring these areas can help in discovering important fe"
73da8766,reflexion_mh,MiniHack-River-Narrow-v0,21,57,E,0.0,False,"reflection=The level's design includes open spaces that allow for movement in multiple directions, and exploring these areas can help in discovering important fe"
73da8766,reflexion_mh,MiniHack-River-Narrow-v0,21,58,NE,0.0,False,"reflection=The level's design includes open spaces that allow for movement in multiple directions, and exploring these areas can help in discovering important fe"
73da8766,reflexion_mh,MiniHack-River-Narrow-v0,21,59,E,0.0,False,"reflection=The level's open spaces suggest that movement in any of the main compass directions (N, E, S, W) or diagonals could be useful for exploration. It's al"
73da8766,reflexion_mh,MiniHack-River-Narrow-v0,21,60,NE,-0.01,False,"reflection=The level's open spaces suggest that movement in any of the main compass directions (N, E, S, W) or diagonals could be useful for exploration. Trying "
73da8766,reflexion_mh,MiniHack-River-Narrow-v0,21,61,N,-0.01,False,reflection=The level's open spaces suggest that movement in any of the main compass directions or diagonals could be useful for exploration. Trying new direction
73da8766,reflexion_mh,MiniHack-River-Narrow-v0,21,62,S,0.0,False,"reflection=The level's layout suggests that there might be a larger open area or a corridor to the south or west, given the lack of progress in the northern and "
73da8766,reflexion_mh,MiniHack-River-Narrow-v0,21,63,W,0.0,False,"reflection=The level's layout suggests that there might be a larger open area or a corridor to the south or west, and trying these directions could provide new i"
73da8766,reflexion_mh,MiniHack-River-Narrow-v0,21,64,W,0.0,False,"reflection=The level's layout suggests that there might be a larger open area or a corridor to the south or west, and trying these directions could provide new i"
73da8766,reflexion_mh,MiniHack-River-Narrow-v0,21,65,W,0.0,False,"reflection=The level's western area remains unexplored, suggesting potential for discovery of new paths, items, or features crucial for progression."
73da8766,reflexion_mh,MiniHack-River-Narrow-v0,21,66,W,0.0,False,"reflection=The level's western area remains largely unexplored, suggesting potential for discovery of new paths, items, or features crucial for progression. Init"
73da8766,reflexion_mh,MiniHack-River-Narrow-v0,21,67,W,0.0,False,"reflection=The level's western area remains a priority for exploration, with potential for crucial discoveries. The absence of immediate dangers in other directi"
73da8766,reflexion_mh,MiniHack-River-Narrow-v0,21,68,W,0.0,False,"reflection=The level's western area remains a priority for exploration, and continued movement in this direction may reveal the location of the staircase or othe"
73da8766,reflexion_mh,MiniHack-River-Narrow-v0,21,69,W,-0.01,False,"reflection=The level's western area continues to be explorable, suggesting that there might be more floor or important features in this direction."
73da8766,reflexion_mh,MiniHack-River-Narrow-v0,21,70,W,-0.01,False,"reflection=The level's western area is more extensive than initially thought, with the potential for additional rooms, corridors, or items. Continuing west may r"
73da8766,reflexion_mh,MiniHack-River-Narrow-v0,21,71,N,0.0,False,"reflection=The level's western boundary has been reached, indicating a need to explore north, south, or east to find the downstairs or other significant elements"
73da8766,reflexion_mh,MiniHack-River-Narrow-v0,21,72,E,0.0,False,"reflection=The level's western boundary has been fully explored from this starting position, indicating that significant features like the downstairs are likely "
73da8766,reflexion_mh,MiniHack-River-Narrow-v0,21,73,E,0.0,False,"reflection=The level's eastern boundary and potential northern and southern paths need to be explored to locate the downstairs or other significant features, wit"
73da8766,reflexion_mh,MiniHack-River-Narrow-v0,21,74,N,-0.01,False,"reflection=The level's eastern boundary is bounded by lava or water, suggesting a need to explore north and south to find the downstairs or significant features,"
73da8766,reflexion_mh,MiniHack-River-Narrow-v0,21,75,N,-0.01,False,"reflection=The level's eastern boundary appears to be solid, suggesting a focus on north and south exploration to find key features like the downstairs. The curr"
73da8766,reflexion_mh,MiniHack-River-Narrow-v0,21,76,S,0.0,False,"reflection=The level's design suggests that significant features or paths may be located towards the southern part of the map, given the solid stone to the east "
73da8766,reflexion_mh,MiniHack-River-Narrow-v0,21,77,S,0.0,False,"reflection=The level's design suggests that significant features or paths may be located towards the southern part of the map, and exploring south could reveal m"
73da8766,reflexion_mh,MiniHack-River-Narrow-v0,21,78,S,0.0,False,"reflection=The level's southern area is likely to contain important features or the downstairs, and moving south is a priority for exploration."
73da8766,reflexion_mh,MiniHack-River-Narrow-v0,21,79,S,0.0,False,"reflection=The level's southern area is likely to contain important features or the downstairs, and moving south is a priority for exploration. So far, the area "
73da8766,reflexion_mh,MiniHack-River-Narrow-v0,21,80,S,0.0,False,"reflection=The level's southern area is likely to contain important features or the downstairs, and moving south is a priority for exploration. So far, the area "
73da8766,reflexion_mh,MiniHack-River-Narrow-v0,21,81,S,0.0,False,"reflection=The level's southern area is likely to contain important features or the downstairs, and moving south is a priority for exploration. So far, the area "
73da8766,reflexion_mh,MiniHack-River-Narrow-v0,21,82,S,-0.01,False,"reflection=The level's southern area is likely to contain important features or the downstairs, and so far, moving south has not revealed any obstacles or danger"
73da8766,reflexion_mh,MiniHack-River-Narrow-v0,21,83,S,-0.01,False,"reflection=The level's southern area is likely to contain important features or the downstairs, and moving south remains a viable path for exploration without en"
73da8766,reflexion_mh,MiniHack-River-Narrow-v0,21,84,E,0.0,False,"reflection=The level's southern area is blocked by a wall, so I need to explore other directions, possibly east or west, to find a path forward or important feat"
73da8766,reflexion_mh,MiniHack-River-Narrow-v0,21,85,W,0.0,False,"reflection=The level's southern area is blocked, and initial eastern exploration did not yield a path forward; now exploring west"
73da8766,reflexion_mh,MiniHack-River-Narrow-v0,21,86,W,0.0,False,"reflection=The level's southern area is blocked, initial eastern exploration did not yield a path forward, and western exploration has just begun, with no obstac"
73da8766,reflexion_mh,MiniHack-River-Narrow-v0,21,87,W,0.0,False,"reflection=The level's southern area is blocked, initial eastern exploration did not yield a path forward, western exploration is ongoing and has not yielded any"
73da8766,reflexion_mh,MiniHack-River-Narrow-v0,21,88,N,0.0,False,"reflection=The level's southern area is blocked, initial eastern exploration did not yield a path forward, western exploration is ongoing and has not yielded any"
73da8766,reflexion_mh,MiniHack-River-Narrow-v0,21,89,N,0.0,False,"reflection=The level's southern area is blocked, initial eastern exploration did not yield a path forward, western exploration is ongoing and has not yielded any"
73da8766,reflexion_mh,MiniHack-River-Narrow-v0,21,90,N,0.0,False,"reflection=The level's southern area is blocked, initial eastern exploration did not yield a path forward, western exploration is ongoing and has not yielded any"
73da8766,reflexion_mh,MiniHack-River-Narrow-v0,21,91,N,0.0,False,"reflection=The level's southern area is blocked, initial eastern exploration did not yield a path forward, western exploration has not yielded any findings or ob"
73da8766,reflexion_mh,MiniHack-River-Narrow-v0,21,92,N,0.0,False,"reflection=The level's northern area continues to show promise without encountering walls, suggesting it might be a primary path for progression. Eastern and wes"
73da8766,reflexion_mh,MiniHack-River-Narrow-v0,21,93,N,0.0,False,"reflection=The level's northern area continues to show promise without encountering walls, suggesting it might be a primary path for progression. I have not foun"
73da8766,reflexion_mh,MiniHack-River-Narrow-v0,21,94,N,-0.01,False,"reflection=The level's northern area continues to show promise without encountering walls, suggesting it might be a primary path for progression. I still need to"
73da8766,reflexion_mh,MiniHack-River-Narrow-v0,21,95,N,-0.01,False,"reflection=The level's northern area continues to be a viable path for exploration, with no walls encountered yet, suggesting potential for finding key elements "
73da8766,reflexion_mh,MiniHack-River-Narrow-v0,21,96,E,0.0,False,"reflection=The level's northern boundary is solid stone, so exploration should focus on other directions to find the downstairs or other important features."
73da8766,reflexion_mh,MiniHack-River-Narrow-v0,21,97,S,0.0,False,"reflection=The level's northern boundary is solid stone, and initial exploration to the east did not reveal any important features, suggesting that further explo"
73da8766,reflexion_mh,MiniHack-River-Narrow-v0,21,98,S,0.0,False,"reflection=The level's northern boundary is solid stone, and initial exploration to the east did not reveal any important features. Now, exploring south might pr"
73da8766,reflexion_mh,MiniHack-River-Narrow-v0,21,99,S,0.0,False,"reflection=The level's northern boundary is solid stone, and initial exploration to the east did not reveal any important features. Exploring south might provide"
73da8766,reflexion_mh,MiniHack-River-Narrow-v0,21,100,S,0.0,False,"reflection=The level's northern boundary is solid stone, and initial exploration to the east did not reveal any important features. Exploring south might provide"
73da8766,reflexion_mh,MiniHack-River-Narrow-v0,21,101,S,0.0,False,"reflection=The level's southern direction remains largely unexplored, and moving south could reveal crucial elements such as the downstairs, rooms, or corridors."
73da8766,reflexion_mh,MiniHack-River-Narrow-v0,21,102,S,0.0,False,"reflection=The level's southern direction is still largely unexplored, and moving south could reveal crucial elements such as the downstairs, rooms, or corridors"
73da8766,reflexion_mh,MiniHack-River-Narrow-v0,21,103,S,-0.01,False,"reflection=The level's southern direction remains unexplored, and further movement south may reveal important features such as stairs, rooms, or corridors, and i"
73da8766,reflexion_mh,MiniHack-River-Narrow-v0,21,104,N,0.0,False,"reflection=The level's southern direction appears to be bounded by solid stone, indicating a need to explore other directions such as north, east, or west to fin"
73da8766,reflexion_mh,MiniHack-River-Narrow-v0,21,105,E,0.0,False,"reflection=The level's southern boundary is solid, suggesting that key features like the downstairs are likely to be found in other directions. Exploring east ma"
73da8766,reflexion_mh,MiniHack-River-Narrow-v0,21,106,E,0.0,False,"reflection=The level's southern boundary is solid, and initial exploration east has not revealed any immediate dangers or objectives, suggesting a need to contin"
73da8766,reflexion_mh,MiniHack-River-Narrow-v0,21,107,E,0.0,False,"reflection=The level's eastern boundary has not been fully explored, and there's a possibility of finding stairs, items, or enemies by moving further east."
73da8766,reflexion_mh,MiniHack-River-Narrow-v0,21,108,E,0.0,False,"reflection=The level's eastern boundary remains unexplored, and it's possible that important features like stairs, items, or enemies could be found by continuing"
73da8766,reflexion_mh,MiniHack-River-Narrow-v0,21,109,E,0.0,False,"reflection=The level's eastern boundary has lava or water, suggesting a potential obstacle or hazard in that direction, and further exploration is needed to unde"
73da8766,reflexion_mh,MiniHack-River-Narrow-v0,21,110,W,0.0,False,"reflection=The level's eastern boundary has a hazard, and exploring west or other directions may reveal more of the layout and potentially the downstairs."
73da8766,reflexion_mh,MiniHack-River-Narrow-v0,21,111,NW,0.0,False,"reflection=The level's eastern boundary has a hazard, and exploring west or other directions may reveal more of the layout and potentially the downstairs. Diagon"
73da8766,reflexion_mh,MiniHack-River-Narrow-v0,21,112,S,0.0,False,"reflection=The level's eastern boundary has a hazard, and initial exploration suggests that moving south or west may provide more insights into the level's layou"
73da8766,reflexion_mh,MiniHack-River-Narrow-v0,21,113,S,0.0,False,"reflection=The level's eastern boundary has a hazard, and initial exploration suggests that moving south or west may provide more insights into the level's layou"
73da8766,reflexion_mh,MiniHack-River-Narrow-v0,21,114,S,-0.01,False,"reflection=The level's eastern boundary has a hazard, and initial exploration suggests that moving south or west may provide more insights into the level's layou"
73da8766,reflexion_mh,MiniHack-River-Narrow-v0,21,115,S,-0.01,False,"reflection=The level's eastern boundary has a hazard, and initial exploration suggests that moving south or west may provide more insights into the level's layou"
73da8766,reflexion_mh,MiniHack-River-Narrow-v0,21,116,W,0.0,False,"reflection=The level's southern boundary has been reached without finding the downstairs, indicating that further exploration westward or northwestward may be ne"
73da8766,reflexion_mh,MiniHack-River-Narrow-v0,21,117,NW,0.0,False,reflection=The level's layout suggests that the downstairs might be located in the unexplored western or northwestern areas. Continuing to explore these directio
73da8766,reflexion_mh,MiniHack-River-Narrow-v0,21,118,N,0.0,False,"reflection=The level's layout suggests that the downstairs might be located in the unexplored western, northwestern, or northern areas. Continuing to explore the"
73da8766,reflexion_mh,MiniHack-River-Narrow-v0,21,119,N,0.0,False,"reflection=The level's layout suggests that the downstairs might be located in the unexplored western, northwestern, or northern areas. Continuing to explore the"
73da8766,reflexion_mh,MiniHack-River-Narrow-v0,22,0,N,0.0,False,"reflection=The level appears to have a body of water or lava (}) to the east, and the floor (. ) is the dominant feature. I'm currently in a relatively open area"
73da8766,reflexion_mh,MiniHack-River-Narrow-v0,22,1,N,-0.01,False,"reflection=The level has a significant body of water or lava to the east, and initial movement north does not reveal any immediate dangers or the downstairs. Fur"
73da8766,reflexion_mh,MiniHack-River-Narrow-v0,22,2,W,0.0,False,"reflection=The level has a significant body of water or lava to the east, and initial movement north does not reveal any immediate dangers or the downstairs. Exp"
73da8766,reflexion_mh,MiniHack-River-Narrow-v0,22,3,W,0.0,False,"reflection=The level has a significant body of water or lava to the east, and initial movement north does not reveal any immediate dangers or the downstairs. Exp"
73da8766,reflexion_mh,MiniHack-River-Narrow-v0,22,4,W,0.0,False,"reflection=The level has a significant body of water or lava to the east, initial movement north does not reveal any immediate dangers or the downstairs, and exp"
73da8766,reflexion_mh,MiniHack-River-Narrow-v0,22,5,S,0.0,False,reflection=The level's layout suggests that the western path may not be as fruitful as initially thought due to the lack of new information revealed by recent we
73da8766,reflexion_mh,MiniHack-River-Narrow-v0,22,6,S,0.0,False,"reflection=The level's layout suggests that the southern path may lead to significant features or the downstairs, and it's necessary to explore this direction to"
73da8766,reflexion_mh,MiniHack-River-Narrow-v0,22,7,S,0.0,False,"reflection=The level's layout suggests that the southern path may lead to significant features or the downstairs, and it's necessary to explore this direction to"
73da8766,reflexion_mh,MiniHack-River-Narrow-v0,22,8,S,0.0,False,"reflection=The level's design, with the southern path being open, suggests that this direction may lead to important features such as the staircase down or other"
73da8766,reflexion_mh,MiniHack-River-Narrow-v0,22,9,S,0.0,False,"reflection=The level's design, with the southern path being open, suggests that this direction may lead to important features such as the staircase down or other"
73da8766,reflexion_mh,MiniHack-River-Narrow-v0,22,10,S,0.0,False,"reflection=The level's design, with the southern path being open, suggests that this direction may lead to important features such as the staircase down or other"
73da8766,reflexion_mh,MiniHack-River-Narrow-v0,22,11,S,-0.01,False,"reflection=The level's design continues to suggest that the southern path is a priority for exploration, and the absence of walls in the current view reinforces "
73da8766,reflexion_mh,MiniHack-River-Narrow-v0,22,12,S,-0.01,False,"reflection=The level's design continues to suggest that the southern path is a priority for exploration, and the absence of walls in the current view reinforces "
73da8766,reflexion_mh,MiniHack-River-Narrow-v0,22,13,E,0.0,False,"reflection=The level's design continues to suggest that the southern path is a priority for exploration, but since it's blocked, I need to explore other directio"
73da8766,reflexion_mh,MiniHack-River-Narrow-v0,22,14,W,0.0,False,"reflection=The level's design suggests that exploration in multiple directions is necessary to uncover potential paths or items, and the presence of lava or wate"
73da8766,reflexion_mh,MiniHack-River-Narrow-v0,22,15,N,0.0,False,"reflection=The level's design suggests that exploration in multiple directions is necessary to uncover potential paths or items, and the presence of lava or wate"
73da8766,reflexion_mh,MiniHack-River-Narrow-v0,22,16,N,0.0,False,"reflection=The level's design suggests that exploration in multiple directions is necessary to uncover potential paths or items, and the presence of lava or wate"
73da8766,reflexion_mh,MiniHack-River-Narrow-v0,22,17,N,0.0,False,"reflection=The level's design suggests that exploration in multiple directions is necessary, with a focus on avoiding lava and water to the east and south, and t"
73da8766,reflexion_mh,MiniHack-River-Narrow-v0,22,18,N,0.0,False,"reflection=The level's design suggests that exploration in multiple directions is necessary, with a focus on avoiding lava and water to the east and south, and t"
73da8766,reflexion_mh,MiniHack-River-Narrow-v0,22,19,N,0.0,False,"reflection=The level's design suggests that exploration in multiple directions is necessary, with a focus on avoiding lava and water to the east and south, and t"
73da8766,reflexion_mh,MiniHack-River-Narrow-v0,22,20,N,0.0,False,"reflection=The level's design suggests a potential corridor or path to the north, which could lead to important locations such as stairs or items. Continuing nor"
73da8766,reflexion_mh,MiniHack-River-Narrow-v0,22,21,N,-0.01,False,"reflection=The level's design suggests a potential corridor or path to the north, which could lead to important locations such as stairs or items. The absence of"
73da8766,reflexion_mh,MiniHack-River-Narrow-v0,22,22,N,-0.01,False,"reflection=The level's design suggests a potential corridor or path to the north, which could lead to important locations such as stairs or items. So far, moving"
73da8766,reflexion_mh,MiniHack-River-Narrow-v0,22,23,E,0.0,False,"reflection=The level's design suggests a potential corridor or path to the north, but since it's blocked, other directions like east or west should be explored f"
73da8766,reflexion_mh,MiniHack-River-Narrow-v0,22,24,W,0.0,False,"reflection=The level's design suggests a potential corridor or path to the north, but since it's blocked, other directions like east or west should be explored f"
73da8766,reflexion_mh,MiniHack-River-Narrow-v0,22,25,W,-0.01,False,"reflection=The level's design suggests a potential corridor or path to the north, but since it's blocked, other directions like east or west should be explored f"
73da8766,reflexion_mh,MiniHack-River-Narrow-v0,22,26,W,-0.01,False,"reflection=The level's design suggests a potential corridor or path to the north, but since it's blocked, other directions like east or west should be explored f"
73da8766,reflexion_mh,MiniHack-River-Narrow-v0,22,27,S,0.0,False,reflection=The level's design suggests that initial exploration should focus on finding safe paths and items before attempting to navigate through or around dang
73da8766,reflexion_mh,MiniHack-River-Narrow-v0,22,28,E,0.0,False,reflection=The level's design suggests that initial exploration should focus on finding safe paths and items before attempting to navigate through or around dang
73da8766,reflexion_mh,MiniHack-River-Narrow-v0,22,29,E,0.0,False,reflection=The level's design suggests that initial exploration should focus on finding safe paths and items before attempting to navigate through or around dang
73da8766,reflexion_mh,MiniHack-River-Narrow-v0,22,30,E,0.0,False,reflection=The level's design suggests that initial exploration should focus on finding safe paths and items before attempting to navigate through or around dang
73da8766,reflexion_mh,MiniHack-River-Narrow-v0,22,31,E,0.0,False,reflection=The level's design suggests that initial exploration should focus on finding safe paths and items before attempting to navigate through or around dang
73da8766,reflexion_mh,MiniHack-River-Narrow-v0,22,32,E,0.0,False,reflection=The level's design suggests that initial exploration should focus on finding safe paths and items before attempting to navigate through or around dang
73da8766,reflexion_mh,MiniHack-River-Narrow-v0,22,33,N,0.0,False,reflection=The level's design suggests that initial exploration should focus on finding safe paths and items before attempting to navigate through or around dang
73da8766,reflexion_mh,MiniHack-River-Narrow-v0,22,34,N,-0.01,False,"reflection=The level's design suggests prioritizing exploration of open paths, and moving north may reveal more of the level's layout and potential objectives, s"
73da8766,reflexion_mh,MiniHack-River-Narrow-v0,22,35,N,-0.01,False,"reflection=The level's design suggests prioritizing exploration of open paths, and moving north may reveal more of the level's layout and potential objectives, s"
73da8766,reflexion_mh,MiniHack-River-Narrow-v0,22,36,E,0.0,False,"reflection=The level's design suggests that when a direction is blocked, trying adjacent directions can help reveal more of the layout. Prioritizing exploration "
73da8766,reflexion_mh,MiniHack-River-Narrow-v0,22,37,E,0.0,False,"reflection=The level's design suggests that when a direction is blocked, trying adjacent directions can help reveal more of the layout. Prioritizing exploration "
73da8766,reflexion_mh,MiniHack-River-Narrow-v0,22,38,E,0.0,False,"reflection=The level's design suggests that when a direction is blocked, trying adjacent directions can help reveal more of the layout. Prioritizing exploration "
73da8766,reflexion_mh,MiniHack-River-Narrow-v0,22,39,E,0.0,False,"reflection=The level's design suggests that when a direction is blocked, trying adjacent directions can help reveal more of the layout. Prioritizing exploration "
73da8766,reflexion_mh,MiniHack-River-Narrow-v0,22,40,E,0.0,False,"reflection=The level's design suggests that when a direction is blocked, trying adjacent directions can help reveal more of the layout. Prioritizing exploration "
73da8766,reflexion_mh,MiniHack-River-Narrow-v0,22,41,E,0.0,False,"reflection=The level's design suggests that when a direction is blocked, trying adjacent directions can help reveal more of the layout. Prioritizing exploration "
73da8766,reflexion_mh,MiniHack-River-Narrow-v0,22,42,S,0.0,False,"reflection=The level's design suggests that when a direction is blocked, trying adjacent directions can help reveal more of the layout. Prioritizing exploration "
73da8766,reflexion_mh,MiniHack-River-Narrow-v0,22,43,S,0.0,False,"reflection=The level's design suggests that when a direction is blocked, trying adjacent directions can help reveal more of the layout. Prioritizing exploration "
73da8766,reflexion_mh,MiniHack-River-Narrow-v0,22,44,E,0.0,False,"reflection=The level's design suggests that when a direction is blocked, trying adjacent directions can help reveal more of the layout. Prioritizing exploration "
73da8766,reflexion_mh,MiniHack-River-Narrow-v0,22,45,E,0.0,False,"reflection=The level's design suggests that when a direction is blocked, trying adjacent directions can help reveal more of the layout. Prioritizing exploration "
73da8766,reflexion_mh,MiniHack-River-Narrow-v0,22,46,N,0.0,False,"reflection=The level's design suggests that when a direction is blocked, trying adjacent directions can help reveal more of the layout. Prioritizing exploration "
73da8766,reflexion_mh,MiniHack-River-Narrow-v0,22,47,NE,0.0,False,"reflection=The level's design suggests that when a direction is blocked, trying adjacent directions can help reveal more of the layout. Prioritizing exploration "
73da8766,reflexion_mh,MiniHack-River-Narrow-v0,22,48,E,0.0,False,"reflection=The level's design suggests that when a direction is blocked, trying adjacent directions can help reveal more of the layout. Prioritizing exploration "
73da8766,reflexion_mh,MiniHack-River-Narrow-v0,22,49,E,0.0,False,"reflection=The level's design suggests that when a direction is not blocked, exploring in that direction can reveal more of the layout. Prioritizing open paths a"
73da8766,reflexion_mh,MiniHack-River-Narrow-v0,22,50,E,0.0,False,"reflection=The level's design suggests that when a direction is not blocked, exploring in that direction can reveal more of the layout. Prioritizing open paths a"
73da8766,reflexion_mh,MiniHack-River-Narrow-v0,22,51,NE,-0.01,False,"reflection=The level's design suggests that when a direction is not blocked, exploring in that direction can reveal more of the layout. Prioritizing open paths a"
73da8766,reflexion_mh,MiniHack-River-Narrow-v0,22,52,NE,-0.01,False,"reflection=The level's design suggests prioritizing movements that are not blocked, and combining directions (like northeast) can be efficient for exploration. T"
73da8766,reflexion_mh,MiniHack-River-Narrow-v0,22,53,SE,0.0,False,"reflection=The level's design suggests prioritizing movements that are not blocked, and combining directions can be efficient for exploration. The absence of imm"
73da8766,reflexion_mh,MiniHack-River-Narrow-v0,22,54,S,0.0,False,"reflection=The level's design suggests prioritizing movements that are not blocked, and combining directions can be efficient for exploration. The absence of imm"
73da8766,reflexion_mh,MiniHack-River-Narrow-v0,22,55,N,0.0,False,"reflection=The level's design suggests prioritizing movements that are not blocked, and combining directions can be efficient for exploration. The absence of imm"
73da8766,reflexion_mh,MiniHack-River-Narrow-v0,22,56,SE,0.0,False,"reflection=The level's design suggests prioritizing movements that are not blocked, and combining directions can be efficient for exploration. The absence of imm"
73da8766,reflexion_mh,MiniHack-River-Narrow-v0,22,57,E,0.0,False,"reflection=The level's design suggests that there are open areas to explore in multiple directions, and it's crucial to avoid repeating movements that hit walls,"
73da8766,reflexion_mh,MiniHack-River-Narrow-v0,22,58,NE,0.0,False,"reflection=The level's design suggests that there are open areas to explore in multiple directions, and it's crucial to avoid repeating movements that hit walls,"
73da8766,reflexion_mh,MiniHack-River-Narrow-v0,22,59,N,0.0,False,"reflection=The level's design suggests that there are open areas to explore in multiple directions, and it's crucial to avoid repeating movements that hit walls."
73da8766,reflexion_mh,MiniHack-River-Narrow-v0,22,60,N,0.0,False,"reflection=The level's design suggests that there are open areas to explore in multiple directions, and it's crucial to avoid repeating movements that hit walls."
73da8766,reflexion_mh,MiniHack-River-Narrow-v0,22,61,N,-0.01,False,"reflection=The level's design suggests that there are open areas to explore in multiple directions, and it's crucial to avoid repeating movements that hit walls."
73da8766,reflexion_mh,MiniHack-River-Narrow-v0,22,62,N,-0.01,False,"reflection=The level's design suggests that there are open areas to explore in multiple directions, and it's crucial to avoid repeating movements that hit walls."
73da8766,reflexion_mh,MiniHack-River-Narrow-v0,22,63,E,0.0,False,"reflection=The level's design suggests that there are open areas to explore in multiple directions, and it's crucial to avoid repeating movements that hit walls."
73da8766,reflexion_mh,MiniHack-River-Narrow-v0,22,64,E,0.0,False,"reflection=The level's design suggests that there are open areas to explore in multiple directions, and it's crucial to avoid repeating movements that hit walls."
73da8766,reflexion_mh,MiniHack-River-Narrow-v0,22,65,E,0.0,False,reflection=The level seems to have a mix of open spaces and potential obstacles like lava or water (represented by '}'). It's essential to keep exploring in diff
73da8766,reflexion_mh,MiniHack-River-Narrow-v0,22,66,W,0.0,False,"reflection=The level seems to have a mix of open spaces and potential obstacles, and it's essential to keep exploring in different directions. So far, no creatur"
73da8766,reflexion_mh,MiniHack-River-Narrow-v0,22,67,W,0.0,False,"reflection=The level seems to have a mix of open spaces and potential obstacles, and it's essential to keep exploring in different directions. The presence of la"
73da8766,reflexion_mh,MiniHack-River-Narrow-v0,22,68,S,0.0,False,"reflection=The level's layout suggests a cautious approach, prioritizing exploration of potentially safer areas before tackling regions with obvious hazards like"
73da8766,reflexion_mh,MiniHack-River-Narrow-v0,22,69,E,0.0,False,"reflection=The level's layout suggests a mix of open spaces and potential hazards, emphasizing the need for careful step-by-step exploration to uncover hidden da"
73da8766,reflexion_mh,MiniHack-River-Narrow-v0,22,70,E,0.0,False,"reflection=The level's layout suggests a mix of open spaces and potential hazards, emphasizing the need for careful step-by-step exploration to uncover hidden da"
73da8766,reflexion_mh,MiniHack-River-Narrow-v0,22,71,S,0.0,False,"reflection=The level's layout suggests a mix of open spaces and potential hazards, emphasizing the need for careful step-by-step exploration to uncover hidden da"
73da8766,reflexion_mh,MiniHack-River-Narrow-v0,22,72,E,0.0,False,"reflection=The level's layout suggests a mix of open spaces and potential hazards, emphasizing the need for careful step-by-step exploration to uncover hidden da"
73da8766,reflexion_mh,MiniHack-River-Narrow-v0,22,73,N,0.0,False,"reflection=The level's layout suggests a mix of open spaces and potential hazards, emphasizing the need for careful step-by-step exploration to uncover hidden da"
73da8766,reflexion_mh,MiniHack-River-Narrow-v0,22,74,N,0.0,False,"reflection=The level's layout suggests a mix of open spaces and potential hazards, emphasizing the need for careful step-by-step exploration to uncover hidden da"
73da8766,reflexion_mh,MiniHack-River-Narrow-v0,22,75,N,-0.01,False,"reflection=The level's layout suggests a mix of open spaces and potential hazards, emphasizing the need for careful step-by-step exploration to uncover hidden da"
73da8766,reflexion_mh,MiniHack-River-Narrow-v0,22,76,N,-0.01,False,"reflection=The level's layout suggests a mix of open spaces and potential hazards, emphasizing careful exploration. The north direction appears to be the safest "
73da8766,reflexion_mh,MiniHack-River-Narrow-v0,22,77,E,0.0,False,"reflection=The level's layout suggests a mix of open spaces and potential hazards, emphasizing careful exploration. Given the wall to the north, exploring east o"
73da8766,reflexion_mh,MiniHack-River-Narrow-v0,22,78,S,0.0,False,"reflection=The level's layout suggests a mix of open spaces and potential hazards, emphasizing careful exploration. The presence of lava or water to the east ind"
73da8766,reflexion_mh,MiniHack-River-Narrow-v0,22,79,N,0.0,False,"reflection=The level's design suggests that exploring northward may yield important discoveries about the layout and potential hazards, while also considering th"
73da8766,reflexion_mh,MiniHack-River-Narrow-v0,22,80,N,-0.01,False,"reflection=The level's design suggests that exploring northward may yield important discoveries about the layout and potential hazards, and it's also possible th"
73da8766,reflexion_mh,MiniHack-River-Narrow-v0,22,81,E,0.0,False,"reflection=The level's design suggests that exploring northward is blocked by solid stone, so it's necessary to explore other directions to find the stairs or im"
73da8766,reflexion_mh,MiniHack-River-Narrow-v0,22,82,E,0.0,False,"reflection=The level's design suggests that exploring northward is blocked by solid stone, so it's necessary to explore other directions to find the stairs or im"
73da8766,reflexion_mh,MiniHack-River-Narrow-v0,22,83,W,0.0,False,"reflection=The level's design suggests that exploring northward is blocked by solid stone, and eastward is also blocked. Trying different directions will help ma"
73da8766,reflexion_mh,MiniHack-River-Narrow-v0,22,84,S,0.0,False,"reflection=The level's design suggests that exploring northward and eastward is blocked, so trying southward or westward will help map out the level and locate t"
73da8766,reflexion_mh,MiniHack-River-Narrow-v0,22,85,S,0.0,False,"reflection=The level's design suggests that exploring southward may lead to the stairs or other key features, and it's necessary to be cautious of the lava or wa"
73da8766,reflexion_mh,MiniHack-River-Narrow-v0,22,86,S,0.0,False,"reflection=The level's design suggests that exploring southward may lead to the stairs or other key features, and it's necessary to be cautious of the lava or wa"
73da8766,reflexion_mh,MiniHack-River-Narrow-v0,22,87,S,0.0,False,"reflection=The level's design suggests that exploring southward may lead to the stairs or other key features, and it's necessary to be cautious of the lava or wa"
73da8766,reflexion_mh,MiniHack-River-Narrow-v0,22,88,S,-0.01,False,"reflection=The level's design suggests that exploring southward may lead to the stairs or other key features, and it's necessary to be cautious of the lava or wa"
73da8766,reflexion_mh,MiniHack-River-Narrow-v0,22,89,S,-0.01,False,"reflection=The level's design suggests that exploring southward may lead to the stairs or other key features, and it's necessary to be cautious of the lava or wa"
73da8766,reflexion_mh,MiniHack-River-Narrow-v0,22,90,E,0.0,False,"reflection=The level's design suggests that exploring southward is not currently an option, so it's necessary to consider other directions for progression, possi"
73da8766,reflexion_mh,MiniHack-River-Narrow-v0,22,91,N,0.0,False,"reflection=The level's design suggests that exploring northward may lead to new features or a way around the wall, and it's crucial to avoid the lava or water ar"
73da8766,reflexion_mh,MiniHack-River-Narrow-v0,22,92,N,0.0,False,"reflection=The level's design suggests that exploring northward may lead to new features or a way around the wall, and it's crucial to avoid the lava or water ar"
73da8766,reflexion_mh,MiniHack-River-Narrow-v0,22,93,N,0.0,False,"reflection=The level's design suggests that exploring northward may lead to new features or a way around the wall, and it's crucial to avoid the lava or water ar"
73da8766,reflexion_mh,MiniHack-River-Narrow-v0,22,94,N,0.0,False,"reflection=The level's design suggests that exploring northward may lead to new features or a way around the wall, and it's crucial to avoid the lava or water ar"
73da8766,reflexion_mh,MiniHack-River-Narrow-v0,22,95,N,0.0,False,"reflection=The level's design suggests that northward exploration may yield important discoveries, and it's essential to continue avoiding lava/water areas. The "
73da8766,reflexion_mh,MiniHack-River-Narrow-v0,22,96,N,-0.01,False,"reflection=The level's design suggests that northward exploration may yield important discoveries, and it's essential to continue avoiding lava/water areas. The "
73da8766,reflexion_mh,MiniHack-River-Narrow-v0,22,97,E,0.0,False,"reflection=The level's design suggests that northward exploration may yield important discoveries, but it's also important to explore other directions to find ne"
73da8766,reflexion_mh,MiniHack-River-Narrow-v0,22,98,W,0.0,False,"reflection=The level's design suggests that northward exploration may yield important discoveries, but it's also important to explore other directions to find ne"
73da8766,reflexion_mh,MiniHack-River-Narrow-v0,22,99,N,0.0,False,"reflection=The level's design suggests that northward exploration may yield important discoveries, but it's also important to explore other directions to find ne"
73da8766,reflexion_mh,MiniHack-River-Narrow-v0,22,100,N,-0.01,False,"reflection=The level's design suggests that northward exploration may yield important discoveries, and since there are no immediate dangers observed in this dire"
73da8766,reflexion_mh,MiniHack-River-Narrow-v0,22,101,NW,-0.01,False,"reflection=The level's design includes solid stone barriers that can block direct northward progression from certain points, suggesting the need to explore alter"
73da8766,reflexion_mh,MiniHack-River-Narrow-v0,22,102,E,0.0,False,"reflection=The level's design includes solid stone barriers that can block direct northward progression from certain points, suggesting the need to explore alter"
73da8766,reflexion_mh,MiniHack-River-Narrow-v0,22,103,E,0.0,False,"reflection=The level's design includes solid stone barriers and bodies of lava or water that can block direct progression, suggesting the need for careful naviga"
73da8766,reflexion_mh,MiniHack-River-Narrow-v0,22,104,NE,-0.01,False,"reflection=The level's design includes solid stone barriers and bodies of lava or water that can block direct progression, suggesting the need for careful naviga"
73da8766,reflexion_mh,MiniHack-River-Narrow-v0,22,105,E,0.0,False,"reflection=The level's design includes solid stone barriers and bodies of lava or water that can block direct progression, suggesting the need for careful naviga"
73da8766,reflexion_mh,MiniHack-River-Narrow-v0,22,106,N,0.0,False,"reflection=The level's design includes solid stone barriers and bodies of lava or water that can block direct progression, suggesting the need for careful naviga"
73da8766,reflexion_mh,MiniHack-River-Narrow-v0,22,107,N,-0.01,False,"reflection=The level's design includes solid stone barriers and bodies of lava or water that can block direct progression, suggesting the need for careful naviga"
73da8766,reflexion_mh,MiniHack-River-Narrow-v0,22,108,N,-0.01,False,"reflection=The level's design includes solid stone barriers and bodies of lava or water that can block direct progression, suggesting the need for careful naviga"
73da8766,reflexion_mh,MiniHack-River-Narrow-v0,22,109,E,0.0,False,"reflection=The level's design includes solid stone barriers that can block direct progression, emphasizing the need for careful navigation and exploration of dif"
73da8766,reflexion_mh,MiniHack-River-Narrow-v0,22,110,E,0.0,False,"reflection=The level's design includes solid stone barriers that can block direct progression, emphasizing the need for careful navigation and exploration of dif"
73da8766,reflexion_mh,MiniHack-River-Narrow-v0,22,111,N,-0.01,False,"reflection=The level's design includes solid stone barriers that can block direct progression, emphasizing the need for careful navigation and exploration of dif"
73da8766,reflexion_mh,MiniHack-River-Narrow-v0,22,112,E,0.0,False,"reflection=The level's design includes solid stone barriers that can block direct progression, emphasizing the need for careful navigation and exploration of dif"
73da8766,reflexion_mh,MiniHack-River-Narrow-v0,22,113,S,0.0,False,"reflection=The level's design includes solid stone barriers that can block direct progression, emphasizing the need for careful navigation and exploration of dif"
73da8766,reflexion_mh,MiniHack-River-Narrow-v0,22,114,E,0.0,False,"reflection=The level's design includes open spaces that allow for movement in multiple directions, indicating the importance of systematic exploration to reveal "
73da8766,reflexion_mh,MiniHack-River-Narrow-v0,22,115,E,0.0,False,"reflection=The level's design includes open spaces that allow for movement in multiple directions, indicating the importance of systematic exploration to reveal "
73da8766,reflexion_mh,MiniHack-River-Narrow-v0,22,116,N,-0.01,False,"reflection=The level's design includes open spaces that allow for movement in multiple directions, indicating the importance of systematic exploration to reveal "
73da8766,reflexion_mh,MiniHack-River-Narrow-v0,22,117,S,0.0,False,"reflection=The level's design includes obstacles like lava or water (represented by '}') which might limit movement in certain directions, emphasizing the need t"
73da8766,reflexion_mh,MiniHack-River-Narrow-v0,22,118,E,0.0,False,"reflection=The level's design includes obstacles like lava or water which might limit movement in certain directions, emphasizing the need to carefully choose pa"
73da8766,reflexion_mh,MiniHack-River-Narrow-v0,22,119,N,0.0,False,"reflection=The level's design includes obstacles like lava or water which might limit movement in certain directions, emphasizing the need to carefully choose pa"
73da8766,reflexion_mh,MiniHack-River-Narrow-v0,23,0,E,0.0,False,"reflection=The level appears to be a simple room with a body of water or lava to the east, and no visible creatures or objects. I should be cautious of the water"
73da8766,reflexion_mh,MiniHack-River-Narrow-v0,23,1,N,-0.01,False,"reflection=The level has a body of water or lava to the east, and I need to find a safe route around it. I'll try moving north to see if I can find any objects, "
73da8766,reflexion_mh,MiniHack-River-Narrow-v0,23,2,W,0.0,False,"reflection=The level has a body of water or lava to the east, and I need to find a safe route around it. Moving north didn't reveal any objects or corridors, so "
73da8766,reflexion_mh,MiniHack-River-Narrow-v0,23,3,W,0.0,False,"reflection=The level has a body of water or lava to the east, and initial north and east movements were not fruitful. Moving west is the next step to find altern"
73da8766,reflexion_mh,MiniHack-River-Narrow-v0,23,4,W,0.0,False,"reflection=The level has a significant body of water or lava to the east, which might be a natural boundary, and initial movements suggest that the starting area"
73da8766,reflexion_mh,MiniHack-River-Narrow-v0,23,5,N,-0.01,False,"reflection=The level's initial area seems enclosed to the east due to the presence of water or lava, suggesting the need to explore north, south, or west to find"
73da8766,reflexion_mh,MiniHack-River-Narrow-v0,23,6,S,0.0,False,"reflection=The level's initial area is enclosed to the east, suggesting exploration north, south, or west. The presence of '}' (lava or water) to the east limits"
73da8766,reflexion_mh,MiniHack-River-Narrow-v0,23,7,N,0.0,False,"reflection=The level's initial area is enclosed to the east, suggesting exploration north, south, or west. The presence of '}' to the east limits movement in tha"
73da8766,reflexion_mh,MiniHack-River-Narrow-v0,23,8,S,0.0,False,"reflection=The level's initial area is enclosed to the east, suggesting exploration north, south, or west. The presence of '}' to the east limits movement in tha"
73da8766,reflexion_mh,MiniHack-River-Narrow-v0,23,9,S,0.0,False,"reflection=The level's initial area is enclosed to the east, suggesting exploration north, south, or west. The presence of '}' to the east limits movement in tha"
73da8766,reflexion_mh,MiniHack-River-Narrow-v0,23,10,S,0.0,False,"reflection=The level's initial area is enclosed to the east, and moving south may reveal stairs, items, or a more open path. The southern path remains a priority"
73da8766,reflexion_mh,MiniHack-River-Narrow-v0,23,11,S,0.0,False,"reflection=The level's initial area is enclosed to the east, and moving south may reveal stairs, items, or a more open path. The southern path remains a priority"
73da8766,reflexion_mh,MiniHack-River-Narrow-v0,23,12,S,0.0,False,"reflection=The level's initial area is enclosed to the east, and moving south may reveal stairs, items, or a more open path. Continuing south will help determine"
73da8766,reflexion_mh,MiniHack-River-Narrow-v0,23,13,S,0.0,False,"reflection=The level's southern path remains unexplored and could potentially lead to more open areas, items, or stairs, while the eastern enclosure suggests a p"
73da8766,reflexion_mh,MiniHack-River-Narrow-v0,23,14,S,-0.01,False,"reflection=The level's southern path continues to yield new areas, suggesting it might be a primary route for progression, and it's worth noting the presence of "
73da8766,reflexion_mh,MiniHack-River-Narrow-v0,23,15,S,-0.01,False,"reflection=The level's southern path continues to yield new areas, suggesting it might be a primary route for progression. The lava or water to the east could be"
73da8766,reflexion_mh,MiniHack-River-Narrow-v0,23,16,N,0.0,False,"reflection=The level's southern path is bounded, suggesting the need to explore other directions for progression. The presence of lava or water to the east makes"
73da8766,reflexion_mh,MiniHack-River-Narrow-v0,23,17,W,-0.01,False,"reflection=The level's southern path is bounded, and the eastern path is hazardous due to lava or water, making west or north the primary directions for explorat"
73da8766,reflexion_mh,MiniHack-River-Narrow-v0,23,18,N,0.0,False,"reflection=The level's southern path is bounded, and the eastern path is hazardous due to lava or water, making west or north the primary directions for explorat"
73da8766,reflexion_mh,MiniHack-River-Narrow-v0,23,19,N,0.0,False,"reflection=The level's southern path is bounded, and the eastern path is hazardous due to lava or water, making west or north the primary directions for explorat"
73da8766,reflexion_mh,MiniHack-River-Narrow-v0,23,20,N,0.0,False,"reflection=The level's layout suggests that moving north could lead to finding stairs or other important features, and since there are no immediate hazards obser"
73da8766,reflexion_mh,MiniHack-River-Narrow-v0,23,21,N,0.0,False,"reflection=The level's layout suggests that moving north could lead to finding stairs or other important features, and since there are no immediate hazards obser"
73da8766,reflexion_mh,MiniHack-River-Narrow-v0,23,22,N,0.0,False,"reflection=The level's layout suggests that moving north could lead to finding stairs or other important features, and since there are no immediate hazards obser"
73da8766,reflexion_mh,MiniHack-River-Narrow-v0,23,23,N,-0.01,False,"reflection=The level's layout suggests that moving north could lead to finding stairs or other important features, and since there are no immediate hazards obser"
73da8766,reflexion_mh,MiniHack-River-Narrow-v0,23,24,N,-0.01,False,"reflection=The level's layout suggests that moving north could lead to finding stairs or other important features, and since there are no immediate hazards obser"
73da8766,reflexion_mh,MiniHack-River-Narrow-v0,23,25,E,0.0,False,"reflection=The level's layout suggests that moving north could lead to finding stairs or other important features, but since it's blocked, exploring east or west"
73da8766,reflexion_mh,MiniHack-River-Narrow-v0,23,26,E,0.0,False,"reflection=The level's layout suggests that moving east could lead to finding stairs, objects, or other paths, and it's necessary to explore this direction cauti"
73da8766,reflexion_mh,MiniHack-River-Narrow-v0,23,27,E,0.0,False,"reflection=The level's eastern path appears to be a viable route for exploration, with the need to remain alert for hazards such as lava or water and to adjust d"
73da8766,reflexion_mh,MiniHack-River-Narrow-v0,23,28,E,0.0,False,"reflection=The level's eastern path continues to be a viable route for exploration, with the need to remain alert for hazards such as lava or water and to adjust"
73da8766,reflexion_mh,MiniHack-River-Narrow-v0,23,29,E,0.0,False,"reflection=The level's eastern path continues to be a viable route for exploration, with the need to remain alert for hazards such as lava or water and to adjust"
73da8766,reflexion_mh,MiniHack-River-Narrow-v0,23,30,E,0.0,False,"reflection=The level's eastern path continues to be a viable route for exploration, with the need to remain alert for hazards such as lava or water and to adjust"
73da8766,reflexion_mh,MiniHack-River-Narrow-v0,23,31,E,0.0,False,reflection=The level's eastern path continues to be a viable route for exploration. The presence of lava or water to the south suggests a potential boundary or o
73da8766,reflexion_mh,MiniHack-River-Narrow-v0,23,32,N,-0.01,False,"reflection=The level's eastern path continues to be a viable route for exploration, but it's also important to explore other directions, such as north or west, t"
73da8766,reflexion_mh,MiniHack-River-Narrow-v0,23,33,E,0.0,False,"reflection=The eastern path continues to be a viable route for exploration, and it's necessary to keep exploring in this direction until a wall or obstacle is en"
73da8766,reflexion_mh,MiniHack-River-Narrow-v0,23,34,E,0.0,False,"reflection=The eastern path continues to be a viable route for exploration, and it's necessary to keep exploring in this direction until a wall or obstacle is en"
73da8766,reflexion_mh,MiniHack-River-Narrow-v0,23,35,E,0.0,False,"reflection=The eastern path continues to be a viable route for exploration, and it's necessary to keep exploring in this direction until a wall or obstacle is en"
73da8766,reflexion_mh,MiniHack-River-Narrow-v0,23,36,E,0.0,False,"reflection=The eastern path continues to be a viable route for exploration, and it's necessary to keep exploring in this direction until a wall or obstacle is en"
73da8766,reflexion_mh,MiniHack-River-Narrow-v0,23,37,E,0.0,False,"reflection=The eastern path continues to be a viable route for exploration, and it's necessary to keep exploring in this direction until a wall or obstacle is en"
73da8766,reflexion_mh,MiniHack-River-Narrow-v0,23,38,E,0.0,False,reflection=The eastern path continues to be a viable route for exploration. The presence of lava or water to the south and east suggests that the level may have 
73da8766,reflexion_mh,MiniHack-River-Narrow-v0,23,39,N,-0.01,False,reflection=The eastern path continues to be a viable route for exploration. The presence of lava or water to the south and east suggests that the level may have 
73da8766,reflexion_mh,MiniHack-River-Narrow-v0,23,40,E,0.0,False,reflection=The eastern path continues to be a viable route for exploration. The presence of lava or water to the south and east suggests that the level may have 
73da8766,reflexion_mh,MiniHack-River-Narrow-v0,23,41,E,0.0,False,"reflection=The eastern path continues to be a viable route for exploration, suggesting the level may open up further in this direction, potentially revealing mor"
73da8766,reflexion_mh,MiniHack-River-Narrow-v0,23,42,E,0.0,False,"reflection=The level's eastern area continues to be explorable without encountering creatures, suggesting it might be a safe or newly generated section, potentia"
73da8766,reflexion_mh,MiniHack-River-Narrow-v0,23,43,E,0.0,False,"reflection=The level's eastern area continues to be explorable without encountering creatures, suggesting it might be a safe or newly generated section, potentia"
73da8766,reflexion_mh,MiniHack-River-Narrow-v0,23,44,E,0.0,False,"reflection=The level's eastern area continues to be explorable without encountering creatures, suggesting it might be a safe or newly generated section, potentia"
73da8766,reflexion_mh,MiniHack-River-Narrow-v0,23,45,E,0.0,False,"reflection=The level's eastern area appears to be safe and potentially rewarding for further exploration, suggesting that the initial caution was warranted but t"
73da8766,reflexion_mh,MiniHack-River-Narrow-v0,23,46,N,-0.01,False,"reflection=The level's eastern boundary has been reached, indicating a need to explore other directions to find the staircase or other points of interest."
73da8766,reflexion_mh,MiniHack-River-Narrow-v0,23,47,S,0.0,False,"reflection=The level's eastern boundary is solid stone, and initial exploration suggests a need to move in other directions to find key features like staircases "
73da8766,reflexion_mh,MiniHack-River-Narrow-v0,23,48,S,0.0,False,"reflection=The level's eastern boundary is solid stone, initial exploration suggests a need to move in other directions to find key features, and the southern di"
73da8766,reflexion_mh,MiniHack-River-Narrow-v0,23,49,W,0.0,False,"reflection=The level's eastern boundary is solid stone, initial exploration suggests a need to move in other directions to find key features, and both southern a"
73da8766,reflexion_mh,MiniHack-River-Narrow-v0,23,50,N,0.0,False,"reflection=The level's eastern boundary is solid stone, initial exploration suggests a need to move in other directions to find key features, and both southern a"
73da8766,reflexion_mh,MiniHack-River-Narrow-v0,23,51,N,0.0,False,"reflection=The level's eastern boundary is solid stone, initial exploration suggests a need to move in other directions to find key features, and both southern, "
73da8766,reflexion_mh,MiniHack-River-Narrow-v0,23,52,N,-0.01,False,"reflection=The level's eastern boundary is solid stone, initial exploration suggests a need to move in other directions to find key features, and both southern, "
73da8766,reflexion_mh,MiniHack-River-Narrow-v0,23,53,N,-0.01,False,"reflection=The level's eastern boundary is solid stone, initial exploration suggests a need to move in other directions to find key features, and both southern, "
73da8766,reflexion_mh,MiniHack-River-Narrow-v0,23,54,W,0.0,False,"reflection=The level's northern boundary is also solid stone or a wall, initial exploration suggests a need to move in southern or western directions to find key"
73da8766,reflexion_mh,MiniHack-River-Narrow-v0,23,55,S,0.0,False,reflection=The level's layout suggests that moving south or west could lead to finding the staircase or other important features. The presence of lava or water (
73da8766,reflexion_mh,MiniHack-River-Narrow-v0,23,56,N,0.0,False,reflection=The level's layout suggests that moving north or east could provide safer initial exploration and possibly reveal important features or items without 
73da8766,reflexion_mh,MiniHack-River-Narrow-v0,23,57,E,0.0,False,"reflection=The level's initial area lacks immediate threats to the east, suggesting it might be a safer direction for initial exploration to uncover potential it"
73da8766,reflexion_mh,MiniHack-River-Narrow-v0,23,58,E,0.0,False,reflection=The level's eastern area remains unexplored and potentially holds items or stairs; the presence of lava or water (}) to the east and south indicates a
73da8766,reflexion_mh,MiniHack-River-Narrow-v0,23,59,E,0.0,False,reflection=The level's eastern area remains unexplored and potentially holds items or stairs; the presence of lava or water to the east and south indicates a nee
73da8766,reflexion_mh,MiniHack-River-Narrow-v0,23,60,S,0.0,False,"reflection=The level's eastern area is bounded by lava or water, and moving south may reveal more about the level's layout and potential dangers or opportunities"
73da8766,reflexion_mh,MiniHack-River-Narrow-v0,23,61,S,0.0,False,"reflection=The level's eastern area is bounded by lava or water, and initial southern movement does not reveal immediate danger, suggesting a potential path for "
73da8766,reflexion_mh,MiniHack-River-Narrow-v0,23,62,S,0.0,False,"reflection=The level's eastern boundary and the safety of initial southern movement suggest a potential path for exploration, but the western and northern areas "
73da8766,reflexion_mh,MiniHack-River-Narrow-v0,23,63,N,0.0,False,"reflection=The level's layout suggests that exploration in multiple directions is necessary to uncover its secrets. The eastern path, while safe, does not seem t"
73da8766,reflexion_mh,MiniHack-River-Narrow-v0,23,64,N,0.0,False,"reflection=The level's design indicates that significant exploration is required to find the downstairs or other critical elements, with the northern path being "
73da8766,reflexion_mh,MiniHack-River-Narrow-v0,23,65,N,0.0,False,"reflection=The level's design indicates that significant exploration is required to find the downstairs or other critical elements, with the northern path being "
73da8766,reflexion_mh,MiniHack-River-Narrow-v0,23,66,N,-0.01,False,"reflection=The level's design indicates that significant exploration is required to find the downstairs or other critical elements, with the northern path being "
73da8766,reflexion_mh,MiniHack-River-Narrow-v0,23,67,N,-0.01,False,"reflection=The level's design indicates that significant exploration is required to find the downstairs or other critical elements, with the northern path being "
73da8766,reflexion_mh,MiniHack-River-Narrow-v0,23,68,W,0.0,False,"reflection=The level's design indicates that significant exploration is required to find the downstairs or other critical elements, with the western path now bei"
73da8766,reflexion_mh,MiniHack-River-Narrow-v0,23,69,W,0.0,False,"reflection=The level's design indicates that significant exploration is required to find the downstairs or other critical elements, with the western path now bei"
73da8766,reflexion_mh,MiniHack-River-Narrow-v0,23,70,W,0.0,False,"reflection=The level's design indicates that significant exploration is required to find the downstairs or other critical elements, with the western path now bei"
73da8766,reflexion_mh,MiniHack-River-Narrow-v0,23,71,W,0.0,False,"reflection=The level's design indicates that significant exploration is required to find the downstairs or other critical elements, with the western path now bei"
73da8766,reflexion_mh,MiniHack-River-Narrow-v0,23,72,W,0.0,False,"reflection=The level's design indicates that significant exploration is required to find the downstairs or other critical elements, with the western path now bei"
73da8766,reflexion_mh,MiniHack-River-Narrow-v0,23,73,W,0.0,False,"reflection=The level's design indicates that significant exploration is required to find the downstairs or other critical elements, with the western path being a"
73da8766,reflexion_mh,MiniHack-River-Narrow-v0,23,74,W,0.0,False,"reflection=The level's design suggests a larger open area to the west, which could contain important items, stairs, or other features. The lack of immediate obst"
73da8766,reflexion_mh,MiniHack-River-Narrow-v0,23,75,W,0.0,False,"reflection=The level's open area to the west could contain important items or stairs, and since moving west has not been obstructed, it remains a priority direct"
73da8766,reflexion_mh,MiniHack-River-Narrow-v0,23,76,W,0.0,False,"reflection=The level's open area to the west could contain important items or stairs, and since moving west has not been obstructed, it remains a priority direct"
73da8766,reflexion_mh,MiniHack-River-Narrow-v0,23,77,W,0.0,False,"reflection=The level's open area to the west could contain important items or stairs, and since moving west has not been obstructed, it remains a priority direct"
73da8766,reflexion_mh,MiniHack-River-Narrow-v0,23,78,W,0.0,False,"reflection=The level's open area to the west remains a priority for exploration, and the absence of walls in this direction suggests it may lead to significant d"
73da8766,reflexion_mh,MiniHack-River-Narrow-v0,23,79,W,0.0,False,"reflection=The level's open area to the west remains a priority for exploration, and the absence of walls in this direction suggests it may lead to significant d"
73da8766,reflexion_mh,MiniHack-River-Narrow-v0,23,80,W,0.0,False,"reflection=The level's western open area continues to be a priority for exploration, and the lack of obstacles or changes in terrain suggests it may lead to sign"
73da8766,reflexion_mh,MiniHack-River-Narrow-v0,23,81,W,0.0,False,"reflection=The level's western open area continues to be a priority for exploration, and the lack of obstacles or changes in terrain suggests it may lead to sign"
73da8766,reflexion_mh,MiniHack-River-Narrow-v0,23,82,W,0.0,False,"reflection=The level's western open area continues to be a priority for exploration, and the lack of obstacles or changes in terrain suggests it may lead to sign"
73da8766,reflexion_mh,MiniHack-River-Narrow-v0,23,83,W,0.0,False,"reflection=The level's western open area continues to be a priority for exploration, and the lack of obstacles or changes in terrain suggests it may lead to sign"
73da8766,reflexion_mh,MiniHack-River-Narrow-v0,23,84,W,0.0,False,"reflection=The level's western open area continues to be a priority for exploration, and the lack of obstacles or changes in terrain suggests it may lead to sign"
73da8766,reflexion_mh,MiniHack-River-Narrow-v0,23,85,W,-0.01,False,"reflection=The level's western open area continues to be a priority for exploration, and the lack of obstacles or changes in terrain suggests it may lead to sign"
73da8766,reflexion_mh,MiniHack-River-Narrow-v0,23,86,W,-0.01,False,"reflection=The level's western open area continues to be a priority for exploration, and the consistent lack of obstacles or changes in terrain over multiple ste"
73da8766,reflexion_mh,MiniHack-River-Narrow-v0,23,87,N,-0.01,False,"reflection=The level's western boundary is solid stone, indicating a need to explore other directions to find the stairs or significant discoveries, possibly sug"
73da8766,reflexion_mh,MiniHack-River-Narrow-v0,23,88,E,0.0,False,"reflection=The level's western and possibly northern boundaries are solid stone, indicating a need to explore eastward or southward to find the stairs or signifi"
73da8766,reflexion_mh,MiniHack-River-Narrow-v0,23,89,E,0.0,False,"reflection=The level's western boundary is solid stone, and initial northern exploration did not yield new information, suggesting eastward or southward explorat"
73da8766,reflexion_mh,MiniHack-River-Narrow-v0,23,90,E,0.0,False,"reflection=The level's western boundary is solid stone, and initial northern exploration did not yield new information, suggesting eastward or southward explorat"
73da8766,reflexion_mh,MiniHack-River-Narrow-v0,23,91,E,0.0,False,"reflection=The level's western boundary is solid stone, and initial northern exploration did not yield new information, suggesting eastward exploration may revea"
73da8766,reflexion_mh,MiniHack-River-Narrow-v0,23,92,E,0.0,False,"reflection=The level's eastern boundary has not been reached yet, and there are still large areas unexplored, particularly to the east and south; will continue e"
73da8766,reflexion_mh,MiniHack-River-Narrow-v0,23,93,E,0.0,False,"reflection=The level's eastern boundary remains unexplored, and the presence of lava or water to the south and east suggests caution is needed; will proceed east"
73da8766,reflexion_mh,MiniHack-River-Narrow-v0,23,94,N,-0.01,False,"reflection=The level's northern area appears safer for initial exploration, and moving north could reveal more of the level's layout, including potential items, "
73da8766,reflexion_mh,MiniHack-River-Narrow-v0,23,95,N,-0.01,False,"reflection=The level's northern area appears safer for initial exploration, and moving north could reveal more of the level's layout, including potential items, "
73da8766,reflexion_mh,MiniHack-River-Narrow-v0,23,96,S,0.0,False,"reflection=The level's northern area is bounded by a wall, suggesting that initial exploration should focus on southern, western, or diagonal paths to reveal mor"
73da8766,reflexion_mh,MiniHack-River-Narrow-v0,23,97,S,0.0,False,"reflection=The level's northern area is bounded by a wall, and initial exploration should focus on southern, western, or diagonal paths. The presence of lava or "
73da8766,reflexion_mh,MiniHack-River-Narrow-v0,23,98,W,0.0,False,"reflection=The level's northern area is bounded by a wall, and initial exploration should focus on southern, western, or diagonal paths. The presence of lava or "
73da8766,reflexion_mh,MiniHack-River-Narrow-v0,23,99,W,0.0,False,"reflection=The level's northern area is bounded by a wall, and initial exploration should focus on southern, western, or diagonal paths. The presence of lava or "
73da8766,reflexion_mh,MiniHack-River-Narrow-v0,23,100,W,0.0,False,"reflection=The level's western path continues to be clear of immediate hazards, suggesting it might be a viable route for further exploration, potentially leadin"
73da8766,reflexion_mh,MiniHack-River-Narrow-v0,23,101,W,0.0,False,"reflection=The level's western path continues to be clear of immediate hazards, suggesting it might be a viable route for further exploration, potentially leadin"
73da8766,reflexion_mh,MiniHack-River-Narrow-v0,23,102,W,0.0,False,"reflection=The level's western path remains clear, suggesting it might lead to important features like stairs or items. The presence of water or lava to the sout"
73da8766,reflexion_mh,MiniHack-River-Narrow-v0,23,103,W,0.0,False,"reflection=The level's western path continues to be a viable route for exploration, with no signs of danger or obstruction, suggesting potential for discovery of"
73da8766,reflexion_mh,MiniHack-River-Narrow-v0,23,104,E,0.0,False,"reflection=The level's western path continues to be a viable route for exploration, but exploring other directions may yield new discoveries or challenges."
73da8766,reflexion_mh,MiniHack-River-Narrow-v0,23,105,N,0.0,False,"reflection=The level's western path is clear, but other directions may hold new discoveries or obstacles, and exploring the northern direction could reveal more "
73da8766,reflexion_mh,MiniHack-River-Narrow-v0,23,106,N,0.0,False,"reflection=The level's western path is clear, but exploring the northern direction may reveal more of the layout, and I should also consider the eastern and sout"
73da8766,reflexion_mh,MiniHack-River-Narrow-v0,23,107,E,0.0,False,"reflection=The level's western path is clear, the northern direction has a few steps of clearance, and now I'm considering the eastern path for further explorati"
73da8766,reflexion_mh,MiniHack-River-Narrow-v0,23,108,N,-0.01,False,"reflection=The level's northern direction appears to have some clearance, which could lead to important locations such as stairs or treasure, and the eastern pat"
73da8766,reflexion_mh,MiniHack-River-Narrow-v0,23,109,N,-0.01,False,"reflection=The level's northern direction has more clearance than expected, which could indicate a larger open area or a path to the stairs, and the eastern path"
73da8766,reflexion_mh,MiniHack-River-Narrow-v0,23,110,W,0.0,False,"reflection=The level's northern direction is blocked, and the eastern path may not be the most promising, so exploring west could reveal new paths or the stairs,"
73da8766,reflexion_mh,MiniHack-River-Narrow-v0,23,111,W,0.0,False,"reflection=The level's western path is still unexplored and could potentially lead to the stairs or a larger open area, while the eastern and northern paths have"
73da8766,reflexion_mh,MiniHack-River-Narrow-v0,23,112,W,-0.01,False,"reflection=The level's western path is a priority for exploration as it could lead to the stairs or a larger open area, while the eastern and northern paths have"
73da8766,reflexion_mh,MiniHack-River-Narrow-v0,23,113,S,0.0,False,"reflection=The level's western and northern paths are bounded by walls, making the southern path a priority for exploration to uncover more of the level's layout"
73da8766,reflexion_mh,MiniHack-River-Narrow-v0,23,114,S,0.0,False,"reflection=The level's western and northern paths are bounded by walls, making the southern path a priority for exploration to uncover more of the level's layout"
73da8766,reflexion_mh,MiniHack-River-Narrow-v0,23,115,S,0.0,False,"reflection=The level's layout suggests that the southern path may lead to a staircase or other important features, and exploring this path may reveal more about "
73da8766,reflexion_mh,MiniHack-River-Narrow-v0,23,116,S,0.0,False,"reflection=The level's layout suggests that the southern path may lead to a staircase or other important features, and exploring this path may reveal more about "
73da8766,reflexion_mh,MiniHack-River-Narrow-v0,23,117,S,0.0,False,"reflection=The level's southern path continues to appear as the most promising direction for exploration, potentially leading to a staircase or other significant"
73da8766,reflexion_mh,MiniHack-River-Narrow-v0,23,118,S,0.0,False,"reflection=The level's southern path continues to appear as the most promising direction for exploration, and it seems necessary to continue this path to uncover"
73da8766,reflexion_mh,MiniHack-River-Narrow-v0,23,119,S,-0.01,False,"reflection=The level's southern path continues to appear as the most promising direction for exploration, and it seems necessary to continue this path to uncover"
73da8766,reflexion_mh,MiniHack-River-Narrow-v0,24,0,N,0.0,False,"reflection=The level appears to have a body of water or lava (}) to the east, and the starting position is near the western edge of the map. The lack of visible "
73da8766,reflexion_mh,MiniHack-River-Narrow-v0,24,1,E,0.0,False,"reflection=The level has a significant body of water or lava to the east, and exploration in this direction may reveal important features such as stairs, items, "
73da8766,reflexion_mh,MiniHack-River-Narrow-v0,24,2,E,0.0,False,"reflection=The level has a significant body of water or lava to the east, which may contain items, stairs, or creatures. Exploration in this direction is crucial"
73da8766,reflexion_mh,MiniHack-River-Narrow-v0,24,3,SE,0.0,False,"reflection=The level has a significant body of water or lava to the east, which may contain items, stairs, or creatures. Exploration in this direction is crucial"
73da8766,reflexion_mh,MiniHack-River-Narrow-v0,24,4,SE,-0.01,False,"reflection=The level has a significant body of water or lava to the east, which may contain items, stairs, or creatures. Exploration in this direction is crucial"
73da8766,reflexion_mh,MiniHack-River-Narrow-v0,24,5,SE,-0.01,False,"reflection=The level has a significant body of water or lava to the east, which may contain items, stairs, or creatures. Exploration in this direction is crucial"
73da8766,reflexion_mh,MiniHack-River-Narrow-v0,24,6,S,-0.01,False,"reflection=The level has a significant body of water or lava to the east, and direct southeast movement from this spot is blocked by a wall, suggesting the need "
73da8766,reflexion_mh,MiniHack-River-Narrow-v0,24,7,N,0.0,False,reflection=The level's solid stone walls to the south and southeast from the current position indicate a need to explore other directions to find a route to the 
73da8766,reflexion_mh,MiniHack-River-Narrow-v0,24,8,N,0.0,False,"reflection=The level's design suggests that initial areas may be enclosed, requiring exploration in multiple directions to find progression paths. The presence o"
73da8766,reflexion_mh,MiniHack-River-Narrow-v0,24,9,N,0.0,False,"reflection=The level's design suggests that initial areas may be enclosed, requiring exploration in multiple directions to find progression paths. The presence o"
73da8766,reflexion_mh,MiniHack-River-Narrow-v0,24,10,E,0.0,False,"reflection=The level's design suggests that initial areas may be enclosed, requiring exploration in multiple directions to find progression paths. The presence o"
73da8766,reflexion_mh,MiniHack-River-Narrow-v0,24,11,E,0.0,False,"reflection=The level's design suggests that initial areas may be enclosed, requiring exploration in multiple directions to find progression paths. The presence o"
73da8766,reflexion_mh,MiniHack-River-Narrow-v0,24,12,E,0.0,False,"reflection=The level's design suggests that initial areas may be enclosed, requiring exploration in multiple directions to find progression paths. The presence o"
73da8766,reflexion_mh,MiniHack-River-Narrow-v0,24,13,E,0.0,False,"reflection=The level's design suggests that initial areas may be enclosed, requiring exploration in multiple directions to find progression paths, and the presen"
73da8766,reflexion_mh,MiniHack-River-Narrow-v0,24,14,E,0.0,False,"reflection=The level's design suggests that initial areas may be enclosed, requiring exploration in multiple directions to find progression paths, and the presen"
73da8766,reflexion_mh,MiniHack-River-Narrow-v0,24,15,E,0.0,False,"reflection=The level's design includes movable boulders that can block paths, indicating that some areas may require interaction with the environment to progress"
73da8766,reflexion_mh,MiniHack-River-Narrow-v0,24,16,N,0.0,False,"reflection=The level's boundaries may include water or lava, which could be impassable without proper items or spells, indicating a need to explore carefully and"
73da8766,reflexion_mh,MiniHack-River-Narrow-v0,24,17,N,0.0,False,"reflection=The level's boundaries may include water or lava, which could be impassable without proper items or spells, indicating a need to explore carefully and"
73da8766,reflexion_mh,MiniHack-River-Narrow-v0,24,18,E,0.0,False,"reflection=The level's layout is still largely unknown, but it appears that the starting area is near a body of water or lava, suggesting caution is needed when "
73da8766,reflexion_mh,MiniHack-River-Narrow-v0,24,19,E,0.0,False,"reflection=The level's layout is still largely unknown, but it appears that the starting area is near a body of water or lava, suggesting caution is needed when "
73da8766,reflexion_mh,MiniHack-River-Narrow-v0,24,20,E,0.0,False,"reflection=The level's layout is still largely unknown, but it appears that the starting area is near a body of water or lava, and there is a possible corridor o"
73da8766,reflexion_mh,MiniHack-River-Narrow-v0,24,21,E,0.0,False,"reflection=The level's eastern area continues to be safe for exploration, and it's possible that the staircase or important items could be located in this direct"
73da8766,reflexion_mh,MiniHack-River-Narrow-v0,24,22,E,0.0,False,"reflection=The level's eastern area continues to be safe for exploration, and it's possible that the staircase or important items could be located in this direct"
73da8766,reflexion_mh,MiniHack-River-Narrow-v0,24,23,E,0.0,False,"reflection=The level's eastern area continues to be safe for exploration, and it's possible that the staircase or important items could be located in this direct"
73da8766,reflexion_mh,MiniHack-River-Narrow-v0,24,24,E,0.0,False,"reflection=The level's eastern area continues to be safe for exploration, and it's possible that the staircase or important items could be located in this direct"
73da8766,reflexion_mh,MiniHack-River-Narrow-v0,24,25,E,0.0,False,"reflection=The level's eastern area continues to be safe for exploration, and it's possible that the staircase or important items could be located in this direct"
73da8766,reflexion_mh,MiniHack-River-Narrow-v0,24,26,N,-0.01,False,"reflection=The level's eastern area is safe, but there's water to the east and south. I should explore other directions, and the north direction might provide a "
73da8766,reflexion_mh,MiniHack-River-Narrow-v0,24,27,N,-0.01,False,"reflection=The level's eastern area is bounded by water, and the southern area also has water, so I should focus on exploring the northern and western directions"
73da8766,reflexion_mh,MiniHack-River-Narrow-v0,24,28,W,0.0,False,"reflection=The level's eastern and southern areas are bounded by water, and the northern direction is blocked by a wall at this spot, so I will focus on explorin"
73da8766,reflexion_mh,MiniHack-River-Narrow-v0,24,29,W,0.0,False,"reflection=The level's eastern and southern areas are bounded by water, the northern direction is blocked by a wall at this spot, and now I will explore the west"
73da8766,reflexion_mh,MiniHack-River-Narrow-v0,24,30,W,0.0,False,"reflection=The level's eastern and southern areas are bounded by water, the northern direction is blocked by a wall, and now I will continue to explore the weste"
73da8766,reflexion_mh,MiniHack-River-Narrow-v0,24,31,W,0.0,False,"reflection=The level's western area remains to be fully explored and could potentially contain a staircase, items, or other important features, while the eastern"
73da8766,reflexion_mh,MiniHack-River-Narrow-v0,24,32,W,0.0,False,"reflection=The level's western area is larger than initially thought and could contain crucial elements for progression, such as a staircase or useful items. The"
73da8766,reflexion_mh,MiniHack-River-Narrow-v0,24,33,N,-0.01,False,"reflection=The level's western area is larger than initially thought, but it may not contain the staircase. Exploring north or other directions could reveal more"
73da8766,reflexion_mh,MiniHack-River-Narrow-v0,24,34,N,-0.01,False,"reflection=The level's western boundary has been found, and now it's necessary to explore north or other directions to understand the level's layout and find the"
73da8766,reflexion_mh,MiniHack-River-Narrow-v0,24,35,E,0.0,False,"reflection=The level's western boundary has been found, and moving north from this spot is not possible. The next step is to explore eastward to see if it yields"
73da8766,reflexion_mh,MiniHack-River-Narrow-v0,24,36,E,0.0,False,"reflection=The level's western boundary has been found, and moving north from this spot is not possible. The next step is to explore eastward to see if it yields"
73da8766,reflexion_mh,MiniHack-River-Narrow-v0,24,37,E,0.0,False,"reflection=The level's western boundary has been found, and moving north from this spot is not possible. The eastern direction is being explored to see if it yie"
73da8766,reflexion_mh,MiniHack-River-Narrow-v0,24,38,E,0.0,False,"reflection=The level's western boundary has been found, and moving north from this spot is not possible. The eastern direction is being explored, and so far, it "
73da8766,reflexion_mh,MiniHack-River-Narrow-v0,24,39,E,0.0,False,"reflection=The level's eastern direction continues to be explored without hitting any walls, suggesting a large open area or a corridor in this direction."
73da8766,reflexion_mh,MiniHack-River-Narrow-v0,24,40,E,0.0,False,"reflection=The level's eastern direction continues to be explored without hitting any walls, suggesting a large open area or a corridor in this direction. The la"
73da8766,reflexion_mh,MiniHack-River-Narrow-v0,24,41,E,0.0,False,"reflection=The level's eastern direction continues to be a priority for exploration, suggesting a possible corridor or large room. No walls have been encountered"
73da8766,reflexion_mh,MiniHack-River-Narrow-v0,24,42,S,0.0,False,"reflection=The level's eastern boundary has been reached, indicating a need to explore other directions. The southern direction is now a priority for exploration"
73da8766,reflexion_mh,MiniHack-River-Narrow-v0,24,43,S,0.0,False,"reflection=The level's eastern boundary is solid, and exploring south may reveal new paths, rooms, or the staircase. The presence of lava or water (}) to the eas"
73da8766,reflexion_mh,MiniHack-River-Narrow-v0,24,44,S,0.0,False,"reflection=The level's eastern boundary is solid, and exploring south may reveal new paths, rooms, or the staircase. The presence of lava or water to the east su"
73da8766,reflexion_mh,MiniHack-River-Narrow-v0,24,45,S,0.0,False,"reflection=The level's eastern boundary is solid, and exploring south may reveal new paths, rooms, or the staircase. The presence of lava or water to the east su"
73da8766,reflexion_mh,MiniHack-River-Narrow-v0,24,46,N,0.0,False,"reflection=The level's eastern boundary is solid and hazardous, and exploring south may reveal new paths, rooms, or the staircase, but other directions should al"
73da8766,reflexion_mh,MiniHack-River-Narrow-v0,24,47,W,0.0,False,"reflection=The level's eastern boundary is solid and hazardous, exploring south revealed some of the level's layout, and now exploring west may uncover more of t"
73da8766,reflexion_mh,MiniHack-River-Narrow-v0,24,48,W,0.0,False,"reflection=The level's eastern boundary is solid and hazardous, exploring south and then north revealed some of the level's layout, and now exploring west is unc"
73da8766,reflexion_mh,MiniHack-River-Narrow-v0,24,49,W,0.0,False,"reflection=The level's western exploration is yielding more layout information, and it might be fruitful to continue in this direction to find key level features"
73da8766,reflexion_mh,MiniHack-River-Narrow-v0,24,50,W,0.0,False,"reflection=The level's western area appears to be largely open, with the potential for more floor space or features to be discovered by continuing in this direct"
73da8766,reflexion_mh,MiniHack-River-Narrow-v0,24,51,W,0.0,False,"reflection=The level's western area is more open than initially thought, suggesting a potential for finding items, stairs, or other features by moving further we"
73da8766,reflexion_mh,MiniHack-River-Narrow-v0,24,52,W,0.0,False,"reflection=The level's western area is expansive, suggesting further exploration could yield important discoveries, and the lack of immediate walls to the west i"
73da8766,reflexion_mh,MiniHack-River-Narrow-v0,24,53,W,0.0,False,"reflection=The level's western area is expansive, suggesting further exploration could yield important discoveries, and the lack of immediate walls to the west i"
73da8766,reflexion_mh,MiniHack-River-Narrow-v0,24,54,W,0.0,False,"reflection=The level's western area is expansive, suggesting further exploration could yield important discoveries, and the lack of immediate walls to the west i"
73da8766,reflexion_mh,MiniHack-River-Narrow-v0,24,55,W,0.0,False,"reflection=The level's western area is expansive, suggesting further exploration could yield important discoveries, and the lack of immediate walls to the west i"
73da8766,reflexion_mh,MiniHack-River-Narrow-v0,24,56,W,0.0,False,"reflection=The level's western area is expansive, suggesting further exploration could yield important discoveries, and the lack of immediate walls to the west i"
73da8766,reflexion_mh,MiniHack-River-Narrow-v0,24,57,W,0.0,False,"reflection=The level's western area is expansive, suggesting further exploration could yield important discoveries, and the lack of immediate walls to the west i"
73da8766,reflexion_mh,MiniHack-River-Narrow-v0,24,58,W,0.0,False,"reflection=The level's western area is expansive and may contain important features or paths, and the ability to move boulders could be useful for future progres"
73da8766,reflexion_mh,MiniHack-River-Narrow-v0,24,59,W,0.0,False,"reflection=The level's western area is expansive and may contain important features or paths, and the ability to move boulders could be useful for future progres"
73da8766,reflexion_mh,MiniHack-River-Narrow-v0,24,60,W,0.0,False,"reflection=The level's western area is expansive and may contain important features or paths, and the western path extends further than initially explored, with "
73da8766,reflexion_mh,MiniHack-River-Narrow-v0,24,61,N,0.0,False,"reflection=The level's western area is expansive, but exploring other directions may reveal more about the level's layout and necessary paths, such as finding th"
73da8766,reflexion_mh,MiniHack-River-Narrow-v0,24,62,N,0.0,False,"reflection=The level's northern area is accessible and may contain important features or paths, such as the downstairs or items, and further exploration in this "
73da8766,reflexion_mh,MiniHack-River-Narrow-v0,24,63,N,0.0,False,"reflection=The level's northern area is accessible and may contain important features or paths, such as the downstairs or items. I have moved two steps north and"
73da8766,reflexion_mh,MiniHack-River-Narrow-v0,24,64,N,0.0,False,"reflection=The level's northern area is accessible and may contain important features or paths, such as the downstairs or items. I have moved north and the area "
73da8766,reflexion_mh,MiniHack-River-Narrow-v0,24,65,N,-0.01,False,"reflection=The level's northern area remains accessible, and further exploration in this direction may yield important discoveries, such as the location of the d"
73da8766,reflexion_mh,MiniHack-River-Narrow-v0,24,66,N,-0.01,False,"reflection=The level's northern area remains accessible, and further exploration in this direction may yield important discoveries, such as the location of the d"
73da8766,reflexion_mh,MiniHack-River-Narrow-v0,24,67,W,0.0,False,"reflection=The level's northern area is bounded by a wall, and further exploration should focus on the eastern, southern, and western areas, taking into account "
73da8766,reflexion_mh,MiniHack-River-Narrow-v0,24,68,E,0.0,False,"reflection=The level's northern area is bounded by a wall, and initial eastern exploration is necessary to uncover more of the level's layout and potential hazar"
73da8766,reflexion_mh,MiniHack-River-Narrow-v0,24,69,E,0.0,False,"reflection=The level's northern area is bounded by a wall, and initial eastern exploration is necessary to uncover more of the level's layout and potential hazar"
73da8766,reflexion_mh,MiniHack-River-Narrow-v0,24,70,E,0.0,False,"reflection=The level's eastern area is still unexplored and may contain important features such as stairs, items, or enemies, so further eastern exploration is n"
73da8766,reflexion_mh,MiniHack-River-Narrow-v0,24,71,E,0.0,False,"reflection=The level's eastern area is still largely unexplored, and further exploration in this direction may reveal stairs, items, or enemies that can aid in u"
73da8766,reflexion_mh,MiniHack-River-Narrow-v0,24,72,E,0.0,False,"reflection=The level's eastern area is still largely unexplored, and further exploration in this direction may reveal stairs, items, or enemies that can aid in u"
73da8766,reflexion_mh,MiniHack-River-Narrow-v0,24,73,N,-0.01,False,"reflection=The level's eastern area is hazardous due to lava or water, suggesting a need to explore north or west for safer progression and discovery of level fe"
73da8766,reflexion_mh,MiniHack-River-Narrow-v0,24,74,N,-0.01,False,"reflection=The level's eastern area is hazardous due to lava or water, suggesting a need to explore north or west for safer progression and discovery of level fe"
73da8766,reflexion_mh,MiniHack-River-Narrow-v0,24,75,W,0.0,False,"reflection=The level's northern boundary is solid stone, indicating a need to focus on western or southern exploration to find the downstairs or other significan"
73da8766,reflexion_mh,MiniHack-River-Narrow-v0,24,76,S,0.0,False,"reflection=The level's northern boundary is solid stone, indicating a need to focus on western or southern exploration to find the downstairs or other significan"
73da8766,reflexion_mh,MiniHack-River-Narrow-v0,24,77,S,0.0,False,"reflection=The level's northern boundary is solid stone, initial southern movement may reveal new paths or obstacles, and there might be a need to explore wester"
73da8766,reflexion_mh,MiniHack-River-Narrow-v0,24,78,S,0.0,False,"reflection=The level's northern boundary is solid stone, initial southern movement may reveal new paths or obstacles, and there might be a need to explore wester"
73da8766,reflexion_mh,MiniHack-River-Narrow-v0,24,79,S,0.0,False,reflection=The level's southern area is still unexplored and potentially holds the staircase or other important features. The initial exploration suggests that m
73da8766,reflexion_mh,MiniHack-River-Narrow-v0,24,80,S,0.0,False,reflection=The level's southern area is still unexplored and potentially holds the staircase or other important features. Initial exploration suggests that movin
73da8766,reflexion_mh,MiniHack-River-Narrow-v0,24,81,S,0.0,False,reflection=The level's southern area is still unexplored and potentially holds the staircase or other important features. Initial exploration suggests that movin
73da8766,reflexion_mh,MiniHack-River-Narrow-v0,24,82,S,-0.01,False,reflection=The level's southern area is still unexplored and potentially holds the staircase or other important features. Initial exploration suggests that movin
73da8766,reflexion_mh,MiniHack-River-Narrow-v0,24,83,S,-0.01,False,"reflection=The level's southern area continues to be a priority for exploration, and moving south has not yet presented any immediate dangers, suggesting it's a "
73da8766,reflexion_mh,MiniHack-River-Narrow-v0,24,84,E,0.0,False,"reflection=The level's southern boundary has been reached, indicating a need to explore horizontally or find a staircase or other feature that allows for vertica"
73da8766,reflexion_mh,MiniHack-River-Narrow-v0,24,85,E,0.0,False,"reflection=The level's eastern boundary has not been reached yet, and exploring this direction may reveal important features such as staircases, doors, or other "
73da8766,reflexion_mh,MiniHack-River-Narrow-v0,24,86,E,0.0,False,"reflection=The level's eastern boundary has not been reached yet, and exploring this direction may reveal important features such as staircases, doors, or other "
73da8766,reflexion_mh,MiniHack-River-Narrow-v0,24,87,E,0.0,False,"reflection=The level's eastern boundary remains unexplored, and continuing east may reveal important locations such as staircases or rooms. The absence of walls "
73da8766,reflexion_mh,MiniHack-River-Narrow-v0,24,88,E,0.0,False,"reflection=The level's eastern area is potentially open, and exploring this direction may lead to discoveries such as staircases, rooms, or other significant ele"
73da8766,reflexion_mh,MiniHack-River-Narrow-v0,24,89,E,0.0,False,"reflection=The level's eastern area continues to be open, suggesting a potential for further exploration and discovery of level features such as rooms, corridors"
73da8766,reflexion_mh,MiniHack-River-Narrow-v0,24,90,E,0.0,False,"reflection=The level's eastern area continues to be open, suggesting a potential for further exploration and discovery of level features such as rooms, corridors"
73da8766,reflexion_mh,MiniHack-River-Narrow-v0,24,91,E,0.0,False,"reflection=The level's eastern area continues to be open, suggesting a potential for further exploration and discovery of level features such as rooms, corridors"
73da8766,reflexion_mh,MiniHack-River-Narrow-v0,24,92,E,0.0,False,"reflection=The level's eastern area continues to be open, suggesting a potential for further exploration and discovery of level features such as rooms, corridors"
73da8766,reflexion_mh,MiniHack-River-Narrow-v0,24,93,E,0.0,False,"reflection=The level's eastern area continues to be open, suggesting a potential for further exploration and discovery of level features such as rooms, corridors"
73da8766,reflexion_mh,MiniHack-River-Narrow-v0,24,94,E,0.0,False,"reflection=The level's eastern area continues to be open, suggesting a potential for further exploration and discovery of level features such as rooms, corridors"
73da8766,reflexion_mh,MiniHack-River-Narrow-v0,24,95,S,-0.01,False,"reflection=The level's design includes interactive elements like boulders that can be used to overcome obstacles such as water, suggesting that similar interacti"
73da8766,reflexion_mh,MiniHack-River-Narrow-v0,24,96,S,-0.01,False,"reflection=The level's design includes barriers to direct movement, suggesting that exploration and interaction with the environment are key to progressing. The "
73da8766,reflexion_mh,MiniHack-River-Narrow-v0,24,97,N,0.0,False,"reflection=The level's design includes barriers to direct movement, suggesting that exploration and interaction with the environment are key to progressing. The "
73da8766,reflexion_mh,MiniHack-River-Narrow-v0,24,98,N,0.0,False,"reflection=The level's design includes barriers to direct movement, suggesting that exploration and interaction with the environment are key to progressing. Prio"
73da8766,reflexion_mh,MiniHack-River-Narrow-v0,24,99,N,0.0,False,"reflection=The level's design includes barriers to direct movement, suggesting that exploration and interaction with the environment are key to progressing. Prio"
73da8766,reflexion_mh,MiniHack-River-Narrow-v0,24,100,N,0.0,False,"reflection=The level's design includes barriers to direct movement, suggesting that exploration and interaction with the environment are key to progressing. Prio"
73da8766,reflexion_mh,MiniHack-River-Narrow-v0,24,101,N,0.0,False,"reflection=The level's design includes barriers to direct movement, suggesting that exploration and interaction with the environment are key to progressing. Prio"
73da8766,reflexion_mh,MiniHack-River-Narrow-v0,24,102,N,0.0,False,"reflection=The level's design includes barriers to direct movement, suggesting that exploration and interaction with the environment are key to progressing. Prio"
73da8766,reflexion_mh,MiniHack-River-Narrow-v0,24,103,N,-0.01,False,reflection=The level's design emphasizes exploration and interaction. Prioritizing north and west directions for progression is wise due to the southern blockage
73da8766,reflexion_mh,MiniHack-River-Narrow-v0,24,104,N,-0.01,False,"reflection=The level's design emphasizes exploration and interaction, with north and west directions being prioritized for progression due to the southern blocka"
73da8766,reflexion_mh,MiniHack-River-Narrow-v0,24,105,W,0.0,False,"reflection=The level's design emphasizes exploration and interaction, with north being blocked. West direction is prioritized for progression, and it's essential"
73da8766,reflexion_mh,MiniHack-River-Narrow-v0,24,106,W,0.0,False,"reflection=The level's design emphasizes exploration and interaction, with north being blocked. West direction is prioritized for progression, and it's essential"
73da8766,reflexion_mh,MiniHack-River-Narrow-v0,24,107,W,0.0,False,"reflection=The level's design emphasizes exploration and interaction, with north being blocked. West direction is prioritized for progression, and it's essential"
73da8766,reflexion_mh,MiniHack-River-Narrow-v0,24,108,W,0.0,False,"reflection=The level's design emphasizes exploration and interaction, with north being blocked. West direction is prioritized for progression, and it's essential"
73da8766,reflexion_mh,MiniHack-River-Narrow-v0,24,109,W,0.0,False,"reflection=The level's design emphasizes exploration and interaction, with north being blocked. West direction is prioritized for progression, and it's essential"
73da8766,reflexion_mh,MiniHack-River-Narrow-v0,24,110,W,0.0,False,reflection=The level's design emphasizes the importance of careful movement and exploration. The presence of lava or water to the east suggests that there might 
73da8766,reflexion_mh,MiniHack-River-Narrow-v0,24,111,W,0.0,False,"reflection=The level's design emphasizes the importance of careful movement and exploration, and it seems that moving west may provide more insights into the lev"
73da8766,reflexion_mh,MiniHack-River-Narrow-v0,24,112,W,0.0,False,"reflection=The level's design emphasizes careful movement and exploration, and moving west seems to be a safe and informative direction so far, with no immediate"
73da8766,reflexion_mh,MiniHack-River-Narrow-v0,24,113,W,0.0,False,"reflection=The level's design emphasizes careful movement and exploration, and moving west seems to be a safe and informative direction so far, with no immediate"
73da8766,reflexion_mh,MiniHack-River-Narrow-v0,24,114,W,0.0,False,"reflection=The level's design emphasizes careful movement and exploration, and moving west seems to be a safe and informative direction so far, with no immediate"
73da8766,reflexion_mh,MiniHack-River-Narrow-v0,24,115,W,0.0,False,"reflection=The level's design continues to emphasize careful movement and exploration, with the western path remaining viable and hazard-free, suggesting that ca"
73da8766,reflexion_mh,MiniHack-River-Narrow-v0,24,116,E,0.0,False,"reflection=The level's design continues to emphasize careful movement and exploration, and it seems that exploring different directions gradually is key to progr"
73da8766,reflexion_mh,MiniHack-River-Narrow-v0,24,117,E,0.0,False,"reflection=The level's design continues to emphasize careful movement and exploration, and it seems that exploring different directions gradually is key to progr"
73da8766,reflexion_mh,MiniHack-River-Narrow-v0,24,118,S,0.0,False,"reflection=The level's design continues to emphasize careful movement and exploration, and it seems that exploring different directions gradually is key to progr"
73da8766,reflexion_mh,MiniHack-River-Narrow-v0,24,119,S,0.0,False,"reflection=The level's design continues to emphasize careful movement and exploration, and it seems that exploring different directions gradually is key to progr"
73da8766,reflexion_mh,MiniHack-River-Narrow-v0,25,0,S,-0.01,False,"reflection=The level appears to have a body of water or lava to the east, which could be a potential obstacle or hazard. The starting area is relatively open wit"
73da8766,reflexion_mh,MiniHack-River-Narrow-v0,25,1,E,0.0,False,"reflection=The level appears to have a body of water or lava to the east, which could be a potential obstacle or hazard. The starting area is relatively open wit"
73da8766,reflexion_mh,MiniHack-River-Narrow-v0,25,2,N,0.0,False,"reflection=The level appears to have a body of water or lava to the east, which could be a potential obstacle or hazard. The starting area is relatively open wit"
73da8766,reflexion_mh,MiniHack-River-Narrow-v0,25,3,N,0.0,False,"reflection=The level has a significant body of water or lava to the east, and the north direction is open for exploration. The starting area is relatively safe w"
73da8766,reflexion_mh,MiniHack-River-Narrow-v0,25,4,N,0.0,False,"reflection=The level has a significant body of water or lava to the east, the north direction is open for exploration, and the starting area is relatively safe w"
73da8766,reflexion_mh,MiniHack-River-Narrow-v0,25,5,N,0.0,False,"reflection=The level's north area remains unexplored, and the presence of lava or water to the east suggests a potential boundary or hazard. Continuing north may"
73da8766,reflexion_mh,MiniHack-River-Narrow-v0,25,6,N,0.0,False,"reflection=The level's north area is still unexplored, and the presence of lava or water to the east suggests a boundary or hazard, continuing north may reveal m"
73da8766,reflexion_mh,MiniHack-River-Narrow-v0,25,7,N,-0.01,False,"reflection=The level's north area remains unexplored, and the successful movement of the boulder suggests that obstacles can be overcome, which may be useful in "
73da8766,reflexion_mh,MiniHack-River-Narrow-v0,25,8,N,-0.01,False,"reflection=The level's north area remains unexplored, and obstacles like boulders can be attempted to be moved but may not always be successful, indicating a nee"
73da8766,reflexion_mh,MiniHack-River-Narrow-v0,25,9,E,0.0,False,"reflection=The level's north area remains unexplored, and obstacles like boulders can be attempted to be moved but may not always be successful, indicating a nee"
73da8766,reflexion_mh,MiniHack-River-Narrow-v0,25,10,E,0.0,False,"reflection=The level's east area is now being explored, and it appears that there are no immediate obstacles, indicating a potential path forward. The presence o"
73da8766,reflexion_mh,MiniHack-River-Narrow-v0,25,11,E,0.0,False,"reflection=The level's east area is open, suggesting a potential path forward, and it's necessary to continue exploring to find the downstairs or other important"
73da8766,reflexion_mh,MiniHack-River-Narrow-v0,25,12,E,0.0,False,"reflection=The level's east area is open, suggesting a potential path forward, and it's necessary to continue exploring to find the downstairs or other important"
73da8766,reflexion_mh,MiniHack-River-Narrow-v0,25,13,E,0.0,False,"reflection=The level's east area continues to be open, suggesting a potential path forward. No walls have been encountered moving east from the starting position"
73da8766,reflexion_mh,MiniHack-River-Narrow-v0,25,14,S,0.0,False,"reflection=The level's openness to the east suggests a potential path, but exploring other directions may provide more insight into the level's overall layout an"
73da8766,reflexion_mh,MiniHack-River-Narrow-v0,25,15,E,0.0,False,"reflection=The level appears to have a significant amount of open space to the east, suggesting a possible large room or corridor system in that direction. No im"
73da8766,reflexion_mh,MiniHack-River-Narrow-v0,25,16,E,0.0,False,"reflection=The level's eastern area appears extensive, suggesting it might lead to significant discoveries or the staircase. Continuing east may reveal more abou"
73da8766,reflexion_mh,MiniHack-River-Narrow-v0,25,17,E,0.0,False,"reflection=The level's eastern area is more extensive than initially thought, and lava or water (represented by '}') is present, which could be an obstacle or a "
73da8766,reflexion_mh,MiniHack-River-Narrow-v0,25,18,N,0.0,False,"reflection=The level's eastern area is bounded by water or lava, suggesting a potential need to find a way around or across it; exploring north or south could pr"
73da8766,reflexion_mh,MiniHack-River-Narrow-v0,25,19,N,0.0,False,"reflection=The level's eastern boundary is water or lava, suggesting a need to explore north or south for progression; initial exploration eastward did not yield"
73da8766,reflexion_mh,MiniHack-River-Narrow-v0,25,20,N,-0.01,False,"reflection=The level's eastern boundary is water or lava, suggesting a need to explore north or south for progression; initial exploration eastward did not yield"
73da8766,reflexion_mh,MiniHack-River-Narrow-v0,25,21,N,-0.01,False,"reflection=The level's eastern boundary is indeed impassable, confirming the initial suspicion. The next step is to explore north or west to uncover more of the "
73da8766,reflexion_mh,MiniHack-River-Narrow-v0,25,22,W,0.0,False,"reflection=The level's northern boundary is also impassable, which means progression must lie to the west or south. The presence of lava or water to the east and"
73da8766,reflexion_mh,MiniHack-River-Narrow-v0,25,23,S,0.0,False,"reflection=The level's design continues to suggest that progression lies to the west or south, with the eastern and northern areas being inaccessible. The southe"
73da8766,reflexion_mh,MiniHack-River-Narrow-v0,25,24,S,0.0,False,"reflection=The level's design suggests that the southern path is a key area to explore for progression, as the northern and eastern paths have been bounded by wa"
73da8766,reflexion_mh,MiniHack-River-Narrow-v0,25,25,S,0.0,False,"reflection=The level's design suggests that the southern path is a key area to explore for progression, and moving south may reveal more about the level's layout"
73da8766,reflexion_mh,MiniHack-River-Narrow-v0,25,26,S,0.0,False,"reflection=The level's design suggests that the southern path is a key area to explore for progression, and moving south may reveal more about the level's layout"
73da8766,reflexion_mh,MiniHack-River-Narrow-v0,25,27,S,0.0,False,"reflection=The level's design suggests that the southern path is a key area to explore for progression, and moving south may reveal more about the level's layout"
73da8766,reflexion_mh,MiniHack-River-Narrow-v0,25,28,S,-0.01,False,"reflection=The level's design suggests that the southern path is a key area to explore for progression, and moving south may reveal more about the level's layout"
73da8766,reflexion_mh,MiniHack-River-Narrow-v0,25,29,S,-0.01,False,"reflection=The level's design suggests that the southern path is a key area to explore for progression, and moving south may reveal more about the level's layout"
73da8766,reflexion_mh,MiniHack-River-Narrow-v0,25,30,E,0.0,False,"reflection=The level's design suggests that the southern path is a key area to explore for progression, but it may be blocked until a specific condition is met o"
73da8766,reflexion_mh,MiniHack-River-Narrow-v0,25,31,E,0.0,False,"reflection=The level's design suggests that the southern path is a key area to explore for progression, but it may be blocked until a specific condition is met o"
73da8766,reflexion_mh,MiniHack-River-Narrow-v0,25,32,E,0.0,False,"reflection=The level's design suggests that the southern path is a key area to explore for progression, but it may be blocked until a specific condition is met o"
73da8766,reflexion_mh,MiniHack-River-Narrow-v0,25,33,N,0.0,False,reflection=The level's design suggests that exploration in multiple directions is necessary to uncover clues or items needed for southern progression. The presen
73da8766,reflexion_mh,MiniHack-River-Narrow-v0,25,34,N,0.0,False,"reflection=The level's design suggests that exploration in multiple directions is necessary to uncover clues or items needed for southern progression, and initia"
73da8766,reflexion_mh,MiniHack-River-Narrow-v0,25,35,W,0.0,False,"reflection=The level's design suggests that exploration in multiple directions is necessary to uncover clues or items needed for southern progression, and initia"
73da8766,reflexion_mh,MiniHack-River-Narrow-v0,25,36,N,0.0,False,"reflection=The level's design suggests that exploration in multiple directions is necessary to uncover clues or items needed for southern progression, and initia"
73da8766,reflexion_mh,MiniHack-River-Narrow-v0,25,37,N,0.0,False,"reflection=The level's design suggests that exploration in multiple directions is necessary to uncover clues or items needed for southern progression, and initia"
73da8766,reflexion_mh,MiniHack-River-Narrow-v0,25,38,N,0.0,False,"reflection=The level's design suggests that exploration in multiple directions is necessary to uncover clues or items needed for southern progression, and initia"
73da8766,reflexion_mh,MiniHack-River-Narrow-v0,25,39,N,0.0,False,"reflection=The level's design suggests that exploration in multiple directions is necessary to uncover clues or items needed for southern progression, and initia"
73da8766,reflexion_mh,MiniHack-River-Narrow-v0,25,40,E,0.0,False,"reflection=The level's design suggests that exploration in multiple directions is necessary, and initial movements indicate that north, west, and potentially eas"
73da8766,reflexion_mh,MiniHack-River-Narrow-v0,25,41,E,0.0,False,"reflection=The level's design suggests that exploration in multiple directions is necessary, and initial movements indicate that north, west, and potentially eas"
73da8766,reflexion_mh,MiniHack-River-Narrow-v0,25,42,W,0.0,False,"reflection=The level's design suggests that exploration in multiple directions is necessary, and initial movements indicate that north, west, and potentially eas"
73da8766,reflexion_mh,MiniHack-River-Narrow-v0,25,43,W,0.0,False,"reflection=The level's design suggests that exploration in multiple directions is necessary, and initial movements indicate that north, west, and potentially eas"
73da8766,reflexion_mh,MiniHack-River-Narrow-v0,25,44,W,0.0,False,"reflection=The level's design suggests that exploration in multiple directions is necessary, and initial movements indicate that north, west, and potentially eas"
73da8766,reflexion_mh,MiniHack-River-Narrow-v0,25,45,W,0.0,False,"reflection=The level's design suggests that exploration in multiple directions is necessary, and initial movements indicate that north, west, and potentially eas"
73da8766,reflexion_mh,MiniHack-River-Narrow-v0,25,46,N,0.0,False,"reflection=The level's design suggests that exploration in multiple directions is necessary, and initial movements indicate that north, west, and potentially eas"
73da8766,reflexion_mh,MiniHack-River-Narrow-v0,25,47,N,-0.01,False,"reflection=The level's design suggests that exploration in multiple directions is necessary, and initial movements indicate that north, west, and potentially eas"
73da8766,reflexion_mh,MiniHack-River-Narrow-v0,25,48,E,0.0,False,"reflection=The level's design suggests that exploration in multiple directions is necessary, and initial movements indicate that north, west, and potentially eas"
73da8766,reflexion_mh,MiniHack-River-Narrow-v0,25,49,E,0.0,False,"reflection=The level's design suggests that exploration in multiple directions is necessary, and initial movements indicate that north, west, and potentially eas"
73da8766,reflexion_mh,MiniHack-River-Narrow-v0,25,50,E,0.0,False,"reflection=The level's design suggests that exploration in multiple directions is necessary, and initial movements indicate that north, west, and potentially eas"
73da8766,reflexion_mh,MiniHack-River-Narrow-v0,25,51,E,0.0,False,"reflection=The level's design suggests that exploration in multiple directions is necessary, and initial movements indicate that north, west, and potentially eas"
73da8766,reflexion_mh,MiniHack-River-Narrow-v0,25,52,E,0.0,False,"reflection=The level's design suggests that exploration in multiple directions is necessary, and initial movements indicate that north, west, and potentially eas"
73da8766,reflexion_mh,MiniHack-River-Narrow-v0,25,53,E,0.0,False,"reflection=The level's design suggests that exploration in multiple directions is necessary, and initial movements indicate that north, west, and potentially eas"
73da8766,reflexion_mh,MiniHack-River-Narrow-v0,25,54,E,0.0,False,"reflection=The level's design suggests that exploration in multiple directions is necessary, and initial movements indicate that north, west, and potentially eas"
73da8766,reflexion_mh,MiniHack-River-Narrow-v0,25,55,NE,0.0,False,"reflection=The level's design suggests that exploration in multiple directions is necessary, and initial movements indicate that north, west, and potentially eas"
73da8766,reflexion_mh,MiniHack-River-Narrow-v0,25,56,E,0.0,False,"reflection=The level's design suggests that exploration in multiple directions is necessary, and initial movements indicate that north, west, and potentially eas"
73da8766,reflexion_mh,MiniHack-River-Narrow-v0,25,57,N,0.0,False,"reflection=The level's design suggests that exploration in multiple directions is necessary, and initial movements indicate that north, west, and potentially eas"
73da8766,reflexion_mh,MiniHack-River-Narrow-v0,25,58,N,0.0,False,"reflection=The level's design suggests that exploration in multiple directions is necessary, and initial movements indicate that north, west, and potentially eas"
73da8766,reflexion_mh,MiniHack-River-Narrow-v0,25,59,N,-0.01,False,"reflection=The level's design suggests that exploration in multiple directions is necessary, and initial movements indicate that north, west, and potentially eas"
73da8766,reflexion_mh,MiniHack-River-Narrow-v0,25,60,N,-0.01,False,"reflection=The level's design suggests that safer paths for exploration are likely to be found by moving away from the lava or water, and the presence of solid s"
73da8766,reflexion_mh,MiniHack-River-Narrow-v0,25,61,S,0.0,False,"reflection=The level's design suggests that safer paths for exploration are likely to be found by moving away from the lava or water, and the presence of solid s"
73da8766,reflexion_mh,MiniHack-River-Narrow-v0,25,62,E,0.0,False,"reflection=The level's design suggests that safer paths for exploration are likely to be found by moving away from the lava or water, and the presence of solid s"
73da8766,reflexion_mh,MiniHack-River-Narrow-v0,25,63,E,0.0,False,"reflection=The level's design suggests that safer paths for exploration are likely to be found by moving away from the lava or water, and the presence of solid s"
73da8766,reflexion_mh,MiniHack-River-Narrow-v0,25,64,W,0.0,False,"reflection=The level's design suggests that safer paths for exploration are likely to be found by moving away from the lava or water, and the presence of solid s"
73da8766,reflexion_mh,MiniHack-River-Narrow-v0,25,65,N,0.0,False,"reflection=The level's design suggests that safer paths for exploration are likely to be found by moving away from the lava or water, and the presence of solid s"
73da8766,reflexion_mh,MiniHack-River-Narrow-v0,25,66,N,-0.01,False,"reflection=The level's design suggests that safer paths for exploration are likely to be found by moving away from the lava or water, and the presence of solid s"
73da8766,reflexion_mh,MiniHack-River-Narrow-v0,25,67,W,0.0,False,"reflection=The level's design suggests that safer paths for exploration are likely to be found by moving away from the lava or water, and the presence of solid s"
73da8766,reflexion_mh,MiniHack-River-Narrow-v0,25,68,NW,-0.01,False,reflection=The level's design suggests that safer paths for exploration are likely to be found by moving away from the lava or water. Exploring in various direct
73da8766,reflexion_mh,MiniHack-River-Narrow-v0,25,69,NW,-0.01,False,"reflection=The level's design suggests that safer paths for exploration are likely to be found by moving away from the lava or water, and diagonal movements can "
73da8766,reflexion_mh,MiniHack-River-Narrow-v0,25,70,S,0.0,False,"reflection=The level's design suggests that safer paths for exploration are likely to be found by moving away from the lava or water, and diagonal movements can "
73da8766,reflexion_mh,MiniHack-River-Narrow-v0,25,71,S,0.0,False,"reflection=The level's design suggests that safer paths for exploration are likely to be found by moving away from the lava or water, and diagonal movements can "
73da8766,reflexion_mh,MiniHack-River-Narrow-v0,25,72,E,0.0,False,"reflection=The level's design suggests that safer paths for exploration are likely to be found by moving away from the lava or water, and diagonal movements can "
73da8766,reflexion_mh,MiniHack-River-Narrow-v0,25,73,N,0.0,False,"reflection=The level's design suggests that safer paths for exploration are likely to be found by moving away from the lava or water, and diagonal movements can "
73da8766,reflexion_mh,MiniHack-River-Narrow-v0,25,74,E,0.0,False,"reflection=The level's design suggests that safer paths for exploration are likely to be found by moving away from the lava or water, and diagonal movements can "
73da8766,reflexion_mh,MiniHack-River-Narrow-v0,25,75,N,0.0,False,"reflection=The level's design suggests that safer paths for exploration are likely to be found by moving away from the lava or water, and diagonal movements can "
73da8766,reflexion_mh,MiniHack-River-Narrow-v0,25,76,N,-0.01,False,"reflection=The level's design suggests that safer paths for exploration are likely to be found by moving away from the lava or water, and diagonal movements can "
73da8766,reflexion_mh,MiniHack-River-Narrow-v0,25,77,E,0.0,False,"reflection=The level's design suggests that safer paths for exploration are likely to be found by moving away from the lava or water, and diagonal movements can "
73da8766,reflexion_mh,MiniHack-River-Narrow-v0,25,78,N,0.0,False,"reflection=The level's design suggests that safer paths for exploration are likely to be found by moving away from the lava or water, and diagonal movements can "
73da8766,reflexion_mh,MiniHack-River-Narrow-v0,25,79,N,-0.01,False,"reflection=The level's boundaries and obstacles, such as lava or water, significantly influence the choice of direction. Exploring north or west could reveal mor"
73da8766,reflexion_mh,MiniHack-River-Narrow-v0,25,80,E,0.0,False,"reflection=The level's design suggests that moving around the lava or water ({}) to find a path that leads to more of the level's features, such as corridors, do"
73da8766,reflexion_mh,MiniHack-River-Narrow-v0,25,81,E,0.0,False,"reflection=The level's design suggests that moving around the lava or water to find a path that leads to more of the level's features is crucial, and since I've "
73da8766,reflexion_mh,MiniHack-River-Narrow-v0,25,82,N,0.0,False,"reflection=The level's design suggests that moving around the lava or water to find a path that leads to more of the level's features is crucial, and careful cho"
73da8766,reflexion_mh,MiniHack-River-Narrow-v0,25,83,E,0.0,False,"reflection=The level's design suggests that moving around the lava or water to find a path that leads to more of the level's features is crucial, and careful cho"
73da8766,reflexion_mh,MiniHack-River-Narrow-v0,25,84,S,0.0,False,"reflection=The level's design suggests that moving around the lava or water to find a path that leads to more of the level's features is crucial, and careful cho"
73da8766,reflexion_mh,MiniHack-River-Narrow-v0,25,85,S,0.0,False,"reflection=The level's design suggests that moving around the lava or water to find a path that leads to more of the level's features is crucial, and careful cho"
73da8766,reflexion_mh,MiniHack-River-Narrow-v0,25,86,S,0.0,False,"reflection=The level's design suggests that moving around the lava or water to find a path that leads to more of the level's features is crucial, and careful cho"
73da8766,reflexion_mh,MiniHack-River-Narrow-v0,25,87,S,0.0,False,"reflection=The level's design suggests that moving around the lava or water to find a path that leads to more of the level's features is crucial, and careful cho"
73da8766,reflexion_mh,MiniHack-River-Narrow-v0,25,88,S,0.0,False,"reflection=The level's design suggests that moving around the lava or water to find a path that leads to more of the level's features is crucial, and careful cho"
73da8766,reflexion_mh,MiniHack-River-Narrow-v0,25,89,E,0.0,False,"reflection=The level's design suggests that moving around the lava or water to find a path that leads to more of the level's features is crucial, and careful cho"
73da8766,reflexion_mh,MiniHack-River-Narrow-v0,25,90,E,0.0,False,"reflection=The level's design suggests that moving around the lava or water to find a path that leads to more of the level's features is crucial, and careful cho"
73da8766,reflexion_mh,MiniHack-River-Narrow-v0,25,91,N,0.0,False,"reflection=The level's design suggests that moving around the lava or water to find a path that leads to more of the level's features is crucial, and careful cho"
73da8766,reflexion_mh,MiniHack-River-Narrow-v0,25,92,E,0.0,False,"reflection=The level's design suggests that moving around the lava or water to find a path that leads to more of the level's features is crucial, and careful cho"
73da8766,reflexion_mh,MiniHack-River-Narrow-v0,25,93,N,0.0,False,"reflection=The level's design suggests that moving around the lava or water to find a path that leads to more of the level's features is crucial, and careful cho"
73da8766,reflexion_mh,MiniHack-River-Narrow-v0,25,94,N,0.0,False,"reflection=The level's design suggests that moving around the lava or water to find a path that leads to more of the level's features is crucial, and careful cho"
73da8766,reflexion_mh,MiniHack-River-Narrow-v0,25,95,N,0.0,False,"reflection=The level's design suggests that moving around the lava or water to find a path that leads to more of the level's features is crucial, and careful cho"
73da8766,reflexion_mh,MiniHack-River-Narrow-v0,25,96,W,0.0,False,"reflection=The level's design suggests that moving around the lava or water to find a path that leads to more of the level's features is crucial, and careful cho"
73da8766,reflexion_mh,MiniHack-River-Narrow-v0,25,97,N,0.0,False,"reflection=The level's design suggests that moving around the lava or water to find a path that leads to more of the level's features is crucial, and careful cho"
73da8766,reflexion_mh,MiniHack-River-Narrow-v0,25,98,E,0.0,False,"reflection=The level's design suggests that moving around the lava or water to find a path that leads to more of the level's features is crucial, and careful cho"
73da8766,reflexion_mh,MiniHack-River-Narrow-v0,25,99,E,0.0,False,"reflection=The level's design suggests that moving around the lava or water to find a path that leads to more of the level's features is crucial, and careful cho"
73da8766,reflexion_mh,MiniHack-River-Narrow-v0,25,100,S,0.0,False,"reflection=The level's design suggests that moving around obstacles like lava or water is crucial, and careful choice of path is necessary to avoid dangers. Expl"
73da8766,reflexion_mh,MiniHack-River-Narrow-v0,25,101,E,0.0,False,"reflection=The level's design suggests that moving around obstacles like lava or water is crucial, and careful choice of path is necessary to avoid dangers. Expl"
73da8766,reflexion_mh,MiniHack-River-Narrow-v0,25,102,N,0.0,False,"reflection=The level's design suggests that moving around obstacles like lava or water is crucial, and careful choice of path is necessary to avoid dangers. Expl"
73da8766,reflexion_mh,MiniHack-River-Narrow-v0,25,103,E,0.0,False,"reflection=The level's design suggests that moving around obstacles like lava or water is crucial, and careful choice of path is necessary to avoid dangers. Expl"
73da8766,reflexion_mh,MiniHack-River-Narrow-v0,25,104,N,0.0,False,reflection=The level's design emphasizes the importance of exploring different directions to uncover its features and find the goal. Noting blocked paths helps i
73da8766,reflexion_mh,MiniHack-River-Narrow-v0,25,105,N,-0.01,False,"reflection=The level's design emphasizes the importance of exploring different directions to uncover its features and find the goal, and noting the location of h"
73da8766,reflexion_mh,MiniHack-River-Narrow-v0,25,106,S,0.0,False,"reflection=The level's design emphasizes the importance of exploring different directions to uncover its features and find the goal, and noting the location of h"
73da8766,reflexion_mh,MiniHack-River-Narrow-v0,25,107,S,0.0,False,"reflection=The level's design emphasizes the importance of exploring different directions to uncover its features and find the goal, and noting the location of h"
73da8766,reflexion_mh,MiniHack-River-Narrow-v0,25,108,S,0.0,False,"reflection=The level's design emphasizes exploration, and noting hazards is crucial; moving south could reveal more of the layout and potentially lead to the dow"
73da8766,reflexion_mh,MiniHack-River-Narrow-v0,25,109,S,0.0,False,"reflection=The level's design emphasizes exploration, and noting hazards is crucial; moving south could reveal more of the layout and potentially lead to the dow"
73da8766,reflexion_mh,MiniHack-River-Narrow-v0,25,110,S,0.0,False,"reflection=The level's design emphasizes exploration, and noting hazards is crucial; moving south could reveal more of the layout and potentially lead to the dow"
73da8766,reflexion_mh,MiniHack-River-Narrow-v0,25,111,S,0.0,False,"reflection=The level's design emphasizes exploration, and noting hazards is crucial; moving in directions that do not hit walls can reveal more of the layout and"
73da8766,reflexion_mh,MiniHack-River-Narrow-v0,25,112,E,0.0,False,"reflection=The level's design emphasizes exploration, and noting hazards is crucial; moving in directions that do not hit walls can reveal more of the layout and"
73da8766,reflexion_mh,MiniHack-River-Narrow-v0,25,113,E,0.0,False,"reflection=The level's design emphasizes cautious exploration, especially near hazardous areas like lava or water. Noting the distribution of these hazards and t"
73da8766,reflexion_mh,MiniHack-River-Narrow-v0,25,114,N,0.0,False,"reflection=The level's design emphasizes cautious exploration, especially near hazardous areas like lava or water. Noting the distribution of these hazards and t"
73da8766,reflexion_mh,MiniHack-River-Narrow-v0,25,115,N,0.0,False,"reflection=The level's design emphasizes cautious exploration, especially near hazardous areas like lava or water. Noting the distribution of these hazards and t"
73da8766,reflexion_mh,MiniHack-River-Narrow-v0,25,116,E,0.0,False,"reflection=The level's design emphasizes cautious exploration, especially near hazardous areas like lava or water. Exploring different directions is crucial to u"
73da8766,reflexion_mh,MiniHack-River-Narrow-v0,25,117,N,0.0,False,"reflection=The level's design emphasizes cautious exploration, especially near hazardous areas like lava or water. Exploring different directions is crucial to u"
73da8766,reflexion_mh,MiniHack-River-Narrow-v0,25,118,N,0.0,False,"reflection=The level's design emphasizes cautious exploration, especially near hazardous areas like lava or water. Exploring different directions is crucial to u"
73da8766,reflexion_mh,MiniHack-River-Narrow-v0,25,119,N,-0.01,False,"reflection=The level's design emphasizes cautious exploration, especially near hazardous areas like lava or water. Exploring different directions is crucial to u"
73da8766,reflexion_mh,MiniHack-River-Narrow-v0,26,0,N,0.0,False,"reflection=The level appears to have a large open space with lava or water to the east, and I'm currently standing on the floor."
73da8766,reflexion_mh,MiniHack-River-Narrow-v0,26,1,N,0.0,False,"reflection=The level has a large open space with lava or water to the east, and I need to find a safe path to explore. I've identified that moving east directly "
73da8766,reflexion_mh,MiniHack-River-Narrow-v0,26,2,N,0.0,False,"reflection=The level has a large open space with lava or water to the east, and exploring north or west might reveal more about the layout and potential safe pat"
73da8766,reflexion_mh,MiniHack-River-Narrow-v0,26,3,NW,0.0,False,"reflection=The level has a large open space with lava or water to the east, and exploring north or west might reveal more about the layout and potential safe pat"
73da8766,reflexion_mh,MiniHack-River-Narrow-v0,26,4,NW,0.0,False,"reflection=The level has a large open space with lava or water to the east, and exploring north or west might reveal more about the layout and potential safe pat"
73da8766,reflexion_mh,MiniHack-River-Narrow-v0,26,5,NW,-0.01,False,"reflection=The level has a large open space with lava or water to the east, and exploring north or west might reveal more about the layout and potential safe pat"
73da8766,reflexion_mh,MiniHack-River-Narrow-v0,26,6,NW,-0.01,False,"reflection=The level has a large open space with lava or water to the east, and exploring north or west might reveal more about the layout and potential safe pat"
73da8766,reflexion_mh,MiniHack-River-Narrow-v0,26,7,S,0.0,False,"reflection=The level has a large open space with lava or water to the east, and exploring north or west might reveal more about the layout and potential safe pat"
73da8766,reflexion_mh,MiniHack-River-Narrow-v0,26,8,S,0.0,False,"reflection=The level has a large open space with lava or water to the east, and exploring north or west might reveal more about the layout and potential safe pat"
73da8766,reflexion_mh,MiniHack-River-Narrow-v0,26,9,S,0.0,False,"reflection=The level has a large open space with lava or water to the east, and exploring south or west might reveal more about the layout and potential safe pat"
73da8766,reflexion_mh,MiniHack-River-Narrow-v0,26,10,S,0.0,False,"reflection=The level has a large open space with lava or water to the east, and exploring south has revealed more about the layout, but the western and northern "
73da8766,reflexion_mh,MiniHack-River-Narrow-v0,26,11,S,0.0,False,"reflection=The level has a large open space with lava or water to the east, and exploring south has revealed a staircase, indicating that the southern part of th"
73da8766,reflexion_mh,MiniHack-River-Narrow-v0,26,12,W,0.0,False,"reflection=The level has a large open space with lava or water to the east, a staircase to the south, and the western and northern parts remain largely unexplore"
73da8766,reflexion_mh,MiniHack-River-Narrow-v0,26,13,W,0.0,False,"reflection=The level has a large open space with lava or water to the east, a staircase to the south, and the western part is being explored now, with the northe"
73da8766,reflexion_mh,MiniHack-River-Narrow-v0,26,14,N,0.0,False,"reflection=The level has a large open space with lava or water to the east, a staircase to the south, and the western part is being explored now, with the northe"
73da8766,reflexion_mh,MiniHack-River-Narrow-v0,26,15,N,0.0,False,"reflection=The level has a large open space with lava or water to the east, a staircase to the south, and the western part is being explored now, with the northe"
73da8766,reflexion_mh,MiniHack-River-Narrow-v0,26,16,N,0.0,False,"reflection=The level has a large open space with lava or water to the east, a staircase to the south, and the western part is being explored now, with the northe"
73da8766,reflexion_mh,MiniHack-River-Narrow-v0,26,17,N,0.0,False,"reflection=The level's open space and lack of walls from the current position suggest a potential for finding items or stairs in the unexplored northern area, wh"
73da8766,reflexion_mh,MiniHack-River-Narrow-v0,26,18,N,0.0,False,"reflection=The level's layout suggests a large open area to the north, which could contain important items, stairs, or other features crucial for progression. Pr"
73da8766,reflexion_mh,MiniHack-River-Narrow-v0,26,19,N,-0.01,False,"reflection=The level's design, with its open spaces, suggests that key elements for progression might be located in these areas, emphasizing the importance of th"
73da8766,reflexion_mh,MiniHack-River-Narrow-v0,26,20,E,0.0,False,"reflection=The level's design, with its open spaces, suggests that key elements for progression might be located in these areas, emphasizing the importance of th"
73da8766,reflexion_mh,MiniHack-River-Narrow-v0,26,21,E,0.0,False,"reflection=The level's design, with its open spaces, suggests that key elements for progression might be located in these areas, emphasizing the importance of th"
73da8766,reflexion_mh,MiniHack-River-Narrow-v0,26,22,E,0.0,False,"reflection=The level's design suggests that open areas may contain important elements for progression, and exploring these areas thoroughly is crucial. Moving ea"
73da8766,reflexion_mh,MiniHack-River-Narrow-v0,26,23,E,0.0,False,"reflection=The level's design suggests that open areas and paths, especially those leading to downstairs symbols, are critical for progression, and careful explo"
73da8766,reflexion_mh,MiniHack-River-Narrow-v0,26,24,W,0.0,False,"reflection=The level's design suggests that open areas and paths, especially those leading to downstairs symbols, are critical for progression, and careful explo"
73da8766,reflexion_mh,MiniHack-River-Narrow-v0,26,25,W,0.0,False,reflection=The level's design emphasizes the importance of identifying and navigating towards critical landmarks like the downstairs symbol. The presence of lava
73da8766,reflexion_mh,MiniHack-River-Narrow-v0,26,26,S,0.0,False,"reflection=The level's design emphasizes the importance of identifying and navigating towards critical landmarks like the downstairs symbol, and avoiding hazards"
73da8766,reflexion_mh,MiniHack-River-Narrow-v0,26,27,S,0.0,False,reflection=The level's design emphasizes the importance of identifying and navigating towards critical landmarks like the downstairs symbol. The path to the down
73da8766,reflexion_mh,MiniHack-River-Narrow-v0,26,28,S,0.0,False,"reflection=The level's design emphasizes the importance of identifying and navigating towards critical landmarks like the downstairs symbol, and it seems that th"
73da8766,reflexion_mh,MiniHack-River-Narrow-v0,26,29,S,0.0,False,"reflection=The level's design emphasizes the importance of identifying and navigating towards critical landmarks like the downstairs symbol, and it seems that th"
73da8766,reflexion_mh,MiniHack-River-Narrow-v0,26,30,S,0.0,False,"reflection=The level's design emphasizes the importance of identifying and navigating towards critical landmarks like the downstairs symbol, and it seems that th"
73da8766,reflexion_mh,MiniHack-River-Narrow-v0,26,31,S,0.0,False,"reflection=The level's design continues to emphasize the importance of navigating towards the downstairs symbol, and the lack of obstacles suggests that the leve"
73da8766,reflexion_mh,MiniHack-River-Narrow-v0,26,32,E,0.0,False,"reflection=The level's design continues to emphasize the importance of navigating towards the downstairs symbol, and the lack of obstacles suggests that the leve"
73da8766,reflexion_mh,MiniHack-River-Narrow-v0,26,33,W,0.0,False,"reflection=The level's design continues to emphasize the importance of navigating towards the downstairs symbol, and the lack of obstacles suggests that the leve"
73da8766,reflexion_mh,MiniHack-River-Narrow-v0,26,34,W,0.0,False,"reflection=The level's design continues to emphasize the importance of navigating towards the downstairs symbol, and the lack of obstacles suggests that the leve"
73da8766,reflexion_mh,MiniHack-River-Narrow-v0,26,35,W,0.0,False,"reflection=The level's design continues to emphasize the importance of navigating towards the downstairs symbol, and the lack of obstacles suggests that the leve"
73da8766,reflexion_mh,MiniHack-River-Narrow-v0,26,36,E,0.0,False,"reflection=The level's design continues to emphasize the importance of navigating towards the downstairs symbol, and the lack of obstacles suggests that the leve"
73da8766,reflexion_mh,MiniHack-River-Narrow-v0,26,37,E,0.0,False,"reflection=The level's design continues to emphasize the importance of navigating towards the downstairs symbol, and the lack of obstacles suggests that the leve"
73da8766,reflexion_mh,MiniHack-River-Narrow-v0,26,38,E,0.0,False,"reflection=The level's design continues to emphasize the importance of navigating towards the downstairs symbol, and the lack of obstacles suggests that the leve"
73da8766,reflexion_mh,MiniHack-River-Narrow-v0,26,39,W,0.0,False,"reflection=The level's design continues to emphasize the importance of navigating towards the downstairs symbol, and the lack of obstacles suggests that the leve"
73da8766,reflexion_mh,MiniHack-River-Narrow-v0,26,40,S,-0.01,False,"reflection=The level's design continues to emphasize the importance of navigating towards the downstairs symbol, and the lack of obstacles suggests that the leve"
73da8766,reflexion_mh,MiniHack-River-Narrow-v0,26,41,S,-0.01,False,"reflection=The level's design continues to emphasize the importance of navigating towards the downstairs symbol, and the lack of obstacles suggests that the leve"
73da8766,reflexion_mh,MiniHack-River-Narrow-v0,26,42,E,0.0,False,"reflection=The level's design continues to emphasize the importance of navigating towards the downstairs symbol, and the lack of obstacles suggests that the leve"
73da8766,reflexion_mh,MiniHack-River-Narrow-v0,26,43,S,-0.01,False,"reflection=The level's design continues to emphasize the importance of navigating towards the downstairs symbol, and the lack of obstacles suggests that the leve"
73da8766,reflexion_mh,MiniHack-River-Narrow-v0,26,44,S,-0.01,False,"reflection=The level's design continues to emphasize the importance of navigating towards the downstairs symbol, and the presence of lava or water to the north a"
73da8766,reflexion_mh,MiniHack-River-Narrow-v0,26,45,W,0.0,False,"reflection=The level's design continues to emphasize the importance of navigating towards the downstairs symbol, and the presence of lava or water to the north a"
73da8766,reflexion_mh,MiniHack-River-Narrow-v0,26,46,W,0.0,False,"reflection=The level's design emphasizes caution when approaching lava or water, suggesting that these areas may have negative consequences for the player. Movin"
73da8766,reflexion_mh,MiniHack-River-Narrow-v0,26,47,S,-0.01,False,"reflection=The level's design emphasizes caution when approaching lava or water, suggesting that these areas may have negative consequences for the player. Movin"
73da8766,reflexion_mh,MiniHack-River-Narrow-v0,26,48,E,0.0,False,reflection=The level's design emphasizes exploration in safer directions first. Moving east from the current position may help in uncovering more of the map's la
73da8766,reflexion_mh,MiniHack-River-Narrow-v0,26,49,E,0.0,False,"reflection=The level's design emphasizes exploration in safer directions first, and moving east from the starting position has been effective in uncovering the m"
73da8766,reflexion_mh,MiniHack-River-Narrow-v0,26,50,E,0.0,False,"reflection=The level's design emphasizes exploration in safer directions first, and moving east from the starting position has been effective in uncovering the m"
73da8766,reflexion_mh,MiniHack-River-Narrow-v0,26,51,E,0.0,False,"reflection=The level's design emphasizes exploration in safer directions first, and moving east from the starting position has been effective in uncovering the m"
73da8766,reflexion_mh,MiniHack-River-Narrow-v0,26,52,E,0.0,False,"reflection=The level's design seems to encourage exploration in the eastern direction, suggesting that significant features or paths might be located in this gen"
73da8766,reflexion_mh,MiniHack-River-Narrow-v0,26,53,E,0.0,False,"reflection=The level's design seems to encourage exploration in the eastern direction, and since moving east has not yet resulted in hitting a wall, it's reasona"
73da8766,reflexion_mh,MiniHack-River-Narrow-v0,26,54,E,0.0,False,"reflection=The level's eastern path remains open, suggesting a potential route or important locations in that direction. Continuing east may reveal stairs, items"
73da8766,reflexion_mh,MiniHack-River-Narrow-v0,26,55,E,0.0,False,"reflection=The level's eastern path continues to be a priority for exploration, as it may lead to important discoveries or the staircase to the next level."
73da8766,reflexion_mh,MiniHack-River-Narrow-v0,26,56,N,0.0,False,"reflection=The eastern path on this level does not contain the staircase to the next level, so other areas need to be explored."
73da8766,reflexion_mh,MiniHack-River-Narrow-v0,26,57,N,0.0,False,"reflection=The eastern path on this level does not contain the staircase to the next level, so other areas need to be explored, and the current position allows f"
73da8766,reflexion_mh,MiniHack-River-Narrow-v0,26,58,N,0.0,False,"reflection=The eastern path on this level does not contain the staircase to the next level, so other areas need to be explored. Trying the northern direction nex"
73da8766,reflexion_mh,MiniHack-River-Narrow-v0,26,59,W,0.0,False,"reflection=The eastern and northern parts of the level have been explored without finding the staircase, so other directions like west need to be checked."
73da8766,reflexion_mh,MiniHack-River-Narrow-v0,26,60,W,0.0,False,reflection=The western part of the level remains largely unexplored and could potentially contain the staircase or other important features.
73da8766,reflexion_mh,MiniHack-River-Narrow-v0,26,61,W,0.0,False,reflection=The western part of the level remains largely unexplored and could potentially contain the staircase or other important features. I have not encounter
73da8766,reflexion_mh,MiniHack-River-Narrow-v0,26,62,W,0.0,False,reflection=The western part of the level remains largely unexplored and could potentially contain the staircase or other important features. I have not encounter
73da8766,reflexion_mh,MiniHack-River-Narrow-v0,26,63,W,0.0,False,reflection=The western part of the level remains largely unexplored and could potentially contain the staircase or other important features. I have moved in vari
73da8766,reflexion_mh,MiniHack-River-Narrow-v0,26,64,W,0.0,False,"reflection=The western part of the level is still unexplored and could contain important features, and moving in this direction does not seem to be blocked by an"
73da8766,reflexion_mh,MiniHack-River-Narrow-v0,26,65,W,0.0,False,"reflection=The western part of the level remains largely unexplored, and continuing westward may reveal important level features, such as the downstairs staircas"
73da8766,reflexion_mh,MiniHack-River-Narrow-v0,26,66,W,0.0,False,"reflection=The western part of the level is still largely unexplored, and moving west may reveal crucial elements for progression, such as the staircase down, tr"
73da8766,reflexion_mh,MiniHack-River-Narrow-v0,26,67,W,0.0,False,"reflection=The western part of the level remains largely unexplored, and it's possible that moving west could lead to finding the staircase down or other importa"
73da8766,reflexion_mh,MiniHack-River-Narrow-v0,26,68,W,0.0,False,"reflection=The western part of the level is more extensive than initially thought, and continuing to explore in this direction may yield valuable discoveries, bu"
73da8766,reflexion_mh,MiniHack-River-Narrow-v0,26,69,E,0.0,False,"reflection=The level seems to be larger than initially thought, and exploring different directions may lead to new discoveries, but it's also important to keep t"
73da8766,reflexion_mh,MiniHack-River-Narrow-v0,26,70,E,0.0,False,"reflection=The level seems to be larger than initially thought, and exploring different directions may lead to new discoveries, but it's also important to keep t"
73da8766,reflexion_mh,MiniHack-River-Narrow-v0,26,71,S,0.0,False,"reflection=The level seems to be larger than initially thought, and exploring different directions may lead to new discoveries, but it's also important to keep t"
73da8766,reflexion_mh,MiniHack-River-Narrow-v0,26,72,S,0.0,False,"reflection=The level's openness near the starting point suggests that initial exploration can be somewhat free-form, but it's crucial to start developing a menta"
73da8766,reflexion_mh,MiniHack-River-Narrow-v0,26,73,E,0.0,False,"reflection=The level's openness near the starting point suggests that initial exploration can be somewhat free-form, but it's crucial to start developing a menta"
73da8766,reflexion_mh,MiniHack-River-Narrow-v0,26,74,N,0.0,False,"reflection=The level's layout, with its visible lava or water to the east, suggests that moving north could provide a safer path for exploration and potentially "
73da8766,reflexion_mh,MiniHack-River-Narrow-v0,26,75,N,0.0,False,"reflection=The level's layout, with its visible lava or water to the east, suggests that moving north could provide a safer path for exploration and potentially "
73da8766,reflexion_mh,MiniHack-River-Narrow-v0,26,76,N,0.0,False,"reflection=The level's layout, with its visible lava or water to the east, suggests that moving north could provide a safer path for exploration and potentially "
73da8766,reflexion_mh,MiniHack-River-Narrow-v0,26,77,N,0.0,False,"reflection=The level's structure suggests a potential divide by the lava or water to the east, making northward exploration crucial for understanding the level's"
73da8766,reflexion_mh,MiniHack-River-Narrow-v0,26,78,N,0.0,False,"reflection=The level's structure suggests a potential divide by the lava or water to the east, making northward exploration crucial for understanding the level's"
73da8766,reflexion_mh,MiniHack-River-Narrow-v0,26,79,N,-0.01,False,"reflection=The level's structure suggests a potential divide by the lava or water to the east, making northward exploration crucial for understanding the level's"
73da8766,reflexion_mh,MiniHack-River-Narrow-v0,26,80,N,-0.01,False,"reflection=The level's structure suggests a potential divide by the lava or water to the east, making northward exploration crucial for understanding the level's"
73da8766,reflexion_mh,MiniHack-River-Narrow-v0,26,81,E,0.0,False,"reflection=The level's structure suggests a potential divide by the lava or water to the east, and moving north is blocked by a wall, indicating a need to explor"
73da8766,reflexion_mh,MiniHack-River-Narrow-v0,26,82,W,0.0,False,"reflection=The level's structure suggests a potential divide by the lava or water to the east, and moving north is blocked by a wall, indicating a need to explor"
73da8766,reflexion_mh,MiniHack-River-Narrow-v0,26,83,W,0.0,False,"reflection=The level's structure suggests a potential divide by the lava or water to the east, and initial exploration indicates that moving west may be the most"
73da8766,reflexion_mh,MiniHack-River-Narrow-v0,26,84,W,0.0,False,"reflection=The level's structure suggests a divide by the lava or water to the east, and initial exploration indicates that moving west may be the most promising"
73da8766,reflexion_mh,MiniHack-River-Narrow-v0,26,85,W,0.0,False,"reflection=The level's structure suggests a significant barrier to the east, reinforcing the initial hypothesis that moving west is the most promising direction "
73da8766,reflexion_mh,MiniHack-River-Narrow-v0,26,86,W,0.0,False,reflection=The level's openness to the west suggests a potential path or significant area in that direction. The absence of walls when moving west indicates it m
73da8766,reflexion_mh,MiniHack-River-Narrow-v0,26,87,W,0.0,False,reflection=The level's openness to the west suggests a potential path or significant area in that direction. The absence of walls when moving west indicates it m
73da8766,reflexion_mh,MiniHack-River-Narrow-v0,26,88,W,0.0,False,"reflection=The level's openness to the west suggests a significant area or path, and continuing in this direction may reveal important locations or items, potent"
73da8766,reflexion_mh,MiniHack-River-Narrow-v0,26,89,W,0.0,False,"reflection=The level's western area appears to be a significant path or room, and further exploration in this direction may yield important discoveries, includin"
73da8766,reflexion_mh,MiniHack-River-Narrow-v0,26,90,N,-0.01,False,"reflection=The level's western area appears to be a significant path or room, but further exploration in other directions may yield more important discoveries, i"
73da8766,reflexion_mh,MiniHack-River-Narrow-v0,26,91,E,0.0,False,"reflection=The level's northern edge appears to be bounded by a wall, suggesting that further exploration should focus on other directions to uncover the stairca"
73da8766,reflexion_mh,MiniHack-River-Narrow-v0,26,92,E,0.0,False,"reflection=The level's northern edge appears to be bounded by a wall, suggesting that further exploration should focus on other directions to uncover the stairca"
73da8766,reflexion_mh,MiniHack-River-Narrow-v0,26,93,E,0.0,False,"reflection=The level's eastern direction is being explored to find the staircase or items, and so far, there are no obstacles or items in sight, suggesting the n"
73da8766,reflexion_mh,MiniHack-River-Narrow-v0,26,94,E,0.0,False,"reflection=The level's eastern direction is being explored to find the staircase or items, and so far, there are no obstacles or items in sight, suggesting the n"
73da8766,reflexion_mh,MiniHack-River-Narrow-v0,26,95,E,0.0,False,"reflection=The level's eastern direction appears to be an open area with no immediate obstacles or items, suggesting the need to continue exploring this directio"
73da8766,reflexion_mh,MiniHack-River-Narrow-v0,26,96,E,0.0,False,"reflection=The level's eastern direction remains open, suggesting a potential path or area to explore further for items, stairs, or other important features. No "
73da8766,reflexion_mh,MiniHack-River-Narrow-v0,26,97,E,0.0,False,"reflection=The level's eastern direction continues to be a potential path for exploration, with no obstacles encountered so far. The presence of lava or water (}"
73da8766,reflexion_mh,MiniHack-River-Narrow-v0,26,98,S,0.0,False,"reflection=The level's eastern direction appears to be open, and the southern direction contains lava or water, which may be a significant feature or obstacle."
73da8766,reflexion_mh,MiniHack-River-Narrow-v0,26,99,N,0.0,False,"reflection=The level's eastern direction appears to be open, and the southern direction contains lava or water. The northern direction is unexplored and may cont"
73da8766,reflexion_mh,MiniHack-River-Narrow-v0,26,100,N,-0.01,False,"reflection=The level's eastern direction is open but may not be the best path forward, the southern direction is hazardous due to lava or water, and the northern"
73da8766,reflexion_mh,MiniHack-River-Narrow-v0,26,101,W,0.0,False,"reflection=The level's eastern direction is open but may not be the best path forward, the southern direction is hazardous due to lava or water, the northern dir"
73da8766,reflexion_mh,MiniHack-River-Narrow-v0,26,102,W,0.0,False,"reflection=The level's western direction is now being explored, which may reveal new paths, hazards, or objectives, and it's possible that the western direction "
73da8766,reflexion_mh,MiniHack-River-Narrow-v0,26,103,W,0.0,False,"reflection=The level's western direction continues to be explored, which may lead to discovering new areas, stairs, or items, and it's possible that this directi"
73da8766,reflexion_mh,MiniHack-River-Narrow-v0,26,104,W,0.0,False,"reflection=The level's western direction appears to be open, suggesting a potential path or area of interest, and further exploration in this direction may yield"
73da8766,reflexion_mh,MiniHack-River-Narrow-v0,26,105,W,0.0,False,"reflection=The level's western direction continues to be a potential path or area of interest, and further exploration in this direction may yield useful discove"
73da8766,reflexion_mh,MiniHack-River-Narrow-v0,26,106,W,0.0,False,"reflection=The level's western direction continues to be a potential path or area of interest, and further exploration in this direction may yield useful discove"
73da8766,reflexion_mh,MiniHack-River-Narrow-v0,26,107,W,0.0,False,"reflection=The level's western direction continues to be a potential path or area of interest, and further exploration in this direction may yield useful discove"
73da8766,reflexion_mh,MiniHack-River-Narrow-v0,26,108,W,0.0,False,"reflection=The level's western path continues to be open, suggesting a potential route or area of interest. The lack of creatures or obstacles in this direction "
73da8766,reflexion_mh,MiniHack-River-Narrow-v0,26,109,W,0.0,False,"reflection=The level's western path continues to be open and seemingly safe, suggesting a potential route or area of interest. The exploration so far has not rev"
73da8766,reflexion_mh,MiniHack-River-Narrow-v0,26,110,W,0.0,False,"reflection=The level's western path continues to be open and seemingly safe, suggesting a potential route or area of interest. Continuing in this direction may r"
73da8766,reflexion_mh,MiniHack-River-Narrow-v0,26,111,W,-0.01,False,"reflection=The level's western path continues to be a potential route of interest, and exploring it further may reveal more about the level's layout and objectiv"
73da8766,reflexion_mh,MiniHack-River-Narrow-v0,26,112,W,-0.01,False,"reflection=The western path on this level appears to be a viable route for exploration, and it may lead to the discovery of key level elements such as the downst"
73da8766,reflexion_mh,MiniHack-River-Narrow-v0,26,113,N,-0.01,False,"reflection=The western path on this level appears to be a viable route for exploration, but it is bounded by a wall, so alternative routes such as north, east, o"
73da8766,reflexion_mh,MiniHack-River-Narrow-v0,26,114,E,0.0,False,"reflection=The western and northern paths are bounded by walls, so exploring east or south may yield more fruitful results in terms of finding key level elements"
73da8766,reflexion_mh,MiniHack-River-Narrow-v0,26,115,E,0.0,False,reflection=The level's boundaries to the west and north suggest that key elements like stairs or items might be located towards the east or south. Exploring east
73da8766,reflexion_mh,MiniHack-River-Narrow-v0,26,116,E,0.0,False,reflection=The level's boundaries to the west and north suggest that key elements like stairs or items might be located towards the east or south. Exploring east
73da8766,reflexion_mh,MiniHack-River-Narrow-v0,26,117,E,0.0,False,"reflection=The level's boundaries and the location of lava or water suggest that exploring east may reveal more about the level's layout, but caution is needed d"
73da8766,reflexion_mh,MiniHack-River-Narrow-v0,26,118,E,0.0,False,"reflection=The level's boundaries and the location of lava or water suggest that exploring east may reveal more about the level's layout, but caution is needed d"
73da8766,reflexion_mh,MiniHack-River-Narrow-v0,26,119,E,0.0,False,"reflection=The level appears to have a significant amount of lava or water to the south, which will need to be navigated around. Exploring east may help in findi"
73da8766,reflexion_mh,MiniHack-River-Narrow-v0,27,0,N,-0.01,False,"reflection=The level appears to have a body of water or lava to the east, which I should avoid for now. The north direction seems like a safe choice to start wit"
73da8766,reflexion_mh,MiniHack-River-Narrow-v0,27,1,N,-0.01,False,"reflection=The level appears to have a body of water or lava to the east, which I should avoid for now. The north direction seems like a safe choice to start wit"
73da8766,reflexion_mh,MiniHack-River-Narrow-v0,27,2,W,0.0,False,"reflection=The level has a solid stone wall to the north, indicating a boundary. The presence of water or lava to the east is a significant hazard to avoid. Expl"
73da8766,reflexion_mh,MiniHack-River-Narrow-v0,27,3,NW,-0.01,False,"reflection=The level has a solid stone wall to the north, a significant hazard to the east, and potential for exploration to the west or northwest, which might r"
73da8766,reflexion_mh,MiniHack-River-Narrow-v0,27,4,NW,-0.01,False,"reflection=The level has a solid stone wall to the north, a significant hazard to the east, and potential for exploration to the west or northwest. The northwest"
73da8766,reflexion_mh,MiniHack-River-Narrow-v0,27,5,W,0.0,False,"reflection=The level has a solid stone wall to the north, a significant hazard to the east, and potential for exploration to the west. The northwest direction is"
73da8766,reflexion_mh,MiniHack-River-Narrow-v0,27,6,W,0.0,False,"reflection=The level's layout suggests that significant obstacles are placed to guide the player towards certain paths, and exploring west may reveal more about "
73da8766,reflexion_mh,MiniHack-River-Narrow-v0,27,7,N,-0.01,False,"reflection=The level's layout suggests that significant obstacles are placed to guide the player towards certain paths, and exploring west and now possibly north"
73da8766,reflexion_mh,MiniHack-River-Narrow-v0,27,8,W,0.0,False,"reflection=The level's design indicates that not all paths are immediately accessible, and some areas may be blocked to encourage exploration in specific directi"
73da8766,reflexion_mh,MiniHack-River-Narrow-v0,27,9,E,0.0,False,"reflection=The level's design includes bodies of water or lava that could either block paths or require specific items to cross, emphasizing the need for careful"
73da8766,reflexion_mh,MiniHack-River-Narrow-v0,27,10,E,0.0,False,"reflection=The level's design includes bodies of water or lava that could either block paths or require specific items to cross, emphasizing the need for careful"
73da8766,reflexion_mh,MiniHack-River-Narrow-v0,27,11,E,0.0,False,"reflection=The level's design includes bodies of water or lava that could either block paths or require specific items to cross, emphasizing the need for careful"
73da8766,reflexion_mh,MiniHack-River-Narrow-v0,27,12,SE,0.0,False,"reflection=The level's design includes bodies of water or lava that could either block paths or require specific items to cross, emphasizing the need for careful"
73da8766,reflexion_mh,MiniHack-River-Narrow-v0,27,13,E,0.0,False,"reflection=The level's design includes bodies of water or lava that could either block paths or require specific items to cross, emphasizing the need for careful"
73da8766,reflexion_mh,MiniHack-River-Narrow-v0,27,14,N,0.0,False,"reflection=The level's design includes bodies of water or lava that could either block paths or require specific items to cross, emphasizing the need for careful"
73da8766,reflexion_mh,MiniHack-River-Narrow-v0,27,15,N,0.0,False,"reflection=The level's design includes bodies of water or lava that could either block paths or require specific items to cross, emphasizing the need for careful"
73da8766,reflexion_mh,MiniHack-River-Narrow-v0,27,16,N,-0.01,False,"reflection=The level's design includes bodies of water or lava that could either block paths or require specific items to cross, emphasizing the need for careful"
73da8766,reflexion_mh,MiniHack-River-Narrow-v0,27,17,N,-0.01,False,"reflection=The level's design includes bodies of water or lava that could either block paths or require specific items to cross, emphasizing the need for careful"
73da8766,reflexion_mh,MiniHack-River-Narrow-v0,27,18,E,0.0,False,"reflection=The level's design includes solid stone walls that can block paths, and initial exploration suggests that not all cardinal directions are immediately "
73da8766,reflexion_mh,MiniHack-River-Narrow-v0,27,19,N,0.0,False,"reflection=The level's design includes solid stone walls that can block paths, and initial exploration suggests that not all cardinal directions are immediately "
73da8766,reflexion_mh,MiniHack-River-Narrow-v0,27,20,N,-0.01,False,"reflection=The level's design includes solid stone walls that can block paths, and initial exploration suggests that not all cardinal directions are immediately "
73da8766,reflexion_mh,MiniHack-River-Narrow-v0,27,21,N,-0.01,False,"reflection=The level's design includes solid stone walls that can block paths, and initial exploration suggests that not all cardinal directions are immediately "
73da8766,reflexion_mh,MiniHack-River-Narrow-v0,27,22,E,0.0,False,"reflection=The level's design includes solid stone walls that can block paths, and initial exploration suggests that not all cardinal directions are immediately "
73da8766,reflexion_mh,MiniHack-River-Narrow-v0,27,23,S,0.0,False,"reflection=The level's design includes bodies of water or lava that can block paths, and initial exploration suggests prioritizing movement in directions that av"
73da8766,reflexion_mh,MiniHack-River-Narrow-v0,27,24,E,0.0,False,"reflection=The level's design includes bodies of water or lava that can block paths, and initial exploration suggests prioritizing movement in directions that av"
73da8766,reflexion_mh,MiniHack-River-Narrow-v0,27,25,S,0.0,False,"reflection=The level's design includes bodies of water or lava that can block paths, and initial exploration suggests prioritizing movement in directions that av"
73da8766,reflexion_mh,MiniHack-River-Narrow-v0,27,26,E,0.0,False,"reflection=The level's design includes bodies of water or lava that can block paths, and initial exploration suggests prioritizing movement in directions that av"
73da8766,reflexion_mh,MiniHack-River-Narrow-v0,27,27,E,0.0,False,"reflection=The level's design includes bodies of water or lava that can block paths, and initial exploration suggests prioritizing movement in directions that av"
73da8766,reflexion_mh,MiniHack-River-Narrow-v0,27,28,E,0.0,False,"reflection=The level's design includes bodies of water or lava that can block paths, and initial exploration suggests prioritizing movement in directions that av"
73da8766,reflexion_mh,MiniHack-River-Narrow-v0,27,29,N,0.0,False,"reflection=The level's design includes bodies of water or lava that can block paths, and initial exploration suggests prioritizing movement in directions that av"
73da8766,reflexion_mh,MiniHack-River-Narrow-v0,27,30,E,0.0,False,"reflection=The level's design includes bodies of water or lava that can block paths, and initial exploration suggests prioritizing movement in directions that av"
73da8766,reflexion_mh,MiniHack-River-Narrow-v0,27,31,N,0.0,False,"reflection=The level's design includes bodies of water or lava that can block paths, and initial exploration suggests prioritizing movement in directions that av"
73da8766,reflexion_mh,MiniHack-River-Narrow-v0,27,32,N,-0.01,False,"reflection=The level's design includes bodies of water or lava that can block paths, and initial exploration suggests prioritizing movement in directions that av"
73da8766,reflexion_mh,MiniHack-River-Narrow-v0,27,33,S,0.0,False,"reflection=The level's design includes bodies of water or lava that can block paths, and initial exploration suggests prioritizing movement in directions that av"
73da8766,reflexion_mh,MiniHack-River-Narrow-v0,27,34,N,0.0,False,reflection=The level's design includes bodies of water or lava that can block paths. Initial exploration suggests prioritizing movement in directions that avoid 
73da8766,reflexion_mh,MiniHack-River-Narrow-v0,27,35,N,-0.01,False,reflection=The level's design includes bodies of water or lava that can block paths. Initial exploration suggests prioritizing movement in directions that avoid 
73da8766,reflexion_mh,MiniHack-River-Narrow-v0,27,36,W,0.0,False,"reflection=The level's design includes bodies of water or lava that can block paths, and initial exploration suggests prioritizing movement in directions that av"
73da8766,reflexion_mh,MiniHack-River-Narrow-v0,27,37,W,0.0,False,"reflection=The level's design includes bodies of water or lava that can block paths, and initial exploration suggests prioritizing movement in directions that av"
73da8766,reflexion_mh,MiniHack-River-Narrow-v0,27,38,W,0.0,False,"reflection=The level's design includes bodies of water or lava that can block paths, and initial exploration suggests prioritizing movement in directions that av"
73da8766,reflexion_mh,MiniHack-River-Narrow-v0,27,39,W,0.0,False,"reflection=The level's design includes bodies of water or lava that can block paths, and initial exploration suggests prioritizing movement in directions that av"
73da8766,reflexion_mh,MiniHack-River-Narrow-v0,27,40,W,0.0,False,"reflection=The level's design includes bodies of water or lava that can block paths, and initial exploration suggests prioritizing movement in directions that av"
73da8766,reflexion_mh,MiniHack-River-Narrow-v0,27,41,W,0.0,False,"reflection=The level's design includes bodies of water or lava that can block paths, and initial exploration suggests prioritizing movement in directions that av"
73da8766,reflexion_mh,MiniHack-River-Narrow-v0,27,42,W,0.0,False,"reflection=The level's design includes bodies of water or lava that can block paths, and initial exploration suggests prioritizing movement in directions that av"
73da8766,reflexion_mh,MiniHack-River-Narrow-v0,27,43,W,0.0,False,"reflection=The level's design includes bodies of water or lava that can block paths, and initial exploration suggests prioritizing movement in directions that av"
73da8766,reflexion_mh,MiniHack-River-Narrow-v0,27,44,W,0.0,False,"reflection=The level's design includes bodies of water or lava that can block paths, and initial exploration suggests prioritizing movement in directions that av"
73da8766,reflexion_mh,MiniHack-River-Narrow-v0,27,45,W,0.0,False,"reflection=The level's design includes bodies of water or lava that can block paths, and initial exploration suggests prioritizing movement in directions that av"
73da8766,reflexion_mh,MiniHack-River-Narrow-v0,27,46,W,0.0,False,"reflection=The level's design includes bodies of water or lava that can block paths, and initial exploration suggests prioritizing movement in directions that av"
73da8766,reflexion_mh,MiniHack-River-Narrow-v0,27,47,W,0.0,False,"reflection=The level's design includes bodies of water or lava that can block paths, and initial exploration suggests prioritizing movement in directions that av"
73da8766,reflexion_mh,MiniHack-River-Narrow-v0,27,48,W,0.0,False,"reflection=The level's design includes bodies of water or lava that can block paths, and initial exploration suggests prioritizing movement in directions that av"
73da8766,reflexion_mh,MiniHack-River-Narrow-v0,27,49,W,0.0,False,"reflection=The level's design includes bodies of water or lava that can block paths, and initial exploration suggests prioritizing movement in directions that av"
73da8766,reflexion_mh,MiniHack-River-Narrow-v0,27,50,W,0.0,False,"reflection=The level's design includes bodies of water or lava that can block paths, and initial exploration suggests prioritizing movement in directions that av"
73da8766,reflexion_mh,MiniHack-River-Narrow-v0,27,51,W,0.0,False,"reflection=The level's design includes bodies of water or lava that can block paths, and initial exploration suggests prioritizing movement in directions that av"
73da8766,reflexion_mh,MiniHack-River-Narrow-v0,27,52,W,0.0,False,"reflection=The level's design includes bodies of water or lava that can block paths, and initial exploration suggests prioritizing movement in directions that av"
73da8766,reflexion_mh,MiniHack-River-Narrow-v0,27,53,W,-0.01,False,"reflection=The level's design includes bodies of water or lava that can block paths, and initial exploration suggests prioritizing movement in directions that av"
73da8766,reflexion_mh,MiniHack-River-Narrow-v0,27,54,W,-0.01,False,"reflection=The level's design includes bodies of water or lava that can block paths, and initial exploration suggests prioritizing movement in directions that av"
73da8766,reflexion_mh,MiniHack-River-Narrow-v0,27,55,N,-0.01,False,"reflection=The level's design includes bodies of water or lava that can block paths, and initial exploration suggests prioritizing movement in directions that av"
73da8766,reflexion_mh,MiniHack-River-Narrow-v0,27,56,E,0.0,False,"reflection=The level's design includes bodies of water or lava that can block paths, and initial exploration suggests prioritizing movement in directions that av"
73da8766,reflexion_mh,MiniHack-River-Narrow-v0,27,57,E,0.0,False,"reflection=The level's design includes bodies of water or lava that can block paths, and initial exploration suggests prioritizing movement in directions that av"
73da8766,reflexion_mh,MiniHack-River-Narrow-v0,27,58,E,0.0,False,"reflection=The level's design includes bodies of water or lava that can block paths, and initial exploration suggests prioritizing movement in directions that av"
73da8766,reflexion_mh,MiniHack-River-Narrow-v0,27,59,E,0.0,False,"reflection=The level's design includes bodies of water or lava that can block paths, and initial exploration suggests prioritizing movement in directions that av"
73da8766,reflexion_mh,MiniHack-River-Narrow-v0,27,60,E,0.0,False,"reflection=The level's design includes bodies of water or lava that can block paths, and initial exploration suggests prioritizing movement in directions that av"
73da8766,reflexion_mh,MiniHack-River-Narrow-v0,27,61,E,0.0,False,"reflection=The level's design includes bodies of water or lava that can block paths, and initial exploration suggests prioritizing movement in directions that av"
73da8766,reflexion_mh,MiniHack-River-Narrow-v0,27,62,E,0.0,False,"reflection=The level's design includes large bodies of water or lava that can block paths, and initial exploration suggests prioritizing movement in directions t"
73da8766,reflexion_mh,MiniHack-River-Narrow-v0,27,63,E,0.0,False,"reflection=The level's design includes large bodies of water or lava that can block paths, and initial exploration suggests prioritizing movement in directions t"
73da8766,reflexion_mh,MiniHack-River-Narrow-v0,27,64,E,0.0,False,"reflection=The level's design includes large bodies of water or lava that can block paths, and initial exploration suggests prioritizing movement in directions t"
73da8766,reflexion_mh,MiniHack-River-Narrow-v0,27,65,E,0.0,False,"reflection=The level's design includes large bodies of water or lava that can block paths, and initial exploration suggests prioritizing movement in directions t"
73da8766,reflexion_mh,MiniHack-River-Narrow-v0,27,66,E,0.0,False,"reflection=The level's design includes large bodies of water or lava that can block paths, and initial exploration suggests prioritizing movement in directions t"
73da8766,reflexion_mh,MiniHack-River-Narrow-v0,27,67,E,0.0,False,"reflection=The level's design includes large bodies of water or lava that can block paths, and initial exploration suggests prioritizing movement in directions t"
73da8766,reflexion_mh,MiniHack-River-Narrow-v0,27,68,E,0.0,False,"reflection=The level's design includes large bodies of water or lava that can block paths, and initial exploration suggests prioritizing movement in directions t"
73da8766,reflexion_mh,MiniHack-River-Narrow-v0,27,69,E,0.0,False,"reflection=The level's design includes large bodies of water or lava that can block paths, and initial exploration suggests prioritizing movement in directions t"
73da8766,reflexion_mh,MiniHack-River-Narrow-v0,27,70,E,0.0,False,"reflection=The level's design seems to encourage exploration in certain directions, and the lack of obstacles in the eastern path suggests it might be a signific"
73da8766,reflexion_mh,MiniHack-River-Narrow-v0,27,71,E,0.0,False,"reflection=The eastern path remains open, suggesting it could be a primary route for progression on this level, potentially leading to the downstairs or other im"
73da8766,reflexion_mh,MiniHack-River-Narrow-v0,27,72,N,-0.01,False,"reflection=The level seems to have a large body of water or lava to the south, which could be a barrier or a feature to navigate around. The open eastern path su"
73da8766,reflexion_mh,MiniHack-River-Narrow-v0,27,73,E,0.0,False,"reflection=The level seems to have a large body of water or lava to the south, which could be a barrier or a feature to navigate around. The open eastern path su"
73da8766,reflexion_mh,MiniHack-River-Narrow-v0,27,74,E,0.0,False,"reflection=The level seems to have a large body of water or lava to the south, which could be a barrier or a feature to navigate around. The open eastern path su"
73da8766,reflexion_mh,MiniHack-River-Narrow-v0,27,75,E,0.0,False,"reflection=The level's eastern path remains open, suggesting it may lead to important locations or items. The absence of obstacles or creatures in this direction"
73da8766,reflexion_mh,MiniHack-River-Narrow-v0,27,76,N,-0.01,False,"reflection=The level's eastern path is bounded, suggesting the need to explore north, south, or west to uncover more of the level's layout and potential dangers "
73da8766,reflexion_mh,MiniHack-River-Narrow-v0,27,77,N,-0.01,False,"reflection=The level's eastern path is bounded, and exploring north or other directions may reveal more about the level's layout and potential dangers or rewards"
73da8766,reflexion_mh,MiniHack-River-Narrow-v0,27,78,S,0.0,False,"reflection=The level's northern path is also bounded, so I need to explore south or west to find a way forward or potential items and stairs."
73da8766,reflexion_mh,MiniHack-River-Narrow-v0,27,79,S,0.0,False,"reflection=The level's northern and eastern paths are bounded, so I need to explore south or west to find a way forward or potential items and stairs."
73da8766,reflexion_mh,MiniHack-River-Narrow-v0,27,80,S,0.0,False,"reflection=The level's northern and eastern paths are bounded, so I need to explore south or west to find a way forward or potential items and stairs. I have not"
73da8766,reflexion_mh,MiniHack-River-Narrow-v0,27,81,S,0.0,False,"reflection=The level's northern and eastern paths are bounded, so I need to explore south or west to find a way forward or potential items and stairs. I have sta"
73da8766,reflexion_mh,MiniHack-River-Narrow-v0,27,82,W,0.0,False,"reflection=The southern area is bounded by lava or water, so west is the next direction to explore for progression or items."
73da8766,reflexion_mh,MiniHack-River-Narrow-v0,27,83,W,0.0,False,"reflection=The western area is still unexplored and could potentially hold items or a staircase, so it's worth investigating. The current area seems to be bounde"
73da8766,reflexion_mh,MiniHack-River-Narrow-v0,27,84,W,0.0,False,"reflection=The western area is still unexplored and could potentially hold items or a staircase, so it's worth investigating. The current area seems to be bounde"
73da8766,reflexion_mh,MiniHack-River-Narrow-v0,27,85,W,0.0,False,"reflection=The western area is still largely unexplored, and continuing in this direction may reveal important features such as items, a staircase, or other path"
73da8766,reflexion_mh,MiniHack-River-Narrow-v0,27,86,W,0.0,False,"reflection=The western area is still largely unexplored, and continuing in this direction may reveal important features such as items, a staircase, or other path"
73da8766,reflexion_mh,MiniHack-River-Narrow-v0,27,87,W,0.0,False,"reflection=The western area remains a priority for exploration, and each step in this direction provides more information about the level's layout and potential "
73da8766,reflexion_mh,MiniHack-River-Narrow-v0,27,88,W,0.0,False,"reflection=The western area remains a priority for exploration, and each step in this direction provides more information about the level's layout and potential "
73da8766,reflexion_mh,MiniHack-River-Narrow-v0,27,89,W,0.0,False,"reflection=The western area remains a priority for exploration, and each step in this direction provides more information about the level's layout and potential "
73da8766,reflexion_mh,MiniHack-River-Narrow-v0,27,90,W,0.0,False,"reflection=The western area continues to be a priority for exploration, and with each step, more of the level's layout is revealed, suggesting a potential corrid"
73da8766,reflexion_mh,MiniHack-River-Narrow-v0,27,91,W,0.0,False,"reflection=The western area continues to be a priority for exploration, and with each step, more of the level's layout is revealed, suggesting a potential corrid"
73da8766,reflexion_mh,MiniHack-River-Narrow-v0,27,92,W,-0.01,False,"reflection=The level's western area continues to be open, suggesting a possible large room or corridor in this direction. The ability to move boulders indicates "
73da8766,reflexion_mh,MiniHack-River-Narrow-v0,27,93,N,0.0,False,"reflection=The level's western area continues to be open, suggesting a possible large room or corridor in this direction. The inability to move the boulder indic"
73da8766,reflexion_mh,MiniHack-River-Narrow-v0,27,94,W,0.0,False,"reflection=The level's western area continues to be open, suggesting a possible large room or corridor in this direction. Exploration in this direction may revea"
73da8766,reflexion_mh,MiniHack-River-Narrow-v0,27,95,W,0.0,False,"reflection=The level's western area continues to be open, suggesting a possible large room or corridor in this direction, and it may be worthwhile to explore thi"
73da8766,reflexion_mh,MiniHack-River-Narrow-v0,27,96,W,0.0,False,"reflection=The level's western area continues to be open, suggesting a possible large room or corridor in this direction, and it may be worthwhile to explore thi"
73da8766,reflexion_mh,MiniHack-River-Narrow-v0,27,97,W,0.0,False,"reflection=The level's western area continues to be open, suggesting a possible large room or corridor, and exploring this direction has not yet yielded any wall"
73da8766,reflexion_mh,MiniHack-River-Narrow-v0,27,98,W,0.0,False,"reflection=The level's western area appears to be a long corridor or room with no immediate obstacles or walls, suggesting it may lead to important features like"
73da8766,reflexion_mh,MiniHack-River-Narrow-v0,27,99,W,0.0,False,"reflection=The level's western area is a long corridor or room that extends at least 8 steps to the west without any obstacles or walls, suggesting it may be a p"
73da8766,reflexion_mh,MiniHack-River-Narrow-v0,27,100,W,0.0,False,"reflection=The level's western area is a long corridor or room that extends at least 9 steps to the west without any obstacles or walls, suggesting it may be a p"
73da8766,reflexion_mh,MiniHack-River-Narrow-v0,27,101,W,-0.01,False,"reflection=The level's western area is a long corridor or room that extends at least 10 steps to the west without any obstacles or walls, suggesting it may be a "
73da8766,reflexion_mh,MiniHack-River-Narrow-v0,27,102,N,0.0,False,"reflection=The level's western area is a long, unobstructed corridor, suggesting the need to explore other directions for progression or to find a boundary."
73da8766,reflexion_mh,MiniHack-River-Narrow-v0,27,103,E,0.0,False,"reflection=The level's western area is a long, unobstructed corridor, and it's necessary to explore north, south, or east to find a boundary, stairs, or other fe"
73da8766,reflexion_mh,MiniHack-River-Narrow-v0,27,104,N,0.0,False,"reflection=The level's western area is a long, unobstructed corridor, and initial exploration westward did not yield any features or boundaries, suggesting a nee"
73da8766,reflexion_mh,MiniHack-River-Narrow-v0,27,105,N,-0.01,False,"reflection=The level's western area is a long, unobstructed corridor. Initial exploration westward did not yield any features or boundaries. The action of moving"
73da8766,reflexion_mh,MiniHack-River-Narrow-v0,27,106,E,0.0,False,"reflection=The level's western area is a long, unobstructed corridor, and attempting to move a boulder didn't yield any results, suggesting that exploration in o"
73da8766,reflexion_mh,MiniHack-River-Narrow-v0,27,107,S,0.0,False,"reflection=The level's western area is a long, unobstructed corridor, and attempting to move a boulder didn't yield any results. Exploration in other directions,"
73da8766,reflexion_mh,MiniHack-River-Narrow-v0,27,108,S,0.0,False,"reflection=The level's western area is a long, unobstructed corridor. Attempting to move a boulder didn't yield any results. Exploration in other directions, par"
73da8766,reflexion_mh,MiniHack-River-Narrow-v0,27,109,S,0.0,False,"reflection=The level's southern direction remains largely unexplored and could potentially lead to the downstairs or other important features, such as hidden roo"
73da8766,reflexion_mh,MiniHack-River-Narrow-v0,27,110,S,0.0,False,"reflection=The level's southern direction is still largely unexplored and could potentially lead to the downstairs, hidden rooms, items, or other important featu"
73da8766,reflexion_mh,MiniHack-River-Narrow-v0,27,111,S,0.0,False,"reflection=The level's southern direction is still largely unexplored and could potentially lead to the downstairs, hidden rooms, items, or other important featu"
73da8766,reflexion_mh,MiniHack-River-Narrow-v0,27,112,S,-0.01,False,"reflection=The level's southern direction remains largely unexplored, and moving further south may reveal the downstairs, hidden rooms, or items. The eastern and"
73da8766,reflexion_mh,MiniHack-River-Narrow-v0,27,113,S,-0.01,False,"reflection=The level's southern direction continues to be the most explored, and it's likely that the downstairs or other significant features will be found by m"
73da8766,reflexion_mh,MiniHack-River-Narrow-v0,27,114,E,0.0,False,"reflection=The level's southern boundary has been reached, so exploring east or west may reveal more about the level's structure and potentially lead to finding "
73da8766,reflexion_mh,MiniHack-River-Narrow-v0,27,115,E,0.0,False,"reflection=The level's southern boundary has been reached, and now exploring east or west may reveal more about the level's structure and potentially lead to fin"
73da8766,reflexion_mh,MiniHack-River-Narrow-v0,27,116,E,0.0,False,"reflection=The level's southern boundary has been reached, and initial exploration east has not yet revealed any significant features, suggesting a need to conti"
73da8766,reflexion_mh,MiniHack-River-Narrow-v0,27,117,N,0.0,False,"reflection=The level's southern boundary has been reached, and initial exploration east has not yet revealed any significant features, suggesting a need to conti"
73da8766,reflexion_mh,MiniHack-River-Narrow-v0,27,118,N,0.0,False,"reflection=The level's layout remains largely unknown, but exploring north from the current position may provide more insight into the level's structure and reve"
73da8766,reflexion_mh,MiniHack-River-Narrow-v0,27,119,N,0.0,False,"reflection=The level's layout is starting to reveal that water or lava is nearby, and moving boulders can change the environment but doesn't always reveal new ar"
73da8766,reflexion_mh,MiniHack-River-Narrow-v0,28,0,NW,0.0,False,"reflection=The level seems to be surrounded by walls, and I'm starting in a relatively open area. I should try to move in a direction that is less likely to be a"
73da8766,reflexion_mh,MiniHack-River-Narrow-v0,28,1,E,0.0,False,"reflection=The level seems to be surrounded by walls, and I'm starting in a relatively open area. I should explore the edges of the map to find the downstairs or"
73da8766,reflexion_mh,MiniHack-River-Narrow-v0,28,2,N,0.0,False,"reflection=The level seems to be surrounded by walls, and I'm starting in a relatively open area. I should explore the edges of the map to find the downstairs or"
73da8766,reflexion_mh,MiniHack-River-Narrow-v0,28,3,N,-0.01,False,"reflection=The level seems to be surrounded by walls, and I'm starting in a relatively open area. I should explore the edges of the map to find the downstairs or"
73da8766,reflexion_mh,MiniHack-River-Narrow-v0,28,4,N,-0.01,False,"reflection=The level seems to be surrounded by walls, and I'm starting in a relatively open area. Exploring north has revealed more open space, suggesting there "
73da8766,reflexion_mh,MiniHack-River-Narrow-v0,28,5,E,0.0,False,"reflection=The level seems to be surrounded by walls, and I'm starting in a relatively open area. Exploring north has revealed more open space, but it's bounded."
73da8766,reflexion_mh,MiniHack-River-Narrow-v0,28,6,S,0.0,False,"reflection=The level seems to be surrounded by walls, and I'm starting in a relatively open area. Exploring north has revealed more open space, but it's bounded."
73da8766,reflexion_mh,MiniHack-River-Narrow-v0,28,7,S,0.0,False,"reflection=The level seems to be surrounded by walls, and I'm starting in a relatively open area. Exploring north has revealed more open space, but it's bounded."
73da8766,reflexion_mh,MiniHack-River-Narrow-v0,28,8,W,0.0,False,"reflection=The level seems to be surrounded by walls, and I'm starting in a relatively open area. Exploring north and east has revealed more open space, but it's"
73da8766,reflexion_mh,MiniHack-River-Narrow-v0,28,9,W,0.0,False,"reflection=The level seems to be surrounded by walls, and I'm starting in a relatively open area. Exploring north and east has revealed more open space, but it's"
73da8766,reflexion_mh,MiniHack-River-Narrow-v0,28,10,W,0.0,False,"reflection=The level seems to be surrounded by walls, and I'm starting in a relatively open area. Exploring north and east has revealed more open space, but it's"
73da8766,reflexion_mh,MiniHack-River-Narrow-v0,28,11,W,0.0,False,"reflection=The level seems to be surrounded by walls, and I'm starting in a relatively open area. Exploring north and east has revealed more open space, but it's"
73da8766,reflexion_mh,MiniHack-River-Narrow-v0,28,12,W,0.0,False,"reflection=The level seems to be surrounded by walls, and I'm starting in a relatively open area. Exploring north and east has revealed more open space, but it's"
73da8766,reflexion_mh,MiniHack-River-Narrow-v0,28,13,W,0.0,False,"reflection=The level seems to be surrounded by walls, and I'm starting in a relatively open area. Exploring north and east has revealed more open space, but it's"
73da8766,reflexion_mh,MiniHack-River-Narrow-v0,28,14,W,0.0,False,"reflection=The level seems to be surrounded by walls, and I'm starting in a relatively open area. Exploring north and east has revealed more open space, but it's"
73da8766,reflexion_mh,MiniHack-River-Narrow-v0,28,15,W,0.0,False,"reflection=The level seems to be surrounded by walls, and I'm starting in a relatively open area. Exploring north and east has revealed more open space, but it's"
73da8766,reflexion_mh,MiniHack-River-Narrow-v0,28,16,W,-0.01,False,"reflection=The western path continues to be open, and I still haven't found any boundaries or obstacles in this direction. I should keep exploring west until I f"
73da8766,reflexion_mh,MiniHack-River-Narrow-v0,28,17,W,-0.01,False,"reflection=The western path continues to be open, and I still haven't found any boundaries or obstacles in this direction, suggesting that this level may be larg"
73da8766,reflexion_mh,MiniHack-River-Narrow-v0,28,18,E,0.0,False,"reflection=The level has a boundary to the west, suggesting a need to explore other directions for progression or discovery of level features, such as stairs or "
73da8766,reflexion_mh,MiniHack-River-Narrow-v0,28,19,N,0.0,False,"reflection=The level's boundary to the west and lack of change from eastward movement suggest a need to explore north, south, or diagonals for progression or dis"
73da8766,reflexion_mh,MiniHack-River-Narrow-v0,28,20,N,0.0,False,"reflection=The level's boundary to the west and lack of change from eastward movement suggest a need to explore north, south, or diagonals for progression or dis"
73da8766,reflexion_mh,MiniHack-River-Narrow-v0,28,21,NE,-0.01,False,"reflection=The level's design suggests that progression might require navigating around the lava or water, and diagonal movements could provide more information "
73da8766,reflexion_mh,MiniHack-River-Narrow-v0,28,22,NE,-0.01,False,"reflection=The level's design suggests that progression might require navigating around the lava or water, and diagonal movements could provide more information "
73da8766,reflexion_mh,MiniHack-River-Narrow-v0,28,23,NW,-0.01,False,"reflection=The level's design suggests that progression might require navigating around the lava or water, and diagonal movements could provide more information "
73da8766,reflexion_mh,MiniHack-River-Narrow-v0,28,24,S,0.0,False,"reflection=The level's design suggests that progression might require navigating around the lava or water, and diagonal movements could provide more information "
73da8766,reflexion_mh,MiniHack-River-Narrow-v0,28,25,S,0.0,False,"reflection=The level's design suggests that progression might require navigating around the lava or water, and diagonal movements could provide more information "
73da8766,reflexion_mh,MiniHack-River-Narrow-v0,28,26,S,0.0,False,"reflection=The level's design suggests that progression might require navigating around the lava or water, and diagonal movements could provide more information "
73da8766,reflexion_mh,MiniHack-River-Narrow-v0,28,27,S,0.0,False,"reflection=The level's design suggests that progression might require navigating around the lava or water, and diagonal movements could provide more information "
73da8766,reflexion_mh,MiniHack-River-Narrow-v0,28,28,S,0.0,False,"reflection=The level's design suggests that progression might require navigating around the lava or water, and diagonal movements could provide more information "
73da8766,reflexion_mh,MiniHack-River-Narrow-v0,28,29,S,-0.01,False,"reflection=The level's design suggests that progression might require navigating around the lava or water, and diagonal movements could provide more information "
73da8766,reflexion_mh,MiniHack-River-Narrow-v0,28,30,E,0.0,False,"reflection=The level's design suggests that not all obstacles can be moved, indicating that alternative paths or methods of progression should be considered. The"
73da8766,reflexion_mh,MiniHack-River-Narrow-v0,28,31,N,0.0,False,"reflection=The level's design suggests that not all obstacles can be moved, indicating that alternative paths or methods of progression should be considered. Ini"
73da8766,reflexion_mh,MiniHack-River-Narrow-v0,28,32,N,0.0,False,"reflection=The level's design suggests that not all obstacles can be moved, indicating that alternative paths or methods of progression should be considered. Ini"
73da8766,reflexion_mh,MiniHack-River-Narrow-v0,28,33,N,0.0,False,"reflection=The level's design suggests that not all obstacles can be moved, indicating that alternative paths or methods of progression should be considered. Ini"
73da8766,reflexion_mh,MiniHack-River-Narrow-v0,28,34,N,0.0,False,"reflection=The level's design suggests that not all obstacles can be moved, indicating that alternative paths or methods of progression should be considered. Ini"
73da8766,reflexion_mh,MiniHack-River-Narrow-v0,28,35,S,0.0,False,"reflection=The level's design suggests that not all obstacles can be moved, indicating that alternative paths or methods of progression should be considered. Ini"
73da8766,reflexion_mh,MiniHack-River-Narrow-v0,28,36,N,0.0,False,"reflection=The level's design suggests that not all obstacles can be moved, indicating that alternative paths or methods of progression should be considered. Ini"
73da8766,reflexion_mh,MiniHack-River-Narrow-v0,28,37,E,0.0,False,"reflection=The level's layout suggests that certain areas may become accessible after exploring other parts of the map, implying that revisiting previously block"
73da8766,reflexion_mh,MiniHack-River-Narrow-v0,28,38,E,0.0,False,"reflection=The level's layout suggests that certain areas may become accessible after exploring other parts of the map, and navigating around lava or water will "
73da8766,reflexion_mh,MiniHack-River-Narrow-v0,28,39,E,0.0,False,"reflection=The level's layout suggests that certain areas may become accessible after exploring other parts of the map, and navigating around lava or water will "
73da8766,reflexion_mh,MiniHack-River-Narrow-v0,28,40,E,0.0,False,"reflection=The level's layout suggests that certain areas may become accessible after exploring other parts of the map, and navigating around lava or water will "
73da8766,reflexion_mh,MiniHack-River-Narrow-v0,28,41,E,0.0,False,"reflection=The level's eastern area is more open, suggesting potential for finding important locations or items without immediate obstacles, and it may be necess"
73da8766,reflexion_mh,MiniHack-River-Narrow-v0,28,42,E,0.0,False,"reflection=The level's eastern area is more open, suggesting potential for finding important locations or items without immediate obstacles, and exploring this d"
73da8766,reflexion_mh,MiniHack-River-Narrow-v0,28,43,E,0.0,False,"reflection=The level's eastern area remains a priority for exploration due to its openness and lack of immediate obstacles, suggesting potential for finding cruc"
73da8766,reflexion_mh,MiniHack-River-Narrow-v0,28,44,E,0.0,False,"reflection=The level's eastern area remains a priority for exploration due to its openness and lack of immediate obstacles, suggesting potential for finding cruc"
73da8766,reflexion_mh,MiniHack-River-Narrow-v0,28,45,N,0.0,False,"reflection=The level's eastern area remains a priority, but exploring north could provide additional insights or paths, especially considering the potential for "
73da8766,reflexion_mh,MiniHack-River-Narrow-v0,28,46,E,0.0,False,"reflection=The level's eastern area continues to be accessible, suggesting that further exploration in this direction may yield important discoveries or paths, b"
73da8766,reflexion_mh,MiniHack-River-Narrow-v0,28,47,E,0.0,False,"reflection=The level's eastern area remains accessible, and it's possible that continuing east may lead to the discovery of the staircase or other critical eleme"
73da8766,reflexion_mh,MiniHack-River-Narrow-v0,28,48,E,0.0,False,"reflection=The eastern path continues to be viable, and it's possible that the staircase could be located in this general direction, given the lack of obstacles "
73da8766,reflexion_mh,MiniHack-River-Narrow-v0,28,49,E,0.0,False,"reflection=The eastern path continues to be a promising route, with no signs of danger or obstruction, suggesting that the level may be relatively open in this d"
73da8766,reflexion_mh,MiniHack-River-Narrow-v0,28,50,E,0.0,False,"reflection=The eastern path continues to be a promising route, with no signs of danger or obstruction, suggesting that the level may be relatively open in this d"
73da8766,reflexion_mh,MiniHack-River-Narrow-v0,28,51,E,0.0,False,"reflection=The eastern path continues to be a promising route, suggesting the level may be relatively open in this direction, and further exploration east may re"
73da8766,reflexion_mh,MiniHack-River-Narrow-v0,28,52,E,0.0,False,"reflection=The level appears to be relatively open to the east, suggesting further exploration in this direction may yield important discoveries such as the loca"
73da8766,reflexion_mh,MiniHack-River-Narrow-v0,28,53,E,0.0,False,"reflection=The level's openness to the east suggests a potential path or corridor in that direction, which could lead to significant discoveries such as the loca"
73da8766,reflexion_mh,MiniHack-River-Narrow-v0,28,54,N,0.0,False,"reflection=The level's openness to the east suggests a potential path or corridor, but trying a different direction like north could reveal more about the level'"
73da8766,reflexion_mh,MiniHack-River-Narrow-v0,28,55,W,0.0,False,"reflection=The level's layout seems to be constrained to the east, suggesting a possible wall or boundary. Exploring west or other directions may reveal more abo"
73da8766,reflexion_mh,MiniHack-River-Narrow-v0,28,56,W,0.0,False,"reflection=The level's layout seems to be constrained to the east, suggesting a possible wall or boundary. Exploring west may reveal more about the level's struc"
73da8766,reflexion_mh,MiniHack-River-Narrow-v0,28,57,N,-0.01,False,"reflection=The level's layout seems to be constrained to the east, suggesting a possible wall or boundary. Exploring west and potentially north may reveal more a"
73da8766,reflexion_mh,MiniHack-River-Narrow-v0,28,58,NW,-0.01,False,"reflection=The level's layout seems to be constrained to the east, suggesting a possible wall or boundary. Exploring west and potentially north may reveal more a"
73da8766,reflexion_mh,MiniHack-River-Narrow-v0,28,59,N,-0.01,False,"reflection=The level's eastern boundary seems to be impassable due to lava or water, suggesting that progress will need to be made in other directions. The north"
73da8766,reflexion_mh,MiniHack-River-Narrow-v0,28,60,S,0.0,False,"reflection=The level's eastern boundary seems to be impassable due to lava or water, and the northern area is partially blocked, suggesting that progress will ne"
73da8766,reflexion_mh,MiniHack-River-Narrow-v0,28,61,S,0.0,False,"reflection=The level's eastern boundary is impassable, and the northern area is partially blocked. Progress will likely be made in the southern or western direct"
73da8766,reflexion_mh,MiniHack-River-Narrow-v0,28,62,S,0.0,False,"reflection=The level's eastern boundary is impassable, and the northern area is partially blocked. Progress will likely be made in the southern or western direct"
73da8766,reflexion_mh,MiniHack-River-Narrow-v0,28,63,S,0.0,False,"reflection=The level's southern area appears to be open, and I have not encountered any obstacles or creatures yet, so I will keep moving south to gather more in"
73da8766,reflexion_mh,MiniHack-River-Narrow-v0,28,64,S,0.0,False,"reflection=The level's southern area is still open, and I haven't encountered any creatures or obstacles, suggesting it might be a safe path to the downstairs or"
73da8766,reflexion_mh,MiniHack-River-Narrow-v0,28,65,S,0.0,False,"reflection=The level's southern area is still open, and I haven't encountered any creatures or obstacles, suggesting it might be a safe path to the downstairs or"
73da8766,reflexion_mh,MiniHack-River-Narrow-v0,28,66,S,-0.01,False,"reflection=The level's southern area remains unobstructed, suggesting a potential path to the downstairs or other significant locations. Continuing south may rev"
73da8766,reflexion_mh,MiniHack-River-Narrow-v0,28,67,S,-0.01,False,"reflection=The southern path continues to be open, suggesting that the downstairs or other important features might be located in this direction. It's also possi"
73da8766,reflexion_mh,MiniHack-River-Narrow-v0,28,68,E,0.0,False,"reflection=The level seems to be bounded by solid stone to the south, so we need to explore other directions to find a path forward, possibly finding doors, corr"
73da8766,reflexion_mh,MiniHack-River-Narrow-v0,28,69,N,0.0,False,"reflection=The level seems to be bounded by solid stone to the south, so we need to explore north, east, and west directions to find a path forward, possibly fin"
73da8766,reflexion_mh,MiniHack-River-Narrow-v0,28,70,N,0.0,False,"reflection=The level seems to require northward exploration to uncover potential paths or features, and we should be cautious of the lava or water to the east."
73da8766,reflexion_mh,MiniHack-River-Narrow-v0,28,71,N,0.0,False,"reflection=The level seems to require northward exploration to uncover potential paths or features, and we should be cautious of the lava or water to the east. S"
73da8766,reflexion_mh,MiniHack-River-Narrow-v0,28,72,N,0.0,False,"reflection=The level seems to require northward exploration to uncover potential paths or features, and we should continue this approach unless we encounter obst"
73da8766,reflexion_mh,MiniHack-River-Narrow-v0,28,73,N,0.0,False,"reflection=The level appears to be open for northward exploration, and we should keep moving in this direction unless we find something noteworthy to the east or"
73da8766,reflexion_mh,MiniHack-River-Narrow-v0,28,74,N,0.0,False,"reflection=The level continues to be open for northward exploration without any immediate threats or objects of interest to the sides, suggesting a straightforwa"
73da8766,reflexion_mh,MiniHack-River-Narrow-v0,28,75,N,-0.01,False,"reflection=The level appears to have a straightforward northern path without immediate dangers, suggesting that exploration in this direction may reveal more of "
73da8766,reflexion_mh,MiniHack-River-Narrow-v0,28,76,N,-0.01,False,"reflection=The level's northern path continues without immediate dangers, suggesting further exploration in this direction may reveal important features like the"
73da8766,reflexion_mh,MiniHack-River-Narrow-v0,28,77,E,0.0,False,"reflection=The level's northern boundary is solid stone, indicating a need to explore east, south, or west for progression or notable features."
73da8766,reflexion_mh,MiniHack-River-Narrow-v0,28,78,E,0.0,False,"reflection=The level's northern boundary is solid stone, and initial attempts to move north have been unsuccessful. The next step is to explore east or south to "
73da8766,reflexion_mh,MiniHack-River-Narrow-v0,28,79,S,0.0,False,reflection=The level's northern boundary is solid stone. Initial eastward movement did not reveal much. The next step is to explore south to find a path forward 
73da8766,reflexion_mh,MiniHack-River-Narrow-v0,28,80,W,0.0,False,reflection=The level's northern boundary is solid stone. Initial eastward movement did not reveal much. Exploring south and now trying west to find a path forwar
73da8766,reflexion_mh,MiniHack-River-Narrow-v0,28,81,S,0.0,False,"reflection=The level's northern boundary is solid stone, and initial eastward movement did not reveal much. Exploring south may provide more insights or a path f"
73da8766,reflexion_mh,MiniHack-River-Narrow-v0,28,82,S,0.0,False,"reflection=The level's northern boundary is solid stone, initial eastward movement did not reveal much, and exploring south may provide more insights or a path f"
73da8766,reflexion_mh,MiniHack-River-Narrow-v0,28,83,S,0.0,False,"reflection=The level's northern boundary is solid stone, initial eastward movement did not reveal much, and exploring south may provide more insights or a path f"
73da8766,reflexion_mh,MiniHack-River-Narrow-v0,28,84,S,0.0,False,"reflection=The level's northern boundary is solid stone, initial eastward movement did not reveal much, and exploring south may provide more insights or a path f"
73da8766,reflexion_mh,MiniHack-River-Narrow-v0,28,85,S,0.0,False,"reflection=The level's northern boundary is solid stone, initial eastward movement did not reveal much, and exploring south may provide more insights or a path f"
73da8766,reflexion_mh,MiniHack-River-Narrow-v0,28,86,S,-0.01,False,"reflection=The level's southern area is still unexplored, and since no walls have been hit moving south, it's reasonable to assume there might be more floor or i"
73da8766,reflexion_mh,MiniHack-River-Narrow-v0,28,87,S,-0.01,False,"reflection=The level's southern area remains unexplored, and continuing south may reveal important features, stairs, or items. The eastern and western boundaries"
73da8766,reflexion_mh,MiniHack-River-Narrow-v0,28,88,N,0.0,False,"reflection=The level's southern boundary is solid stone, so further exploration in other directions is necessary to uncover the level's layout and objectives. Th"
73da8766,reflexion_mh,MiniHack-River-Narrow-v0,28,89,N,0.0,False,"reflection=The level's southern boundary is solid stone, and initial northern movement does not reveal any immediate obstacles or features, suggesting a need to "
73da8766,reflexion_mh,MiniHack-River-Narrow-v0,28,90,E,0.0,False,"reflection=The level's eastern boundary and potential features remain unknown, requiring further exploration to determine the layout and objectives."
73da8766,reflexion_mh,MiniHack-River-Narrow-v0,28,91,E,0.0,False,"reflection=The level's eastern boundary and potential features remain unknown, requiring further exploration to determine the layout and objectives. Moving east "
73da8766,reflexion_mh,MiniHack-River-Narrow-v0,28,92,E,0.0,False,"reflection=The level's eastern boundary and potential features remain unknown, but initial exploration suggests it may be possible to move further east without i"
73da8766,reflexion_mh,MiniHack-River-Narrow-v0,28,93,E,0.0,False,"reflection=The level's eastern boundary and potential features remain unknown, but initial exploration suggests it may be possible to move further east without i"
73da8766,reflexion_mh,MiniHack-River-Narrow-v0,28,94,E,0.0,False,"reflection=The level's eastern boundary and potential features remain unknown, but initial exploration suggests a possible open path to the east, which could lea"
73da8766,reflexion_mh,MiniHack-River-Narrow-v0,28,95,E,0.0,False,"reflection=The level's eastern boundary and potential features remain unknown, but initial exploration suggests a possible open path to the east, which could lea"
73da8766,reflexion_mh,MiniHack-River-Narrow-v0,28,96,E,0.0,False,"reflection=The level's eastern boundary and potential features remain unknown, but initial exploration suggests a possible open path to the east, which could lea"
73da8766,reflexion_mh,MiniHack-River-Narrow-v0,28,97,E,0.0,False,"reflection=The level's eastern boundary and potential features remain unknown, but initial exploration suggests a possible open path to the east, which could lea"
73da8766,reflexion_mh,MiniHack-River-Narrow-v0,28,98,E,0.0,False,"reflection=The level's eastern path remains open, suggesting potential for further exploration and discovery of key elements such as stairs, treasures, or other "
73da8766,reflexion_mh,MiniHack-River-Narrow-v0,28,99,E,0.0,False,"reflection=The level's eastern path continues to be open, suggesting a larger area to explore with potential for finding stairs, treasures, or encountering creat"
73da8766,reflexion_mh,MiniHack-River-Narrow-v0,28,100,N,0.0,False,"reflection=The level's eastern boundary is defined by lava or water, making north or south exploration more viable for progression. The presence of lava or water"
73da8766,reflexion_mh,MiniHack-River-Narrow-v0,28,101,N,0.0,False,"reflection=The level's eastern boundary is defined by lava or water, making north or south exploration more viable for progression. Initial attempts to move east"
73da8766,reflexion_mh,MiniHack-River-Narrow-v0,28,102,N,0.0,False,"reflection=The level's eastern boundary is defined by lava or water, making north or south exploration more viable for progression. Initial attempts to move east"
73da8766,reflexion_mh,MiniHack-River-Narrow-v0,28,103,N,0.0,False,"reflection=The level's eastern boundary is defined by lava or water, making north or south exploration more viable for progression. Initial attempts to move east"
73da8766,reflexion_mh,MiniHack-River-Narrow-v0,28,104,N,-0.01,False,"reflection=The level's eastern boundary is defined by lava or water, making north or south exploration more viable for progression. Initial attempts to move east"
73da8766,reflexion_mh,MiniHack-River-Narrow-v0,28,105,N,-0.01,False,"reflection=The level's eastern boundary is solid, suggesting a focus on north-south exploration. Northward movement remains viable, with no obstacles encountered"
73da8766,reflexion_mh,MiniHack-River-Narrow-v0,28,106,W,0.0,False,"reflection=The level's northern boundary is also solid, indicating a need to explore laterally. Will proceed west to uncover more of the level's layout and poten"
73da8766,reflexion_mh,MiniHack-River-Narrow-v0,28,107,W,0.0,False,"reflection=The level's northern boundary is solid, and initial western exploration has not revealed any immediate objectives or dangers. Will continue westward e"
73da8766,reflexion_mh,MiniHack-River-Narrow-v0,28,108,S,0.0,False,"reflection=The level's northern boundary is solid, and initial western exploration has not revealed any immediate objectives or dangers. Next, will explore south"
73da8766,reflexion_mh,MiniHack-River-Narrow-v0,28,109,S,0.0,False,"reflection=The level's northern boundary is solid, initial western exploration has not revealed any immediate objectives or dangers, and now exploring south to f"
73da8766,reflexion_mh,MiniHack-River-Narrow-v0,28,110,S,0.0,False,"reflection=The level's northern boundary is solid, initial western exploration has not revealed any immediate objectives or dangers, and now exploring south to f"
73da8766,reflexion_mh,MiniHack-River-Narrow-v0,28,111,E,0.0,False,"reflection=The level's northern boundary is solid, initial western exploration has not revealed any immediate objectives or dangers, southern exploration has not"
73da8766,reflexion_mh,MiniHack-River-Narrow-v0,28,112,E,0.0,False,"reflection=The level's northern boundary is solid, initial western exploration has not revealed any immediate objectives or dangers, southern exploration has not"
73da8766,reflexion_mh,MiniHack-River-Narrow-v0,28,113,E,0.0,False,"reflection=The level's eastern boundary has not yet been reached, and exploration in this direction may yield crucial elements for progression, including potenti"
73da8766,reflexion_mh,MiniHack-River-Narrow-v0,28,114,E,0.0,False,"reflection=The level's eastern boundary remains unexplored, and further movement in this direction could uncover stairs, items, or enemies, which are crucial for"
73da8766,reflexion_mh,MiniHack-River-Narrow-v0,28,115,S,0.0,False,"reflection=The level's eastern boundary is blocked, and moving south may reveal more of the level's layout, potentially uncovering hidden items, enemies, or stai"
73da8766,reflexion_mh,MiniHack-River-Narrow-v0,28,116,S,0.0,False,"reflection=The level's eastern boundary is blocked, and initial southern exploration has not revealed any immediate threats or items, suggesting a need to contin"
73da8766,reflexion_mh,MiniHack-River-Narrow-v0,28,117,S,0.0,False,"reflection=The level's eastern boundary is blocked, and initial southern exploration has not revealed any immediate threats or items, suggesting a need to contin"
73da8766,reflexion_mh,MiniHack-River-Narrow-v0,28,118,S,-0.01,False,"reflection=The level's eastern boundary is blocked, and initial southern exploration has revealed a large body of water or lava to the east, suggesting a need to"
73da8766,reflexion_mh,MiniHack-River-Narrow-v0,28,119,S,-0.01,False,"reflection=The level's eastern boundary is blocked, and initial southern exploration has revealed a large body of water or lava to the east, suggesting a need to"
73da8766,reflexion_mh,MiniHack-River-Narrow-v0,29,0,N,-0.01,False,"reflection=The level appears to have a large body of water or lava to the east, which could be a barrier or a hazard. I'll need to be cautious when approaching i"
73da8766,reflexion_mh,MiniHack-River-Narrow-v0,29,1,E,0.0,False,"reflection=The level appears to have a large body of water or lava to the east, which could be a barrier or a hazard, and there might be a wall to the north."
73da8766,reflexion_mh,MiniHack-River-Narrow-v0,29,2,S,0.0,False,"reflection=The level has a significant body of water or lava to the east, and there's an indication of a possible wall to the north. Exploring south or west migh"
73da8766,reflexion_mh,MiniHack-River-Narrow-v0,29,3,W,0.0,False,"reflection=The level has a significant body of water or lava to the east, and there's an indication of a possible wall to the north. Exploring south or west migh"
73da8766,reflexion_mh,MiniHack-River-Narrow-v0,29,4,W,0.0,False,"reflection=The level has a significant body of water or lava to the east, and there's an indication of a possible wall to the north. Exploring south or west migh"
73da8766,reflexion_mh,MiniHack-River-Narrow-v0,29,5,W,0.0,False,"reflection=The level has a significant body of water or lava to the east, and there's an indication of a possible wall to the north. Exploring south or west migh"
73da8766,reflexion_mh,MiniHack-River-Narrow-v0,29,6,W,0.0,False,"reflection=The level's western area appears to be open for further exploration without immediate obstacles like walls or lava, suggesting a potential path or ite"
73da8766,reflexion_mh,MiniHack-River-Narrow-v0,29,7,W,0.0,False,"reflection=The level's western area is more open than initially thought, suggesting further exploration could yield useful discoveries or a path downward."
73da8766,reflexion_mh,MiniHack-River-Narrow-v0,29,8,W,0.0,False,"reflection=The level's western area is expansive and warrants further exploration for potential discoveries or a path downward, and it seems there might be a bod"
73da8766,reflexion_mh,MiniHack-River-Narrow-v0,29,9,W,0.0,False,"reflection=The level's western area is expansive and warrants further exploration for potential discoveries or a path downward, and it seems there might be a bod"
73da8766,reflexion_mh,MiniHack-River-Narrow-v0,29,10,W,0.0,False,"reflection=The level's western area is expansive and warrants further exploration for potential discoveries or a path downward, and it seems there might be a bod"
73da8766,reflexion_mh,MiniHack-River-Narrow-v0,29,11,N,0.0,False,"reflection=The level's western area is expansive, the southern area likely contains water or lava, and the northern area remains unexplored and could potentially"
73da8766,reflexion_mh,MiniHack-River-Narrow-v0,29,12,N,-0.01,False,"reflection=The level's western area is expansive, the southern area likely contains water or lava, and the northern area remains unexplored and could potentially"
73da8766,reflexion_mh,MiniHack-River-Narrow-v0,29,13,N,-0.01,False,"reflection=The level's northern area is accessible and continues beyond the current view, suggesting that further exploration in this direction may yield importa"
73da8766,reflexion_mh,MiniHack-River-Narrow-v0,29,14,E,0.0,False,"reflection=The level's northern area is inaccessible from the current position, suggesting a need to explore east or west to find a path forward or a staircase t"
73da8766,reflexion_mh,MiniHack-River-Narrow-v0,29,15,E,0.0,False,"reflection=The level's design suggests that the initial area may be surrounded by lava or water, necessitating a search for a bridge, a boat, or another means to"
73da8766,reflexion_mh,MiniHack-River-Narrow-v0,29,16,E,0.0,False,"reflection=The level's design suggests that the initial area may be surrounded by lava or water, necessitating a search for a bridge, a boat, or another means to"
73da8766,reflexion_mh,MiniHack-River-Narrow-v0,29,17,E,0.0,False,"reflection=The level's design suggests that the initial area may be surrounded by lava or water, necessitating a search for a bridge, a boat, or another means to"
73da8766,reflexion_mh,MiniHack-River-Narrow-v0,29,18,S,0.0,False,"reflection=The level's design suggests a need to find a crossing over the lava or water, and initial movements indicate freedom to explore north, east, and south"
73da8766,reflexion_mh,MiniHack-River-Narrow-v0,29,19,S,0.0,False,"reflection=The level's design suggests a need to find a crossing over the lava or water, and initial movements indicate freedom to explore north, east, and south"
73da8766,reflexion_mh,MiniHack-River-Narrow-v0,29,20,S,0.0,False,"reflection=The level's design suggests a need to find a crossing over the lava or water, and initial movements indicate freedom to explore north, east, and south"
73da8766,reflexion_mh,MiniHack-River-Narrow-v0,29,21,S,0.0,False,"reflection=The level's design suggests a need to find a crossing over the lava or water, and initial movements indicate freedom to explore north, east, and south"
73da8766,reflexion_mh,MiniHack-River-Narrow-v0,29,22,S,0.0,False,"reflection=The level's design suggests a need to find a crossing over the lava or water, and initial movements indicate freedom to explore north, east, and south"
73da8766,reflexion_mh,MiniHack-River-Narrow-v0,29,23,S,0.0,False,"reflection=The level's design suggests a need to find a crossing over the lava or water, and initial movements indicate freedom to explore north, east, and south"
73da8766,reflexion_mh,MiniHack-River-Narrow-v0,29,24,E,0.0,False,"reflection=The level's design suggests a need to find a crossing over the lava or water, and initial movements indicate freedom to explore north, east, and south"
73da8766,reflexion_mh,MiniHack-River-Narrow-v0,29,25,E,0.0,False,"reflection=The level's design suggests a need to find a crossing over the lava or water, and initial movements indicate freedom to explore north, east, and south"
73da8766,reflexion_mh,MiniHack-River-Narrow-v0,29,26,E,0.0,False,"reflection=The level's design suggests a need to find a crossing over the lava or water, and initial movements indicate freedom to explore north, east, and south"
73da8766,reflexion_mh,MiniHack-River-Narrow-v0,29,27,E,0.0,False,"reflection=The level's design suggests a need to find a crossing over the lava or water, and initial movements indicate freedom to explore north, east, and south"
73da8766,reflexion_mh,MiniHack-River-Narrow-v0,29,28,E,0.0,False,"reflection=The level's design suggests a need to find a crossing over the lava or water, and initial movements indicate freedom to explore north, east, and south"
73da8766,reflexion_mh,MiniHack-River-Narrow-v0,29,29,E,0.0,False,"reflection=The level's design suggests a need to find a crossing over the lava or water, and initial movements indicate freedom to explore north, east, and south"
73da8766,reflexion_mh,MiniHack-River-Narrow-v0,29,30,E,0.0,False,"reflection=The level's design suggests a need to find a crossing over the lava or water, and initial movements indicate freedom to explore north, east, and south"
73da8766,reflexion_mh,MiniHack-River-Narrow-v0,29,31,N,0.0,False,"reflection=The level's design includes bodies of water that can be escaped from, indicating a need to be cautious near these areas but also that they are not ins"
73da8766,reflexion_mh,MiniHack-River-Narrow-v0,29,32,N,0.0,False,"reflection=The level's design includes bodies of water that can be escaped from, indicating a need to be cautious near these areas but also that they are not ins"
73da8766,reflexion_mh,MiniHack-River-Narrow-v0,29,33,N,0.0,False,"reflection=The level's design includes bodies of water that can be escaped from, indicating a need to be cautious near these areas but also that they are not ins"
73da8766,reflexion_mh,MiniHack-River-Narrow-v0,29,34,N,0.0,False,"reflection=The level's design includes open paths to the north, suggesting potential for further exploration without immediate obstacles, and the presence of wat"
73da8766,reflexion_mh,MiniHack-River-Narrow-v0,29,35,N,-0.01,False,"reflection=The level's design includes open paths to the north, suggesting potential for further exploration without immediate obstacles, and the presence of wat"
73da8766,reflexion_mh,MiniHack-River-Narrow-v0,29,36,NW,0.0,False,"reflection=The level's design includes immovable boulders, which suggests that not all obstacles can be overcome by force alone, and alternative paths or strateg"
73da8766,reflexion_mh,MiniHack-River-Narrow-v0,29,37,S,0.0,False,"reflection=The level's design includes immovable boulders, which suggests that not all obstacles can be overcome by force alone, and alternative paths or strateg"
73da8766,reflexion_mh,MiniHack-River-Narrow-v0,29,38,E,0.0,False,"reflection=The level's design includes immovable boulders, and exploring south or east may reveal new paths, dangers, or important features. The lack of change i"
73da8766,reflexion_mh,MiniHack-River-Narrow-v0,29,39,E,0.0,False,"reflection=The level's design includes immovable boulders, and exploring south or east may reveal new paths, dangers, or important features. The lack of change i"
73da8766,reflexion_mh,MiniHack-River-Narrow-v0,29,40,S,0.0,False,"reflection=The level's design includes immovable boulders, and exploring south or east may reveal new paths, dangers, or important features. The lack of change i"
73da8766,reflexion_mh,MiniHack-River-Narrow-v0,29,41,W,0.0,False,"reflection=The level's design includes immovable boulders, and exploring south or east may reveal new paths, dangers, or important features. The lack of change i"
73da8766,reflexion_mh,MiniHack-River-Narrow-v0,29,42,W,0.0,False,"reflection=The level's design includes immovable boulders, and exploring south or east may reveal new paths, dangers, or important features. The lack of change i"
73da8766,reflexion_mh,MiniHack-River-Narrow-v0,29,43,NW,0.0,False,"reflection=The level's design includes immovable boulders, and exploring south or east may reveal new paths, dangers, or important features. The lack of change i"
73da8766,reflexion_mh,MiniHack-River-Narrow-v0,29,44,W,0.0,False,"reflection=The level's design includes immovable boulders, and exploring south or east may reveal new paths, dangers, or important features. The lack of change i"
73da8766,reflexion_mh,MiniHack-River-Narrow-v0,29,45,S,0.0,False,"reflection=The level's design includes immovable boulders, and exploring south or east may reveal new paths, dangers, or important features. Noting the presence "
73da8766,reflexion_mh,MiniHack-River-Narrow-v0,29,46,W,0.0,False,"reflection=The level's design includes immovable boulders, and exploring south or east may reveal new paths, dangers, or important features. Noting the presence "
73da8766,reflexion_mh,MiniHack-River-Narrow-v0,29,47,W,0.0,False,"reflection=The level's design includes immovable boulders, and exploring south or east may reveal new paths, dangers, or important features. Noting the presence "
73da8766,reflexion_mh,MiniHack-River-Narrow-v0,29,48,W,0.0,False,"reflection=The level's design includes immovable boulders, and exploring south or east may reveal new paths, dangers, or important features. Noting the presence "
73da8766,reflexion_mh,MiniHack-River-Narrow-v0,29,49,NW,0.0,False,"reflection=The level's design includes immovable boulders, and exploring south or east may reveal new paths, dangers, or important features. Noting the presence "
73da8766,reflexion_mh,MiniHack-River-Narrow-v0,29,50,NW,0.0,False,"reflection=The level's design includes immovable boulders, and exploring south or east may reveal new paths, dangers, or important features. Noting the presence "
73da8766,reflexion_mh,MiniHack-River-Narrow-v0,29,51,NW,-0.01,False,"reflection=The level's design includes immovable boulders, and exploring south or east may reveal new paths, dangers, or important features. Noting the presence "
73da8766,reflexion_mh,MiniHack-River-Narrow-v0,29,52,NW,-0.01,False,"reflection=The level's design includes immovable boulders, and exploring south or east may reveal new paths, dangers, or important features. Noting the presence "
73da8766,reflexion_mh,MiniHack-River-Narrow-v0,29,53,W,0.0,False,"reflection=The level's design includes immovable boulders, and exploring south or east may reveal new paths, dangers, or important features. Noting the presence "
73da8766,reflexion_mh,MiniHack-River-Narrow-v0,29,54,W,0.0,False,"reflection=The level's design includes immovable boulders, and exploring south or east may reveal new paths, dangers, or important features. Noting the presence "
73da8766,reflexion_mh,MiniHack-River-Narrow-v0,29,55,W,0.0,False,"reflection=The level's design includes immovable boulders, and exploring south or east may reveal new paths, dangers, or important features. Noting the presence "
73da8766,reflexion_mh,MiniHack-River-Narrow-v0,29,56,S,0.0,False,"reflection=The level's design includes immovable boulders, and exploring south or east may reveal new paths, dangers, or important features. Noting the presence "
73da8766,reflexion_mh,MiniHack-River-Narrow-v0,29,57,W,0.0,False,"reflection=The level's design includes immovable boulders, and exploring south or east may reveal new paths, dangers, or important features. Initial exploration "
73da8766,reflexion_mh,MiniHack-River-Narrow-v0,29,58,W,0.0,False,reflection=The level's design includes movable boulders which can reveal new paths or areas. Continuing westward exploration is a priority for safer passage and 
73da8766,reflexion_mh,MiniHack-River-Narrow-v0,29,59,W,0.0,False,"reflection=The level's design includes movable boulders and potential dangers like lava or water, emphasizing the need for cautious westward exploration to uncov"
73da8766,reflexion_mh,MiniHack-River-Narrow-v0,29,60,N,0.0,False,"reflection=The level's design includes movable boulders and potential dangers like lava or water, emphasizing the need for cautious exploration in all directions"
73da8766,reflexion_mh,MiniHack-River-Narrow-v0,29,61,E,0.0,False,"reflection=The level's design includes open spaces that require methodical exploration to uncover potential paths or dangers, with an emphasis on trying all dire"
73da8766,reflexion_mh,MiniHack-River-Narrow-v0,29,62,N,-0.01,False,"reflection=The level's design includes open spaces that require methodical exploration to uncover potential paths or dangers, with an emphasis on trying all dire"
73da8766,reflexion_mh,MiniHack-River-Narrow-v0,29,63,E,0.0,False,"reflection=The level's design includes open spaces that require methodical exploration to uncover potential paths or dangers, and it's crucial to explore differe"
73da8766,reflexion_mh,MiniHack-River-Narrow-v0,29,64,S,0.0,False,reflection=The level's design includes open spaces that require methodical exploration to uncover potential paths or dangers. Exploring different directions from
73da8766,reflexion_mh,MiniHack-River-Narrow-v0,29,65,N,0.0,False,"reflection=The level's design includes open spaces that require methodical exploration to uncover potential paths or dangers, and exploring different directions "
73da8766,reflexion_mh,MiniHack-River-Narrow-v0,29,66,N,-0.01,False,reflection=The level's design includes open spaces that require methodical exploration to uncover potential paths or dangers. Exploring different directions from
73da8766,reflexion_mh,MiniHack-River-Narrow-v0,29,67,N,-0.01,False,reflection=The level's design includes open spaces that require methodical exploration. Noting the absence of walls in certain directions helps in prioritizing e
73da8766,reflexion_mh,MiniHack-River-Narrow-v0,29,68,E,0.0,False,reflection=The level's design includes open spaces that require methodical exploration. Noting the absence of walls in certain directions helps in prioritizing e
73da8766,reflexion_mh,MiniHack-River-Narrow-v0,29,69,E,0.0,False,reflection=The level's design includes open spaces that require methodical exploration. Noting the absence of walls in certain directions helps in prioritizing e
73da8766,reflexion_mh,MiniHack-River-Narrow-v0,29,70,E,0.0,False,reflection=The level's design includes open spaces that require methodical exploration. Noting the absence of walls in certain directions helps in prioritizing e
73da8766,reflexion_mh,MiniHack-River-Narrow-v0,29,71,E,0.0,False,reflection=The level's design suggests a mix of open exploration and cautious navigation around hazards. The absence of immediate walls to the east indicates it 
73da8766,reflexion_mh,MiniHack-River-Narrow-v0,29,72,E,0.0,False,"reflection=The level's design suggests a mix of open exploration and cautious navigation around hazards, with the eastern path being a priority for discovery due"
73da8766,reflexion_mh,MiniHack-River-Narrow-v0,29,73,E,0.0,False,"reflection=The level's design suggests a mix of open exploration and cautious navigation around hazards, with the eastern path being a priority for discovery due"
73da8766,reflexion_mh,MiniHack-River-Narrow-v0,29,74,E,0.0,False,"reflection=The level's design continues to suggest that the eastern path is a priority for exploration, with the absence of walls in this direction implying a la"
73da8766,reflexion_mh,MiniHack-River-Narrow-v0,29,75,E,0.0,False,"reflection=The eastern path remains a priority for exploration due to the open area, potentially leading to critical locations such as stairs or items. The absen"
73da8766,reflexion_mh,MiniHack-River-Narrow-v0,29,76,E,0.0,False,"reflection=The eastern path continues to be a priority for exploration due to its openness, potentially leading to stairs, items, or other important features. No"
73da8766,reflexion_mh,MiniHack-River-Narrow-v0,29,77,E,0.0,False,"reflection=The eastern path remains open and unobstructed, suggesting it may lead to significant level features such as stairs or items, and should continue to b"
73da8766,reflexion_mh,MiniHack-River-Narrow-v0,29,78,E,0.0,False,"reflection=The eastern path continues to be open, suggesting a potential large open area or a path that could lead to important level features. It's also possibl"
73da8766,reflexion_mh,MiniHack-River-Narrow-v0,29,79,N,-0.01,False,"reflection=The level seems to have a significant open area to the east, but exploring other directions may reveal more about the level's geography and potential "
73da8766,reflexion_mh,MiniHack-River-Narrow-v0,29,80,S,0.0,False,"reflection=The level has a significant open area to the east, and initial northward movement was blocked, indicating a need to explore other directions for progr"
73da8766,reflexion_mh,MiniHack-River-Narrow-v0,29,81,S,0.0,False,"reflection=The level has a significant open area to the east, initial northward movement was blocked, and now it seems necessary to explore southward for potenti"
73da8766,reflexion_mh,MiniHack-River-Narrow-v0,29,82,S,0.0,False,"reflection=The level has a significant open area to the east, initial northward movement was blocked, and exploring southward is necessary for potential items or"
73da8766,reflexion_mh,MiniHack-River-Narrow-v0,29,83,S,0.0,False,"reflection=The level has a significant open area to the east, initial northward movement was blocked, and exploring southward is necessary for potential items or"
73da8766,reflexion_mh,MiniHack-River-Narrow-v0,29,84,S,0.0,False,"reflection=The level has a significant open area to the east, initial northward movement was blocked, and exploring southward is necessary for potential items or"
73da8766,reflexion_mh,MiniHack-River-Narrow-v0,29,85,S,0.0,False,"reflection=The level has a significant open area to the east, initial northward movement was blocked, and exploring southward is necessary for potential items or"
73da8766,reflexion_mh,MiniHack-River-Narrow-v0,29,86,S,-0.01,False,"reflection=The level has a significant open area to the east, initial northward movement was blocked, and exploring southward is necessary for potential items or"
73da8766,reflexion_mh,MiniHack-River-Narrow-v0,29,87,S,-0.01,False,"reflection=The level has a significant open area to the east, initial northward movement was blocked, and exploring southward is necessary for potential items or"
73da8766,reflexion_mh,MiniHack-River-Narrow-v0,29,88,N,0.0,False,"reflection=The level has a significant open area to the east, initial northward movement was previously blocked but now should be retried as southward movement i"
73da8766,reflexion_mh,MiniHack-River-Narrow-v0,29,89,N,0.0,False,"reflection=The level has a significant open area to the east, initial northward movement was previously blocked but now should be retried as southward movement i"
73da8766,reflexion_mh,MiniHack-River-Narrow-v0,29,90,N,0.0,False,"reflection=The level has a significant open area to the east, initial northward movement was previously blocked but now should be retried as southward movement i"
73da8766,reflexion_mh,MiniHack-River-Narrow-v0,29,91,N,0.0,False,"reflection=The level has a significant open area to the east, initial northward movement was previously blocked but now should be retried as southward movement i"
73da8766,reflexion_mh,MiniHack-River-Narrow-v0,29,92,N,0.0,False,"reflection=The level has a significant open area to the east, but caution is advised due to the presence of lava or water. Northward movement is now a priority, "
73da8766,reflexion_mh,MiniHack-River-Narrow-v0,29,93,N,0.0,False,reflection=The level's open area to the east remains a point of interest but continues to be secondary to northward exploration. The absence of obstacles or enem
73da8766,reflexion_mh,MiniHack-River-Narrow-v0,29,94,N,-0.01,False,"reflection=The level's northward area continues to be safe and open, suggesting that further exploration in this direction may yield useful information or resour"
73da8766,reflexion_mh,MiniHack-River-Narrow-v0,29,95,N,-0.01,False,"reflection=The level's northward area continues to be safe and open, suggesting that further exploration in this direction may yield useful information or resour"
73da8766,reflexion_mh,MiniHack-River-Narrow-v0,29,96,E,0.0,False,"reflection=The level's northward area is bounded by a wall, suggesting that further exploration should focus on other directions to uncover more of the level's l"
73da8766,reflexion_mh,MiniHack-River-Narrow-v0,29,97,E,0.0,False,"reflection=The level's northward area is bounded by a wall, and initial exploration suggests focusing on the eastern direction for further discovery. The presenc"
73da8766,reflexion_mh,MiniHack-River-Narrow-v0,29,98,SE,0.0,False,"reflection=The level's eastern and southeastern areas contain lava or water, which may indicate the need to find a safe path or a way to cross these hazards. Fur"
73da8766,reflexion_mh,MiniHack-River-Narrow-v0,29,99,N,0.0,False,"reflection=The level's eastern and southeastern areas are hazardous, suggesting a need to explore north, west, or southwestern directions for a safer route or to"
73da8766,reflexion_mh,MiniHack-River-Narrow-v0,29,100,N,0.0,False,"reflection=The level's eastern and southeastern areas are hazardous, suggesting a need to explore north, west, or southwestern directions for a safer route or to"
73da8766,reflexion_mh,MiniHack-River-Narrow-v0,29,101,NW,-0.01,False,"reflection=The level's eastern and southeastern areas are hazardous, suggesting a need to explore north, west, or southwestern directions for a safer route or to"
73da8766,reflexion_mh,MiniHack-River-Narrow-v0,29,102,NW,-0.01,False,"reflection=The level's eastern and southeastern areas are hazardous, suggesting a need to explore north, west, or southwestern directions for a safer route or to"
73da8766,reflexion_mh,MiniHack-River-Narrow-v0,29,103,W,0.0,False,"reflection=The level's eastern, southeastern, and northwestern areas are hazardous or blocked, suggesting a need to explore western or southwestern directions fo"
73da8766,reflexion_mh,MiniHack-River-Narrow-v0,29,104,SW,0.0,False,"reflection=The level's western and southwestern areas are potential paths to explore for a safer route or to find the downstairs, as eastern, southeastern, and n"
73da8766,reflexion_mh,MiniHack-River-Narrow-v0,29,105,SW,0.0,False,"reflection=The level's western and southwestern areas are potential paths to explore for a safer route or to find the downstairs, and exploring southwest may lea"
73da8766,reflexion_mh,MiniHack-River-Narrow-v0,29,106,SW,0.0,False,reflection=The level's western and southwestern areas continue to be potential paths to explore for a safer route or to find the downstairs. The success of movin
73da8766,reflexion_mh,MiniHack-River-Narrow-v0,29,107,SW,0.0,False,reflection=The level's western and southwestern areas continue to be potential paths to explore for a safer route or to find the downstairs. Moving southwest has
73da8766,reflexion_mh,MiniHack-River-Narrow-v0,29,108,SW,0.0,False,"reflection=The level's southwestern area continues to be a promising path, and exploring this direction further may reveal the location of the downstairs or addi"
73da8766,reflexion_mh,MiniHack-River-Narrow-v0,29,109,SW,-0.01,False,"reflection=The level's southwestern area remains a promising path, and further exploration in this direction may lead to the discovery of the downstairs, additio"
73da8766,reflexion_mh,MiniHack-River-Narrow-v0,29,110,SW,-0.01,False,"reflection=The level's southwestern area remains a promising path, and further exploration in this direction may lead to the discovery of the downstairs, additio"
73da8766,reflexion_mh,MiniHack-River-Narrow-v0,29,111,N,0.0,False,"reflection=The level's southwestern area is blocked by a wall and has immovable boulders, so I should focus on exploring the northern, eastern, or northwestern p"
73da8766,reflexion_mh,MiniHack-River-Narrow-v0,29,112,E,0.0,False,"reflection=The level's southwestern area is blocked by a wall and has immovable boulders, so I should focus on exploring the northern, eastern, or northwestern p"
73da8766,reflexion_mh,MiniHack-River-Narrow-v0,29,113,E,0.0,False,"reflection=The level's southwestern area is blocked, and initial movements north and east are possible, so I'll keep exploring eastward to uncover more of the le"
73da8766,reflexion_mh,MiniHack-River-Narrow-v0,29,114,E,0.0,False,"reflection=The level's eastern area is still unexplored, and there are no immediate threats or obstacles nearby, so it's a good idea to keep moving east to see w"
73da8766,reflexion_mh,MiniHack-River-Narrow-v0,29,115,E,0.0,False,"reflection=The level's eastern area is still largely unexplored, and moving east will help reveal more of the level's layout and potential items or creatures."
73da8766,reflexion_mh,MiniHack-River-Narrow-v0,29,116,E,0.0,False,"reflection=The level's eastern area continues to be accessible, suggesting that there may be more to explore in this direction without immediate obstacles or dan"
73da8766,reflexion_mh,MiniHack-River-Narrow-v0,29,117,E,0.0,False,"reflection=The level's eastern area appears to be a potential path forward, and I have not encountered any dangers or obstacles that would prevent me from procee"
73da8766,reflexion_mh,MiniHack-River-Narrow-v0,29,118,E,0.0,False,"reflection=The level's eastern area continues to be a viable path, and I have not encountered any obstacles that would prevent me from proceeding in this directi"
73da8766,reflexion_mh,MiniHack-River-Narrow-v0,29,119,E,0.0,False,"reflection=The level's eastern area remains a viable path without any immediate obstacles, suggesting a potential route to the downstairs or other significant fe"
