run_id,variant,env_id,seed,step,action,reward,done,note
337ae3cd,reflexion_mh,MiniHack-River-Narrow-v0,40,0,S,0.0,False,"reflection=The level appears to have a body of water or lava to the east, which could potentially be a barrier or hazard. The majority of the visible area to the"
337ae3cd,reflexion_mh,MiniHack-River-Narrow-v0,40,1,N,0.0,False,"reflection=The level has a potential hazard to the east, and the western and northern areas are still unexplored and might provide safer routes or useful items."
337ae3cd,reflexion_mh,MiniHack-River-Narrow-v0,40,2,N,0.0,False,"reflection=The level has a potential hazard to the east, and exploring the north might reveal safer routes or useful items, while the western area remains unexpl"
337ae3cd,reflexion_mh,MiniHack-River-Narrow-v0,40,3,N,0.0,False,"reflection=The level has a potential hazard to the east, exploring the north might reveal safer routes or useful items, the western area remains unexplored and c"
337ae3cd,reflexion_mh,MiniHack-River-Narrow-v0,40,4,W,0.0,False,"reflection=The level has a potential hazard to the east, exploring the north might reveal safer routes or useful items, the western area could be beneficial and "
337ae3cd,reflexion_mh,MiniHack-River-Narrow-v0,40,5,W,0.0,False,"reflection=The western area seems to be a priority for exploration, and continuing west may reveal new paths, items, or hazards. The level's layout suggests that"
337ae3cd,reflexion_mh,MiniHack-River-Narrow-v0,40,6,W,0.0,False,"reflection=The western area is a priority for exploration, and the level's edges seem safer than the center; also, the presence of lava or water to the south and"
337ae3cd,reflexion_mh,MiniHack-River-Narrow-v0,40,7,W,-0.01,False,"reflection=The western area is a priority for exploration, and the level's edges seem safer than the center; also, the presence of lava or water to the south and"
337ae3cd,reflexion_mh,MiniHack-River-Narrow-v0,40,8,NW,-0.01,False,"reflection=The northwestern part of the level remains unexplored, and the presence of lava or water to the south and east suggests caution; the western edge of t"
337ae3cd,reflexion_mh,MiniHack-River-Narrow-v0,40,9,N,0.0,False,"reflection=The northwestern part of the level remains unexplored, and the presence of lava or water to the south and east suggests caution; the western edge of t"
337ae3cd,reflexion_mh,MiniHack-River-Narrow-v0,40,10,NW,-0.01,False,"reflection=The northwestern part of the level remains unexplored, and the western edge continues to be a safer path for exploration. The presence of lava or wate"
337ae3cd,reflexion_mh,MiniHack-River-Narrow-v0,40,11,NW,-0.01,False,"reflection=The northwestern part of the level remains unexplored, and the western edge continues to be a safer path for exploration. The presence of lava or wate"
337ae3cd,reflexion_mh,MiniHack-River-Narrow-v0,40,12,N,0.0,False,"reflection=The northwestern part of the level remains unexplored, and the western edge continues to be a safer path for exploration. The presence of lava or wate"
337ae3cd,reflexion_mh,MiniHack-River-Narrow-v0,40,13,W,-0.01,False,"reflection=The level's northwestern corner has a wall, suggesting a boundary. The western path remains a safer choice for now, and it's essential to keep explori"
337ae3cd,reflexion_mh,MiniHack-River-Narrow-v0,40,14,W,-0.01,False,"reflection=The level's northwestern corner has a wall, and the western path remains a safer choice for now. I need to keep exploring west to find the downstairs "
337ae3cd,reflexion_mh,MiniHack-River-Narrow-v0,40,15,N,0.0,False,"reflection=The level's western path is blocked, so I need to explore other directions. The north and northwest paths are potential options, but I should be cauti"
337ae3cd,reflexion_mh,MiniHack-River-Narrow-v0,40,16,E,0.0,False,"reflection=The level's western path is blocked, and initial northern and northwestern paths did not reveal much, so exploring east might provide new information "
337ae3cd,reflexion_mh,MiniHack-River-Narrow-v0,40,17,E,0.0,False,"reflection=The level's western path is blocked, and initial northern and northwestern paths did not reveal much. Exploring east might provide new information or "
337ae3cd,reflexion_mh,MiniHack-River-Narrow-v0,40,18,E,0.0,False,"reflection=The level's western path is blocked, initial northern and northwestern paths did not reveal much, and the eastern path is being explored for new infor"
337ae3cd,reflexion_mh,MiniHack-River-Narrow-v0,40,19,E,0.0,False,"reflection=The level's western path is blocked, initial northern and northwestern paths did not reveal much, the eastern path is being explored and seems to cont"
337ae3cd,reflexion_mh,MiniHack-River-Narrow-v0,40,20,E,0.0,False,"reflection=The level's eastern path continues beyond the current view, suggesting potential for new discoveries or a path forward. The western and initial northe"
337ae3cd,reflexion_mh,MiniHack-River-Narrow-v0,40,21,E,0.0,False,"reflection=The level's eastern path continues to be the most promising direction for exploration, with the potential for discovering new items, stairs, or other "
337ae3cd,reflexion_mh,MiniHack-River-Narrow-v0,40,22,E,0.0,False,"reflection=The level's eastern path continues to be the most promising direction for exploration, with the potential for discovering new items, stairs, or other "
337ae3cd,reflexion_mh,MiniHack-River-Narrow-v0,40,23,E,0.0,False,"reflection=The level's eastern path continues to be obstacle-free and promising for discovery, with potential for new items or stairs beyond the current view."
337ae3cd,reflexion_mh,MiniHack-River-Narrow-v0,40,24,E,0.0,False,"reflection=The level's eastern path continues to be a promising direction for discovery, with potential for new items or stairs beyond the current view. No walls"
337ae3cd,reflexion_mh,MiniHack-River-Narrow-v0,40,25,E,0.0,False,"reflection=The level's eastern path continues to be a promising direction for discovery, with potential for new items or stairs beyond the current view. No walls"
337ae3cd,reflexion_mh,MiniHack-River-Narrow-v0,40,26,E,0.0,False,"reflection=The level's eastern path continues to be a promising direction for discovery, with potential for new items or stairs beyond the current view. Continui"
337ae3cd,reflexion_mh,MiniHack-River-Narrow-v0,40,27,E,0.0,False,"reflection=The level's eastern path continues to yield new areas to explore without encountering walls, suggesting it may lead to significant discoveries or the "
337ae3cd,reflexion_mh,MiniHack-River-Narrow-v0,40,28,E,0.0,False,"reflection=The level's eastern path continues to yield new areas to explore without encountering walls, suggesting it may lead to significant discoveries or the "
337ae3cd,reflexion_mh,MiniHack-River-Narrow-v0,40,29,E,0.0,False,"reflection=The level's eastern path continues to be a viable route for exploration, with no walls encountered yet, suggesting potential for further discoveries o"
337ae3cd,reflexion_mh,MiniHack-River-Narrow-v0,40,30,E,0.0,False,"reflection=The level's eastern path continues to be open, suggesting a potential route to the downstairs or other significant locations, and it's necessary to ke"
337ae3cd,reflexion_mh,MiniHack-River-Narrow-v0,40,31,E,0.0,False,"reflection=The level's eastern path continues to be open, suggesting a potential route to the downstairs or other significant locations, and it's necessary to ke"
337ae3cd,reflexion_mh,MiniHack-River-Narrow-v0,40,32,E,0.0,False,"reflection=The level's eastern path continues to be open, suggesting a potential route to the downstairs or other significant locations. The absence of creatures"
337ae3cd,reflexion_mh,MiniHack-River-Narrow-v0,40,33,E,0.0,False,"reflection=The level's eastern path continues to be open, suggesting a potential route to the downstairs or other significant locations. The absence of creatures"
337ae3cd,reflexion_mh,MiniHack-River-Narrow-v0,40,34,E,0.0,False,"reflection=The level's eastern path continues to be open, and it's still a potential route to significant locations. No creatures or items have been encountered "
337ae3cd,reflexion_mh,MiniHack-River-Narrow-v0,40,35,S,0.0,False,"reflection=The level's eastern path is open but seems to be a dead end for now. The southern terrain is consistent with water or lava, which could be a hazard or"
337ae3cd,reflexion_mh,MiniHack-River-Narrow-v0,40,36,W,0.0,False,"reflection=The level's eastern path is a dead end, the southern terrain is hazardous, and the western path is unexplored and potentially promising."
337ae3cd,reflexion_mh,MiniHack-River-Narrow-v0,40,37,W,0.0,False,"reflection=The level's eastern path is a dead end, the southern terrain is hazardous, and the western path is unexplored and potentially promising, with a body o"
337ae3cd,reflexion_mh,MiniHack-River-Narrow-v0,40,38,W,0.0,False,"reflection=The level's eastern path is a dead end, the southern terrain is hazardous, and the western path is still unexplored and potentially promising, with a "
337ae3cd,reflexion_mh,MiniHack-River-Narrow-v0,40,39,W,0.0,False,"reflection=The level's eastern path is a dead end, the southern terrain is hazardous, and the western path is still unexplored and potentially promising, with a "
337ae3cd,reflexion_mh,MiniHack-River-Narrow-v0,40,40,W,0.0,False,"reflection=The level's eastern path is a dead end, the southern terrain is hazardous, and the western path is still unexplored and potentially promising, with a "
337ae3cd,reflexion_mh,MiniHack-River-Narrow-v0,40,41,W,0.0,False,"reflection=The level's eastern path is a dead end, the southern terrain is hazardous, and the western path is still unexplored and potentially promising, with a "
337ae3cd,reflexion_mh,MiniHack-River-Narrow-v0,40,42,W,0.0,False,"reflection=The level's eastern path is a dead end, the southern terrain is hazardous, and the western path is still unexplored and potentially promising, with a "
337ae3cd,reflexion_mh,MiniHack-River-Narrow-v0,40,43,W,0.0,False,"reflection=The level's eastern path is a dead end, the southern terrain is hazardous, and the western path is still unexplored and potentially promising, with a "
337ae3cd,reflexion_mh,MiniHack-River-Narrow-v0,40,44,W,0.0,False,"reflection=The level's eastern path is a dead end, the southern terrain is hazardous, and the western path is still unexplored and potentially promising, with a "
337ae3cd,reflexion_mh,MiniHack-River-Narrow-v0,40,45,W,0.0,False,"reflection=The level's eastern path is a dead end, the southern terrain is hazardous, and the western path is still unexplored and potentially promising, with a "
337ae3cd,reflexion_mh,MiniHack-River-Narrow-v0,40,46,W,0.0,False,"reflection=The level's eastern path is a dead end, the southern terrain is hazardous, and the western path remains unexplored and potentially promising, with a b"
337ae3cd,reflexion_mh,MiniHack-River-Narrow-v0,40,47,W,0.0,False,"reflection=The level's eastern path is a dead end, the southern terrain is hazardous, and the western path remains unexplored and potentially promising, with a b"
337ae3cd,reflexion_mh,MiniHack-River-Narrow-v0,40,48,W,0.0,False,"reflection=The level's eastern path is a dead end, the southern terrain is hazardous, the western path remains largely unexplored and is the current focus for fi"
337ae3cd,reflexion_mh,MiniHack-River-Narrow-v0,40,49,W,0.0,False,"reflection=The level's eastern path is a dead end, the southern terrain is hazardous, the western path remains largely unexplored and is the current focus for fi"
337ae3cd,reflexion_mh,MiniHack-River-Narrow-v0,40,50,W,0.0,False,"reflection=The level's western path continues to be the most promising for finding stairs or items, with the eastern path being a dead end, the southern terrain "
337ae3cd,reflexion_mh,MiniHack-River-Narrow-v0,40,51,W,0.0,False,"reflection=The level's western path continues to be the most promising for finding stairs or items, with the eastern path being a dead end, the southern terrain "
337ae3cd,reflexion_mh,MiniHack-River-Narrow-v0,40,52,W,-0.01,False,"reflection=The level's western path continues to be the most promising for finding stairs or items, with no walls or dead ends encountered yet, suggesting it may"
337ae3cd,reflexion_mh,MiniHack-River-Narrow-v0,40,53,W,-0.01,False,"reflection=The level's western path continues to be the most promising for finding stairs or items, with the addition that boulders in the path may require alter"
337ae3cd,reflexion_mh,MiniHack-River-Narrow-v0,40,54,N,0.0,False,"reflection=The level's western path is blocked by an immovable boulder, so alternative routes such as north, east, or south should be explored for stairs, items,"
337ae3cd,reflexion_mh,MiniHack-River-Narrow-v0,40,55,E,0.0,False,"reflection=The level's western path is blocked, and the northern path does not seem to yield any immediate results, so exploring east may provide new opportuniti"
337ae3cd,reflexion_mh,MiniHack-River-Narrow-v0,40,56,E,0.0,False,"reflection=The level's eastern path is now a priority for exploration to uncover potential items, stairs, or other important features."
337ae3cd,reflexion_mh,MiniHack-River-Narrow-v0,40,57,E,0.0,False,"reflection=The level's eastern path continues to be a priority for exploration, and I have not yet encountered any obstacles or items of note in this direction."
337ae3cd,reflexion_mh,MiniHack-River-Narrow-v0,40,58,E,0.0,False,"reflection=The level's eastern path remains a priority for exploration, and so far, it has been clear of obstacles or notable items, suggesting that the initial "
337ae3cd,reflexion_mh,MiniHack-River-Narrow-v0,40,59,E,0.0,False,"reflection=The level's eastern path remains a priority for exploration, and continuing in this direction may reveal important locations or items, potentially lea"
337ae3cd,reflexion_mh,MiniHack-River-Narrow-v0,40,60,E,0.0,False,"reflection=The level's eastern path remains a priority for exploration, and it does not appear to be blocked by walls at this point, suggesting further explorati"
337ae3cd,reflexion_mh,MiniHack-River-Narrow-v0,40,61,E,0.0,False,"reflection=The level's eastern path continues to be open, suggesting a potential route or important locations in that direction. No obstacles or walls have been "
337ae3cd,reflexion_mh,MiniHack-River-Narrow-v0,40,62,E,0.0,False,"reflection=The level's eastern path continues to be open, suggesting a potential route or important locations in that direction. No obstacles or walls have been "
337ae3cd,reflexion_mh,MiniHack-River-Narrow-v0,40,63,E,0.0,False,"reflection=The level's eastern path continues to be open, suggesting a potential route or important locations in that direction. The absence of immediate threats"
337ae3cd,reflexion_mh,MiniHack-River-Narrow-v0,40,64,E,0.0,False,"reflection=The level's eastern path continues to be open, suggesting a potential route or important locations in that direction, and it may be worthwhile to expl"
337ae3cd,reflexion_mh,MiniHack-River-Narrow-v0,40,65,E,0.0,False,"reflection=The level's eastern path continues to be open, suggesting a potential route or important locations in that direction. Exploring this path may lead to "
337ae3cd,reflexion_mh,MiniHack-River-Narrow-v0,40,66,E,0.0,False,"reflection=The level's eastern path remains open, suggesting it may lead to a staircase, treasure, or other significant features. No obstacles or walls have been"
337ae3cd,reflexion_mh,MiniHack-River-Narrow-v0,40,67,E,0.0,False,"reflection=The level's eastern path continues to be a priority for exploration, and it's possible that it may lead to important discoveries or exits."
337ae3cd,reflexion_mh,MiniHack-River-Narrow-v0,40,68,E,0.0,False,"reflection=The level's eastern path continues to be a priority for exploration, and it's possible that it may lead to important discoveries or exits, such as a s"
337ae3cd,reflexion_mh,MiniHack-River-Narrow-v0,40,69,E,0.0,False,"reflection=The level's eastern path continues to be a priority for exploration, and it may lead to important discoveries or exits, such as a staircase or a room "
337ae3cd,reflexion_mh,MiniHack-River-Narrow-v0,40,70,E,0.0,False,"reflection=The level's eastern path remains a priority for exploration, and it may lead to important discoveries or exits, such as a staircase or a room with ite"
337ae3cd,reflexion_mh,MiniHack-River-Narrow-v0,40,71,E,0.0,False,"reflection=The level's eastern path remains a priority for exploration, and it may lead to important discoveries or exits, such as a staircase or a room with ite"
337ae3cd,reflexion_mh,MiniHack-River-Narrow-v0,40,72,E,0.0,False,"reflection=The level's eastern path remains a priority for exploration, and it may lead to important discoveries or exits, such as a staircase or a room with ite"
337ae3cd,reflexion_mh,MiniHack-River-Narrow-v0,40,73,E,0.0,False,"reflection=The level's eastern path remains a priority for exploration, and it may lead to important discoveries or exits, such as a staircase or a room with ite"
337ae3cd,reflexion_mh,MiniHack-River-Narrow-v0,40,74,E,0.0,False,"reflection=The level's eastern path remains a priority for exploration, and it may lead to important discoveries or exits, such as a staircase or a room with ite"
337ae3cd,reflexion_mh,MiniHack-River-Narrow-v0,40,75,N,-0.01,False,"reflection=The level's eastern boundary has been reached, indicating a need to explore other directions such as north, south, or west to uncover more of the leve"
337ae3cd,reflexion_mh,MiniHack-River-Narrow-v0,40,76,N,-0.01,False,"reflection=The level's eastern boundary is solid stone, suggesting a need to focus exploration on northern, southern, or western directions to uncover stairs, it"
337ae3cd,reflexion_mh,MiniHack-River-Narrow-v0,40,77,S,0.0,False,"reflection=The level's eastern boundary is solid stone, and northern direction is also blocked, suggesting a focus on southern and western exploration to uncover"
337ae3cd,reflexion_mh,MiniHack-River-Narrow-v0,40,78,S,0.0,False,"reflection=The level's eastern boundary is solid stone, and the northern direction is also blocked. Initial exploration suggests focusing on southern and western"
337ae3cd,reflexion_mh,MiniHack-River-Narrow-v0,40,79,S,0.0,False,"reflection=The level's eastern boundary is solid stone, and the northern direction is also blocked. Initial exploration suggests focusing on southern and western"
337ae3cd,reflexion_mh,MiniHack-River-Narrow-v0,40,80,S,0.0,False,"reflection=The level's eastern boundary is solid stone, and the northern direction is also blocked. Initial exploration suggests focusing on southern and western"
337ae3cd,reflexion_mh,MiniHack-River-Narrow-v0,40,81,W,0.0,False,"reflection=The level's eastern boundary is solid stone, and the northern direction is also blocked. Initial exploration suggests focusing on southern and western"
337ae3cd,reflexion_mh,MiniHack-River-Narrow-v0,40,82,W,0.0,False,"reflection=The level's eastern boundary is solid stone, and the northern direction is also blocked. Initial exploration suggests focusing on southern and western"
337ae3cd,reflexion_mh,MiniHack-River-Narrow-v0,40,83,W,0.0,False,"reflection=The level's eastern boundary is solid stone, and the northern direction is also blocked. Initial exploration suggests focusing on southern and western"
337ae3cd,reflexion_mh,MiniHack-River-Narrow-v0,40,84,W,0.0,False,"reflection=The level's eastern boundary is solid stone, the northern direction is blocked, and initial western exploration has not hit a wall, suggesting a poten"
337ae3cd,reflexion_mh,MiniHack-River-Narrow-v0,40,85,W,0.0,False,"reflection=The level's western path continues without hitting a wall, suggesting potential features, stairs, or items in that direction. The lack of immediate ob"
337ae3cd,reflexion_mh,MiniHack-River-Narrow-v0,40,86,W,0.0,False,"reflection=The level's western path continues to be open, suggesting that this direction may lead to important locations such as stairs, items, or other signific"
337ae3cd,reflexion_mh,MiniHack-River-Narrow-v0,40,87,W,-0.01,False,"reflection=The level's western path continues to be open, suggesting that this direction may lead to important locations such as stairs, items, or other signific"
337ae3cd,reflexion_mh,MiniHack-River-Narrow-v0,40,88,W,-0.01,False,"reflection=The level's western path continues to be open, suggesting that this direction may lead to important locations such as stairs, items, or other signific"
337ae3cd,reflexion_mh,MiniHack-River-Narrow-v0,40,89,N,0.0,False,"reflection=The level's western path is blocked by a boulder that cannot be moved, suggesting the need to explore alternative routes. The northern direction remai"
337ae3cd,reflexion_mh,MiniHack-River-Narrow-v0,40,90,N,0.0,False,"reflection=The level's western path is blocked, and initial northern exploration may yield important routes or items."
337ae3cd,reflexion_mh,MiniHack-River-Narrow-v0,40,91,E,0.0,False,"reflection=The level's western path is blocked, initial northern exploration may yield important routes or items, and now I'm checking the eastern path for poten"
337ae3cd,reflexion_mh,MiniHack-River-Narrow-v0,40,92,E,0.0,False,"reflection=The level's western path is blocked, initial northern exploration may not yield important routes or items, and the eastern path is being explored for "
337ae3cd,reflexion_mh,MiniHack-River-Narrow-v0,40,93,E,0.0,False,"reflection=The level's western path is blocked, initial northern exploration may not yield important routes or items, the eastern path is being explored for pote"
337ae3cd,reflexion_mh,MiniHack-River-Narrow-v0,40,94,E,0.0,False,"reflection=The level's western path is blocked, initial northern exploration may not yield important routes or items, the eastern path is being explored for pote"
337ae3cd,reflexion_mh,MiniHack-River-Narrow-v0,40,95,E,0.0,False,"reflection=The level's eastern path continues beyond the current view, suggesting potential for discovery of stairs, items, or further layout revelation. The lac"
337ae3cd,reflexion_mh,MiniHack-River-Narrow-v0,40,96,E,0.0,False,"reflection=The level's eastern path remains a priority for exploration due to its potential for revealing new areas, items, or the downstairs stairs, and so far,"
337ae3cd,reflexion_mh,MiniHack-River-Narrow-v0,40,97,E,0.0,False,"reflection=The level's eastern path remains a priority for exploration, and so far, it has not presented any obstacles or walls that would necessitate a change i"
337ae3cd,reflexion_mh,MiniHack-River-Narrow-v0,40,98,E,0.0,False,"reflection=The level's eastern path remains a priority for exploration. With 8 steps taken eastward without encountering walls, and now being out of the water, t"
337ae3cd,reflexion_mh,MiniHack-River-Narrow-v0,40,99,E,0.0,False,"reflection=The level's eastern path continues to be a viable route for exploration, with at least 8 steps taken without encountering any obstacles or walls, sugg"
337ae3cd,reflexion_mh,MiniHack-River-Narrow-v0,40,100,E,0.0,False,"reflection=The level's eastern path continues to be open, suggesting a large area or corridor; no walls or obstacles have been encountered in this direction yet,"
337ae3cd,reflexion_mh,MiniHack-River-Narrow-v0,40,101,E,0.0,False,"reflection=The level's eastern path remains open, suggesting a potentially large area or corridor without immediate obstacles, making it a continued priority for"
337ae3cd,reflexion_mh,MiniHack-River-Narrow-v0,40,102,E,0.0,False,"reflection=The level's eastern path continues to be a priority for exploration, and its openness suggests a potentially large area or corridor without immediate "
337ae3cd,reflexion_mh,MiniHack-River-Narrow-v0,40,103,E,0.0,False,"reflection=The level's eastern path continues to be a priority for exploration, and its openness suggests a potentially large area or corridor without immediate "
337ae3cd,reflexion_mh,MiniHack-River-Narrow-v0,40,104,E,0.0,False,"reflection=The level's eastern path continues to be a priority for exploration, and its openness suggests a potentially large area or corridor without immediate "
337ae3cd,reflexion_mh,MiniHack-River-Narrow-v0,40,105,E,0.0,False,"reflection=The level's eastern path continues to be open, suggesting a large area or corridor without immediate obstacles, and the presence of lava or water to t"
337ae3cd,reflexion_mh,MiniHack-River-Narrow-v0,40,106,E,0.0,False,"reflection=The level's eastern path continues to be open, suggesting a large area or corridor without immediate obstacles. The presence of lava or water to the n"
337ae3cd,reflexion_mh,MiniHack-River-Narrow-v0,40,107,S,0.0,False,"reflection=The level's eastern boundary has been reached, indicating a need to explore other directions. The northern area with lava or water remains a potential"
337ae3cd,reflexion_mh,MiniHack-River-Narrow-v0,40,108,W,0.0,False,"reflection=The level's eastern boundary has been fully explored, and the next step is to venture into uncharted territory either south or west, keeping in mind t"
337ae3cd,reflexion_mh,MiniHack-River-Narrow-v0,40,109,S,0.0,False,"reflection=The level's eastern boundary has been fully explored, and initial exploration southward is underway, with the next step being to continue south or pot"
337ae3cd,reflexion_mh,MiniHack-River-Narrow-v0,40,110,S,-0.01,False,"reflection=The level's eastern boundary is fully explored, and some southern exploration has been done, with the need to continue south or potentially move west "
337ae3cd,reflexion_mh,MiniHack-River-Narrow-v0,40,111,W,0.0,False,"reflection=The level's eastern boundary is fully explored, and initial southern exploration has been done. The presence of lava or water to the east and southeas"
337ae3cd,reflexion_mh,MiniHack-River-Narrow-v0,40,112,W,0.0,False,"reflection=The level's eastern boundary is fully explored, initial southern exploration has been done, and western exploration is now a priority. The presence of"
337ae3cd,reflexion_mh,MiniHack-River-Narrow-v0,40,113,W,0.0,False,"reflection=The level's western area is now the priority for exploration, and caution should be exercised when approaching the eastern and southeastern parts due "
337ae3cd,reflexion_mh,MiniHack-River-Narrow-v0,40,114,N,0.0,False,"reflection=The level's western area is still a priority for exploration, and initial southern exploration has been done. Now, exploring north might reveal more a"
337ae3cd,reflexion_mh,MiniHack-River-Narrow-v0,40,115,N,0.0,False,"reflection=The level's northern area is now a focus for exploration to understand its structure and contents, complementing the initial southern and western expl"
337ae3cd,reflexion_mh,MiniHack-River-Narrow-v0,40,116,N,0.0,False,"reflection=The level's northern area appears to be accessible and worthy of further exploration to uncover potential items, stairs, or other features."
337ae3cd,reflexion_mh,MiniHack-River-Narrow-v0,40,117,N,0.0,False,"reflection=The level's northern area is accessible and worthy of further exploration to uncover potential items, stairs, or other features. The eastern part of t"
337ae3cd,reflexion_mh,MiniHack-River-Narrow-v0,40,118,E,0.0,False,"reflection=The level's northern area is accessible and worthy of further exploration, and now the eastern part of the level is being explored to uncover potentia"
337ae3cd,reflexion_mh,MiniHack-River-Narrow-v0,40,119,E,0.0,False,"reflection=The level's eastern area is accessible and worthy of further exploration, with the possibility of finding items, stairs, or encountering creatures."
337ae3cd,reflexion_mh,MiniHack-River-Narrow-v0,41,0,E,0.0,False,"reflection=The level seems to have a mix of floor and water or lava, with my starting position being on the floor. There are no immediately visible creatures, st"
337ae3cd,reflexion_mh,MiniHack-River-Narrow-v0,41,1,N,0.0,False,"reflection=The level seems to have a mix of floor and water or lava, with my starting position being on the floor. There are no immediately visible creatures, st"
337ae3cd,reflexion_mh,MiniHack-River-Narrow-v0,41,2,S,0.0,False,"reflection=The level's layout and features are still largely unknown, but exploring in different directions will help uncover more of the map, potentially reveal"
337ae3cd,reflexion_mh,MiniHack-River-Narrow-v0,41,3,NE,0.0,False,"reflection=The level's layout and features are still largely unknown, but exploring in different directions will help uncover more of the map, potentially reveal"
337ae3cd,reflexion_mh,MiniHack-River-Narrow-v0,41,4,N,0.0,False,reflection=The level contains bodies of water or lava that should be approached with caution. Exploring northward may reveal more of the level's layout and poten
337ae3cd,reflexion_mh,MiniHack-River-Narrow-v0,41,5,N,0.0,False,reflection=The level contains bodies of water or lava that should be approached with caution. Exploring northward may reveal more of the level's layout and poten
337ae3cd,reflexion_mh,MiniHack-River-Narrow-v0,41,6,N,0.0,False,"reflection=The level contains bodies of water or lava that should be approached with caution, and exploring northward reveals more of the level's layout and pote"
337ae3cd,reflexion_mh,MiniHack-River-Narrow-v0,41,7,W,0.0,False,"reflection=The level contains bodies of water or lava that should be approached with caution, and exploring northward reveals more of the level's layout and pote"
337ae3cd,reflexion_mh,MiniHack-River-Narrow-v0,41,8,W,0.0,False,"reflection=The level contains bodies of water or lava that should be approached with caution, and exploring northward and westward reveals more of the level's la"
337ae3cd,reflexion_mh,MiniHack-River-Narrow-v0,41,9,W,0.0,False,"reflection=The level contains bodies of water or lava that should be approached with caution, and exploring northward and westward reveals more of the level's la"
337ae3cd,reflexion_mh,MiniHack-River-Narrow-v0,41,10,W,0.0,False,"reflection=The level's layout suggests that moving west may reveal more of the map and lead to safer paths or the goal, while also avoiding potential dangers lik"
337ae3cd,reflexion_mh,MiniHack-River-Narrow-v0,41,11,W,0.0,False,"reflection=The level's layout suggests that moving west may reveal more of the map and lead to safer paths or the goal, while also avoiding potential dangers lik"
337ae3cd,reflexion_mh,MiniHack-River-Narrow-v0,41,12,W,0.0,False,"reflection=The level's layout suggests that moving west may reveal more of the map and lead to safer paths or the goal, while also avoiding potential dangers lik"
337ae3cd,reflexion_mh,MiniHack-River-Narrow-v0,41,13,W,0.0,False,"reflection=The level's layout continues to suggest that moving west is a viable strategy for exploration, with no walls or obstacles encountered in this directio"
337ae3cd,reflexion_mh,MiniHack-River-Narrow-v0,41,14,W,0.0,False,"reflection=The level's layout continues to suggest that moving west is a viable strategy for exploration, with no walls or obstacles encountered in this directio"
337ae3cd,reflexion_mh,MiniHack-River-Narrow-v0,41,15,W,0.0,False,"reflection=The level's western path remains unobstructed, suggesting it as a primary route for exploration. The hazards to the south and east, indicated by lava "
337ae3cd,reflexion_mh,MiniHack-River-Narrow-v0,41,16,W,0.0,False,"reflection=The level's western path continues to be a viable route for exploration, with no new hazards or obstacles encountered. The lack of creatures or items "
337ae3cd,reflexion_mh,MiniHack-River-Narrow-v0,41,17,N,0.0,False,"reflection=The level's western path is clear, suggesting that exploration in other directions may yield more interesting results, such as finding the staircase d"
337ae3cd,reflexion_mh,MiniHack-River-Narrow-v0,41,18,N,0.0,False,"reflection=The level's western path is clear, and the northern direction is a potential path to explore for the staircase down or creatures."
337ae3cd,reflexion_mh,MiniHack-River-Narrow-v0,41,19,N,-0.01,False,"reflection=The level's northern direction is a potential path to explore for the staircase down or creatures, and the western path is clear. I have not found any"
337ae3cd,reflexion_mh,MiniHack-River-Narrow-v0,41,20,E,0.0,False,"reflection=The level's northern direction does not seem to yield immediate results, so exploring east may provide more insight into the level's layout and object"
337ae3cd,reflexion_mh,MiniHack-River-Narrow-v0,41,21,E,0.0,False,"reflection=The level's eastern direction appears to be open for exploration, which might reveal more about the level's structure, potential items, or the stairca"
337ae3cd,reflexion_mh,MiniHack-River-Narrow-v0,41,22,E,0.0,False,"reflection=The level's eastern direction remains open for exploration, and I have not yet encountered any obstacles or items of note in this direction, suggestin"
337ae3cd,reflexion_mh,MiniHack-River-Narrow-v0,41,23,E,0.0,False,"reflection=The level's eastern direction continues to be a path of interest for exploration, and I will proceed with caution to uncover any potential items, crea"
337ae3cd,reflexion_mh,MiniHack-River-Narrow-v0,41,24,E,0.0,False,"reflection=The level's eastern direction remains a priority for exploration, and I will proceed cautiously to uncover any potential items, creatures, or staircas"
337ae3cd,reflexion_mh,MiniHack-River-Narrow-v0,41,25,E,0.0,False,"reflection=The level's eastern direction remains a priority for exploration, and proceeding cautiously is key to uncovering potential items, creatures, or stairc"
337ae3cd,reflexion_mh,MiniHack-River-Narrow-v0,41,26,E,0.0,False,"reflection=The level's eastern direction remains a priority for exploration. Proceeding cautiously is key to uncovering potential items, creatures, or staircases"
337ae3cd,reflexion_mh,MiniHack-River-Narrow-v0,41,27,NE,-0.01,False,"reflection=The level's eastern direction, while prioritized, may not yield immediate results. Exploring other directions could provide a more comprehensive under"
337ae3cd,reflexion_mh,MiniHack-River-Narrow-v0,41,28,N,-0.01,False,"reflection=The level's eastern direction, while prioritized, may not yield immediate results. Exploring other directions could provide a more comprehensive under"
337ae3cd,reflexion_mh,MiniHack-River-Narrow-v0,41,29,S,0.0,False,"reflection=The level's layout includes solid stone walls that limit movement in certain directions, indicating a need to explore alternative paths to progress, a"
337ae3cd,reflexion_mh,MiniHack-River-Narrow-v0,41,30,S,0.0,False,"reflection=The level's layout includes bodies of water or lava that need to be navigated around, and it's essential to keep track of the location of the staircas"
337ae3cd,reflexion_mh,MiniHack-River-Narrow-v0,41,31,SE,0.0,False,"reflection=The level's layout includes bodies of water or lava that need to be navigated around, and it's essential to keep track of the location of the staircas"
337ae3cd,reflexion_mh,MiniHack-River-Narrow-v0,41,32,SE,0.0,False,"reflection=The level's layout includes bodies of water or lava that need to be navigated around, and it's essential to keep track of the location of the staircas"
337ae3cd,reflexion_mh,MiniHack-River-Narrow-v0,41,33,SE,0.0,False,"reflection=The level's layout includes bodies of water or lava that need to be navigated around, and it's essential to keep track of the location of the staircas"
337ae3cd,reflexion_mh,MiniHack-River-Narrow-v0,41,34,SE,0.0,False,"reflection=The level's layout includes bodies of water or lava that need to be navigated around, and it's essential to keep track of the location of the staircas"
337ae3cd,reflexion_mh,MiniHack-River-Narrow-v0,41,35,SE,-0.01,False,"reflection=The level's layout includes bodies of water or lava that need to be navigated around, and moving southeast has been a viable option so far to reach th"
337ae3cd,reflexion_mh,MiniHack-River-Narrow-v0,41,36,SE,-0.01,False,"reflection=The level's layout includes bodies of water or lava that need to be navigated around, and moving southeast has been a viable option so far to reach th"
337ae3cd,reflexion_mh,MiniHack-River-Narrow-v0,41,37,SW,-0.01,False,"reflection=The level's layout includes bodies of water or lava that need to be navigated around, and it's necessary to explore different paths when a direction i"
337ae3cd,reflexion_mh,MiniHack-River-Narrow-v0,41,38,NE,0.0,False,"reflection=The level's layout includes bodies of water or lava that need to be navigated around, and it's necessary to explore different paths when a direction i"
337ae3cd,reflexion_mh,MiniHack-River-Narrow-v0,41,39,NE,0.0,False,"reflection=The level's layout includes bodies of water or lava that need to be navigated around, and it's necessary to explore different paths when a direction i"
337ae3cd,reflexion_mh,MiniHack-River-Narrow-v0,41,40,NW,0.0,False,"reflection=The level's layout includes bodies of water or lava that need to be navigated around, and it's necessary to explore different paths when a direction i"
337ae3cd,reflexion_mh,MiniHack-River-Narrow-v0,41,41,NW,0.0,False,"reflection=The level's layout includes bodies of water or lava that need to be navigated around, and it's necessary to explore different paths when a direction i"
337ae3cd,reflexion_mh,MiniHack-River-Narrow-v0,41,42,E,0.0,False,"reflection=The level's layout includes bodies of water or lava that need to be navigated around, and it's necessary to explore different paths when a direction i"
337ae3cd,reflexion_mh,MiniHack-River-Narrow-v0,41,43,E,0.0,False,"reflection=The level's layout includes bodies of water or lava that need to be navigated around, and it's necessary to explore different paths when a direction i"
337ae3cd,reflexion_mh,MiniHack-River-Narrow-v0,41,44,E,0.0,False,"reflection=The level's layout includes bodies of water or lava that need to be navigated around, and it's necessary to explore different paths when a direction i"
337ae3cd,reflexion_mh,MiniHack-River-Narrow-v0,41,45,E,0.0,False,"reflection=The level's layout includes bodies of water or lava that need to be navigated around, and it's necessary to explore different paths when a direction i"
337ae3cd,reflexion_mh,MiniHack-River-Narrow-v0,41,46,N,0.0,False,"reflection=The level's layout includes bodies of water or lava that need to be navigated around, and it's necessary to explore different paths when a direction i"
337ae3cd,reflexion_mh,MiniHack-River-Narrow-v0,41,47,NW,-0.01,False,"reflection=The level's layout includes bodies of water or lava that need to be navigated around, and it's necessary to explore different paths when a direction i"
337ae3cd,reflexion_mh,MiniHack-River-Narrow-v0,41,48,E,0.0,False,"reflection=The level's layout includes bodies of water or lava that need to be navigated around, and it's necessary to explore different paths when a direction i"
337ae3cd,reflexion_mh,MiniHack-River-Narrow-v0,41,49,S,0.0,False,"reflection=The level's layout includes bodies of water or lava that need to be navigated around, and it's necessary to explore different paths when a direction i"
337ae3cd,reflexion_mh,MiniHack-River-Narrow-v0,41,50,E,0.0,False,"reflection=The level's layout includes bodies of water or lava that need to be navigated around, and it's necessary to explore different paths when a direction i"
337ae3cd,reflexion_mh,MiniHack-River-Narrow-v0,41,51,NE,0.0,False,"reflection=The level's layout includes bodies of water or lava that need to be navigated around, and it's necessary to explore different paths when a direction i"
337ae3cd,reflexion_mh,MiniHack-River-Narrow-v0,41,52,S,0.0,False,"reflection=The level's layout includes bodies of water or lava that need to be navigated around, and it's necessary to explore different paths when a direction i"
337ae3cd,reflexion_mh,MiniHack-River-Narrow-v0,41,53,E,0.0,False,"reflection=The level's layout includes bodies of water or lava that need to be navigated around, and it's necessary to explore different paths when a direction i"
337ae3cd,reflexion_mh,MiniHack-River-Narrow-v0,41,54,E,0.0,False,"reflection=The level's layout includes bodies of water or lava that need to be navigated around, and it's necessary to explore different paths when a direction i"
337ae3cd,reflexion_mh,MiniHack-River-Narrow-v0,41,55,N,-0.01,False,"reflection=The level's layout includes bodies of water or lava that need to be navigated around, and it's necessary to explore different paths when a direction i"
337ae3cd,reflexion_mh,MiniHack-River-Narrow-v0,41,56,S,0.0,False,"reflection=The level's layout includes bodies of water or lava that need to be navigated around, and it's necessary to explore different paths when a direction i"
337ae3cd,reflexion_mh,MiniHack-River-Narrow-v0,41,57,E,0.0,False,"reflection=The level's layout includes bodies of water or lava that need to be navigated around, and it's necessary to explore different paths when a direction i"
337ae3cd,reflexion_mh,MiniHack-River-Narrow-v0,41,58,E,0.0,False,"reflection=The level's layout includes bodies of water or lava that need to be navigated around, and exploring different paths when a direction is blocked is nec"
337ae3cd,reflexion_mh,MiniHack-River-Narrow-v0,41,59,E,0.0,False,"reflection=The level's layout includes bodies of water or lava that need to be navigated around, and exploring different paths when a direction is blocked is nec"
337ae3cd,reflexion_mh,MiniHack-River-Narrow-v0,41,60,E,0.0,False,"reflection=The level's layout includes bodies of water or lava that need to be navigated around, and exploring different paths when a direction is blocked is nec"
337ae3cd,reflexion_mh,MiniHack-River-Narrow-v0,41,61,N,0.0,False,"reflection=The level's layout includes bodies of water or lava that need to be navigated around, and exploring different paths when a direction is blocked is nec"
337ae3cd,reflexion_mh,MiniHack-River-Narrow-v0,41,62,E,0.0,False,"reflection=The level's layout includes bodies of water or lava that need to be navigated around, and exploring different paths when a direction is blocked is nec"
337ae3cd,reflexion_mh,MiniHack-River-Narrow-v0,41,63,S,0.0,False,"reflection=The level's layout includes bodies of water or lava that need to be navigated around, and exploring different paths when a direction is blocked is nec"
337ae3cd,reflexion_mh,MiniHack-River-Narrow-v0,41,64,E,0.0,False,"reflection=The level's layout includes bodies of water or lava that need to be navigated around, and exploring different paths when a direction is blocked is nec"
337ae3cd,reflexion_mh,MiniHack-River-Narrow-v0,41,65,N,0.0,False,"reflection=The level's layout includes bodies of water or lava that need to be navigated around, and exploring different paths when a direction is blocked is nec"
337ae3cd,reflexion_mh,MiniHack-River-Narrow-v0,41,66,E,0.0,False,"reflection=The level's layout includes bodies of water or lava that need to be navigated around, and exploring different paths when a direction is blocked is nec"
337ae3cd,reflexion_mh,MiniHack-River-Narrow-v0,41,67,N,0.0,False,"reflection=The level's layout includes bodies of water or lava that need to be navigated around, and exploring different paths when a direction is blocked is nec"
337ae3cd,reflexion_mh,MiniHack-River-Narrow-v0,41,68,E,0.0,False,"reflection=The level's layout includes bodies of water or lava that need to be navigated around, and exploring different paths when a direction is blocked is nec"
337ae3cd,reflexion_mh,MiniHack-River-Narrow-v0,41,69,S,0.0,False,"reflection=The level's layout includes bodies of water or lava that need to be navigated around, and exploring different paths when a direction is blocked is nec"
337ae3cd,reflexion_mh,MiniHack-River-Narrow-v0,41,70,E,0.0,False,"reflection=The level's layout includes bodies of water or lava that need to be navigated around, and exploring different paths when a direction is blocked is nec"
337ae3cd,reflexion_mh,MiniHack-River-Narrow-v0,41,71,S,0.0,False,"reflection=The level's layout includes bodies of water or lava that need to be navigated around, and exploring different paths when a direction is blocked is nec"
337ae3cd,reflexion_mh,MiniHack-River-Narrow-v0,41,72,E,0.0,False,"reflection=The level's layout includes bodies of water or lava that need to be navigated around, and exploring different paths when a direction is blocked is nec"
337ae3cd,reflexion_mh,MiniHack-River-Narrow-v0,41,73,N,0.0,False,"reflection=The level's layout includes bodies of water or lava that need to be navigated around, and exploring different paths when a direction is blocked is nec"
337ae3cd,reflexion_mh,MiniHack-River-Narrow-v0,41,74,E,0.0,False,"reflection=The level's layout includes bodies of water or lava that need to be navigated around, and exploring different paths when a direction is blocked is nec"
337ae3cd,reflexion_mh,MiniHack-River-Narrow-v0,41,75,S,0.0,False,"reflection=The level's layout includes bodies of water or lava that need to be navigated around, and exploring different paths when a direction is blocked is nec"
337ae3cd,reflexion_mh,MiniHack-River-Narrow-v0,41,76,E,0.0,False,"reflection=The level's layout includes bodies of water or lava that need to be navigated around, and exploring different paths when a direction is blocked is nec"
337ae3cd,reflexion_mh,MiniHack-River-Narrow-v0,41,77,S,0.0,False,"reflection=The level's layout includes bodies of water or lava that need to be navigated around, and exploring different paths when a direction is blocked is nec"
337ae3cd,reflexion_mh,MiniHack-River-Narrow-v0,41,78,E,0.0,False,"reflection=The level's layout includes bodies of water or lava that need to be navigated around, and exploring different paths when a direction is blocked is nec"
337ae3cd,reflexion_mh,MiniHack-River-Narrow-v0,41,79,N,0.0,False,"reflection=The level's layout includes bodies of water or lava that need to be navigated around, and exploring different paths when a direction is blocked is nec"
337ae3cd,reflexion_mh,MiniHack-River-Narrow-v0,41,80,N,0.0,False,"reflection=The level's layout includes bodies of water or lava that need to be navigated around, and exploring different paths when a direction is blocked is nec"
337ae3cd,reflexion_mh,MiniHack-River-Narrow-v0,41,81,E,0.0,False,"reflection=The level's layout includes bodies of water or lava that need to be navigated around, and exploring different paths when a direction is blocked is nec"
337ae3cd,reflexion_mh,MiniHack-River-Narrow-v0,41,82,E,0.0,False,"reflection=The level's layout includes bodies of water or lava that need to be navigated around, and exploring different paths when a direction is blocked is nec"
337ae3cd,reflexion_mh,MiniHack-River-Narrow-v0,41,83,N,0.0,False,reflection=The level's layout includes bodies of water or lava that need to be navigated around. Exploring different paths when a direction is blocked is necessa
337ae3cd,reflexion_mh,MiniHack-River-Narrow-v0,41,84,S,0.0,False,"reflection=The level's layout includes bodies of water or lava that need to be navigated around, and it's crucial to explore different paths when a direction is "
337ae3cd,reflexion_mh,MiniHack-River-Narrow-v0,41,85,SW,0.0,False,"reflection=The level's layout includes bodies of water or lava that need to be navigated around, and it's crucial to explore different paths when a direction is "
337ae3cd,reflexion_mh,MiniHack-River-Narrow-v0,41,86,SE,0.0,False,"reflection=The level's layout includes bodies of water or lava that need to be navigated around, and it's crucial to explore different paths when a direction is "
337ae3cd,reflexion_mh,MiniHack-River-Narrow-v0,41,87,SE,0.0,False,"reflection=The level's layout includes bodies of water or lava that need to be navigated around, and it's crucial to explore different paths when a direction is "
337ae3cd,reflexion_mh,MiniHack-River-Narrow-v0,41,88,SE,0.0,False,"reflection=The level's layout includes bodies of water or lava that need to be navigated around, and it's crucial to explore different paths when a direction is "
337ae3cd,reflexion_mh,MiniHack-River-Narrow-v0,41,89,N,0.0,False,"reflection=The level's layout includes bodies of water or lava that need to be navigated around, and it's crucial to explore different paths when a direction is "
337ae3cd,reflexion_mh,MiniHack-River-Narrow-v0,41,90,SE,0.0,False,"reflection=The level's layout includes bodies of water or lava that need to be navigated around, and it's crucial to explore different paths when a direction is "
337ae3cd,reflexion_mh,MiniHack-River-Narrow-v0,41,91,S,0.0,False,"reflection=The level's layout includes bodies of water or lava that need to be navigated around, and it's crucial to explore different paths when a direction is "
337ae3cd,reflexion_mh,MiniHack-River-Narrow-v0,41,92,SE,0.0,False,"reflection=The level's layout includes bodies of water or lava that need to be navigated around, and it's crucial to explore different paths when a direction is "
337ae3cd,reflexion_mh,MiniHack-River-Narrow-v0,41,93,S,-0.01,False,"reflection=The level's layout includes bodies of water or lava that need to be navigated around, and it's crucial to explore different paths when a direction is "
337ae3cd,reflexion_mh,MiniHack-River-Narrow-v0,41,94,SW,-0.01,False,"reflection=The level's layout includes bodies of water or lava that need to be navigated around, and it's crucial to explore different paths when a direction is "
337ae3cd,reflexion_mh,MiniHack-River-Narrow-v0,41,95,N,0.0,False,"reflection=The level's layout includes bodies of water or lava that need to be navigated around, and it's crucial to explore different paths when a direction is "
337ae3cd,reflexion_mh,MiniHack-River-Narrow-v0,41,96,SE,0.0,False,"reflection=The level's layout includes bodies of water or lava that need to be navigated around, and it's crucial to explore different paths when a direction is "
337ae3cd,reflexion_mh,MiniHack-River-Narrow-v0,41,97,E,0.0,False,"reflection=The level's layout includes bodies of water or lava that need to be navigated around, and it's crucial to explore different paths when a direction is "
337ae3cd,reflexion_mh,MiniHack-River-Narrow-v0,41,98,SE,0.0,False,"reflection=The level's layout includes bodies of water or lava that need to be navigated around, and it's crucial to explore different paths when a direction is "
337ae3cd,reflexion_mh,MiniHack-River-Narrow-v0,41,99,SW,-0.01,False,"reflection=The level's layout includes bodies of water or lava that need to be navigated around, and it's crucial to explore different paths when a direction is "
337ae3cd,reflexion_mh,MiniHack-River-Narrow-v0,41,100,E,0.0,False,"reflection=The level's layout includes bodies of water or lava that need to be navigated around, and it's crucial to explore different paths when a direction is "
337ae3cd,reflexion_mh,MiniHack-River-Narrow-v0,41,101,SE,0.0,False,"reflection=The level's layout includes bodies of water or lava that need to be navigated around, and it's crucial to explore different paths when a direction is "
337ae3cd,reflexion_mh,MiniHack-River-Narrow-v0,41,102,S,-0.01,False,"reflection=The level's layout includes bodies of water or lava that need to be navigated around, and it's crucial to explore different paths when a direction is "
337ae3cd,reflexion_mh,MiniHack-River-Narrow-v0,41,103,S,-0.01,False,"reflection=The level's layout includes bodies of water or lava that need to be navigated around, and it's crucial to explore different paths when a direction is "
337ae3cd,reflexion_mh,MiniHack-River-Narrow-v0,41,104,E,0.0,False,"reflection=The level's layout includes bodies of water or lava that need to be navigated around, and it's crucial to explore different paths when a direction is "
337ae3cd,reflexion_mh,MiniHack-River-Narrow-v0,41,105,S,-0.01,False,"reflection=The level's layout includes bodies of water or lava that need to be navigated around, and it's crucial to explore different paths when a direction is "
337ae3cd,reflexion_mh,MiniHack-River-Narrow-v0,41,106,E,0.0,False,"reflection=The level's layout includes bodies of water or lava that need to be navigated around, and it's crucial to explore different paths when a direction is "
337ae3cd,reflexion_mh,MiniHack-River-Narrow-v0,41,107,SE,0.0,False,"reflection=The level's layout includes bodies of water or lava that need to be navigated around, and it's crucial to explore different paths when a direction is "
337ae3cd,reflexion_mh,MiniHack-River-Narrow-v0,41,108,W,0.0,False,"reflection=The level's layout includes bodies of water or lava that need to be navigated around, and it's crucial to explore different paths when a direction is "
337ae3cd,reflexion_mh,MiniHack-River-Narrow-v0,41,109,S,0.0,False,"reflection=The level's layout includes bodies of water or lava that need to be navigated around, and it's crucial to explore different paths when a direction is "
337ae3cd,reflexion_mh,MiniHack-River-Narrow-v0,41,110,E,0.0,False,"reflection=The level's layout includes bodies of water or lava that need to be navigated around, and it's crucial to explore different paths when a direction is "
337ae3cd,reflexion_mh,MiniHack-River-Narrow-v0,41,111,W,0.0,False,"reflection=The level's layout includes bodies of water or lava that need to be navigated around, and it's crucial to explore different paths when a direction is "
337ae3cd,reflexion_mh,MiniHack-River-Narrow-v0,41,112,SE,-0.01,False,"reflection=The level's layout includes bodies of water or lava that need to be navigated around, and it's crucial to explore different paths when a direction is "
337ae3cd,reflexion_mh,MiniHack-River-Narrow-v0,41,113,SE,-0.01,False,"reflection=The level's layout includes bodies of water or lava that need to be navigated around, and it's crucial to explore different paths when a direction is "
337ae3cd,reflexion_mh,MiniHack-River-Narrow-v0,41,114,N,0.0,False,"reflection=The level's layout includes bodies of water or lava that need to be navigated around, and it's crucial to explore different paths when a direction is "
337ae3cd,reflexion_mh,MiniHack-River-Narrow-v0,41,115,S,0.0,False,"reflection=The level's layout includes bodies of water or lava that need to be navigated around, and it's crucial to explore different paths when a direction is "
337ae3cd,reflexion_mh,MiniHack-River-Narrow-v0,41,116,SE,-0.01,False,"reflection=The level's layout includes bodies of water or lava that need to be navigated around, and it's crucial to explore different paths when a direction is "
337ae3cd,reflexion_mh,MiniHack-River-Narrow-v0,41,117,N,0.0,False,"reflection=The level's layout includes bodies of water or lava that need to be navigated around, and it's crucial to explore different paths when a direction is "
337ae3cd,reflexion_mh,MiniHack-River-Narrow-v0,41,118,S,0.0,False,"reflection=The level's layout includes bodies of water or lava that need to be navigated around, and it's crucial to explore different paths when a direction is "
337ae3cd,reflexion_mh,MiniHack-River-Narrow-v0,41,119,SE,-0.01,False,"reflection=The level's layout includes bodies of water or lava that need to be navigated around, and it's crucial to explore different paths when a direction is "
337ae3cd,reflexion_mh,MiniHack-River-Narrow-v0,42,0,E,0.0,False,"reflection=The level seems to have a body of water or lava to the east and possibly to the south, given the } symbols. My goal is to find the downstairs, usually"
337ae3cd,reflexion_mh,MiniHack-River-Narrow-v0,42,1,E,0.0,False,"reflection=The level has a significant body of water or lava to the east and possibly to the south, and exploring east may provide more insights into the level's"
337ae3cd,reflexion_mh,MiniHack-River-Narrow-v0,42,2,N,0.0,False,"reflection=The level's layout suggests that exploring north or south might provide a clearer path or more information about the location of the downstairs, given"
337ae3cd,reflexion_mh,MiniHack-River-Narrow-v0,42,3,N,0.0,False,"reflection=The level's layout suggests that exploring north or south might provide a clearer path or more information about the location of the downstairs, and s"
337ae3cd,reflexion_mh,MiniHack-River-Narrow-v0,42,4,N,-0.01,False,"reflection=The level's layout suggests that exploring north or south might provide a clearer path or more information about the location of the downstairs, and s"
337ae3cd,reflexion_mh,MiniHack-River-Narrow-v0,42,5,S,0.0,False,"reflection=The level's layout suggests that exploring south might provide a clearer path or more information about the location of the downstairs, and it's neces"
337ae3cd,reflexion_mh,MiniHack-River-Narrow-v0,42,6,S,0.0,False,"reflection=The level's layout suggests that exploring south might provide a clearer path or more information about the location of the downstairs, but it's also "
337ae3cd,reflexion_mh,MiniHack-River-Narrow-v0,42,7,E,0.0,False,"reflection=The level's layout suggests that exploring in different directions is necessary to understand the full map, and since moving east doesn't result in hi"
337ae3cd,reflexion_mh,MiniHack-River-Narrow-v0,42,8,E,0.0,False,"reflection=The level's layout suggests that exploring in different directions is necessary to understand the full map, and moving east continues to be a viable o"
337ae3cd,reflexion_mh,MiniHack-River-Narrow-v0,42,9,E,0.0,False,"reflection=The level's layout suggests that exploring in different directions is necessary to understand the full map, and moving east continues to be a viable o"
337ae3cd,reflexion_mh,MiniHack-River-Narrow-v0,42,10,E,0.0,False,"reflection=The level's layout suggests that exploring in different directions is necessary to understand the full map, and moving east continues to be a viable o"
337ae3cd,reflexion_mh,MiniHack-River-Narrow-v0,42,11,E,0.0,False,"reflection=The level's layout suggests that exploring in different directions is necessary to understand the full map, and moving east continues to be a viable o"
337ae3cd,reflexion_mh,MiniHack-River-Narrow-v0,42,12,E,0.0,False,"reflection=The level's layout suggests that exploring in different directions is necessary to understand the full map, and moving east continues to be a viable o"
337ae3cd,reflexion_mh,MiniHack-River-Narrow-v0,42,13,E,0.0,False,"reflection=The level's layout suggests that exploring in different directions is necessary to understand the full map, and moving east continues to be a viable o"
337ae3cd,reflexion_mh,MiniHack-River-Narrow-v0,42,14,E,0.0,False,"reflection=The level's layout suggests that exploring in different directions is necessary to understand the full map, and moving east continues to be a viable o"
337ae3cd,reflexion_mh,MiniHack-River-Narrow-v0,42,15,E,0.0,False,reflection=The level's layout suggests that exploring in different directions is necessary to understand the full map. Moving east continues to be a viable optio
337ae3cd,reflexion_mh,MiniHack-River-Narrow-v0,42,16,E,0.0,False,reflection=The level's layout suggests that exploring in different directions is necessary to understand the full map. Moving east continues to be a viable optio
337ae3cd,reflexion_mh,MiniHack-River-Narrow-v0,42,17,N,0.0,False,reflection=The level's layout suggests that exploring in different directions is necessary to understand the full map. Moving east continues to be a viable optio
337ae3cd,reflexion_mh,MiniHack-River-Narrow-v0,42,18,E,0.0,False,"reflection=The level's layout suggests that exploring in different directions is necessary to understand the full map, and moving east continues to be a viable o"
337ae3cd,reflexion_mh,MiniHack-River-Narrow-v0,42,19,E,0.0,False,"reflection=The level's layout suggests that exploring in different directions is necessary to understand the full map, and moving east continues to be a viable o"
337ae3cd,reflexion_mh,MiniHack-River-Narrow-v0,42,20,E,0.0,False,"reflection=The level's layout suggests that exploring in different directions is necessary to understand the full map, and moving east continues to be a viable o"
337ae3cd,reflexion_mh,MiniHack-River-Narrow-v0,42,21,E,0.0,False,"reflection=The level's layout suggests that exploring in different directions is necessary to understand the full map, and moving east continues to be a viable o"
337ae3cd,reflexion_mh,MiniHack-River-Narrow-v0,42,22,E,0.0,False,"reflection=The level's layout suggests that exploring in different directions is necessary to understand the full map, and moving east continues to be a viable o"
337ae3cd,reflexion_mh,MiniHack-River-Narrow-v0,42,23,E,0.0,False,"reflection=The level's layout continues to suggest that exploring east is a good strategy for discovery, and it's also important to be prepared for potential cha"
337ae3cd,reflexion_mh,MiniHack-River-Narrow-v0,42,24,E,0.0,False,"reflection=The level's layout continues to suggest that exploring east is a good strategy for discovery, and it's also important to be prepared for potential cha"
337ae3cd,reflexion_mh,MiniHack-River-Narrow-v0,42,25,E,0.0,False,"reflection=The level's layout continues to suggest that exploring east is a viable strategy for discovery. No walls have been encountered to the east, and the pr"
337ae3cd,reflexion_mh,MiniHack-River-Narrow-v0,42,26,E,0.0,False,reflection=The level's layout continues to suggest that exploring east is a viable strategy for discovery. The absence of walls to the east and the presence of l
337ae3cd,reflexion_mh,MiniHack-River-Narrow-v0,42,27,E,0.0,False,reflection=The level's layout continues to suggest that exploring east is a viable strategy for discovery. The absence of walls to the east and the presence of l
337ae3cd,reflexion_mh,MiniHack-River-Narrow-v0,42,28,E,0.0,False,"reflection=The level's layout continues to support the strategy of exploring east, with no encountered creatures or hazards that would necessitate a change in di"
337ae3cd,reflexion_mh,MiniHack-River-Narrow-v0,42,29,S,0.0,False,"reflection=The level's eastern boundary is now known, indicating a need to explore other directions. Moving south could reveal new paths, creatures, or the level"
337ae3cd,reflexion_mh,MiniHack-River-Narrow-v0,42,30,S,0.0,False,"reflection=The level's eastern boundary is solid, suggesting a focus on southern exploration to uncover potential paths, creatures, or the downstairs staircase, "
337ae3cd,reflexion_mh,MiniHack-River-Narrow-v0,42,31,W,0.0,False,"reflection=The level's eastern boundary is solid, and initial southern exploration has not revealed significant features; western exploration may uncover new pat"
337ae3cd,reflexion_mh,MiniHack-River-Narrow-v0,42,32,W,0.0,False,"reflection=The level's eastern boundary is solid, initial southern exploration was uneventful, and now western exploration is the next step to uncover new featur"
337ae3cd,reflexion_mh,MiniHack-River-Narrow-v0,42,33,W,0.0,False,"reflection=The level's eastern boundary is solid, initial southern exploration was uneventful, and western exploration has just begun, aiming to expand the known"
337ae3cd,reflexion_mh,MiniHack-River-Narrow-v0,42,34,W,0.0,False,"reflection=The level's eastern boundary is solid, initial southern exploration was uneventful, western exploration is underway, and the agent is aiming to find t"
337ae3cd,reflexion_mh,MiniHack-River-Narrow-v0,42,35,W,0.0,False,"reflection=The level's eastern boundary is solid, initial southern exploration was uneventful, western exploration is underway and has not yet hit a boundary, ai"
337ae3cd,reflexion_mh,MiniHack-River-Narrow-v0,42,36,W,0.0,False,"reflection=The level's western exploration continues without hitting a boundary, suggesting the level might be larger in this direction than initially thought, o"
337ae3cd,reflexion_mh,MiniHack-River-Narrow-v0,42,37,W,0.0,False,"reflection=The level's western exploration continues without hitting a boundary, suggesting the level might be larger in this direction than initially thought, o"
337ae3cd,reflexion_mh,MiniHack-River-Narrow-v0,42,38,W,0.0,False,"reflection=The level's western exploration continues without hitting a boundary, suggesting the level might be larger in this direction than initially thought, o"
337ae3cd,reflexion_mh,MiniHack-River-Narrow-v0,42,39,W,0.0,False,"reflection=The level's western exploration continues without hitting a boundary, suggesting the level might be larger in this direction than initially thought, o"
337ae3cd,reflexion_mh,MiniHack-River-Narrow-v0,42,40,W,0.0,False,"reflection=The level's western exploration continues without hitting a boundary, suggesting the level might be larger in this direction than initially thought, o"
337ae3cd,reflexion_mh,MiniHack-River-Narrow-v0,42,41,W,0.0,False,"reflection=The level's western boundary has not been found after several steps, suggesting it might be significantly large or have a unique feature in this direc"
337ae3cd,reflexion_mh,MiniHack-River-Narrow-v0,42,42,W,0.0,False,"reflection=The level's western boundary remains unknown, suggesting a potentially large or uniquely featured area in this direction. No walls have been encounter"
337ae3cd,reflexion_mh,MiniHack-River-Narrow-v0,42,43,W,0.0,False,"reflection=The level's western boundary remains unknown and potentially large, with no walls encountered after multiple steps west from the starting position."
337ae3cd,reflexion_mh,MiniHack-River-Narrow-v0,42,44,N,0.0,False,"reflection=The level's western boundary remains unknown and potentially large. The northern, eastern, and southern boundaries are also unknown and need to be exp"
337ae3cd,reflexion_mh,MiniHack-River-Narrow-v0,42,45,N,0.0,False,"reflection=The level's western boundary remains unknown and potentially large. The northern boundary will be explored next, while the eastern and southern bounda"
337ae3cd,reflexion_mh,MiniHack-River-Narrow-v0,42,46,N,-0.01,False,"reflection=The level's western boundary remains unknown and potentially large. The northern boundary is being explored, and the eastern and southern boundaries a"
337ae3cd,reflexion_mh,MiniHack-River-Narrow-v0,42,47,N,-0.01,False,"reflection=The level's northern boundary is still being explored, and no walls have been encountered from the current position in this direction. The eastern, we"
337ae3cd,reflexion_mh,MiniHack-River-Narrow-v0,42,48,E,0.0,False,"reflection=The level's northern boundary is solid stone from the current position, and no walls have been encountered from this position in other directions yet."
337ae3cd,reflexion_mh,MiniHack-River-Narrow-v0,42,49,E,0.0,False,"reflection=The level's northern boundary is solid stone, and no walls have been encountered in other directions yet. The eastern boundary remains largely unexplo"
337ae3cd,reflexion_mh,MiniHack-River-Narrow-v0,42,50,E,0.0,False,"reflection=The level's northern boundary is solid stone, and no walls have been encountered in other directions yet. The eastern boundary remains largely unexplo"
337ae3cd,reflexion_mh,MiniHack-River-Narrow-v0,42,51,E,0.0,False,"reflection=The level's northern boundary is solid stone, and no walls have been encountered in other directions yet. The eastern boundary remains largely unexplo"
337ae3cd,reflexion_mh,MiniHack-River-Narrow-v0,42,52,W,0.0,False,"reflection=The level's northern boundary is solid stone, the eastern boundary contains lava or water, and the western and southern boundaries are still largely u"
337ae3cd,reflexion_mh,MiniHack-River-Narrow-v0,42,53,W,0.0,False,"reflection=The level's northern boundary is solid stone, the eastern boundary contains lava or water, and the western boundary is being explored with potential f"
337ae3cd,reflexion_mh,MiniHack-River-Narrow-v0,42,54,S,0.0,False,"reflection=The level's northern boundary is solid stone, the eastern boundary contains lava or water, and the western boundary is being explored with potential f"
337ae3cd,reflexion_mh,MiniHack-River-Narrow-v0,42,55,S,0.0,False,"reflection=The level's northern boundary is solid stone, the eastern boundary contains lava or water, and the western boundary is being explored with potential f"
337ae3cd,reflexion_mh,MiniHack-River-Narrow-v0,42,56,S,0.0,False,"reflection=The level's northern boundary is solid stone, the eastern boundary contains lava or water, and exploring south and west may lead to the downstairs or "
337ae3cd,reflexion_mh,MiniHack-River-Narrow-v0,42,57,S,0.0,False,"reflection=The level's northern boundary is solid stone, the eastern boundary contains lava or water, and exploring south and west may lead to the downstairs or "
337ae3cd,reflexion_mh,MiniHack-River-Narrow-v0,42,58,S,0.0,False,"reflection=The level's northern boundary is solid stone, the eastern boundary contains lava or water, and exploring south has revealed more of the level's struct"
337ae3cd,reflexion_mh,MiniHack-River-Narrow-v0,42,59,S,0.0,False,"reflection=The level's northern boundary is solid stone, the eastern boundary contains lava or water, and exploring south has revealed more of the level's struct"
337ae3cd,reflexion_mh,MiniHack-River-Narrow-v0,42,60,S,-0.01,False,"reflection=The level's northern boundary is solid stone, the eastern boundary contains lava or water, and exploring south has revealed more of the level's struct"
337ae3cd,reflexion_mh,MiniHack-River-Narrow-v0,42,61,S,-0.01,False,"reflection=The level's northern boundary is solid stone, the eastern boundary contains lava or water, and exploring south has revealed more of the level's struct"
337ae3cd,reflexion_mh,MiniHack-River-Narrow-v0,42,62,W,0.0,False,"reflection=The level's northern boundary is solid stone, the eastern boundary contains lava or water, and exploring south has revealed more of the level's struct"
337ae3cd,reflexion_mh,MiniHack-River-Narrow-v0,42,63,W,0.0,False,"reflection=The level's northern boundary is solid stone, the eastern boundary contains lava or water, the southern boundary has been reached, and exploring west "
337ae3cd,reflexion_mh,MiniHack-River-Narrow-v0,42,64,W,0.0,False,"reflection=The level's northern boundary is solid stone, the eastern boundary contains lava or water, the southern boundary has been reached, and exploring west "
337ae3cd,reflexion_mh,MiniHack-River-Narrow-v0,42,65,W,0.0,False,"reflection=The level's northern boundary is solid stone, the eastern boundary contains lava or water, the southern boundary has been reached, and exploring west "
337ae3cd,reflexion_mh,MiniHack-River-Narrow-v0,42,66,W,0.0,False,"reflection=The level's western boundary has not been reached yet, and exploring west is still the current direction of exploration to find the downstairs or othe"
337ae3cd,reflexion_mh,MiniHack-River-Narrow-v0,42,67,W,0.0,False,"reflection=The level's western boundary has not been reached yet, and exploring west is still the current direction of exploration to find the downstairs or othe"
337ae3cd,reflexion_mh,MiniHack-River-Narrow-v0,42,68,W,-0.01,False,"reflection=The level's western boundary has not been reached yet, and exploring west is still the current direction of exploration to find the downstairs or othe"
337ae3cd,reflexion_mh,MiniHack-River-Narrow-v0,42,69,W,-0.01,False,"reflection=The level's western boundary has still not been reached, and exploring west remains the current direction of exploration. The current position is now "
337ae3cd,reflexion_mh,MiniHack-River-Narrow-v0,42,70,E,0.0,False,"reflection=The western boundary of the level has been reached, and further exploration should focus on other directions. The current position is at the western e"
337ae3cd,reflexion_mh,MiniHack-River-Narrow-v0,42,71,E,0.0,False,"reflection=The level's western edge has been mapped, and now exploration should focus on the eastern, northern, and southern directions to uncover more of the le"
337ae3cd,reflexion_mh,MiniHack-River-Narrow-v0,42,72,E,0.0,False,"reflection=The level's western edge is mapped, and initial eastern exploration has begun. Next steps should focus on continuing east, then considering northern a"
337ae3cd,reflexion_mh,MiniHack-River-Narrow-v0,42,73,E,0.0,False,"reflection=The level's eastern edge is still unmapped, and continuing east may reveal the staircase or other important locations, such as treasure, shops, or alt"
337ae3cd,reflexion_mh,MiniHack-River-Narrow-v0,42,74,E,0.0,False,"reflection=The level's eastern edge is still unmapped, and continuing east may reveal the staircase or other important locations, such as treasure, shops, or alt"
337ae3cd,reflexion_mh,MiniHack-River-Narrow-v0,42,75,E,0.0,False,"reflection=The level's eastern edge remains unmapped, and continuing east may reveal crucial elements; the absence of walls from the current position suggests a "
337ae3cd,reflexion_mh,MiniHack-River-Narrow-v0,42,76,E,0.0,False,"reflection=The level's openness to the east suggests a larger area to explore, potentially with more items, monsters, or the staircase. Continuing east will help"
337ae3cd,reflexion_mh,MiniHack-River-Narrow-v0,42,77,E,0.0,False,"reflection=The level's openness to the east suggests a larger area to explore, potentially with more items, monsters, or the staircase. The consistent floor patt"
337ae3cd,reflexion_mh,MiniHack-River-Narrow-v0,42,78,E,0.0,False,"reflection=The level's openness to the east suggests a larger area to explore, potentially with more items, monsters, or the staircase. Continuing east may revea"
337ae3cd,reflexion_mh,MiniHack-River-Narrow-v0,42,79,E,0.0,False,"reflection=The level's openness to the east suggests a larger area to explore, potentially with more items, monsters, or the staircase. The consistent success of"
337ae3cd,reflexion_mh,MiniHack-River-Narrow-v0,42,80,E,0.0,False,"reflection=The level's openness to the east may indicate a larger area to explore with potential discoveries, and consistent movement in this direction has yield"
337ae3cd,reflexion_mh,MiniHack-River-Narrow-v0,42,81,E,0.0,False,"reflection=The level's openness to the east may indicate a larger area to explore with potential discoveries, and consistent movement in this direction has yield"
337ae3cd,reflexion_mh,MiniHack-River-Narrow-v0,42,82,E,0.0,False,"reflection=The level's openness to the east continues to provide new areas for exploration, suggesting that this direction may lead to significant discoveries or"
337ae3cd,reflexion_mh,MiniHack-River-Narrow-v0,42,83,E,0.0,False,"reflection=The level's openness to the east continues to provide new areas for exploration, suggesting that this direction may lead to significant discoveries or"
337ae3cd,reflexion_mh,MiniHack-River-Narrow-v0,42,84,E,0.0,False,"reflection=The consistent openness to the east suggests a potential lack of natural boundaries or obstacles in this direction, which could imply that the level's"
337ae3cd,reflexion_mh,MiniHack-River-Narrow-v0,42,85,E,0.0,False,"reflection=The level's design appears to encourage eastward exploration, suggesting that important features or paths may be located in this direction, and it's n"
337ae3cd,reflexion_mh,MiniHack-River-Narrow-v0,42,86,E,0.0,False,"reflection=The level's design appears to encourage eastward exploration, suggesting that important features or paths may be located in this direction, and it's n"
337ae3cd,reflexion_mh,MiniHack-River-Narrow-v0,42,87,E,0.0,False,"reflection=The level's eastern path remains clear of obstacles, reinforcing the idea that important features are likely located in this direction, and it's neces"
337ae3cd,reflexion_mh,MiniHack-River-Narrow-v0,42,88,E,0.0,False,"reflection=The level's eastern path remains clear of obstacles, reinforcing the idea that important features are likely located in this direction, and it's neces"
337ae3cd,reflexion_mh,MiniHack-River-Narrow-v0,42,89,N,0.0,False,"reflection=The level's eastern path is bounded by a wall, indicating that further exploration should focus on other directions to uncover potential paths or feat"
337ae3cd,reflexion_mh,MiniHack-River-Narrow-v0,42,90,N,0.0,False,"reflection=The level's eastern path is bounded by a wall, indicating that further exploration should focus on other directions to uncover potential paths or feat"
337ae3cd,reflexion_mh,MiniHack-River-Narrow-v0,42,91,N,0.0,False,"reflection=The level's eastern boundary suggests that exploration should prioritize north, south, and west directions to uncover potential paths or features. Env"
337ae3cd,reflexion_mh,MiniHack-River-Narrow-v0,42,92,N,0.0,False,"reflection=The level's layout suggests that there might be more open space to the north, south, or west, which could contain important items, stairs, or other fe"
337ae3cd,reflexion_mh,MiniHack-River-Narrow-v0,42,93,W,0.0,False,"reflection=The level's layout suggests that there might be more open space to the north, south, or west, which could contain important items, stairs, or other fe"
337ae3cd,reflexion_mh,MiniHack-River-Narrow-v0,42,94,W,0.0,False,"reflection=The level's layout suggests a potential for more open space or features to the west, which could be crucial for finding the downstairs or other import"
337ae3cd,reflexion_mh,MiniHack-River-Narrow-v0,42,95,W,0.0,False,"reflection=The level's western area remains unexplored and could contain crucial elements for progression, such as the downstairs or useful items."
337ae3cd,reflexion_mh,MiniHack-River-Narrow-v0,42,96,W,0.0,False,"reflection=The level's western area remains unexplored and could contain crucial elements for progression, such as the downstairs or useful items. The current po"
337ae3cd,reflexion_mh,MiniHack-River-Narrow-v0,42,97,W,0.0,False,"reflection=The level's western area remains a priority for exploration, and each step taken without encountering obstacles or dangers increases the likelihood of"
337ae3cd,reflexion_mh,MiniHack-River-Narrow-v0,42,98,W,0.0,False,"reflection=The level's western area remains a priority for exploration, and each step taken without encountering obstacles or dangers increases the likelihood of"
337ae3cd,reflexion_mh,MiniHack-River-Narrow-v0,42,99,W,0.0,False,"reflection=The level's western area remains open and free of immediate dangers, suggesting that further westward exploration could yield valuable discoveries."
337ae3cd,reflexion_mh,MiniHack-River-Narrow-v0,42,100,W,0.0,False,"reflection=The level's western area remains open and free of immediate dangers, and it might be worthwhile to explore the northern part of this area as well."
337ae3cd,reflexion_mh,MiniHack-River-Narrow-v0,42,101,N,0.0,False,"reflection=The level's western and possibly northern areas are open and free of immediate dangers, which could provide a safe path or useful items."
337ae3cd,reflexion_mh,MiniHack-River-Narrow-v0,42,102,E,0.0,False,"reflection=The level's western area is open, but the eastern side is still unexplored and could potentially contain the downstairs or other important features."
337ae3cd,reflexion_mh,MiniHack-River-Narrow-v0,42,103,E,0.0,False,"reflection=The level's eastern area is still unexplored and could contain the downstairs or other important features, and moving east from the current position m"
337ae3cd,reflexion_mh,MiniHack-River-Narrow-v0,42,104,E,0.0,False,"reflection=The level's eastern area is still unexplored and could contain the downstairs or other important features, and moving east from the current position m"
337ae3cd,reflexion_mh,MiniHack-River-Narrow-v0,42,105,E,0.0,False,reflection=The level's eastern area is still unexplored and could contain the downstairs or other important features. Moving east from the current position may r
337ae3cd,reflexion_mh,MiniHack-River-Narrow-v0,42,106,E,0.0,False,reflection=The level's eastern area is still unexplored and could contain the downstairs or other important features. Moving east from the current position may r
337ae3cd,reflexion_mh,MiniHack-River-Narrow-v0,42,107,E,0.0,False,"reflection=The level's eastern area is still largely unexplored, and moving east from the current position may reveal the downstairs, other important features, o"
337ae3cd,reflexion_mh,MiniHack-River-Narrow-v0,42,108,E,0.0,False,"reflection=The level's eastern area remains unexplored, and moving east is necessary to discover significant features or obstacles. The lack of walls in the east"
337ae3cd,reflexion_mh,MiniHack-River-Narrow-v0,42,109,E,0.0,False,"reflection=The level's eastern area is still unexplored, and moving east may reveal significant features, obstacles, or the staircase to the next level. The curr"
337ae3cd,reflexion_mh,MiniHack-River-Narrow-v0,42,110,E,0.0,False,"reflection=The level's eastern area is now accessible after creating a crossing point by pushing the boulder into the water, suggesting that overcoming obstacles"
337ae3cd,reflexion_mh,MiniHack-River-Narrow-v0,42,111,N,0.0,False,"reflection=The level's layout suggests that creating pathways by manipulating objects can lead to new areas, and exploring in different directions can reveal hid"
337ae3cd,reflexion_mh,MiniHack-River-Narrow-v0,42,112,N,0.0,False,"reflection=The level's layout suggests that creating pathways by manipulating objects can lead to new areas, and exploring in different directions can reveal hid"
337ae3cd,reflexion_mh,MiniHack-River-Narrow-v0,42,113,E,0.0,False,"reflection=The level's layout suggests that creating pathways by manipulating objects can lead to new areas, and exploring in different directions can reveal hid"
337ae3cd,reflexion_mh,MiniHack-River-Narrow-v0,42,114,N,0.0,False,"reflection=The level's layout suggests that creating pathways by manipulating objects can lead to new areas, and exploring in different directions can reveal hid"
337ae3cd,reflexion_mh,MiniHack-River-Narrow-v0,42,115,E,0.0,False,"reflection=The level's layout suggests that creating pathways by manipulating objects can lead to new areas, and exploring in different directions can reveal hid"
337ae3cd,reflexion_mh,MiniHack-River-Narrow-v0,42,116,NW,-0.01,False,"reflection=The level's layout suggests that creating pathways by manipulating objects can lead to new areas, and exploring in different directions can reveal hid"
337ae3cd,reflexion_mh,MiniHack-River-Narrow-v0,42,117,S,0.0,False,"reflection=The level's layout suggests that creating pathways by manipulating objects can lead to new areas, and exploring in different directions can reveal hid"
337ae3cd,reflexion_mh,MiniHack-River-Narrow-v0,42,118,S,0.0,False,"reflection=The level's layout suggests that creating pathways by manipulating objects can lead to new areas, and exploring in different directions can reveal hid"
337ae3cd,reflexion_mh,MiniHack-River-Narrow-v0,42,119,S,0.0,False,"reflection=The level's layout suggests that creating pathways by manipulating objects can lead to new areas, and exploring in different directions can reveal hid"
337ae3cd,reflexion_mh,MiniHack-River-Narrow-v0,43,0,E,0.0,False,"reflection=The level appears to have a body of water or lava to the east, which could be a potential obstacle or hazard. I should be cautious when approaching it"
337ae3cd,reflexion_mh,MiniHack-River-Narrow-v0,43,1,W,0.0,False,"reflection=The level appears to have a body of water or lava to the east, which could be a potential obstacle or hazard. I should be cautious when approaching it"
337ae3cd,reflexion_mh,MiniHack-River-Narrow-v0,43,2,N,0.0,False,"reflection=The level appears to have a body of water or lava to the east, which could be a potential obstacle or hazard. I should be cautious when approaching it"
337ae3cd,reflexion_mh,MiniHack-River-Narrow-v0,43,3,N,0.0,False,"reflection=The level appears to have a body of water or lava to the east, which could be a potential obstacle or hazard. Moving west seems to be a safe direction"
337ae3cd,reflexion_mh,MiniHack-River-Narrow-v0,43,4,N,0.0,False,"reflection=The level appears to have a body of water or lava to the east, which could be a potential obstacle or hazard. Moving west seems to be a safe direction"
337ae3cd,reflexion_mh,MiniHack-River-Narrow-v0,43,5,N,-0.01,False,reflection=The level's north direction remains open for further exploration. The presence of water or lava to the east is a significant obstacle that should be a
337ae3cd,reflexion_mh,MiniHack-River-Narrow-v0,43,6,N,-0.01,False,reflection=The level's north direction remains open for further exploration. The presence of water or lava to the east is a significant obstacle that should be a
337ae3cd,reflexion_mh,MiniHack-River-Narrow-v0,43,7,S,0.0,False,"reflection=The level's north direction is blocked by a wall, and the east contains a significant obstacle. Exploring south may reveal new paths, items, or danger"
337ae3cd,reflexion_mh,MiniHack-River-Narrow-v0,43,8,S,0.0,False,"reflection=The level's layout suggests that southward exploration could lead to discoveries of items, stairs, or other important features. The presence of lava o"
337ae3cd,reflexion_mh,MiniHack-River-Narrow-v0,43,9,S,0.0,False,"reflection=The level's layout suggests that southward exploration could lead to discoveries of items, stairs, or other important features. The presence of lava o"
337ae3cd,reflexion_mh,MiniHack-River-Narrow-v0,43,10,S,0.0,False,"reflection=The level's layout suggests that southward exploration could lead to discoveries of items, stairs, or other important features. The presence of lava o"
337ae3cd,reflexion_mh,MiniHack-River-Narrow-v0,43,11,S,0.0,False,"reflection=The level's layout suggests that southward exploration could lead to discoveries of items, stairs, or other important features. The presence of lava o"
337ae3cd,reflexion_mh,MiniHack-River-Narrow-v0,43,12,S,0.0,False,"reflection=The level's layout suggests that southward exploration could lead to discoveries of items, stairs, or other important features. The presence of lava o"
337ae3cd,reflexion_mh,MiniHack-River-Narrow-v0,43,13,S,-0.01,False,"reflection=The level's layout suggests that southward exploration could lead to discoveries of items, stairs, or other important features. The presence of lava o"
337ae3cd,reflexion_mh,MiniHack-River-Narrow-v0,43,14,S,-0.01,False,"reflection=The level's layout suggests that southward exploration could lead to discoveries of items, stairs, or other important features. The presence of lava o"
337ae3cd,reflexion_mh,MiniHack-River-Narrow-v0,43,15,W,0.0,False,"reflection=The level's solid stone wall to the south limits direct southern progression, indicating a need to explore laterally or diagonally to uncover more of "
337ae3cd,reflexion_mh,MiniHack-River-Narrow-v0,43,16,E,0.0,False,"reflection=The level's solid stone wall to the south limits direct southern progression, indicating a need to explore laterally or diagonally to uncover more of "
337ae3cd,reflexion_mh,MiniHack-River-Narrow-v0,43,17,E,0.0,False,"reflection=The level's solid stone wall to the south limits direct southern progression, indicating a need to explore laterally or diagonally. Initial observatio"
337ae3cd,reflexion_mh,MiniHack-River-Narrow-v0,43,18,N,0.0,False,"reflection=The level's solid stone wall to the south limits direct southern progression, and initial observations suggest the presence of water or lava to the ea"
337ae3cd,reflexion_mh,MiniHack-River-Narrow-v0,43,19,N,0.0,False,"reflection=The level's layout suggests that northward exploration may yield more accessible paths or items, and it's crucial to avoid the lava or water to the ea"
337ae3cd,reflexion_mh,MiniHack-River-Narrow-v0,43,20,N,0.0,False,"reflection=The level's layout suggests that northward exploration may yield more accessible paths or items, and it's crucial to avoid the lava or water to the ea"
337ae3cd,reflexion_mh,MiniHack-River-Narrow-v0,43,21,N,0.0,False,"reflection=The level's layout suggests that northward exploration may yield more accessible paths or items, and it's crucial to avoid the lava or water to the ea"
337ae3cd,reflexion_mh,MiniHack-River-Narrow-v0,43,22,N,0.0,False,"reflection=The level's layout suggests that northward exploration may yield more accessible paths or items, and it's crucial to avoid the lava or water to the ea"
337ae3cd,reflexion_mh,MiniHack-River-Narrow-v0,43,23,N,0.0,False,"reflection=The level's layout suggests that northward exploration may yield more accessible paths or items, and it's crucial to avoid the lava or water to the ea"
337ae3cd,reflexion_mh,MiniHack-River-Narrow-v0,43,24,N,-0.01,False,"reflection=The level's northward path remains a priority for exploration. Continuing in this direction may reveal stairs, items, or other important features. The"
337ae3cd,reflexion_mh,MiniHack-River-Narrow-v0,43,25,N,-0.01,False,reflection=The level's northward path remains a priority for exploration. The absence of hitting a wall from this spot suggests that northward movement is still 
337ae3cd,reflexion_mh,MiniHack-River-Narrow-v0,43,26,E,0.0,False,"reflection=The level's northward path is blocked, so I need to explore other directions to find a way forward or downward, and I should be cautious of the lava o"
337ae3cd,reflexion_mh,MiniHack-River-Narrow-v0,43,27,S,0.0,False,"reflection=The level's northward path is blocked, and moving east leads to lava or water, so I need to explore southward and possibly westward to find a way forw"
337ae3cd,reflexion_mh,MiniHack-River-Narrow-v0,43,28,S,0.0,False,"reflection=The level's northward path is blocked, and moving east leads to lava or water, so I need to explore southward and possibly westward to find a way forw"
337ae3cd,reflexion_mh,MiniHack-River-Narrow-v0,43,29,S,0.0,False,"reflection=The level's northward path is blocked, and moving east leads to lava or water, so I need to explore southward and possibly westward to find a way forw"
337ae3cd,reflexion_mh,MiniHack-River-Narrow-v0,43,30,S,0.0,False,"reflection=The level's northward path is blocked, and moving east leads to lava or water, so I need to explore southward and possibly westward to find a way forw"
337ae3cd,reflexion_mh,MiniHack-River-Narrow-v0,43,31,S,0.0,False,"reflection=The level's northward path is blocked, and moving east leads to lava or water, so I need to explore southward and possibly westward to find a way forw"
337ae3cd,reflexion_mh,MiniHack-River-Narrow-v0,43,32,S,-0.01,False,"reflection=The level's southward path remains unexplored beyond my current position, and I have not found any downward stairs or alternative paths yet. I will co"
337ae3cd,reflexion_mh,MiniHack-River-Narrow-v0,43,33,S,-0.01,False,"reflection=The level's southward path beyond my current position is still unexplored, and I need to keep moving to gather more information about potential stairs"
337ae3cd,reflexion_mh,MiniHack-River-Narrow-v0,43,34,E,0.0,False,"reflection=The level's southward path is blocked, so I need to explore eastward or westward to find potential stairs, items, or alternative paths."
337ae3cd,reflexion_mh,MiniHack-River-Narrow-v0,43,35,W,0.0,False,"reflection=The level's southward path is blocked, and initial eastward exploration did not reveal stairs or items, so westward exploration is the next step."
337ae3cd,reflexion_mh,MiniHack-River-Narrow-v0,43,36,W,0.0,False,"reflection=The level's southward path is blocked, initial eastward exploration was unfruitful, and now westward exploration is the next step to potentially find "
337ae3cd,reflexion_mh,MiniHack-River-Narrow-v0,43,37,W,0.0,False,"reflection=The level's southward path is blocked, initial eastward exploration was unfruitful, and now westward exploration is the next step to potentially find "
337ae3cd,reflexion_mh,MiniHack-River-Narrow-v0,43,38,W,0.0,False,"reflection=The level's southward path is blocked, initial eastward exploration was unfruitful, and now westward exploration is the next step to potentially find "
337ae3cd,reflexion_mh,MiniHack-River-Narrow-v0,43,39,W,0.0,False,"reflection=The level's southward path is blocked, initial eastward exploration was unfruitful, and westward exploration is ongoing to find stairs or items, with "
337ae3cd,reflexion_mh,MiniHack-River-Narrow-v0,43,40,W,0.0,False,"reflection=The level's westward area remains largely unexplored, and it's necessary to proceed with caution to uncover potential items, stairs, or other features"
337ae3cd,reflexion_mh,MiniHack-River-Narrow-v0,43,41,W,0.0,False,"reflection=The level's westward area remains largely unexplored, and proceeding with caution is necessary to uncover potential items, stairs, or other features w"
337ae3cd,reflexion_mh,MiniHack-River-Narrow-v0,43,42,W,0.0,False,"reflection=The level's westward area is more extensive than initially thought, with at least 8 steps without encountering a wall or stairs, indicating a potentia"
337ae3cd,reflexion_mh,MiniHack-River-Narrow-v0,43,43,W,0.0,False,"reflection=The level's westward area is even more extensive than previously thought, with potential for more floor space or features, and it might be worthwhile "
337ae3cd,reflexion_mh,MiniHack-River-Narrow-v0,43,44,W,0.0,False,"reflection=The level's westward area continues to be open, suggesting a large room or a long corridor in this direction, which may contain important items or sta"
337ae3cd,reflexion_mh,MiniHack-River-Narrow-v0,43,45,W,0.0,False,"reflection=The level's westward area continues to be open, suggesting a large room or a long corridor in this direction, which may contain important items or sta"
337ae3cd,reflexion_mh,MiniHack-River-Narrow-v0,43,46,W,0.0,False,"reflection=The level's westward area continues to be open, suggesting a large room or a long corridor in this direction, which may contain important items or sta"
337ae3cd,reflexion_mh,MiniHack-River-Narrow-v0,43,47,W,0.0,False,"reflection=The level's westward area continues to be open, suggesting a large room or a long corridor in this direction, which may contain important items or sta"
337ae3cd,reflexion_mh,MiniHack-River-Narrow-v0,43,48,W,0.0,False,"reflection=The level's westward area continues to be open, suggesting a large room or a long corridor in this direction, which may contain important items or sta"
337ae3cd,reflexion_mh,MiniHack-River-Narrow-v0,43,49,W,0.0,False,"reflection=The level's westward area continues to be open, suggesting a large room or a long corridor in this direction, which may contain important items or sta"
337ae3cd,reflexion_mh,MiniHack-River-Narrow-v0,43,50,W,0.0,False,"reflection=The level's westward area continues to be open, suggesting a large room or a long corridor in this direction, which may contain important items or sta"
337ae3cd,reflexion_mh,MiniHack-River-Narrow-v0,43,51,W,0.0,False,"reflection=The level's westward area is larger than initially thought, and continuing in this direction may lead to discoveries about the level's layout, items, "
337ae3cd,reflexion_mh,MiniHack-River-Narrow-v0,43,52,W,-0.01,False,"reflection=The level's westward area is expansive and warrants further exploration for discoveries and potential loot, and it's also important to keep track of t"
337ae3cd,reflexion_mh,MiniHack-River-Narrow-v0,43,53,W,-0.01,False,"reflection=The level's westward area is expansive and warrants further exploration for discoveries and potential loot, and it's also important to keep track of t"
337ae3cd,reflexion_mh,MiniHack-River-Narrow-v0,43,54,S,-0.01,False,"reflection=The level's westward area is bounded by a wall, so it's necessary to explore other directions to find the downstairs or potential loot."
337ae3cd,reflexion_mh,MiniHack-River-Narrow-v0,43,55,N,0.0,False,"reflection=The level's westward and southern areas are bounded by walls, so it's necessary to explore the northern, eastern, or diagonal directions to find the d"
337ae3cd,reflexion_mh,MiniHack-River-Narrow-v0,43,56,N,0.0,False,"reflection=The level's westward and southern areas are bounded by walls, so it's necessary to explore the northern, eastern, or diagonal directions to find the d"
337ae3cd,reflexion_mh,MiniHack-River-Narrow-v0,43,57,N,0.0,False,"reflection=The level's boundaries are becoming clearer, with walls to the west and south, and the northern area remains to be fully explored for potential loot o"
337ae3cd,reflexion_mh,MiniHack-River-Narrow-v0,43,58,N,0.0,False,"reflection=The level's boundaries are becoming clearer, with walls to the west and south, and the northern area remains to be fully explored for potential loot o"
337ae3cd,reflexion_mh,MiniHack-River-Narrow-v0,43,59,N,0.0,False,"reflection=The level's boundaries are becoming clearer, with walls to the west and south, and the northern area remains to be fully explored for potential loot o"
337ae3cd,reflexion_mh,MiniHack-River-Narrow-v0,43,60,E,0.0,False,"reflection=The level's boundaries are becoming clearer, with walls to the west and south, and the northern area remains to be fully explored for potential loot o"
337ae3cd,reflexion_mh,MiniHack-River-Narrow-v0,43,61,E,0.0,False,"reflection=The level's boundaries are becoming clearer, with walls to the west and south, and the northern area remains to be fully explored for potential loot o"
337ae3cd,reflexion_mh,MiniHack-River-Narrow-v0,43,62,E,0.0,False,"reflection=The level's layout is becoming clearer, with the eastern boundary being explored, which may reveal more about the level's objectives, such as the loca"
337ae3cd,reflexion_mh,MiniHack-River-Narrow-v0,43,63,S,0.0,False,"reflection=The level's eastern part does not contain the downstairs, suggesting that the stairs might be located in another direction, possibly to the south or w"
337ae3cd,reflexion_mh,MiniHack-River-Narrow-v0,43,64,S,0.0,False,"reflection=The level's eastern part is blocked, suggesting the stairs might be to the south or west. The southern area is now being explored."
337ae3cd,reflexion_mh,MiniHack-River-Narrow-v0,43,65,S,0.0,False,"reflection=The level's eastern part is blocked, suggesting the stairs might be to the south or west. The southern area is now being explored, and so far, no stai"
337ae3cd,reflexion_mh,MiniHack-River-Narrow-v0,43,66,W,0.0,False,"reflection=The level's eastern part is blocked, and the southern area is partially explored without stairs, suggesting the stairs might be to the west. The weste"
337ae3cd,reflexion_mh,MiniHack-River-Narrow-v0,43,67,W,0.0,False,"reflection=The level's eastern part is blocked, the southern area is partially explored without stairs, and now the western part of the level is being explored t"
337ae3cd,reflexion_mh,MiniHack-River-Narrow-v0,43,68,W,0.0,False,"reflection=The level's eastern part is blocked, the southern area is partially explored without stairs, and the western part of the level is being explored to fi"
337ae3cd,reflexion_mh,MiniHack-River-Narrow-v0,43,69,N,0.0,False,"reflection=The level's western part continues to be explored for stairs, with a focus on moving north to uncover more of the level's layout or find the downstair"
337ae3cd,reflexion_mh,MiniHack-River-Narrow-v0,43,70,N,0.0,False,"reflection=The level's northern part is still unexplored, and moving north seems to be a viable path for discovery. The presence of lava or water (}) to the east"
337ae3cd,reflexion_mh,MiniHack-River-Narrow-v0,43,71,N,0.0,False,"reflection=The level's northern part is still unexplored, and moving north seems to be a viable path for discovery. The presence of lava or water to the east sug"
337ae3cd,reflexion_mh,MiniHack-River-Narrow-v0,43,72,N,0.0,False,"reflection=The level's northern area remains a priority for exploration to uncover potential items, stairs, or hazards, while the eastern lava or water suggests "
337ae3cd,reflexion_mh,MiniHack-River-Narrow-v0,43,73,N,-0.01,False,"reflection=The level's northern area remains a priority for exploration to uncover potential items, stairs, or hazards. The presence of lava or water to the east"
337ae3cd,reflexion_mh,MiniHack-River-Narrow-v0,43,74,N,-0.01,False,reflection=The level's northern area remains a priority for exploration. The presence of lava or water to the east necessitates careful movement to avoid taking 
337ae3cd,reflexion_mh,MiniHack-River-Narrow-v0,43,75,S,0.0,False,"reflection=The level's northern boundary has been reached, indicating a need to explore sideways or downwards; the eastern lava or water poses a significant risk"
337ae3cd,reflexion_mh,MiniHack-River-Narrow-v0,43,76,W,-0.01,False,"reflection=The level's northern boundary has been reached, indicating a need to explore sideways or downwards; the eastern lava or water poses a significant risk"
337ae3cd,reflexion_mh,MiniHack-River-Narrow-v0,43,77,W,-0.01,False,"reflection=The level's northern boundary has been reached, indicating a need to explore sideways or downwards; the eastern lava or water poses a significant risk"
337ae3cd,reflexion_mh,MiniHack-River-Narrow-v0,43,78,S,0.0,False,"reflection=The level's western boundary has also been partially defined, indicating a need to focus on southern or eastern exploration to progress, with caution "
337ae3cd,reflexion_mh,MiniHack-River-Narrow-v0,43,79,S,0.0,False,"reflection=The level's southern area remains unexplored, and moving south could reveal more floor layout, potentially uncovering stairs, items, or other importan"
337ae3cd,reflexion_mh,MiniHack-River-Narrow-v0,43,80,S,0.0,False,"reflection=The level's southern area is still unexplored, and moving south could reveal stairs, items, or other features, while keeping the eastern lava or water"
337ae3cd,reflexion_mh,MiniHack-River-Narrow-v0,43,81,S,0.0,False,"reflection=The level's southern area is still unexplored, and moving south could reveal stairs, items, or other features. The current position does not have any "
337ae3cd,reflexion_mh,MiniHack-River-Narrow-v0,43,82,S,0.0,False,"reflection=The level's southern area remains unexplored, and moving south may provide more information about the level's layout, potentially revealing stairs, it"
337ae3cd,reflexion_mh,MiniHack-River-Narrow-v0,43,83,S,-0.01,False,"reflection=The level's southern area is still unexplored, and continuing to move south may reveal important elements such as stairs, items, or enemies. The prese"
337ae3cd,reflexion_mh,MiniHack-River-Narrow-v0,43,84,N,0.0,False,"reflection=The level's southern and western areas are bounded by solid stone, indicating a need to explore northward or diagonally to find progression. The easte"
337ae3cd,reflexion_mh,MiniHack-River-Narrow-v0,43,85,N,0.0,False,"reflection=The level's design suggests that progression might require navigating through or finding paths around the lava or water to the east, but initially, mo"
337ae3cd,reflexion_mh,MiniHack-River-Narrow-v0,43,86,N,0.0,False,"reflection=The level's design suggests that progression might require navigating through or finding paths around the lava or water to the east, and moving north "
337ae3cd,reflexion_mh,MiniHack-River-Narrow-v0,43,87,N,0.0,False,"reflection=The level's design suggests that progression might require navigating through or finding paths around the lava or water to the east, and moving north "
337ae3cd,reflexion_mh,MiniHack-River-Narrow-v0,43,88,N,0.0,False,"reflection=The level's design suggests that progression might require navigating through or finding paths around the lava or water to the east, and moving north "
337ae3cd,reflexion_mh,MiniHack-River-Narrow-v0,43,89,N,0.0,False,"reflection=The level's design suggests that navigating through or finding paths around the lava or water to the east is crucial, and the north direction, being p"
337ae3cd,reflexion_mh,MiniHack-River-Narrow-v0,43,90,N,-0.01,False,"reflection=The level's design suggests that navigating through or finding paths around the lava or water to the east is crucial, and the north direction remains "
337ae3cd,reflexion_mh,MiniHack-River-Narrow-v0,43,91,S,0.0,False,"reflection=The level's design suggests that navigating through or finding paths around the lava or water to the east is crucial, and exploring south might reveal"
337ae3cd,reflexion_mh,MiniHack-River-Narrow-v0,43,92,S,0.0,False,"reflection=The level's design suggests that navigating through or finding paths around the lava or water to the east is crucial, and exploring south might reveal"
337ae3cd,reflexion_mh,MiniHack-River-Narrow-v0,43,93,S,0.0,False,"reflection=The level's design suggests that navigating through or finding paths around the lava or water to the east is crucial, and exploring south might reveal"
337ae3cd,reflexion_mh,MiniHack-River-Narrow-v0,43,94,S,0.0,False,"reflection=The level's design suggests that navigating through or finding paths around the lava or water to the east is crucial, and exploring south might reveal"
337ae3cd,reflexion_mh,MiniHack-River-Narrow-v0,43,95,S,0.0,False,"reflection=The level's design suggests that navigating through or finding paths around the lava or water to the east is crucial, and exploring south has not reve"
337ae3cd,reflexion_mh,MiniHack-River-Narrow-v0,43,96,S,0.0,False,"reflection=The level's design suggests that navigating through or finding paths around the lava or water to the east is crucial, and exploring south has not reve"
337ae3cd,reflexion_mh,MiniHack-River-Narrow-v0,43,97,S,-0.01,False,"reflection=The level's design suggests that navigating through or finding paths around the lava or water to the east is crucial, and exploring south has not reve"
337ae3cd,reflexion_mh,MiniHack-River-Narrow-v0,43,98,NE,0.0,False,"reflection=The level's design suggests that navigating through or finding paths around the lava or water to the east is crucial, and exploring south has not reve"
337ae3cd,reflexion_mh,MiniHack-River-Narrow-v0,43,99,NE,0.0,False,"reflection=The level's design suggests that navigating through or finding paths around the lava or water to the east is crucial, and exploring south has not reve"
337ae3cd,reflexion_mh,MiniHack-River-Narrow-v0,43,100,NE,0.0,False,"reflection=The level's design suggests a need to navigate around or through the lava or water to the east, and exploring diagonals or finding alternative paths s"
337ae3cd,reflexion_mh,MiniHack-River-Narrow-v0,43,101,NE,0.0,False,"reflection=The level's design suggests a need to navigate around or through the lava or water to the east, and exploring diagonals or finding alternative paths s"
337ae3cd,reflexion_mh,MiniHack-River-Narrow-v0,43,102,NE,0.0,False,"reflection=The level's design suggests that navigating through or around the lava/water to the east is necessary, and exploring diagonals is crucial. The northea"
337ae3cd,reflexion_mh,MiniHack-River-Narrow-v0,43,103,NE,0.0,False,"reflection=The level's design suggests that navigating through or around the lava/water to the east is necessary, and exploring diagonals is crucial. The northea"
337ae3cd,reflexion_mh,MiniHack-River-Narrow-v0,43,104,NE,-0.01,False,"reflection=The level's design suggests that navigating through or around the lava/water to the east is necessary, and exploring diagonals is crucial. The northea"
337ae3cd,reflexion_mh,MiniHack-River-Narrow-v0,43,105,NE,-0.01,False,"reflection=The level's design suggests that navigating through or around the lava/water to the east is necessary, and exploring diagonals is crucial. Continuing "
337ae3cd,reflexion_mh,MiniHack-River-Narrow-v0,43,106,E,0.0,False,"reflection=The level's design suggests that navigating through or around the lava/water to the east is necessary, and exploring diagonals is crucial. Continuing "
337ae3cd,reflexion_mh,MiniHack-River-Narrow-v0,43,107,E,0.0,False,"reflection=The level's design suggests that navigating through or around the lava/water to the east is necessary, and exploring diagonals is crucial. Continuing "
337ae3cd,reflexion_mh,MiniHack-River-Narrow-v0,43,108,E,0.0,False,"reflection=The level's design suggests that navigating through or around the lava/water to the east is necessary, and exploring diagonals is crucial. Continuing "
337ae3cd,reflexion_mh,MiniHack-River-Narrow-v0,43,109,E,0.0,False,"reflection=The level's design suggests that navigating through or around the lava/water to the east is necessary, and exploring diagonals is crucial. Continuing "
337ae3cd,reflexion_mh,MiniHack-River-Narrow-v0,43,110,E,0.0,False,"reflection=The level's design suggests that navigating through or around the lava/water to the east is necessary, and exploring diagonals is crucial. Continuing "
337ae3cd,reflexion_mh,MiniHack-River-Narrow-v0,43,111,E,0.0,False,"reflection=The level's design suggests that navigating through or around the lava/water to the east is necessary, and exploring diagonals is crucial. Continuing "
337ae3cd,reflexion_mh,MiniHack-River-Narrow-v0,43,112,E,0.0,False,"reflection=The level's design suggests that navigating through or around the lava/water to the east is necessary, and exploring diagonals is crucial. Continuing "
337ae3cd,reflexion_mh,MiniHack-River-Narrow-v0,43,113,E,0.0,False,"reflection=The level's design suggests that navigating through or around the lava/water to the east is necessary, and exploring diagonals is crucial. Continuing "
337ae3cd,reflexion_mh,MiniHack-River-Narrow-v0,43,114,E,0.0,False,"reflection=The level's design suggests that navigating through or around the lava/water to the east is necessary, and exploring diagonals is crucial. Continuing "
337ae3cd,reflexion_mh,MiniHack-River-Narrow-v0,43,115,E,0.0,False,"reflection=The level's design suggests that navigating through or around the lava/water to the east is necessary, and exploring diagonals is crucial. Continuing "
337ae3cd,reflexion_mh,MiniHack-River-Narrow-v0,43,116,SE,0.0,False,"reflection=The level's design suggests that navigating through or around the lava/water to the east is necessary, and exploring diagonals is crucial. Continuing "
337ae3cd,reflexion_mh,MiniHack-River-Narrow-v0,43,117,E,0.0,False,"reflection=The level's design suggests that navigating through or around the lava/water to the east is necessary, and exploring diagonals is crucial. Continuing "
337ae3cd,reflexion_mh,MiniHack-River-Narrow-v0,43,118,E,0.0,False,"reflection=The level's design suggests that navigating through or around the lava/water to the east is necessary, and exploring diagonals is crucial. Continuing "
337ae3cd,reflexion_mh,MiniHack-River-Narrow-v0,43,119,E,0.0,False,"reflection=The level's design suggests that navigating through or around the lava/water to the east is necessary, and exploring diagonals is crucial. Continuing "
337ae3cd,reflexion_mh,MiniHack-River-Narrow-v0,44,0,S,-0.01,False,reflection=The level seems to have a mix of floor (.) and possibly water or lava (}) areas. I need to be cautious of these as I explore. My current position is i
337ae3cd,reflexion_mh,MiniHack-River-Narrow-v0,44,1,N,0.0,False,reflection=The level seems to have a mix of floor and possibly water or lava areas. My current position is in a relatively open area. I've identified no immediat
337ae3cd,reflexion_mh,MiniHack-River-Narrow-v0,44,2,N,0.0,False,"reflection=The level's open area to the north suggests a potential path or corridor, and the lack of immediate dangers in sight means cautious exploration can co"
337ae3cd,reflexion_mh,MiniHack-River-Narrow-v0,44,3,N,0.0,False,"reflection=The level's layout suggests that the northern path may lead to important locations or items, and the absence of nearby threats allows for further inve"
337ae3cd,reflexion_mh,MiniHack-River-Narrow-v0,44,4,N,0.0,False,"reflection=The level's layout suggests that the northern path may lead to important locations or items, and the absence of nearby threats allows for further inve"
337ae3cd,reflexion_mh,MiniHack-River-Narrow-v0,44,5,N,0.0,False,"reflection=The level's northern path remains a priority for exploration due to its potential for leading to crucial areas or objects, and the eastern and southea"
337ae3cd,reflexion_mh,MiniHack-River-Narrow-v0,44,6,N,0.0,False,"reflection=The level's northern path remains a priority for exploration due to its potential for leading to crucial areas or objects, and the eastern and southea"
337ae3cd,reflexion_mh,MiniHack-River-Narrow-v0,44,7,W,0.0,False,"reflection=The level's northern path does not seem to yield immediate significant results, suggesting the need to explore other directions. The western path is n"
337ae3cd,reflexion_mh,MiniHack-River-Narrow-v0,44,8,W,0.0,False,"reflection=The level's layout suggests that significant areas or objects might be located in the western or southern parts of the map, as the northern path has b"
337ae3cd,reflexion_mh,MiniHack-River-Narrow-v0,44,9,S,0.0,False,reflection=The level's layout suggests that significant areas or objects might be located in the western or southern parts of the map. Exploring south may reveal
337ae3cd,reflexion_mh,MiniHack-River-Narrow-v0,44,10,S,0.0,False,"reflection=The level's layout suggests that significant areas or objects might be located in the western or southern parts of the map, and exploring south may re"
337ae3cd,reflexion_mh,MiniHack-River-Narrow-v0,44,11,S,0.0,False,reflection=The level's layout suggests that significant areas or objects might be located in the western or southern parts of the map. Exploring south may reveal
337ae3cd,reflexion_mh,MiniHack-River-Narrow-v0,44,12,S,0.0,False,reflection=The level's layout suggests that significant areas or objects might be located in the western or southern parts of the map. The ability to move boulde
337ae3cd,reflexion_mh,MiniHack-River-Narrow-v0,44,13,S,0.0,False,"reflection=The level's layout suggests significant areas might be in the western or southern parts. Exploring south revealed no immediate dangers or items, indic"
337ae3cd,reflexion_mh,MiniHack-River-Narrow-v0,44,14,E,0.0,False,"reflection=The level's layout suggests significant areas might be in the western, southern, or potentially eastern parts. Exploring south revealed no immediate d"
337ae3cd,reflexion_mh,MiniHack-River-Narrow-v0,44,15,E,0.0,False,"reflection=The level's layout suggests significant areas might be in the western, southern, eastern, or potentially northern parts. Exploring south revealed no i"
337ae3cd,reflexion_mh,MiniHack-River-Narrow-v0,44,16,E,0.0,False,"reflection=The level's layout suggests significant areas might be in the western, southern, eastern, or potentially northern parts, and exploring east from the c"
337ae3cd,reflexion_mh,MiniHack-River-Narrow-v0,44,17,E,0.0,False,"reflection=The level's layout suggests significant areas might be in the eastern part, and exploring east from the current position may help locate the downstair"
337ae3cd,reflexion_mh,MiniHack-River-Narrow-v0,44,18,E,0.0,False,"reflection=The level's eastern part appears to be the most unexplored and potentially rewarding area to investigate next, considering the current view and the la"
337ae3cd,reflexion_mh,MiniHack-River-Narrow-v0,44,19,E,0.0,False,"reflection=The level's eastern part is still the most promising direction to explore, given the lack of information about the north and west due to the lava or w"
337ae3cd,reflexion_mh,MiniHack-River-Narrow-v0,44,20,E,0.0,False,"reflection=The level's eastern part is still the most promising direction to explore, and now I have access to areas that were blocked by water, which could lead"
337ae3cd,reflexion_mh,MiniHack-River-Narrow-v0,44,21,E,0.0,False,"reflection=The level's eastern part continues to be the most promising direction to explore, with potential for new discoveries or paths as more of the map is re"
337ae3cd,reflexion_mh,MiniHack-River-Narrow-v0,44,22,E,0.0,False,"reflection=The level's eastern part continues to be the most promising direction to explore, and now that I'm out of the water, I should be cautious of other pot"
337ae3cd,reflexion_mh,MiniHack-River-Narrow-v0,44,23,E,0.0,False,"reflection=The level's eastern part continues to be the most promising direction to explore, and I should be cautious of other potential water or lava areas as I"
337ae3cd,reflexion_mh,MiniHack-River-Narrow-v0,44,24,E,0.0,False,"reflection=The level's eastern part continues to be the most promising direction to explore, and I should be cautious of other potential water or lava areas as I"
337ae3cd,reflexion_mh,MiniHack-River-Narrow-v0,44,25,E,0.0,False,"reflection=The level's eastern part continues to be the most promising direction to explore, and I should be cautious of other potential water or lava areas as I"
337ae3cd,reflexion_mh,MiniHack-River-Narrow-v0,44,26,E,-0.01,False,"reflection=The level's eastern part continues to be the most promising direction to explore, and I should remain cautious of potential water or lava areas as I p"
337ae3cd,reflexion_mh,MiniHack-River-Narrow-v0,44,27,E,-0.01,False,"reflection=The level's eastern part continues to yield new areas to explore without encountering obstacles like walls or water/lava, suggesting that this directi"
337ae3cd,reflexion_mh,MiniHack-River-Narrow-v0,44,28,N,0.0,False,"reflection=The level's eastern boundary has been reached, indicating a need to explore north, south, or west to uncover more of the map and potentially find the "
337ae3cd,reflexion_mh,MiniHack-River-Narrow-v0,44,29,N,1.0,True,"reflection=The level's eastern boundary is solid, suggesting a need to focus exploration on the northern, southern, and western areas to find the staircase or ot"
337ae3cd,reflexion_mh,MiniHack-River-Narrow-v0,45,0,NW,0.0,False,"reflection=The level seems to have a body of water or lava (}) to the east and south, which might be a boundary or an obstacle. I should be cautious when moving "
337ae3cd,reflexion_mh,MiniHack-River-Narrow-v0,45,1,N,0.0,False,"reflection=The level seems to have a body of water or lava to the east and south, which might be a boundary or an obstacle. Moving north might provide a safer ro"
337ae3cd,reflexion_mh,MiniHack-River-Narrow-v0,45,2,N,0.0,False,"reflection=The level seems to have a body of water or lava to the east and south, which might be a boundary or an obstacle. Moving north might provide a safer ro"
337ae3cd,reflexion_mh,MiniHack-River-Narrow-v0,45,3,N,-0.01,False,"reflection=The level's layout suggests that the north direction is likely to provide more exploration opportunities without immediate danger, given the presence "
337ae3cd,reflexion_mh,MiniHack-River-Narrow-v0,45,4,N,-0.01,False,"reflection=The level's layout suggests that the north direction is likely to provide more exploration opportunities without immediate danger, and boulders may be"
337ae3cd,reflexion_mh,MiniHack-River-Narrow-v0,45,5,E,0.0,False,"reflection=The level's layout suggests that the north direction is likely to provide more exploration opportunities without immediate danger, and boulders may be"
337ae3cd,reflexion_mh,MiniHack-River-Narrow-v0,45,6,N,0.0,False,"reflection=The level's north area appears to be the safest initial direction for exploration, and it's crucial to keep track of the lava or water locations to pl"
337ae3cd,reflexion_mh,MiniHack-River-Narrow-v0,45,7,N,-0.01,False,"reflection=The level's north area continues to be the safest initial direction for exploration, and it's crucial to keep track of the lava or water locations to "
337ae3cd,reflexion_mh,MiniHack-River-Narrow-v0,45,8,N,-0.01,False,reflection=The level's north area continues to be the safest initial direction for exploration. The open path to the north suggests potential for finding importa
337ae3cd,reflexion_mh,MiniHack-River-Narrow-v0,45,9,E,0.0,False,"reflection=The level's initial exploration suggests that moving east might reveal more of the map without encountering immediate threats like lava or water, whic"
337ae3cd,reflexion_mh,MiniHack-River-Narrow-v0,45,10,E,0.0,False,"reflection=The level seems to be open to the east, suggesting that this direction may lead to significant discoveries such as the downstairs, treasures, or usefu"
337ae3cd,reflexion_mh,MiniHack-River-Narrow-v0,45,11,E,0.0,False,"reflection=The level continues to be open to the east, suggesting a possible path or significant features in that direction. No obstacles or walls have been enco"
337ae3cd,reflexion_mh,MiniHack-River-Narrow-v0,45,12,E,0.0,False,"reflection=The consistent openness to the east suggests that this direction may lead to significant areas of the level, such as staircases, items, or other impor"
337ae3cd,reflexion_mh,MiniHack-River-Narrow-v0,45,13,E,0.0,False,"reflection=The consistent openness to the east suggests that this direction may lead to significant areas of the level, such as staircases, items, or other impor"
337ae3cd,reflexion_mh,MiniHack-River-Narrow-v0,45,14,E,0.0,False,"reflection=The level seems to have bodies of water that can be hazardous, and moving east has not hit any walls yet, suggesting it might be a fruitful direction "
337ae3cd,reflexion_mh,MiniHack-River-Narrow-v0,45,15,E,0.0,False,"reflection=The level seems to have bodies of water that can be hazardous, and moving east has not hit any walls yet, suggesting it might be a fruitful direction "
337ae3cd,reflexion_mh,MiniHack-River-Narrow-v0,45,16,N,0.0,False,"reflection=The level has bodies of water or lava that are hazardous, moving east from the starting point eventually leads to a wall, suggesting the need to explo"
337ae3cd,reflexion_mh,MiniHack-River-Narrow-v0,45,17,N,-0.01,False,"reflection=The level has bodies of water or lava that are hazardous, moving east from the starting point eventually leads to a wall, and exploring north might re"
337ae3cd,reflexion_mh,MiniHack-River-Narrow-v0,45,18,N,-0.01,False,"reflection=The level has bodies of water or lava that are hazardous, moving east from the starting point eventually leads to a wall, exploring north might reveal"
337ae3cd,reflexion_mh,MiniHack-River-Narrow-v0,45,19,W,0.0,False,"reflection=The level has bodies of water or lava that are hazardous, moving east from the starting point eventually leads to a wall, exploring north is blocked b"
337ae3cd,reflexion_mh,MiniHack-River-Narrow-v0,45,20,S,0.0,False,"reflection=The level has bodies of water or lava that are hazardous, moving east from the starting point eventually leads to a wall, exploring north is blocked b"
337ae3cd,reflexion_mh,MiniHack-River-Narrow-v0,45,21,S,0.0,False,"reflection=The level has bodies of water or lava that are hazardous, moving east from the starting point eventually leads to a wall, exploring north is blocked b"
337ae3cd,reflexion_mh,MiniHack-River-Narrow-v0,45,22,W,0.0,False,"reflection=The level has bodies of water or lava to the east, walls to the north and east, suggesting that important features like the downstairs are likely to t"
337ae3cd,reflexion_mh,MiniHack-River-Narrow-v0,45,23,S,0.0,False,reflection=The level's layout suggests that moving south or west could lead to discovering important features like the downstairs or other items/creatures. So fa
337ae3cd,reflexion_mh,MiniHack-River-Narrow-v0,45,24,W,0.0,False,reflection=The level's layout suggests that moving south or west could lead to discovering important features like the downstairs or other items/creatures. So fa
337ae3cd,reflexion_mh,MiniHack-River-Narrow-v0,45,25,W,0.0,False,"reflection=The level's western area appears to be open, suggesting that further westward movement could reveal more of the level's layout and potentially importa"
337ae3cd,reflexion_mh,MiniHack-River-Narrow-v0,45,26,W,0.0,False,"reflection=The level's western area is open, suggesting further westward movement could reveal more of the level's layout and potentially important locations or "
337ae3cd,reflexion_mh,MiniHack-River-Narrow-v0,45,27,W,0.0,False,"reflection=The level's western area is open, suggesting further westward movement could reveal more of the level's layout and potentially important locations or "
337ae3cd,reflexion_mh,MiniHack-River-Narrow-v0,45,28,W,0.0,False,"reflection=The level's western area is more extensive than initially thought, and continued westward movement may lead to significant discoveries, such as stairs"
337ae3cd,reflexion_mh,MiniHack-River-Narrow-v0,45,29,W,0.0,False,"reflection=The level's western area is more extensive than initially thought, and continued westward movement may lead to significant discoveries, such as stairs"
337ae3cd,reflexion_mh,MiniHack-River-Narrow-v0,45,30,W,0.0,False,"reflection=The level's western area is more extensive than initially thought, and continued westward movement may lead to significant discoveries, such as stairs"
337ae3cd,reflexion_mh,MiniHack-River-Narrow-v0,45,31,W,0.0,False,"reflection=The level's western area is more extensive than initially thought, and continued westward movement may lead to significant discoveries, such as stairs"
337ae3cd,reflexion_mh,MiniHack-River-Narrow-v0,45,32,W,0.0,False,"reflection=The level's western area is more extensive than initially thought, and continued westward movement may lead to significant discoveries, such as stairs"
337ae3cd,reflexion_mh,MiniHack-River-Narrow-v0,45,33,W,0.0,False,"reflection=The level's western area is more extensive than initially thought, and continued westward movement may lead to significant discoveries, such as stairs"
337ae3cd,reflexion_mh,MiniHack-River-Narrow-v0,45,34,W,0.0,False,"reflection=The western path continues to reveal an open area without immediate threats, suggesting potential for finding important elements like stairs or useful"
337ae3cd,reflexion_mh,MiniHack-River-Narrow-v0,45,35,N,0.0,False,"reflection=The western path appears to lead to a large open area or corridor without immediate threats or significant findings, suggesting the need to explore ot"
337ae3cd,reflexion_mh,MiniHack-River-Narrow-v0,45,36,NW,0.0,False,"reflection=The level's layout suggests that significant features or paths may be located near the lava or water areas, but initial exploration should prioritize "
337ae3cd,reflexion_mh,MiniHack-River-Narrow-v0,45,37,N,0.0,False,"reflection=The level's layout suggests that significant features or paths may be located near the lava or water areas, but initial exploration should prioritize "
337ae3cd,reflexion_mh,MiniHack-River-Narrow-v0,45,38,N,-0.01,False,"reflection=The level's layout suggests that significant features or paths may be located near the lava or water areas, but initial exploration should prioritize "
337ae3cd,reflexion_mh,MiniHack-River-Narrow-v0,45,39,N,-0.01,False,"reflection=The level's initial area is open and safe, suggesting that the starting point is designed for initial exploration without immediate danger, and moving"
337ae3cd,reflexion_mh,MiniHack-River-Narrow-v0,45,40,E,0.0,False,"reflection=The level's initial area is bounded by solid stone to the north, suggesting that exploration should focus on the southern and eastern parts of the map"
337ae3cd,reflexion_mh,MiniHack-River-Narrow-v0,45,41,E,0.0,False,"reflection=The initial area is bounded by solid stone to the north, suggesting further exploration to the south and east is necessary. The presence of lava or wa"
337ae3cd,reflexion_mh,MiniHack-River-Narrow-v0,45,42,SE,0.0,False,"reflection=The initial area is bounded by solid stone to the north, suggesting further exploration to the south and east is necessary. The presence of lava or wa"
337ae3cd,reflexion_mh,MiniHack-River-Narrow-v0,45,43,SE,0.0,False,"reflection=The initial area is bounded by solid stone to the north, and moving southeast may reveal more about the hazards and boundaries to the east and south, "
337ae3cd,reflexion_mh,MiniHack-River-Narrow-v0,45,44,E,0.0,False,"reflection=The initial area is bounded by solid stone to the north, and moving southeast leads to water or lava, indicating a need to explore other directions to"
337ae3cd,reflexion_mh,MiniHack-River-Narrow-v0,45,45,W,0.0,False,"reflection=The initial area is bounded by solid stone to the north, and moving southeast leads to water or lava. Exploring west may reveal a safe path or the dow"
337ae3cd,reflexion_mh,MiniHack-River-Narrow-v0,45,46,W,0.0,False,"reflection=The initial area is bounded by solid stone to the north, moving southeast leads to water or lava, and exploring west may reveal a safe path or the dow"
337ae3cd,reflexion_mh,MiniHack-River-Narrow-v0,45,47,W,0.0,False,"reflection=The initial area is bounded by solid stone to the north, moving southeast leads to water or lava, exploring west may reveal a safe path or the downsta"
337ae3cd,reflexion_mh,MiniHack-River-Narrow-v0,45,48,W,0.0,False,"reflection=The initial area is bounded by solid stone to the north, moving southeast leads to water or lava, exploring west may reveal a safe path or the downsta"
337ae3cd,reflexion_mh,MiniHack-River-Narrow-v0,45,49,W,0.0,False,"reflection=The initial area is bounded by solid stone to the north, moving southeast leads to water or lava, exploring west may reveal a safe path or the downsta"
337ae3cd,reflexion_mh,MiniHack-River-Narrow-v0,45,50,W,0.0,False,"reflection=The initial area is bounded by solid stone to the north, moving southeast leads to water or lava, exploring west may reveal a safe path or the downsta"
337ae3cd,reflexion_mh,MiniHack-River-Narrow-v0,45,51,W,0.0,False,"reflection=The initial area is bounded by solid stone to the north, moving southeast leads to water or lava, exploring west may reveal a safe path or the downsta"
337ae3cd,reflexion_mh,MiniHack-River-Narrow-v0,45,52,W,0.0,False,"reflection=The western path remains open, suggesting it may lead to the downstairs or a significant change in the environment. Avoiding lava or water to the sout"
337ae3cd,reflexion_mh,MiniHack-River-Narrow-v0,45,53,W,-0.01,False,"reflection=The western path continues to be open, suggesting it may lead to a crucial area such as the downstairs or a room with items or creatures. The lack of "
337ae3cd,reflexion_mh,MiniHack-River-Narrow-v0,45,54,W,-0.01,False,"reflection=The western path continues to be open, suggesting potential for finding crucial areas such as the downstairs, rooms with items, or encountering creatu"
337ae3cd,reflexion_mh,MiniHack-River-Narrow-v0,45,55,N,0.0,False,"reflection=The level has a solid stone wall to the west, indicating a need to explore other paths, potentially revealing new areas or items."
337ae3cd,reflexion_mh,MiniHack-River-Narrow-v0,45,56,E,0.0,False,"reflection=The level has a solid stone wall to the west, indicating a need to explore other paths, potentially revealing new areas or items. Trying east to see i"
337ae3cd,reflexion_mh,MiniHack-River-Narrow-v0,45,57,E,0.0,False,"reflection=The level has a solid stone wall to the west, and initial exploration east and slightly north did not reveal the staircase or significant items, indic"
337ae3cd,reflexion_mh,MiniHack-River-Narrow-v0,45,58,S,0.0,False,"reflection=The level has a solid stone wall to the west, and initial exploration east and slightly north did not reveal the staircase or significant items. Explo"
337ae3cd,reflexion_mh,MiniHack-River-Narrow-v0,45,59,S,0.0,False,"reflection=The level has a solid stone wall to the west, and initial exploration east and slightly north did not reveal the staircase or significant items. Explo"
337ae3cd,reflexion_mh,MiniHack-River-Narrow-v0,45,60,S,0.0,False,"reflection=The level has a solid stone wall to the west, and initial exploration east and slightly north did not reveal the staircase or significant items. Explo"
337ae3cd,reflexion_mh,MiniHack-River-Narrow-v0,45,61,S,0.0,False,"reflection=The level has a solid stone wall to the west, and initial exploration east and slightly north did not reveal the staircase or significant items. Explo"
337ae3cd,reflexion_mh,MiniHack-River-Narrow-v0,45,62,S,0.0,False,"reflection=The level's southern area remains largely unexplored and could contain useful items or the staircase, while the eastern edge is risky due to the prese"
337ae3cd,reflexion_mh,MiniHack-River-Narrow-v0,45,63,S,-0.01,False,reflection=The level's southern area remains a priority for exploration due to its potential for holding the staircase or useful items. The eastern edge still po
337ae3cd,reflexion_mh,MiniHack-River-Narrow-v0,45,64,S,-0.01,False,"reflection=The level's southern area remains a priority for exploration, and moving south from the current position does not immediately hit a wall, suggesting p"
337ae3cd,reflexion_mh,MiniHack-River-Narrow-v0,45,65,E,0.0,False,"reflection=The level's eastern and western areas are now priorities for exploration, as the southern path is blocked. The presence of lava or water (}) to the ea"
337ae3cd,reflexion_mh,MiniHack-River-Narrow-v0,45,66,W,0.0,False,"reflection=The level's western area is now a priority for exploration to uncover more of the map and find a safe path downwards, noting the blocked southern path"
337ae3cd,reflexion_mh,MiniHack-River-Narrow-v0,45,67,W,0.0,False,"reflection=The level's western area is now a priority for exploration to uncover more of the map and find a safe path downwards, noting the blocked southern path"
337ae3cd,reflexion_mh,MiniHack-River-Narrow-v0,45,68,N,0.0,False,"reflection=The level's western area is a priority, but since moving west does not reveal new areas due to the current position, exploring the northern part becom"
337ae3cd,reflexion_mh,MiniHack-River-Narrow-v0,45,69,N,0.0,False,reflection=The level's northern area is now a priority for exploration to reveal more of the map and potentially find the staircase or other important features.
337ae3cd,reflexion_mh,MiniHack-River-Narrow-v0,45,70,N,0.0,False,"reflection=The level's northern area is still a priority for exploration, and moving north will help determine if there are any obstacles or features of interest"
337ae3cd,reflexion_mh,MiniHack-River-Narrow-v0,45,71,N,0.0,False,"reflection=The level's northern area remains a priority for exploration, and continued movement north may reveal new details about the level's structure or conte"
337ae3cd,reflexion_mh,MiniHack-River-Narrow-v0,45,72,N,0.0,False,"reflection=The level's northern area remains a priority for exploration. Moving north did not hit a wall, suggesting there might be more floor or other features "
337ae3cd,reflexion_mh,MiniHack-River-Narrow-v0,45,73,N,0.0,False,"reflection=The level's northern area is still a priority for exploration, and since the previous movements north were successful, it's likely there's more to exp"
337ae3cd,reflexion_mh,MiniHack-River-Narrow-v0,45,74,N,-0.01,False,"reflection=The level's northern area is still a priority for exploration, and since the previous movements north were successful, it's likely there's more to exp"
337ae3cd,reflexion_mh,MiniHack-River-Narrow-v0,45,75,N,-0.01,False,"reflection=The level's northern area continues to be a priority for exploration, and each step north that doesn't hit a wall suggests there's more to uncover in "
337ae3cd,reflexion_mh,MiniHack-River-Narrow-v0,45,76,E,0.0,False,"reflection=The level's northern boundary has been reached, so exploration should now focus on the eastern, southern, and western areas to uncover more of the map"
337ae3cd,reflexion_mh,MiniHack-River-Narrow-v0,45,77,E,0.0,False,"reflection=The level's northern boundary has been reached, so exploration should now focus on the eastern, southern, and western areas to uncover more of the map"
337ae3cd,reflexion_mh,MiniHack-River-Narrow-v0,45,78,E,0.0,False,"reflection=The level's eastern area is a priority for exploration to find the staircase or other key elements, and the presence of lava or water (}) to the east "
337ae3cd,reflexion_mh,MiniHack-River-Narrow-v0,45,79,N,-0.01,False,"reflection=The level's layout suggests that northward movement may provide more open space for exploration before encountering obstacles like lava or water, whic"
337ae3cd,reflexion_mh,MiniHack-River-Narrow-v0,45,80,N,-0.01,False,"reflection=The level's layout suggests that northward movement may provide more open space for exploration before encountering obstacles like lava or water, whic"
337ae3cd,reflexion_mh,MiniHack-River-Narrow-v0,45,81,E,0.0,False,"reflection=The level's layout suggests that northward movement is blocked, so exploring eastward or considering diagonal movements could provide more insight int"
337ae3cd,reflexion_mh,MiniHack-River-Narrow-v0,45,82,S,0.0,False,"reflection=The level's layout suggests that northward movement is blocked, and there's a significant amount of water or lava to the east, so exploring southward "
337ae3cd,reflexion_mh,MiniHack-River-Narrow-v0,45,83,S,0.0,False,"reflection=The level's structure suggests a potential path or important features might be located southward, given the blockage to the north and the hazardous te"
337ae3cd,reflexion_mh,MiniHack-River-Narrow-v0,45,84,S,0.0,False,"reflection=The presence of a staircase to the south indicates that the level's goal, reaching the downstairs, might be accessible in that direction. The lava or "
337ae3cd,reflexion_mh,MiniHack-River-Narrow-v0,45,85,S,0.0,False,"reflection=The level's layout suggests that the southern path is the most direct route to the downstairs, and so far, there's no indication of any immediate dang"
337ae3cd,reflexion_mh,MiniHack-River-Narrow-v0,45,86,S,0.0,False,"reflection=The level's layout suggests that the southern path is the most direct route to the downstairs, and so far, there's no indication of any immediate dang"
337ae3cd,reflexion_mh,MiniHack-River-Narrow-v0,45,87,S,-0.01,False,"reflection=The level's layout suggests that the southern path is the most direct route to the downstairs, and so far, there's no indication of any immediate dang"
337ae3cd,reflexion_mh,MiniHack-River-Narrow-v0,45,88,S,-0.01,False,reflection=The level's layout still suggests that the southern path is the most direct route to the downstairs. The inability to move the boulder indicates that 
337ae3cd,reflexion_mh,MiniHack-River-Narrow-v0,45,89,E,0.0,False,"reflection=The level's layout still suggests that the southern path is the most direct route to the downstairs, but obstacles like boulders may require alternati"
337ae3cd,reflexion_mh,MiniHack-River-Narrow-v0,45,90,E,0.0,False,"reflection=The level's layout still suggests that the southern path is the most direct route to the downstairs, but obstacles like boulders and now apparent bodi"
337ae3cd,reflexion_mh,MiniHack-River-Narrow-v0,45,91,E,0.0,False,"reflection=The level's layout suggests that exploring east may yield alternative routes or important discoveries, and it's crucial to navigate around the water o"
337ae3cd,reflexion_mh,MiniHack-River-Narrow-v0,45,92,E,0.0,False,reflection=The level's layout suggests that exploring east may yield alternative routes or important discoveries. Noting the presence of lava or water to the sou
337ae3cd,reflexion_mh,MiniHack-River-Narrow-v0,45,93,E,0.0,False,"reflection=The level's eastern path remains unexplored and potentially holds crucial elements for progression, such as items, stairs, or information about the le"
337ae3cd,reflexion_mh,MiniHack-River-Narrow-v0,45,94,E,0.0,False,"reflection=The level's eastern path remains a priority for exploration due to its potential for holding crucial items or stairs, and it's safer compared to the s"
337ae3cd,reflexion_mh,MiniHack-River-Narrow-v0,45,95,N,0.0,False,"reflection=The level's layout suggests that exploring unvisited areas like the north could be more rewarding than continuing east, which has already been somewha"
337ae3cd,reflexion_mh,MiniHack-River-Narrow-v0,45,96,N,0.0,False,"reflection=The level's layout suggests that exploring unvisited areas like the north could be more rewarding than continuing east, which has already been somewha"
337ae3cd,reflexion_mh,MiniHack-River-Narrow-v0,45,97,N,0.0,False,"reflection=The level's layout suggests that exploring unvisited areas like the north could be more rewarding than continuing east, which has already been somewha"
337ae3cd,reflexion_mh,MiniHack-River-Narrow-v0,45,98,N,0.0,False,reflection=The level's layout suggests that exploring unvisited areas like the north could be more rewarding than continuing east. Northward exploration may reve
337ae3cd,reflexion_mh,MiniHack-River-Narrow-v0,45,99,N,-0.01,False,"reflection=The level's layout suggests that northward exploration is key, and the absence of immediate danger or obstacles in that direction makes it a priority "
337ae3cd,reflexion_mh,MiniHack-River-Narrow-v0,45,100,N,-0.01,False,"reflection=The level's layout suggests that northward exploration is key, and the presence of a boulder that cannot be moved may indicate a future puzzle or the "
337ae3cd,reflexion_mh,MiniHack-River-Narrow-v0,45,101,E,0.0,False,"reflection=The level's layout suggests that northward exploration is key, but the presence of a boulder that cannot be moved and a wall to the north may indicate"
337ae3cd,reflexion_mh,MiniHack-River-Narrow-v0,45,102,S,0.0,False,"reflection=The level's layout suggests that northward exploration is key, but the presence of a boulder that cannot be moved and a wall to the north may indicate"
337ae3cd,reflexion_mh,MiniHack-River-Narrow-v0,45,103,E,0.0,False,"reflection=The level's design suggests that direct progression might not always be linear, and exploring sideways could reveal crucial elements for advancing. Th"
337ae3cd,reflexion_mh,MiniHack-River-Narrow-v0,45,104,E,0.0,False,"reflection=The level's design suggests that direct progression might not always be linear, and exploring sideways could reveal crucial elements for advancing. Th"
337ae3cd,reflexion_mh,MiniHack-River-Narrow-v0,45,105,E,0.0,False,"reflection=The level's design suggests that direct progression might not always be linear, and exploring sideways could reveal crucial elements for advancing. Th"
337ae3cd,reflexion_mh,MiniHack-River-Narrow-v0,45,106,E,0.0,False,"reflection=The level's design suggests that direct progression might not always be linear, and exploring sideways could reveal crucial elements for advancing. Th"
337ae3cd,reflexion_mh,MiniHack-River-Narrow-v0,45,107,E,0.0,False,"reflection=The level's design suggests that exploring sideways is crucial, and the presence of lava or water indicates potential dangers that require careful nav"
337ae3cd,reflexion_mh,MiniHack-River-Narrow-v0,45,108,E,0.0,False,"reflection=The level's design suggests that exploring sideways is crucial, and the presence of lava or water indicates potential dangers that require careful nav"
337ae3cd,reflexion_mh,MiniHack-River-Narrow-v0,45,109,E,0.0,False,"reflection=The level's design suggests that exploring sideways is crucial, and the presence of lava or water indicates potential dangers that require careful nav"
337ae3cd,reflexion_mh,MiniHack-River-Narrow-v0,45,110,E,0.0,False,"reflection=The level's design suggests that exploring sideways is crucial, and the presence of lava or water indicates potential dangers that require careful nav"
337ae3cd,reflexion_mh,MiniHack-River-Narrow-v0,45,111,E,0.0,False,"reflection=The level's design suggests that exploring sideways is crucial, and the presence of lava or water indicates potential dangers that require careful nav"
337ae3cd,reflexion_mh,MiniHack-River-Narrow-v0,45,112,S,0.0,False,"reflection=The level's design suggests that exploring sideways is crucial, and the presence of lava or water indicates potential dangers that require careful nav"
337ae3cd,reflexion_mh,MiniHack-River-Narrow-v0,45,113,N,0.0,False,"reflection=The level's design suggests that exploring sideways is crucial, and the presence of lava or water indicates potential dangers. The wall to the east an"
337ae3cd,reflexion_mh,MiniHack-River-Narrow-v0,45,114,S,0.0,False,"reflection=The level's design suggests that exploring sideways is crucial, and the presence of lava or water indicates potential dangers. The wall to the east an"
337ae3cd,reflexion_mh,MiniHack-River-Narrow-v0,45,115,W,0.0,False,"reflection=The level's design suggests that exploring sideways is crucial, and the presence of lava or water indicates potential dangers. The wall to the east an"
337ae3cd,reflexion_mh,MiniHack-River-Narrow-v0,45,116,W,0.0,False,"reflection=The level's design suggests symmetry, with the eastern boundary likely mirrored on the west. Exploring west may reveal similar or new features, aiding"
337ae3cd,reflexion_mh,MiniHack-River-Narrow-v0,45,117,NW,0.0,False,"reflection=The level's design suggests symmetry, with the eastern boundary likely mirrored on the west. Exploring diagonally may reveal new features or confirm t"
337ae3cd,reflexion_mh,MiniHack-River-Narrow-v0,45,118,SE,0.0,False,"reflection=The level's design suggests symmetry, with the eastern boundary likely mirrored on the west. Exploring diagonally may reveal new features or confirm t"
337ae3cd,reflexion_mh,MiniHack-River-Narrow-v0,45,119,NW,0.0,False,reflection=The level's symmetry and the location of hazards suggest that important features like stairs might be placed in areas that are safer or more central. 
337ae3cd,reflexion_mh,MiniHack-River-Narrow-v0,46,0,N,-0.01,False,"reflection=The level appears to have a large body of water or lava to the east, which could be a potential obstacle or hazard. I'll need to be cautious when appr"
337ae3cd,reflexion_mh,MiniHack-River-Narrow-v0,46,1,E,0.0,False,"reflection=The level appears to have a large body of water or lava to the east, and there might be a wall to the north. I'll need to explore other directions to "
337ae3cd,reflexion_mh,MiniHack-River-Narrow-v0,46,2,S,0.0,False,"reflection=The level appears to have a large body of water or lava to the east, and there might be a wall to the north. Exploring south could provide more insigh"
337ae3cd,reflexion_mh,MiniHack-River-Narrow-v0,46,3,N,0.0,False,"reflection=The level appears to have a large body of water or lava to the east, and there might be a wall to the north. Exploring south could provide more insigh"
337ae3cd,reflexion_mh,MiniHack-River-Narrow-v0,46,4,S,0.0,False,"reflection=The level has a large body of water or lava to the east, possibly a wall to the north, and the south direction might be the most promising for explora"
337ae3cd,reflexion_mh,MiniHack-River-Narrow-v0,46,5,S,0.0,False,"reflection=The level has a large body of water or lava to the east, possibly a wall to the north, and the south direction is the most promising for exploration. "
337ae3cd,reflexion_mh,MiniHack-River-Narrow-v0,46,6,S,0.0,False,"reflection=The level's southern area remains the most promising for exploration, with the need to find a path towards the goal, likely involving finding stairs o"
337ae3cd,reflexion_mh,MiniHack-River-Narrow-v0,46,7,S,0.0,False,"reflection=The level's southern area remains the most promising for exploration, with the need to find a path towards the goal, likely involving finding stairs o"
337ae3cd,reflexion_mh,MiniHack-River-Narrow-v0,46,8,S,0.0,False,"reflection=The level's southern area continues to be the most promising for exploration, with the need to find a path towards the goal, likely involving finding "
337ae3cd,reflexion_mh,MiniHack-River-Narrow-v0,46,9,S,0.0,False,"reflection=The level's southern area continues to be the most promising for exploration, with the need to find a path towards the goal, likely involving finding "
337ae3cd,reflexion_mh,MiniHack-River-Narrow-v0,46,10,S,-0.01,False,"reflection=The level's southern area remains the most promising for exploration, and continuing south may lead to the discovery of stairs or other important feat"
337ae3cd,reflexion_mh,MiniHack-River-Narrow-v0,46,11,S,-0.01,False,"reflection=The southern path continues to be a viable route for exploration, with the potential for discovering key level elements such as stairs or items."
337ae3cd,reflexion_mh,MiniHack-River-Narrow-v0,46,12,E,0.0,False,"reflection=The southern path is blocked by a wall, so exploration should continue in other directions to find stairs, items, or other key level elements."
337ae3cd,reflexion_mh,MiniHack-River-Narrow-v0,46,13,N,0.0,False,"reflection=The southern path is blocked, and initial eastward movement did not reveal stairs or significant items, suggesting a need to explore northward or othe"
337ae3cd,reflexion_mh,MiniHack-River-Narrow-v0,46,14,N,0.0,False,"reflection=The level's layout suggests that northward exploration may yield necessary items or stairs for descent, given the lack of progress eastward and the bl"
337ae3cd,reflexion_mh,MiniHack-River-Narrow-v0,46,15,N,0.0,False,"reflection=The level's layout suggests that northward exploration may yield necessary items or stairs for descent, and since there are no immediate obstacles or "
337ae3cd,reflexion_mh,MiniHack-River-Narrow-v0,46,16,N,0.0,False,"reflection=The level's layout suggests that northward exploration may yield necessary items or stairs for descent. So far, no obstacles have been encountered in "
337ae3cd,reflexion_mh,MiniHack-River-Narrow-v0,46,17,N,0.0,False,"reflection=The level's layout suggests that northward exploration may yield necessary items or stairs for descent, and so far, this direction remains a priority "
337ae3cd,reflexion_mh,MiniHack-River-Narrow-v0,46,18,N,-0.01,False,"reflection=The level's layout suggests that northward exploration may yield necessary items or stairs for descent, and the ability to move boulders indicates pot"
337ae3cd,reflexion_mh,MiniHack-River-Narrow-v0,46,19,E,0.0,False,"reflection=The level's layout suggests that northward exploration may yield necessary items or stairs for descent, and the inability to move boulders indicates p"
337ae3cd,reflexion_mh,MiniHack-River-Narrow-v0,46,20,N,0.0,False,"reflection=The level's layout suggests that northward exploration may yield necessary items or stairs for descent, and the inability to move boulders indicates p"
337ae3cd,reflexion_mh,MiniHack-River-Narrow-v0,46,21,N,-0.01,False,"reflection=The level's layout suggests that northward exploration may yield necessary items or stairs for descent, and the inability to move boulders indicates p"
337ae3cd,reflexion_mh,MiniHack-River-Narrow-v0,46,22,NW,-0.01,False,reflection=The level's layout suggests that northward and possibly northwest exploration may yield necessary items or stairs for descent. Water or lava to the ea
337ae3cd,reflexion_mh,MiniHack-River-Narrow-v0,46,23,N,-0.01,False,reflection=The level's layout suggests that northward exploration may yield necessary items or stairs for descent. The presence of lava or water to the east and 
337ae3cd,reflexion_mh,MiniHack-River-Narrow-v0,46,24,SE,0.0,False,"reflection=The level's layout suggests that northward exploration is blocked, so exploring east or other directions may yield necessary items or stairs for desce"
337ae3cd,reflexion_mh,MiniHack-River-Narrow-v0,46,25,S,0.0,False,"reflection=The level's layout suggests that northward exploration is blocked, so exploring east or other directions may yield necessary items or stairs for desce"
337ae3cd,reflexion_mh,MiniHack-River-Narrow-v0,46,26,E,0.0,False,"reflection=The level's layout suggests that eastward exploration may be necessary to find the stairs or items, and the presence of lava or water to the east may "
337ae3cd,reflexion_mh,MiniHack-River-Narrow-v0,46,27,E,0.0,False,"reflection=The level's layout suggests that eastward exploration may be necessary to find the stairs or items, and the presence of lava or water to the east may "
337ae3cd,reflexion_mh,MiniHack-River-Narrow-v0,46,28,E,0.0,False,"reflection=The level's layout suggests that eastward exploration may be necessary to find the stairs or items, and the presence of lava or water to the east may "
337ae3cd,reflexion_mh,MiniHack-River-Narrow-v0,46,29,E,-0.01,False,"reflection=The level's layout suggests that eastward exploration may be necessary to find the stairs or items, and the presence of lava or water to the east may "
337ae3cd,reflexion_mh,MiniHack-River-Narrow-v0,46,30,E,-0.01,False,"reflection=The level's layout suggests that eastward exploration may be necessary to find the stairs or items, and the presence of lava or water to the east may "
337ae3cd,reflexion_mh,MiniHack-River-Narrow-v0,46,31,N,0.0,False,"reflection=The level's layout suggests that eastward exploration may be challenging due to the presence of lava or water, indicating a need to find a safe path o"
337ae3cd,reflexion_mh,MiniHack-River-Narrow-v0,46,32,N,0.0,False,"reflection=The level's layout suggests that eastward exploration may be challenging due to the presence of lava or water, indicating a need to find a safe path o"
337ae3cd,reflexion_mh,MiniHack-River-Narrow-v0,46,33,N,-0.01,False,"reflection=The level's layout suggests that eastward exploration may be challenging due to the presence of lava or water, indicating a need to find a safe path o"
337ae3cd,reflexion_mh,MiniHack-River-Narrow-v0,46,34,N,-0.01,False,"reflection=The level's layout suggests that eastward exploration may be challenging due to the presence of lava or water, indicating a need to find a safe path o"
337ae3cd,reflexion_mh,MiniHack-River-Narrow-v0,46,35,S,0.0,False,"reflection=The level's layout suggests that eastward exploration may be challenging due to the presence of lava or water, indicating a need to find a safe path o"
337ae3cd,reflexion_mh,MiniHack-River-Narrow-v0,46,36,W,0.0,False,"reflection=The level's layout suggests that eastward exploration may be challenging due to the presence of lava or water, indicating a need to find a safe path o"
337ae3cd,reflexion_mh,MiniHack-River-Narrow-v0,46,37,W,0.0,False,"reflection=The level's layout suggests that eastward exploration may be challenging due to the presence of lava or water, indicating a need to find a safe path o"
337ae3cd,reflexion_mh,MiniHack-River-Narrow-v0,46,38,N,0.0,False,"reflection=The level's layout suggests that eastward exploration may be challenging due to the presence of lava or water, indicating a need to find a safe path o"
337ae3cd,reflexion_mh,MiniHack-River-Narrow-v0,46,39,NW,-0.01,False,"reflection=The level's layout suggests that eastward exploration may be challenging due to the presence of lava or water, indicating a need to find a safe path o"
337ae3cd,reflexion_mh,MiniHack-River-Narrow-v0,46,40,NW,-0.01,False,"reflection=The level's layout suggests that eastward exploration may be challenging due to the presence of lava or water, indicating a need to find a safe path o"
337ae3cd,reflexion_mh,MiniHack-River-Narrow-v0,46,41,NE,-0.01,False,"reflection=The level's layout suggests that eastward exploration is challenging, and northwest is blocked, indicating a need to explore other directions for prog"
337ae3cd,reflexion_mh,MiniHack-River-Narrow-v0,46,42,S,0.0,False,"reflection=The level's layout suggests that eastward exploration is challenging, and northwest is blocked, indicating a need to explore other directions for prog"
337ae3cd,reflexion_mh,MiniHack-River-Narrow-v0,46,43,S,0.0,False,"reflection=The level's layout suggests that eastward exploration is challenging, and northwest is blocked, indicating a need to explore other directions for prog"
337ae3cd,reflexion_mh,MiniHack-River-Narrow-v0,46,44,S,0.0,False,"reflection=The level's layout suggests that eastward exploration is challenging, and northwest is blocked. Exploring south might reveal new paths or items. It's "
337ae3cd,reflexion_mh,MiniHack-River-Narrow-v0,46,45,S,0.0,False,reflection=The level's design suggests that moving directly into the lava or water without proper preparation or items could be detrimental. Exploring south may 
337ae3cd,reflexion_mh,MiniHack-River-Narrow-v0,46,46,E,0.0,False,reflection=The level's design suggests that moving directly into the lava or water without proper preparation or items could be detrimental. Exploring south and 
337ae3cd,reflexion_mh,MiniHack-River-Narrow-v0,46,47,E,0.0,False,"reflection=The level's design suggests caution near lava or water, and exploring east may yield useful items or insights before approaching these areas or findin"
337ae3cd,reflexion_mh,MiniHack-River-Narrow-v0,46,48,E,0.0,False,"reflection=The level's design suggests caution near lava or water, and exploring east may yield useful items or insights before approaching these areas or findin"
337ae3cd,reflexion_mh,MiniHack-River-Narrow-v0,46,49,E,0.0,False,"reflection=The level's design suggests caution near lava or water, and exploring east may yield useful items or insights before approaching these areas or findin"
337ae3cd,reflexion_mh,MiniHack-River-Narrow-v0,46,50,E,0.0,False,"reflection=The level's design suggests caution near lava or water, and exploring east may yield useful items or insights before approaching these areas or findin"
337ae3cd,reflexion_mh,MiniHack-River-Narrow-v0,46,51,E,0.0,False,"reflection=The level's design suggests caution near lava or water, and exploring east may yield useful items or insights before approaching these areas or findin"
337ae3cd,reflexion_mh,MiniHack-River-Narrow-v0,46,52,E,0.0,False,"reflection=The level's design suggests a large open area or corridor to the east, and since no walls have been encountered in this direction, it's likely that th"
337ae3cd,reflexion_mh,MiniHack-River-Narrow-v0,46,53,E,0.0,False,"reflection=The level's design suggests a large open area or corridor to the east, and since no walls have been encountered in this direction, it's likely that th"
337ae3cd,reflexion_mh,MiniHack-River-Narrow-v0,46,54,E,0.0,False,"reflection=The level's design suggests a large open area or corridor to the east, and since no walls have been encountered in this direction, it's likely that th"
337ae3cd,reflexion_mh,MiniHack-River-Narrow-v0,46,55,E,0.0,False,"reflection=The level's design suggests a large open area or corridor to the east, and since no walls have been encountered in this direction, it's likely that th"
337ae3cd,reflexion_mh,MiniHack-River-Narrow-v0,46,56,E,0.0,False,"reflection=The level's openness to the east continues, suggesting that this direction may lead to important features such as stairs, items, or other significant "
337ae3cd,reflexion_mh,MiniHack-River-Narrow-v0,46,57,E,0.0,False,"reflection=The level's eastern openness may lead to significant areas or items, and since no walls have been hit from the current spot, exploration in this direc"
337ae3cd,reflexion_mh,MiniHack-River-Narrow-v0,46,58,E,0.0,False,"reflection=The level's eastern openness may lead to significant areas or items, and since no walls have been hit from the current spot, exploration in this direc"
337ae3cd,reflexion_mh,MiniHack-River-Narrow-v0,46,59,N,0.0,False,"reflection=The level's eastern openness may lead to significant areas or items, but caution is needed due to lava or water. Exploring north or west might reveal "
337ae3cd,reflexion_mh,MiniHack-River-Narrow-v0,46,60,N,0.0,False,"reflection=The level's eastern openness may lead to significant areas or items, but caution is needed due to lava or water. Exploring north or west might reveal "
337ae3cd,reflexion_mh,MiniHack-River-Narrow-v0,46,61,E,0.0,False,"reflection=The level's eastern openness may lead to significant areas or items, but caution is needed due to lava or water. Exploring north or west might reveal "
337ae3cd,reflexion_mh,MiniHack-River-Narrow-v0,46,62,E,0.0,False,"reflection=The level's eastern area is expansive and could contain significant items or the stairs, but it's bounded by lava or water. Exploring north or west mi"
337ae3cd,reflexion_mh,MiniHack-River-Narrow-v0,46,63,E,0.0,False,"reflection=The level's eastern area is expansive and could contain significant items or the stairs, but it's bounded by lava or water. Exploring north or west mi"
337ae3cd,reflexion_mh,MiniHack-River-Narrow-v0,46,64,E,0.0,False,"reflection=The level's eastern area is expansive and could contain significant items or the stairs, but it's bounded by lava or water. Exploring north or west mi"
337ae3cd,reflexion_mh,MiniHack-River-Narrow-v0,46,65,N,0.0,False,"reflection=The level's eastern boundary is impassable from this point, suggesting a need to explore north or west for progression or valuable items. The presence"
337ae3cd,reflexion_mh,MiniHack-River-Narrow-v0,46,66,N,0.0,False,"reflection=The level's eastern boundary is impassable from this point, suggesting a need to explore north or west for progression or valuable items. The presence"
337ae3cd,reflexion_mh,MiniHack-River-Narrow-v0,46,67,W,0.0,False,"reflection=The level's eastern boundary is impassable from this point, suggesting a need to explore north or west for progression or valuable items. Initial expl"
337ae3cd,reflexion_mh,MiniHack-River-Narrow-v0,46,68,W,0.0,False,"reflection=The level's eastern boundary is impassable, suggesting a need to explore north or west for progression or valuable items. Initial exploration confirms"
337ae3cd,reflexion_mh,MiniHack-River-Narrow-v0,46,69,W,0.0,False,"reflection=The level's eastern boundary is impassable, and initial exploration confirms open areas to the north and west. Continuing west may reveal items, stair"
337ae3cd,reflexion_mh,MiniHack-River-Narrow-v0,46,70,W,0.0,False,"reflection=The level's eastern boundary is impassable, and initial exploration confirms open areas to the north and west. Continuing west may reveal items, stair"
337ae3cd,reflexion_mh,MiniHack-River-Narrow-v0,46,71,W,0.0,False,"reflection=The level's western direction remains open for exploration, and it is possible that continuing in this direction may yield important discoveries or ne"
337ae3cd,reflexion_mh,MiniHack-River-Narrow-v0,46,72,W,0.0,False,"reflection=The level's western direction continues to be open for exploration, suggesting that there may be more to discover in this area, potentially including "
337ae3cd,reflexion_mh,MiniHack-River-Narrow-v0,46,73,W,0.0,False,"reflection=The level's western direction continues to be open for exploration, suggesting that there may be more to discover in this area, potentially including "
337ae3cd,reflexion_mh,MiniHack-River-Narrow-v0,46,74,W,0.0,False,"reflection=The level's western direction continues to be open, suggesting a larger open space or a corridor leading further west, which may contain important fea"
337ae3cd,reflexion_mh,MiniHack-River-Narrow-v0,46,75,W,0.0,False,"reflection=The level's western open space or corridor extends further than initially explored, suggesting a potential for more significant discoveries or pathway"
337ae3cd,reflexion_mh,MiniHack-River-Narrow-v0,46,76,W,0.0,False,"reflection=The level's western corridor is more extensive than initially thought, suggesting a larger area to explore with potential for more discoveries."
337ae3cd,reflexion_mh,MiniHack-River-Narrow-v0,46,77,E,0.0,False,"reflection=The level's western corridor is more extensive than initially thought, and exploring other directions may reveal the location of the stairs or other k"
337ae3cd,reflexion_mh,MiniHack-River-Narrow-v0,46,78,N,0.0,False,"reflection=The level's western corridor is extensive but doesn't contain the stairs, suggesting that the stairs might be located in a different direction, possib"
337ae3cd,reflexion_mh,MiniHack-River-Narrow-v0,46,79,N,-0.01,False,"reflection=The level's western corridor is extensive but doesn't contain the stairs, suggesting that the stairs might be located in a different direction, possib"
337ae3cd,reflexion_mh,MiniHack-River-Narrow-v0,46,80,N,-0.01,False,reflection=The level's western corridor is extensive but does not contain the stairs. Initial exploration suggests the stairs might be located in a different dir
337ae3cd,reflexion_mh,MiniHack-River-Narrow-v0,46,81,E,0.0,False,"reflection=The level's northern boundary is solid stone, indicating that the stairs are likely located in the eastern or southern parts of the level. Initial exp"
337ae3cd,reflexion_mh,MiniHack-River-Narrow-v0,46,82,E,0.0,False,"reflection=The level's northern boundary is solid stone, and initial exploration of the western corridor did not yield the stairs. The eastern part of the level "
337ae3cd,reflexion_mh,MiniHack-River-Narrow-v0,46,83,E,0.0,False,"reflection=The level's northern boundary is solid stone, and initial exploration of the western corridor did not yield the stairs. The eastern part of the level "
337ae3cd,reflexion_mh,MiniHack-River-Narrow-v0,46,84,S,0.0,False,"reflection=The level's northern boundary is solid stone, and initial exploration of the western and eastern corridors did not yield the stairs. The southern part"
337ae3cd,reflexion_mh,MiniHack-River-Narrow-v0,46,85,S,0.0,False,"reflection=The level's northern boundary is solid stone, and initial exploration of the western and eastern corridors did not yield the stairs. The southern part"
337ae3cd,reflexion_mh,MiniHack-River-Narrow-v0,46,86,S,0.0,False,"reflection=The level's northern boundary is solid stone, and initial exploration of the western and eastern corridors did not yield the stairs. The southern part"
337ae3cd,reflexion_mh,MiniHack-River-Narrow-v0,46,87,S,0.0,False,reflection=The level's southern part remains largely unexplored and could contain the stairs or new paths. The current position allows for movement in any direct
337ae3cd,reflexion_mh,MiniHack-River-Narrow-v0,46,88,S,0.0,False,reflection=The level's southern part is a priority for exploration due to its potential for containing stairs or new paths. The current open space around the pla
337ae3cd,reflexion_mh,MiniHack-River-Narrow-v0,46,89,E,0.0,False,"reflection=The level's eastern part is now a priority for exploration to discover potential objects, corridors, or boundaries that could aid in progression or pr"
337ae3cd,reflexion_mh,MiniHack-River-Narrow-v0,46,90,E,0.0,False,"reflection=The level's eastern part continues to be a priority for exploration, and the success of moving the boulder indicates that obstacles can be overcome wi"
337ae3cd,reflexion_mh,MiniHack-River-Narrow-v0,46,91,N,0.0,False,"reflection=The level's eastern part continues to be a priority for exploration, and the success of moving the boulder indicates that obstacles can be overcome wi"
337ae3cd,reflexion_mh,MiniHack-River-Narrow-v0,46,92,N,0.0,False,"reflection=The level's layout suggests that significant exploration and possibly overcoming obstacles are necessary to progress, with the eastern boundary being "
337ae3cd,reflexion_mh,MiniHack-River-Narrow-v0,46,93,N,0.0,False,"reflection=The level's layout suggests that significant exploration and possibly overcoming obstacles are necessary to progress, with the eastern boundary being "
337ae3cd,reflexion_mh,MiniHack-River-Narrow-v0,46,94,N,0.0,False,"reflection=The level's layout suggests that significant exploration and possibly overcoming obstacles are necessary to progress, with the eastern boundary being "
337ae3cd,reflexion_mh,MiniHack-River-Narrow-v0,46,95,N,0.0,False,"reflection=The level's layout suggests that significant exploration and possibly overcoming obstacles are necessary to progress, with the eastern boundary being "
337ae3cd,reflexion_mh,MiniHack-River-Narrow-v0,46,96,N,-0.01,False,"reflection=The level's eastern boundary is impassable, suggesting a focus on northern and potentially western exploration to find progression paths, such as stai"
337ae3cd,reflexion_mh,MiniHack-River-Narrow-v0,46,97,W,0.0,False,"reflection=The level's eastern boundary is impassable, suggesting a focus on northern, western, and potentially southern exploration to find progression paths, s"
337ae3cd,reflexion_mh,MiniHack-River-Narrow-v0,46,98,N,-0.01,False,"reflection=The level's eastern boundary is impassable, suggesting a focus on northern, western, and potentially southern exploration to find progression paths. M"
337ae3cd,reflexion_mh,MiniHack-River-Narrow-v0,46,99,N,-0.01,False,"reflection=The level's eastern boundary is impassable, suggesting a focus on northern, western, and potentially southern exploration to find progression paths. M"
337ae3cd,reflexion_mh,MiniHack-River-Narrow-v0,46,100,W,0.0,False,"reflection=The level's northern boundary, at least from the current position, is impassable, suggesting a need to explore other directions for progression. Weste"
337ae3cd,reflexion_mh,MiniHack-River-Narrow-v0,46,101,W,0.0,False,"reflection=The level's northern boundary is impassable from the starting position, suggesting that progression likely requires exploring other directions. Wester"
337ae3cd,reflexion_mh,MiniHack-River-Narrow-v0,46,102,E,0.0,False,"reflection=The level's northern boundary is impassable from the starting position, western exploration may yield new paths, items, or clues to level progression,"
337ae3cd,reflexion_mh,MiniHack-River-Narrow-v0,46,103,E,0.0,False,"reflection=The level's layout suggests that exploration to the east and west is necessary to find a path forward, and it's crucial to avoid the lava or water rep"
337ae3cd,reflexion_mh,MiniHack-River-Narrow-v0,46,104,E,0.0,False,"reflection=The level's layout requires careful exploration to the east and west to uncover a path forward, and it's essential to keep track of the directions tha"
337ae3cd,reflexion_mh,MiniHack-River-Narrow-v0,46,105,N,-0.01,False,"reflection=The level's layout requires careful exploration in all directions, and it seems that moving east from the current position might be blocked. Exploring"
337ae3cd,reflexion_mh,MiniHack-River-Narrow-v0,46,106,N,-0.01,False,"reflection=The level's layout requires careful exploration in all directions, and it seems that moving east from the current position is blocked by solid stone. "
337ae3cd,reflexion_mh,MiniHack-River-Narrow-v0,46,107,W,0.0,False,"reflection=The level's layout requires careful exploration in all directions, and it seems that moving east from the current position is blocked by solid stone. "
337ae3cd,reflexion_mh,MiniHack-River-Narrow-v0,46,108,S,0.0,False,"reflection=The level's layout requires careful exploration in all directions, and initial attempts indicate that east and north are blocked, suggesting south or "
337ae3cd,reflexion_mh,MiniHack-River-Narrow-v0,46,109,S,0.0,False,reflection=The level's initial layout suggests that progression might require navigating around the lava or water (}) to find a path downward or to other areas o
337ae3cd,reflexion_mh,MiniHack-River-Narrow-v0,46,110,W,0.0,False,reflection=The level's initial layout suggests that progression might require navigating around the lava or water to find a path downward or to other areas of in
337ae3cd,reflexion_mh,MiniHack-River-Narrow-v0,46,111,S,0.0,False,reflection=The level's initial layout suggests that progression might require navigating around the lava or water to find a path downward or to other areas of in
337ae3cd,reflexion_mh,MiniHack-River-Narrow-v0,46,112,S,0.0,False,reflection=The level's initial layout suggests that progression might require navigating around the lava or water to find a path downward or to other areas of in
337ae3cd,reflexion_mh,MiniHack-River-Narrow-v0,46,113,S,0.0,False,reflection=The level's initial layout suggests that progression might require navigating around the lava or water to find a path downward or to other areas of in
337ae3cd,reflexion_mh,MiniHack-River-Narrow-v0,46,114,W,0.0,False,reflection=The level's initial layout suggests that progression might require navigating around the lava or water to find a path downward or to other areas of in
337ae3cd,reflexion_mh,MiniHack-River-Narrow-v0,46,115,W,0.0,False,reflection=The level's initial layout suggests that progression might require navigating around the lava or water to find a path downward or to other areas of in
337ae3cd,reflexion_mh,MiniHack-River-Narrow-v0,46,116,W,0.0,False,reflection=The level's initial layout suggests that progression might require navigating around the lava or water to find a path downward or to other areas of in
337ae3cd,reflexion_mh,MiniHack-River-Narrow-v0,46,117,W,0.0,False,reflection=The level's initial layout suggests that progression might require navigating around the lava or water to find a path downward or to other areas of in
337ae3cd,reflexion_mh,MiniHack-River-Narrow-v0,46,118,W,0.0,False,"reflection=The level's layout suggests that navigating around the lava or water to the west may lead to a staircase or other paths, and it's necessary to continu"
337ae3cd,reflexion_mh,MiniHack-River-Narrow-v0,46,119,W,0.0,False,"reflection=The level's layout suggests that navigating around the lava or water to the west may lead to a staircase or other paths, and continuing in this direct"
337ae3cd,reflexion_mh,MiniHack-River-Narrow-v0,47,0,N,0.0,False,"reflection=The level appears to have a body of water or lava to the east, which could be a boundary or hazard. I'll need to be cautious of that as I explore."
337ae3cd,reflexion_mh,MiniHack-River-Narrow-v0,47,1,N,0.0,False,"reflection=The level appears to have a body of water or lava to the east, which could be a boundary or hazard. I need to explore other directions to find the dow"
337ae3cd,reflexion_mh,MiniHack-River-Narrow-v0,47,2,S,0.0,False,"reflection=The level has a significant body of water or lava to the east, which could be a boundary. Exploring north didn't yield new information, suggesting the"
337ae3cd,reflexion_mh,MiniHack-River-Narrow-v0,47,3,W,0.0,False,"reflection=The level has a significant body of water or lava to the east, which could be a boundary. Exploring north didn't yield new information. Trying south a"
337ae3cd,reflexion_mh,MiniHack-River-Narrow-v0,47,4,W,0.0,False,"reflection=The level has a significant body of water or lava to the east, which is a boundary. Exploring north didn't yield new information. Trying south again o"
337ae3cd,reflexion_mh,MiniHack-River-Narrow-v0,47,5,W,0.0,False,"reflection=The level has a significant body of water or lava to the east, which is a boundary. Exploring north didn't yield new information. Moving west is the n"
337ae3cd,reflexion_mh,MiniHack-River-Narrow-v0,47,6,W,0.0,False,"reflection=The level has a boundary to the east and possibly more to explore to the west, where the downstairs or other important features might be located."
337ae3cd,reflexion_mh,MiniHack-River-Narrow-v0,47,7,W,0.0,False,"reflection=The level has a boundary to the east and possibly more to explore to the west, where the downstairs or other important features might be located. Movi"
337ae3cd,reflexion_mh,MiniHack-River-Narrow-v0,47,8,W,0.0,False,"reflection=The level has a boundary to the east and possibly more to explore to the west, where the downstairs or other important features might be located. The "
337ae3cd,reflexion_mh,MiniHack-River-Narrow-v0,47,9,W,0.0,False,reflection=The level has a boundary to the east and a potentially long western path that may contain important features such as the downstairs.
337ae3cd,reflexion_mh,MiniHack-River-Narrow-v0,47,10,W,0.0,False,reflection=The level has a boundary to the east and a potentially long western path that may contain important features such as the downstairs. The downstairs is
337ae3cd,reflexion_mh,MiniHack-River-Narrow-v0,47,11,W,-0.01,False,"reflection=The level's western path may contain important features such as the downstairs, and it seems that moving west does not immediately hit a wall, suggest"
337ae3cd,reflexion_mh,MiniHack-River-Narrow-v0,47,12,W,-0.01,False,"reflection=The level's western path continues without immediate obstruction, suggesting potential for discovery of stairs, items, or other important game element"
337ae3cd,reflexion_mh,MiniHack-River-Narrow-v0,47,13,N,0.0,False,"reflection=The level's western path is blocked, so I need to explore other directions to find a way forward or discover new elements."
337ae3cd,reflexion_mh,MiniHack-River-Narrow-v0,47,14,E,0.0,False,"reflection=The level's western path is blocked, and moving north from the current position doesn't change the view, indicating a wall or obstacle; I need to expl"
337ae3cd,reflexion_mh,MiniHack-River-Narrow-v0,47,15,E,0.0,False,"reflection=The level's western path is blocked, and moving north from the current position doesn't change the view; moving east may reveal new paths or elements,"
337ae3cd,reflexion_mh,MiniHack-River-Narrow-v0,47,16,E,0.0,False,"reflection=The level's western path is blocked, moving north from the current position doesn't change the view, and moving east may reveal new paths or elements;"
337ae3cd,reflexion_mh,MiniHack-River-Narrow-v0,47,17,E,0.0,False,"reflection=The level's western path is blocked, moving north from the current position doesn't change the view, and moving east may reveal new paths or elements;"
337ae3cd,reflexion_mh,MiniHack-River-Narrow-v0,47,18,E,0.0,False,"reflection=The level's eastern path continues beyond the current view, and since north doesn't yield new information, eastward exploration is the next logical st"
337ae3cd,reflexion_mh,MiniHack-River-Narrow-v0,47,19,E,0.0,False,"reflection=The level's eastern path is still unexplored and may lead to the downstairs or other important locations, such as treasure, shops, or altars."
337ae3cd,reflexion_mh,MiniHack-River-Narrow-v0,47,20,E,0.0,False,"reflection=The level's eastern path is still being explored, and it may lead to the downstairs or other important locations, such as treasure, shops, or altars. "
337ae3cd,reflexion_mh,MiniHack-River-Narrow-v0,47,21,N,0.0,False,"reflection=The level's eastern path seems to be bounded by lava or water, suggesting a potential moat or body of water that could be an obstacle or a feature to "
337ae3cd,reflexion_mh,MiniHack-River-Narrow-v0,47,22,N,-0.01,False,"reflection=The level's eastern path is bounded by water or lava, suggesting the need to explore north, south, or west for progression or useful items."
337ae3cd,reflexion_mh,MiniHack-River-Narrow-v0,47,23,N,-0.01,False,"reflection=The level's eastern path is bounded by water or lava, suggesting the need to explore north, south, or west for progression or useful items. Trying dif"
337ae3cd,reflexion_mh,MiniHack-River-Narrow-v0,47,24,S,0.0,False,"reflection=The level's boundaries are becoming clearer, with solid stone to the north and lava or water to the east, indicating that progression will likely invo"
337ae3cd,reflexion_mh,MiniHack-River-Narrow-v0,47,25,S,0.0,False,"reflection=The level's boundaries are becoming clearer, with solid stone to the north and lava or water to the east, indicating that progression will likely invo"
337ae3cd,reflexion_mh,MiniHack-River-Narrow-v0,47,26,S,0.0,False,"reflection=The level's layout suggests that the southern path should be prioritized for exploration to uncover potential items, stairs, or other important featur"
337ae3cd,reflexion_mh,MiniHack-River-Narrow-v0,47,27,S,0.0,False,reflection=The level's southern path remains a priority for exploration. The absence of immediate threats or items in the current view suggests that further sout
337ae3cd,reflexion_mh,MiniHack-River-Narrow-v0,47,28,S,0.0,False,"reflection=The level's southern path remains a priority for exploration, and moving south may reveal more about the level's layout and potential objectives, such"
337ae3cd,reflexion_mh,MiniHack-River-Narrow-v0,47,29,S,0.0,False,"reflection=The level's southern path remains a priority for exploration, and continuing to move south may reveal stairs, items, or other important features, but "
337ae3cd,reflexion_mh,MiniHack-River-Narrow-v0,47,30,S,-0.01,False,"reflection=The level's southern path continues to yield new areas, suggesting that further exploration in this direction may lead to the discovery of stairs, ite"
337ae3cd,reflexion_mh,MiniHack-River-Narrow-v0,47,31,E,0.0,False,"reflection=The level's layout suggests that there might be a larger open area or a significant feature to the east or west, given the lack of immediate obstacles"
337ae3cd,reflexion_mh,MiniHack-River-Narrow-v0,47,32,W,0.0,False,"reflection=The level's layout suggests a potential for larger open areas or significant features in both eastern and western directions, with the western directi"
337ae3cd,reflexion_mh,MiniHack-River-Narrow-v0,47,33,W,0.0,False,"reflection=The level's layout suggests a potential for larger open areas or significant features in both eastern and western directions, with the western directi"
337ae3cd,reflexion_mh,MiniHack-River-Narrow-v0,47,34,W,0.0,False,"reflection=The level's western area remains unexplored and could contain essential items, stairs, or other features crucial for progression. The absence of immed"
337ae3cd,reflexion_mh,MiniHack-River-Narrow-v0,47,35,W,0.0,False,"reflection=The level's western area remains unexplored and could contain essential items, stairs, or other features crucial for progression. The current position"
337ae3cd,reflexion_mh,MiniHack-River-Narrow-v0,47,36,W,0.0,False,"reflection=The level's western area is still largely unexplored and could contain essential items, stairs, or other features crucial for progression. The current"
337ae3cd,reflexion_mh,MiniHack-River-Narrow-v0,47,37,W,0.0,False,"reflection=The level's western area remains unexplored and could contain crucial elements for progression, with the current path allowing for continued westward "
337ae3cd,reflexion_mh,MiniHack-River-Narrow-v0,47,38,W,0.0,False,"reflection=The level's western area is still largely unexplored, and continued westward movement may reveal crucial elements for progression, such as items, stai"
337ae3cd,reflexion_mh,MiniHack-River-Narrow-v0,47,39,W,0.0,False,"reflection=The level's western area remains unexplored, and the presence of lava or water to the north and south suggests these might be boundaries. The current "
337ae3cd,reflexion_mh,MiniHack-River-Narrow-v0,47,40,E,0.0,False,"reflection=The level's western area is fully explored, and the next step is to explore eastward, considering the boundaries of lava or water to the north and sou"
337ae3cd,reflexion_mh,MiniHack-River-Narrow-v0,47,41,E,0.0,False,"reflection=The level's western area is fully explored, and initial eastward exploration has begun, with no immediate obstacles or boundaries found yet to the eas"
337ae3cd,reflexion_mh,MiniHack-River-Narrow-v0,47,42,E,0.0,False,"reflection=The level's eastern area remains largely unexplored, with the initial steps eastward revealing no immediate dangers or boundaries, suggesting a potent"
337ae3cd,reflexion_mh,MiniHack-River-Narrow-v0,47,43,E,0.0,False,"reflection=The level's eastern area continues to be unexplored with no immediate dangers found, suggesting further exploration in this direction may reveal impor"
337ae3cd,reflexion_mh,MiniHack-River-Narrow-v0,47,44,E,0.0,False,"reflection=The level's eastern area continues to be largely unexplored with no immediate dangers, suggesting further exploration may reveal important features or"
337ae3cd,reflexion_mh,MiniHack-River-Narrow-v0,47,45,E,0.0,False,"reflection=The level's eastern area continues to be largely unexplored with no immediate dangers, suggesting further exploration may reveal important features or"
337ae3cd,reflexion_mh,MiniHack-River-Narrow-v0,47,46,E,0.0,False,"reflection=The level's eastern area continues to be largely unexplored with no immediate dangers, suggesting further exploration may reveal important features or"
337ae3cd,reflexion_mh,MiniHack-River-Narrow-v0,47,47,E,0.0,False,"reflection=The level's eastern area continues to be largely unexplored with no immediate dangers, suggesting further exploration may reveal important features or"
337ae3cd,reflexion_mh,MiniHack-River-Narrow-v0,47,48,E,0.0,False,"reflection=The level's eastern area continues to be largely unexplored with no immediate dangers, suggesting further exploration may reveal important features or"
337ae3cd,reflexion_mh,MiniHack-River-Narrow-v0,47,49,E,0.0,False,"reflection=The level's eastern area continues to be largely unexplored with no immediate dangers, suggesting further exploration may reveal important features or"
337ae3cd,reflexion_mh,MiniHack-River-Narrow-v0,47,50,E,0.0,False,"reflection=The level's eastern area continues to be largely unexplored with no immediate dangers, suggesting further exploration may reveal important features or"
337ae3cd,reflexion_mh,MiniHack-River-Narrow-v0,47,51,E,0.0,False,"reflection=The level's eastern area continues to be largely unexplored with no immediate dangers, suggesting further exploration may reveal important features or"
337ae3cd,reflexion_mh,MiniHack-River-Narrow-v0,47,52,E,0.0,False,"reflection=The level's eastern area continues to be largely unexplored with no immediate dangers, suggesting further exploration may reveal important features or"
337ae3cd,reflexion_mh,MiniHack-River-Narrow-v0,47,53,E,0.0,False,"reflection=The level's eastern area continues to be largely unexplored with no immediate dangers, suggesting further exploration may reveal important features or"
337ae3cd,reflexion_mh,MiniHack-River-Narrow-v0,47,54,E,0.0,False,"reflection=The level's eastern area continues to be largely unexplored with no immediate dangers, suggesting further exploration may reveal important features or"
337ae3cd,reflexion_mh,MiniHack-River-Narrow-v0,47,55,E,0.0,False,"reflection=The level's eastern area continues to be largely unexplored with no immediate dangers, suggesting further exploration may reveal important features or"
337ae3cd,reflexion_mh,MiniHack-River-Narrow-v0,47,56,E,0.0,False,"reflection=The level's eastern area continues to be largely unexplored with no immediate dangers, suggesting further exploration may reveal important features or"
337ae3cd,reflexion_mh,MiniHack-River-Narrow-v0,47,57,E,0.0,False,"reflection=The level's eastern area continues to be largely unexplored with no immediate dangers, suggesting further exploration may reveal important features or"
337ae3cd,reflexion_mh,MiniHack-River-Narrow-v0,47,58,E,0.0,False,"reflection=The level's eastern area continues to be largely unexplored with no immediate dangers, suggesting further exploration may reveal important features or"
337ae3cd,reflexion_mh,MiniHack-River-Narrow-v0,47,59,E,0.0,False,"reflection=The level's eastern area is still largely unexplored, and the fact that I was able to crawl out of the water suggests that there may be more water or "
337ae3cd,reflexion_mh,MiniHack-River-Narrow-v0,47,60,E,0.0,False,"reflection=The level's eastern area is still largely unexplored, and the fact that I was able to crawl out of the water suggests that there may be more water or "
337ae3cd,reflexion_mh,MiniHack-River-Narrow-v0,47,61,E,0.0,False,"reflection=The level's eastern area is still largely unexplored, and the presence of water suggests that there may be more water or lava in the area, so I should"
337ae3cd,reflexion_mh,MiniHack-River-Narrow-v0,47,62,E,0.0,False,"reflection=The level's eastern area is still largely unexplored, and the presence of water suggests that there may be more water or lava in the area, so I should"
337ae3cd,reflexion_mh,MiniHack-River-Narrow-v0,47,63,E,0.0,False,"reflection=The level's eastern area appears to be a large open space or a long corridor, and I should continue to move east to gather more information about the "
337ae3cd,reflexion_mh,MiniHack-River-Narrow-v0,47,64,N,0.0,False,"reflection=The level's eastern boundary is a wall or body of water/lava, so exploration should focus on other directions to find the downstairs or other points o"
337ae3cd,reflexion_mh,MiniHack-River-Narrow-v0,47,65,N,0.0,False,"reflection=The level's eastern boundary is a wall or body of water/lava, so exploration should focus on other directions to find the downstairs or other points o"
337ae3cd,reflexion_mh,MiniHack-River-Narrow-v0,47,66,W,0.0,False,"reflection=The level's boundaries and layout suggest that the downstairs might be located in a western or southern direction, given the eastern boundary's nature"
337ae3cd,reflexion_mh,MiniHack-River-Narrow-v0,47,67,S,0.0,False,reflection=The level's boundaries and layout suggest that the downstairs might be located in a western or southern direction. Trying the southern direction next 
337ae3cd,reflexion_mh,MiniHack-River-Narrow-v0,47,68,S,0.0,False,"reflection=The level's structure suggests that exploring southward may reveal more about the location of the downstairs, and it's necessary to keep track of the "
337ae3cd,reflexion_mh,MiniHack-River-Narrow-v0,47,69,S,0.0,False,"reflection=The level's structure suggests that exploring southward may reveal more about the location of the downstairs, and it's necessary to keep track of the "
337ae3cd,reflexion_mh,MiniHack-River-Narrow-v0,47,70,S,-0.01,False,reflection=The level's structure suggests that exploring southward may reveal more about the location of the downstairs. The presence of lava or water to the eas
337ae3cd,reflexion_mh,MiniHack-River-Narrow-v0,47,71,S,-0.01,False,reflection=The level's structure suggests that exploring southward may reveal more about the location of the downstairs. The presence of lava or water to the eas
337ae3cd,reflexion_mh,MiniHack-River-Narrow-v0,47,72,N,0.0,False,reflection=The level's structure suggests that exploring northward may reveal more about the layout and potentially safer paths. The presence of lava or water to
337ae3cd,reflexion_mh,MiniHack-River-Narrow-v0,47,73,N,0.0,False,reflection=The level's structure suggests that exploring northward may reveal more about the layout and potentially safer paths. The presence of lava or water to
337ae3cd,reflexion_mh,MiniHack-River-Narrow-v0,47,74,N,0.0,False,reflection=The level's structure suggests that exploring northward may reveal more about the layout and potentially safer paths. The presence of lava or water to
337ae3cd,reflexion_mh,MiniHack-River-Narrow-v0,47,75,N,0.0,False,reflection=The level's structure suggests that exploring northward may reveal more about the layout and potentially safer paths. The presence of lava or water to
337ae3cd,reflexion_mh,MiniHack-River-Narrow-v0,47,76,N,0.0,False,reflection=The level's structure suggests that exploring northward may reveal more about the layout and potentially safer paths. The presence of lava or water to
337ae3cd,reflexion_mh,MiniHack-River-Narrow-v0,47,77,N,0.0,False,reflection=The level's structure suggests that exploring northward may reveal more about the layout and potentially safer paths. The presence of lava or water to
337ae3cd,reflexion_mh,MiniHack-River-Narrow-v0,47,78,N,-0.01,False,reflection=The level's structure suggests that exploring northward may reveal more about the layout and potentially safer paths. The lack of creatures and the co
337ae3cd,reflexion_mh,MiniHack-River-Narrow-v0,47,79,N,-0.01,False,reflection=The level's structure suggests that exploring northward may reveal more about the layout and potentially safer paths. The consistent change in view wh
337ae3cd,reflexion_mh,MiniHack-River-Narrow-v0,47,80,W,0.0,False,"reflection=The level's structure suggests that exploring northward is blocked, indicating a need to explore other directions to find a path forward or downstairs"
337ae3cd,reflexion_mh,MiniHack-River-Narrow-v0,47,81,W,0.0,False,"reflection=The level's structure suggests that exploring northward is blocked, and there's a potential hazard to the east, so westward exploration might reveal m"
337ae3cd,reflexion_mh,MiniHack-River-Narrow-v0,47,82,W,0.0,False,"reflection=The level's structure suggests that exploring westward may reveal more about the level's layout and potential paths forward, and it's necessary to avo"
337ae3cd,reflexion_mh,MiniHack-River-Narrow-v0,47,83,W,0.0,False,"reflection=The level's western area remains unexplored, and moving in this direction may lead to finding the downstairs or other important features. The presence"
337ae3cd,reflexion_mh,MiniHack-River-Narrow-v0,47,84,W,0.0,False,"reflection=The level's western area is still unexplored and could contain the downstairs or other important features, while the eastern area is hazardous due to "
337ae3cd,reflexion_mh,MiniHack-River-Narrow-v0,47,85,W,0.0,False,"reflection=The level's western area is still unexplored and could contain the downstairs or other important features, while the eastern area is hazardous due to "
337ae3cd,reflexion_mh,MiniHack-River-Narrow-v0,47,86,W,0.0,False,"reflection=The level's western area is still unexplored and could contain the downstairs or other important features, while the eastern area is hazardous. The cu"
337ae3cd,reflexion_mh,MiniHack-River-Narrow-v0,47,87,W,0.0,False,reflection=The level's western area remains largely unexplored and is the current focus for finding the staircase or other significant objects. The eastern area 
337ae3cd,reflexion_mh,MiniHack-River-Narrow-v0,47,88,W,0.0,False,reflection=The level's western area remains largely unexplored and is the current focus for finding the staircase or other significant objects. The eastern area 
337ae3cd,reflexion_mh,MiniHack-River-Narrow-v0,47,89,W,0.0,False,"reflection=The level's western area continues to be a viable path for exploration without encountering walls, suggesting it might lead to important features like"
337ae3cd,reflexion_mh,MiniHack-River-Narrow-v0,47,90,E,0.0,False,"reflection=The level's western area is open, but it's time to explore other directions to find the staircase or items, considering the level's layout might requi"
337ae3cd,reflexion_mh,MiniHack-River-Narrow-v0,47,91,N,-0.01,False,"reflection=The level's northern area is unexplored, and considering the layout, moving north could reveal new paths, items, or the staircase, which is a priority"
337ae3cd,reflexion_mh,MiniHack-River-Narrow-v0,47,92,N,-0.01,False,"reflection=The level's northern area remains largely unexplored, and moving north is a priority for discovering new paths, items, or the staircase. The presence "
337ae3cd,reflexion_mh,MiniHack-River-Narrow-v0,47,93,W,0.0,False,"reflection=The level's northern area is blocked by a wall, and the western path appears to be the safest choice for now, considering the lava or water to the eas"
337ae3cd,reflexion_mh,MiniHack-River-Narrow-v0,47,94,W,0.0,False,"reflection=The level's western path is the primary focus for now, as it appears to be the safest route for exploration and potential discovery of new paths or th"
337ae3cd,reflexion_mh,MiniHack-River-Narrow-v0,47,95,W,0.0,False,"reflection=The level's western path continues to be the primary focus for exploration, aiming to discover new paths or the staircase while minimizing risk."
337ae3cd,reflexion_mh,MiniHack-River-Narrow-v0,47,96,W,0.0,False,"reflection=The level's western path continues to be the primary focus for exploration, and it's necessary to keep moving in this direction until a wall or the st"
337ae3cd,reflexion_mh,MiniHack-River-Narrow-v0,47,97,N,-0.01,False,"reflection=The level's layout suggests a need to balance exploration with caution, particularly around the lava or water areas. Moving north allows for further e"
337ae3cd,reflexion_mh,MiniHack-River-Narrow-v0,47,98,N,-0.01,False,"reflection=The level's layout suggests a need to balance exploration with caution, particularly around the lava or water areas. Continuing north may reveal more "
337ae3cd,reflexion_mh,MiniHack-River-Narrow-v0,47,99,E,0.0,False,"reflection=The level's layout suggests a need to balance exploration with caution, particularly around the lava or water areas, and to try different paths when e"
337ae3cd,reflexion_mh,MiniHack-River-Narrow-v0,47,100,E,0.0,False,"reflection=The level's layout suggests a mix of open spaces and potential bottlenecks, emphasizing the need to explore systematically while keeping an eye out fo"
337ae3cd,reflexion_mh,MiniHack-River-Narrow-v0,47,101,E,0.0,False,"reflection=The level's layout suggests a straightforward path to the staircase, but it's essential to remain vigilant for any creatures or items that could impac"
337ae3cd,reflexion_mh,MiniHack-River-Narrow-v0,47,102,E,0.0,False,"reflection=The level's layout suggests a straightforward path to the staircase, but it's essential to remain vigilant for any creatures or items that could impac"
337ae3cd,reflexion_mh,MiniHack-River-Narrow-v0,47,103,E,0.0,False,"reflection=The level's layout suggests a straightforward path to the staircase, but it's essential to remain vigilant for any creatures or items that could impac"
337ae3cd,reflexion_mh,MiniHack-River-Narrow-v0,47,104,E,0.0,False,"reflection=The level's layout suggests a straightforward path to the staircase, but it's essential to remain vigilant for any creatures or items that could impac"
337ae3cd,reflexion_mh,MiniHack-River-Narrow-v0,47,105,E,0.0,False,"reflection=The level's layout suggests a straightforward path to the staircase, but it's essential to remain vigilant for any creatures or items that could impac"
337ae3cd,reflexion_mh,MiniHack-River-Narrow-v0,47,106,S,0.0,False,"reflection=The level's layout suggests a straightforward path to the staircase, but it's essential to remain vigilant for any creatures or items that could impac"
337ae3cd,reflexion_mh,MiniHack-River-Narrow-v0,47,107,S,0.0,False,"reflection=The level's layout suggests a straightforward path to the staircase, but it's essential to remain vigilant for any creatures or items that could impac"
337ae3cd,reflexion_mh,MiniHack-River-Narrow-v0,47,108,S,0.0,False,"reflection=The level's layout suggests a straightforward path to the staircase, but it's essential to remain vigilant for any creatures or items that could impac"
337ae3cd,reflexion_mh,MiniHack-River-Narrow-v0,47,109,S,0.0,False,"reflection=The level's layout continues to suggest a straightforward path to the staircase, with no immediate dangers observed. However, it's crucial to remain c"
337ae3cd,reflexion_mh,MiniHack-River-Narrow-v0,47,110,S,0.0,False,"reflection=The level's layout continues to suggest a straightforward path to the staircase with no immediate dangers observed, but it's essential to remain cauti"
337ae3cd,reflexion_mh,MiniHack-River-Narrow-v0,47,111,S,0.0,False,"reflection=The level's layout continues to suggest a straightforward path to the staircase with no immediate dangers observed, but it's essential to remain cauti"
337ae3cd,reflexion_mh,MiniHack-River-Narrow-v0,47,112,S,-0.01,False,"reflection=The level's layout continues to suggest a straightforward path to the staircase with no immediate dangers observed, but it's essential to remain cauti"
337ae3cd,reflexion_mh,MiniHack-River-Narrow-v0,47,113,E,0.0,False,"reflection=The level's layout continues to suggest a straightforward path, but exploring different directions may reveal hidden dangers or useful items, and it's"
337ae3cd,reflexion_mh,MiniHack-River-Narrow-v0,47,114,E,0.0,False,"reflection=The level's layout suggests a need to explore horizontally to find the staircase or other important features, and it's possible that the lava or water"
337ae3cd,reflexion_mh,MiniHack-River-Narrow-v0,47,115,N,0.0,False,"reflection=The level's layout suggests a need to explore horizontally and possibly navigate around the lava or water to the east, and it might be beneficial to m"
337ae3cd,reflexion_mh,MiniHack-River-Narrow-v0,47,116,N,0.0,False,"reflection=The level's layout suggests a need to explore horizontally and possibly navigate around the lava or water to the east, and it might be beneficial to m"
337ae3cd,reflexion_mh,MiniHack-River-Narrow-v0,47,117,N,0.0,False,"reflection=The level's layout suggests a need to explore horizontally and possibly navigate around the lava or water to the east, and it might be beneficial to m"
337ae3cd,reflexion_mh,MiniHack-River-Narrow-v0,47,118,N,0.0,False,"reflection=The level's layout suggests a need to explore horizontally and possibly navigate around the lava or water to the east, and it might be beneficial to m"
337ae3cd,reflexion_mh,MiniHack-River-Narrow-v0,47,119,W,0.0,False,"reflection=The level's layout suggests a need to explore horizontally and possibly navigate around the lava or water to the east, and it might be beneficial to m"
337ae3cd,reflexion_mh,MiniHack-River-Narrow-v0,48,0,S,0.0,False,"reflection=The level appears to have a body of water or lava to the east, and the rest of the visible area is floor. I am currently standing on the floor."
337ae3cd,reflexion_mh,MiniHack-River-Narrow-v0,48,1,N,0.0,False,"reflection=The level has a large body of water or lava to the east, and the floor extends to the north, south, and west. I need to explore the floor area to find"
337ae3cd,reflexion_mh,MiniHack-River-Narrow-v0,48,2,N,0.0,False,"reflection=The level has a large body of water or lava to the east, and the floor extends to the north, south, and west. Exploring north or west might reveal mor"
337ae3cd,reflexion_mh,MiniHack-River-Narrow-v0,48,3,W,0.0,False,"reflection=The level has a large body of water or lava to the east, and the floor extends to the north, south, and west. Exploring north or west might reveal mor"
337ae3cd,reflexion_mh,MiniHack-River-Narrow-v0,48,4,W,0.0,False,"reflection=The level has a large body of water or lava to the east, and the floor extends to the north, south, and west. Exploring west might reveal more about t"
337ae3cd,reflexion_mh,MiniHack-River-Narrow-v0,48,5,W,0.0,False,"reflection=The level has a large body of water or lava to the east, and the floor extends to the north, south, and west. Exploring west might reveal more about t"
337ae3cd,reflexion_mh,MiniHack-River-Narrow-v0,48,6,W,-0.01,False,reflection=The level's western and northern areas are accessible and could lead to important discoveries. The eastern boundary of water or lava remains a signifi
337ae3cd,reflexion_mh,MiniHack-River-Narrow-v0,48,7,S,0.0,False,"reflection=The level's western and northern areas are accessible, but the eastern boundary of water or lava remains a significant obstacle. Moving south may reve"
337ae3cd,reflexion_mh,MiniHack-River-Narrow-v0,48,8,S,0.0,False,"reflection=The level's western and northern areas are accessible, but the eastern boundary of water or lava remains a significant obstacle. Moving south may reve"
337ae3cd,reflexion_mh,MiniHack-River-Narrow-v0,48,9,S,-0.01,False,"reflection=The level's western and northern areas are accessible, but the eastern boundary of water or lava remains a significant obstacle. Moving south may reve"
337ae3cd,reflexion_mh,MiniHack-River-Narrow-v0,48,10,S,-0.01,False,"reflection=The level's southern area is still largely unexplored and may hold the key to progressing further, such as finding a way to cross the water or discove"
337ae3cd,reflexion_mh,MiniHack-River-Narrow-v0,48,11,N,0.0,False,"reflection=The level's southern boundary has been reached, indicating a need to explore northward or westward to uncover more of the level's content, such as ite"
337ae3cd,reflexion_mh,MiniHack-River-Narrow-v0,48,12,N,0.0,False,"reflection=The level's southern boundary is solid, suggesting a focus on northward or westward exploration to find stairs, items, or other features. The presence"
337ae3cd,reflexion_mh,MiniHack-River-Narrow-v0,48,13,N,0.0,False,"reflection=The level's southern boundary is solid, suggesting a focus on northward or westward exploration to find stairs, items, or other features. The presence"
337ae3cd,reflexion_mh,MiniHack-River-Narrow-v0,48,14,W,-0.01,False,"reflection=The level's southern boundary is solid, suggesting a focus on northward or westward exploration to find stairs, items, or other features. Initial move"
337ae3cd,reflexion_mh,MiniHack-River-Narrow-v0,48,15,W,-0.01,False,"reflection=The level's southern boundary is solid stone, indicating a need to focus exploration on other directions. Initial movements suggest north and west are"
337ae3cd,reflexion_mh,MiniHack-River-Narrow-v0,48,16,N,0.0,False,"reflection=The level's western boundary near the starting position is also solid stone, indicating a need to focus on northern and eastern exploration for progre"
337ae3cd,reflexion_mh,MiniHack-River-Narrow-v0,48,17,E,0.0,False,"reflection=The level's western boundary near the starting position is solid stone, and initial northern exploration did not reveal the downstairs, suggesting a n"
337ae3cd,reflexion_mh,MiniHack-River-Narrow-v0,48,18,E,0.0,False,"reflection=The level's western boundary near the starting position is solid stone, and initial northern exploration did not reveal the downstairs, suggesting a n"
337ae3cd,reflexion_mh,MiniHack-River-Narrow-v0,48,19,E,0.0,False,"reflection=The level's eastern area is accessible after moving the boulder, indicating potential for further exploration and discovery of new features or the dow"
337ae3cd,reflexion_mh,MiniHack-River-Narrow-v0,48,20,E,0.0,False,"reflection=The level's eastern area is accessible after moving the boulder, indicating potential for further exploration and discovery of new features or the dow"
337ae3cd,reflexion_mh,MiniHack-River-Narrow-v0,48,21,E,0.0,False,"reflection=The level's eastern area is accessible, and further exploration east may reveal the downstairs or additional features, but the current view is bounded"
337ae3cd,reflexion_mh,MiniHack-River-Narrow-v0,48,22,N,0.0,False,"reflection=The level's eastern area is inaccessible due to water or lava, suggesting a need to explore north, south, or west to find alternative paths or stairs."
337ae3cd,reflexion_mh,MiniHack-River-Narrow-v0,48,23,N,0.0,False,"reflection=The level's eastern area is inaccessible, suggesting a focus on north, south, or west exploration to find alternative paths or stairs, and noting that"
337ae3cd,reflexion_mh,MiniHack-River-Narrow-v0,48,24,W,0.0,False,"reflection=The level's eastern area is inaccessible, suggesting a focus on north, south, or west exploration to find alternative paths or stairs. Initial movemen"
337ae3cd,reflexion_mh,MiniHack-River-Narrow-v0,48,25,N,-0.01,False,"reflection=The level's eastern area is inaccessible due to lava or water, suggesting a focus on north, south, or west exploration to find stairs or alternative p"
337ae3cd,reflexion_mh,MiniHack-River-Narrow-v0,48,26,S,0.0,False,"reflection=The level's eastern area is inaccessible, and initial westward movement was unsuccessful. Exploring south may reveal new paths or stairs, and it's ess"
337ae3cd,reflexion_mh,MiniHack-River-Narrow-v0,48,27,S,0.0,False,"reflection=The level's eastern area is inaccessible, and initial westward movement was unsuccessful. Exploring south may reveal new paths or stairs. The area to "
337ae3cd,reflexion_mh,MiniHack-River-Narrow-v0,48,28,S,0.0,False,"reflection=The level's eastern area is inaccessible, and initial westward movement was unsuccessful. Exploring south may reveal new paths or stairs. The area to "
337ae3cd,reflexion_mh,MiniHack-River-Narrow-v0,48,29,S,0.0,False,"reflection=The level's eastern area is inaccessible, and initial westward movement was unsuccessful. Exploring south may reveal new paths or stairs. The area to "
337ae3cd,reflexion_mh,MiniHack-River-Narrow-v0,48,30,S,0.0,False,"reflection=The level's eastern area is inaccessible, and initial westward movement was unsuccessful. Exploring south has revealed a possible path and moving a bo"
337ae3cd,reflexion_mh,MiniHack-River-Narrow-v0,48,31,S,-0.01,False,"reflection=The level's southern area may contain the downstairs or other key elements, and further exploration in this direction is warranted."
337ae3cd,reflexion_mh,MiniHack-River-Narrow-v0,48,32,S,-0.01,False,"reflection=The level's southern area remains a priority for exploration, and obstacles like boulders may require alternative approaches or tools to overcome."
337ae3cd,reflexion_mh,MiniHack-River-Narrow-v0,48,33,E,0.0,False,"reflection=The level's southern area remains a priority for exploration, and obstacles like boulders may require alternative approaches or tools to overcome. Add"
337ae3cd,reflexion_mh,MiniHack-River-Narrow-v0,48,34,S,0.0,False,"reflection=The level's southern area continues to be accessible, suggesting that further exploration in this direction may yield useful discoveries or the stairc"
337ae3cd,reflexion_mh,MiniHack-River-Narrow-v0,48,35,S,-0.01,False,"reflection=The level's southern area is open and may contain important features like the staircase, so further southward exploration is warranted."
337ae3cd,reflexion_mh,MiniHack-River-Narrow-v0,48,36,S,-0.01,False,"reflection=The level's southern area is open and may contain important features like the staircase, and there's a significant body of water or lava to the east t"
337ae3cd,reflexion_mh,MiniHack-River-Narrow-v0,48,37,N,0.0,False,"reflection=The level's southern area is blocked by a wall, and initial exploration should focus on the northern and western parts of the map to uncover more feat"
337ae3cd,reflexion_mh,MiniHack-River-Narrow-v0,48,38,N,0.0,False,"reflection=The level's southern area is blocked by a wall, initial exploration should focus on the northern and western parts of the map, and moving north seems "
337ae3cd,reflexion_mh,MiniHack-River-Narrow-v0,48,39,N,0.0,False,"reflection=The level's southern area is blocked by a wall, initial exploration should focus on the northern and western parts of the map. Moving north has not ye"
337ae3cd,reflexion_mh,MiniHack-River-Narrow-v0,48,40,N,0.0,False,"reflection=The level's northern area remains unexplored, and there are no immediate obstacles or dangers in this direction, making it a priority for further expl"
337ae3cd,reflexion_mh,MiniHack-River-Narrow-v0,48,41,N,0.0,False,"reflection=The level's northern area is still unexplored, and moving north will help determine if there are any stairs, items, or creatures in that direction."
337ae3cd,reflexion_mh,MiniHack-River-Narrow-v0,48,42,N,0.0,False,"reflection=The level's northern area remains unexplored, and further northward movement may uncover stairs, items, or creatures, potentially leading to the downs"
337ae3cd,reflexion_mh,MiniHack-River-Narrow-v0,48,43,N,-0.01,False,"reflection=The level's northern area is still unexplored, and moving north may reveal significant locations or objects, including the downstairs or other points "
337ae3cd,reflexion_mh,MiniHack-River-Narrow-v0,48,44,E,0.0,False,"reflection=The level's northern area appears to be bounded by solid stone, indicating a need to explore east, west, or south to find significant locations or obj"
337ae3cd,reflexion_mh,MiniHack-River-Narrow-v0,48,45,E,0.0,False,"reflection=The level's northern boundary is solid stone, suggesting exploration should focus on eastern, western, or southern directions to uncover significant f"
337ae3cd,reflexion_mh,MiniHack-River-Narrow-v0,48,46,W,0.0,False,"reflection=The level's northern boundary is solid stone, and initial eastern exploration did not yield significant results, suggesting western or southern explor"
337ae3cd,reflexion_mh,MiniHack-River-Narrow-v0,48,47,S,0.0,False,"reflection=The level's northern boundary is solid stone, and initial eastern exploration did not yield significant results, suggesting western or southern explor"
337ae3cd,reflexion_mh,MiniHack-River-Narrow-v0,48,48,S,0.0,False,"reflection=The level's northern boundary is solid stone, and initial eastern exploration did not yield significant results. Initial southern exploration has begu"
337ae3cd,reflexion_mh,MiniHack-River-Narrow-v0,48,49,S,0.0,False,"reflection=The level's southern area is now being explored, and the removal of the boulder indicates that obstacles can be overcome with effort, potentially reve"
337ae3cd,reflexion_mh,MiniHack-River-Narrow-v0,48,50,S,0.0,False,"reflection=The level's southern area continues to be explored, and it appears that there are no immediate walls blocking the path to the south, suggesting a pote"
337ae3cd,reflexion_mh,MiniHack-River-Narrow-v0,48,51,S,0.0,False,"reflection=The level's southern area appears to be an open corridor or room, suggesting potential for finding items, stairs, or encountering creatures, and it's "
337ae3cd,reflexion_mh,MiniHack-River-Narrow-v0,48,52,S,-0.01,False,"reflection=The level's southern area appears to be an open corridor or room, suggesting potential for finding items, stairs, or encountering creatures, and it's "
337ae3cd,reflexion_mh,MiniHack-River-Narrow-v0,48,53,S,-0.01,False,"reflection=The level's southern area remains a priority for exploration. The inability to move the boulder suggests it may be either too heavy or fixed in place,"
337ae3cd,reflexion_mh,MiniHack-River-Narrow-v0,48,54,E,0.0,False,"reflection=The level's southern area is blocked, suggesting a need to explore east or west for alternative paths or clues. The boulder's immovability may indicat"
337ae3cd,reflexion_mh,MiniHack-River-Narrow-v0,48,55,W,0.0,False,"reflection=The level's southern area is blocked, suggesting a need to explore east or west for alternative paths or clues. Trying 'W' to see if it yields a new p"
337ae3cd,reflexion_mh,MiniHack-River-Narrow-v0,48,56,E,0.0,False,"reflection=The level's southern area is blocked, suggesting a need to explore east or west for alternative paths or clues. The eastern path has been partially ex"
337ae3cd,reflexion_mh,MiniHack-River-Narrow-v0,48,57,W,0.0,False,"reflection=The level's southern area is blocked, and initial exploration suggests that both eastern and western paths need to be fully explored for alternative r"
337ae3cd,reflexion_mh,MiniHack-River-Narrow-v0,48,58,N,0.0,False,"reflection=The level's southern area is blocked, initial east and west explorations didn't yield a route, so north is the next logical direction to explore for p"
337ae3cd,reflexion_mh,MiniHack-River-Narrow-v0,48,59,N,0.0,False,"reflection=The level's southern area is blocked, initial east and west explorations didn't yield a route, so north is the next logical direction to explore for p"
337ae3cd,reflexion_mh,MiniHack-River-Narrow-v0,48,60,N,0.0,False,"reflection=The level's northern area appears to be open for further exploration, which could potentially lead to finding the downstairs or other important featur"
337ae3cd,reflexion_mh,MiniHack-River-Narrow-v0,48,61,N,0.0,False,"reflection=The level's northern area is open for exploration and may contain important features such as the downstairs or items, and so far, there are no walls b"
337ae3cd,reflexion_mh,MiniHack-River-Narrow-v0,48,62,N,0.0,False,"reflection=The level's northern area is open for exploration and may contain important features such as the downstairs or items. So far, there are no walls block"
337ae3cd,reflexion_mh,MiniHack-River-Narrow-v0,48,63,N,-0.01,False,reflection=The level's northern area is open for exploration and may contain important features such as the downstairs or items. The eastern edge has a body of w
337ae3cd,reflexion_mh,MiniHack-River-Narrow-v0,48,64,N,-0.01,False,"reflection=The level's northern area remains open for exploration, and moving north will help determine if there are any boundaries or features such as the downs"
337ae3cd,reflexion_mh,MiniHack-River-Narrow-v0,48,65,E,0.0,False,"reflection=The level's northern area is bounded by a wall, so exploration should focus on other directions to uncover the layout and features of the level."
337ae3cd,reflexion_mh,MiniHack-River-Narrow-v0,48,66,E,0.0,False,"reflection=The level's northern boundary is solid, so exploration will focus on east, south, and potentially other diagonal directions to find the downstairs or "
337ae3cd,reflexion_mh,MiniHack-River-Narrow-v0,48,67,S,0.0,False,"reflection=The level's northern boundary is solid, and initial eastward exploration did not yield the downstairs, suggesting southward movement may be necessary "
337ae3cd,reflexion_mh,MiniHack-River-Narrow-v0,48,68,S,0.0,False,"reflection=The level's northern boundary is solid, and initial eastward exploration did not yield the downstairs, suggesting southward movement may be necessary "
337ae3cd,reflexion_mh,MiniHack-River-Narrow-v0,48,69,S,0.0,False,"reflection=The level's northern boundary is solid, and initial eastward exploration did not yield the downstairs, suggesting southward movement may be necessary "
337ae3cd,reflexion_mh,MiniHack-River-Narrow-v0,48,70,S,0.0,False,"reflection=The level's southern boundary has not been fully explored, and it's possible that the downstairs or other important features are located in this direc"
337ae3cd,reflexion_mh,MiniHack-River-Narrow-v0,48,71,S,0.0,False,"reflection=The level's southern boundary is still not fully explored, and continued southward movement is necessary to discover the downstairs or other important"
337ae3cd,reflexion_mh,MiniHack-River-Narrow-v0,48,72,S,0.0,False,"reflection=The level's southern boundary is still not fully explored, and continued southward movement is necessary to discover the downstairs or other important"
337ae3cd,reflexion_mh,MiniHack-River-Narrow-v0,48,73,S,-0.01,False,"reflection=The level's southern boundary is still not fully explored, and continued southward movement is necessary to discover the downstairs or other important"
337ae3cd,reflexion_mh,MiniHack-River-Narrow-v0,48,74,S,-0.01,False,"reflection=The level's southern boundary is still not fully explored, and continued southward movement is necessary to discover the downstairs or other important"
337ae3cd,reflexion_mh,MiniHack-River-Narrow-v0,48,75,E,0.0,False,"reflection=The level's southern boundary is solid stone, so I need to explore other directions to discover the layout and find the downstairs, and I should also "
337ae3cd,reflexion_mh,MiniHack-River-Narrow-v0,48,76,N,0.0,False,"reflection=The level's southern boundary is solid stone, and there's lava or water to the east, so I should explore north, west, or diagonals to discover the lay"
337ae3cd,reflexion_mh,MiniHack-River-Narrow-v0,48,77,N,0.0,False,"reflection=The level's southern boundary is solid stone, and there's lava or water to the east, so I should explore north, west, or diagonals to discover the lay"
337ae3cd,reflexion_mh,MiniHack-River-Narrow-v0,48,78,N,0.0,False,"reflection=The level's southern boundary is solid stone, and there's lava or water to the east, so I should explore north, west, or diagonals to discover the lay"
337ae3cd,reflexion_mh,MiniHack-River-Narrow-v0,48,79,N,0.0,False,"reflection=The level's southern boundary is solid stone, and there's lava or water to the east, so I should continue to explore north, west, or diagonals to disc"
337ae3cd,reflexion_mh,MiniHack-River-Narrow-v0,48,80,W,0.0,False,"reflection=The level's southern boundary is solid stone, and there's lava or water to the east, so I should continue to explore north, west, or diagonals to disc"
337ae3cd,reflexion_mh,MiniHack-River-Narrow-v0,48,81,W,0.0,False,"reflection=The level's southern and eastern boundaries are solid stone and lava or water, respectively, so exploration should focus on the northern and western a"
337ae3cd,reflexion_mh,MiniHack-River-Narrow-v0,48,82,N,0.0,False,"reflection=The level's southern and eastern boundaries are solid stone and lava or water, respectively, so exploration should focus on the northern and western a"
337ae3cd,reflexion_mh,MiniHack-River-Narrow-v0,48,83,N,0.0,False,"reflection=The level's layout suggests that the northern and western areas are the most promising for exploration, and it's crucial to avoid the lava or water to"
337ae3cd,reflexion_mh,MiniHack-River-Narrow-v0,48,84,N,-0.01,False,"reflection=The level's layout suggests that the northern and western areas are the most promising for exploration, and it's crucial to avoid the lava or water to"
337ae3cd,reflexion_mh,MiniHack-River-Narrow-v0,48,85,W,0.0,False,"reflection=The level's layout suggests that the northern and western areas are the most promising for exploration, and it's crucial to avoid the lava or water to"
337ae3cd,reflexion_mh,MiniHack-River-Narrow-v0,48,86,N,-0.01,False,"reflection=The level's layout suggests that the northern and western areas are the most promising for exploration, and it's crucial to avoid the lava or water to"
337ae3cd,reflexion_mh,MiniHack-River-Narrow-v0,48,87,N,-0.01,False,"reflection=The level's layout suggests that the northern and western areas are the most promising for exploration, and it's crucial to avoid the lava or water to"
337ae3cd,reflexion_mh,MiniHack-River-Narrow-v0,48,88,W,0.0,False,"reflection=The level's layout suggests that the northern and western areas are the most promising for exploration, and it's crucial to avoid the lava or water to"
337ae3cd,reflexion_mh,MiniHack-River-Narrow-v0,48,89,W,0.0,False,reflection=The level's layout suggests that the northern and western areas are the most promising for exploration. The presence of a '`' character on the map may
337ae3cd,reflexion_mh,MiniHack-River-Narrow-v0,48,90,W,0.0,False,"reflection=The level's western area is still unexplored and might contain useful items or the staircase, the northern area has been partially explored but the we"
337ae3cd,reflexion_mh,MiniHack-River-Narrow-v0,48,91,W,0.0,False,"reflection=The level's western area is still unexplored and might contain useful items or the staircase, the northern area has been partially explored but the we"
337ae3cd,reflexion_mh,MiniHack-River-Narrow-v0,48,92,W,0.0,False,"reflection=The western path continues to be promising as it does not immediately hit a wall, suggesting there could be more to explore or find in that direction."
337ae3cd,reflexion_mh,MiniHack-River-Narrow-v0,48,93,W,0.0,False,"reflection=The western path continues to be promising as it does not immediately hit a wall, suggesting there could be more to explore or find in that direction,"
337ae3cd,reflexion_mh,MiniHack-River-Narrow-v0,48,94,W,-0.01,False,"reflection=The western path continues to be promising as it does not immediately hit a wall, suggesting there could be more to explore or find in that direction,"
337ae3cd,reflexion_mh,MiniHack-River-Narrow-v0,48,95,W,-0.01,False,"reflection=The western path continues to be promising as it does not immediately hit a wall, suggesting there could be more to explore or find in that direction,"
337ae3cd,reflexion_mh,MiniHack-River-Narrow-v0,48,96,N,-0.01,False,"reflection=The western path is bounded by a wall, indicating a need to explore other directions. The northern path remains unexplored and appears safer compared "
337ae3cd,reflexion_mh,MiniHack-River-Narrow-v0,48,97,E,0.0,False,"reflection=The level's boundaries are more defined, with solid stone to the north and west, indicating a need to explore east or south, with a preference for eas"
337ae3cd,reflexion_mh,MiniHack-River-Narrow-v0,48,98,E,0.0,False,reflection=The level's layout suggests a preference for eastward exploration due to the absence of immediate dangers in that direction and the potential for find
337ae3cd,reflexion_mh,MiniHack-River-Narrow-v0,48,99,E,0.0,False,reflection=The level's layout suggests a preference for eastward exploration due to the absence of immediate dangers in that direction and the potential for find
337ae3cd,reflexion_mh,MiniHack-River-Narrow-v0,48,100,E,0.0,False,"reflection=The level's eastern path remains clear, suggesting that continuing in this direction may yield important discoveries such as stairs, items, or other s"
337ae3cd,reflexion_mh,MiniHack-River-Narrow-v0,48,101,E,0.0,False,"reflection=The level's eastern path continues to be a viable route for exploration, with no obstacles or threats encountered so far, suggesting that this directi"
337ae3cd,reflexion_mh,MiniHack-River-Narrow-v0,48,102,N,-0.01,False,"reflection=The level's eastern path continues to be a viable route for exploration, with no obstacles or threats encountered so far, suggesting that this directi"
337ae3cd,reflexion_mh,MiniHack-River-Narrow-v0,48,103,E,0.0,False,"reflection=The level's eastern path continues to be a viable route for exploration, with no obstacles or threats encountered, suggesting that this direction may "
337ae3cd,reflexion_mh,MiniHack-River-Narrow-v0,48,104,E,0.0,False,"reflection=The level's eastern path remains a viable route for exploration with no encountered obstacles, suggesting potential for important discoveries or progr"
337ae3cd,reflexion_mh,MiniHack-River-Narrow-v0,48,105,E,0.0,False,"reflection=The level's eastern path remains a viable route for exploration with no encountered obstacles, suggesting potential for important discoveries or progr"
337ae3cd,reflexion_mh,MiniHack-River-Narrow-v0,48,106,N,-0.01,False,"reflection=The level's eastern path remains a viable route for exploration, the southern path is likely hazardous, and the northern path is now being explored, w"
337ae3cd,reflexion_mh,MiniHack-River-Narrow-v0,48,107,N,-0.01,False,"reflection=The level's northern path continues to be explored, and its eastern section remains unobstructed, while the southern path's safety is still uncertain."
337ae3cd,reflexion_mh,MiniHack-River-Narrow-v0,48,108,S,0.0,False,"reflection=The level's northern path is blocked, and initial exploration suggests a need to explore southern or western paths for progression, with the eastern s"
337ae3cd,reflexion_mh,MiniHack-River-Narrow-v0,48,109,W,0.0,False,"reflection=The level's northern path is blocked, initial eastern exploration did not reveal stairs, and now it's time to explore the western path for potential p"
337ae3cd,reflexion_mh,MiniHack-River-Narrow-v0,48,110,W,0.0,False,"reflection=The level's northern path is blocked, initial eastern exploration did not reveal stairs, and now initial western exploration has begun to search for s"
337ae3cd,reflexion_mh,MiniHack-River-Narrow-v0,48,111,W,0.0,False,"reflection=The level's northern path is blocked, initial eastern exploration did not reveal stairs, initial western exploration has begun and continues to search"
337ae3cd,reflexion_mh,MiniHack-River-Narrow-v0,48,112,W,0.0,False,"reflection=The level's northern path is blocked, initial eastern exploration did not reveal stairs, western exploration continues with no stairs or items found y"
337ae3cd,reflexion_mh,MiniHack-River-Narrow-v0,48,113,W,0.0,False,"reflection=The level's northern path is blocked, initial eastern exploration did not reveal stairs, western exploration continues with no stairs or items found y"
337ae3cd,reflexion_mh,MiniHack-River-Narrow-v0,48,114,W,0.0,False,"reflection=The level's northern path is blocked, initial eastern exploration did not reveal stairs, western exploration continues with no stairs or items found y"
337ae3cd,reflexion_mh,MiniHack-River-Narrow-v0,48,115,W,0.0,False,"reflection=The level's northern path is blocked, initial eastern exploration did not reveal stairs, western exploration continues with no stairs or items found y"
337ae3cd,reflexion_mh,MiniHack-River-Narrow-v0,48,116,W,0.0,False,"reflection=The level's northern path is blocked, initial eastern exploration did not reveal stairs, western exploration continues with no stairs or items found y"
337ae3cd,reflexion_mh,MiniHack-River-Narrow-v0,48,117,W,-0.01,False,"reflection=The level's western edge is approaching, and the southern area remains unexplored due to the potential danger of lava or water, so the next step shoul"
337ae3cd,reflexion_mh,MiniHack-River-Narrow-v0,48,118,N,0.0,False,"reflection=The level's western edge is solid stone, and the northern area is still unexplored, which might contain stairs or useful items. The southern area rema"
337ae3cd,reflexion_mh,MiniHack-River-Narrow-v0,48,119,N,-0.01,False,"reflection=The level's western edge is solid stone, and the northern area is still unexplored and might contain stairs or useful items. The southern area remains"
337ae3cd,reflexion_mh,MiniHack-River-Narrow-v0,49,0,E,0.0,False,"reflection=The level appears to have a body of water or lava to the east and possibly some open space to the north, but more exploration is needed to understand "
337ae3cd,reflexion_mh,MiniHack-River-Narrow-v0,49,1,N,-0.01,False,"reflection=The level appears to have a body of water or lava to the east and possibly some open space to the north, with no immediate walls to the east, suggesti"
337ae3cd,reflexion_mh,MiniHack-River-Narrow-v0,49,2,E,0.0,False,"reflection=The level has a significant body of water or lava to the east, and there is open space to the north. Continuing east may reveal more about the level's"
337ae3cd,reflexion_mh,MiniHack-River-Narrow-v0,49,3,N,-0.01,False,"reflection=The level has a significant body of water or lava to the east, open space to the north, and the need to explore northward to uncover potential items, "
337ae3cd,reflexion_mh,MiniHack-River-Narrow-v0,49,4,N,-0.01,False,"reflection=The level has a significant body of water or lava to the east, open space to the north, and the need to explore northward to uncover potential items, "
337ae3cd,reflexion_mh,MiniHack-River-Narrow-v0,49,5,E,0.0,False,"reflection=The level has a significant body of water or lava to the east, open space that is bounded to the north, and the need to explore other directions to un"
337ae3cd,reflexion_mh,MiniHack-River-Narrow-v0,49,6,S,0.0,False,"reflection=The level has a significant body of water or lava to the east, open space that is bounded to the north, and the need to explore other directions to un"
337ae3cd,reflexion_mh,MiniHack-River-Narrow-v0,49,7,S,0.0,False,"reflection=The level has a significant body of water or lava to the east, open space bounded to the north, and the south direction remains to be fully explored f"
337ae3cd,reflexion_mh,MiniHack-River-Narrow-v0,49,8,S,0.0,False,"reflection=The level has a significant body of water or lava to the east, open space bounded to the north, and the south direction remains to be fully explored f"
337ae3cd,reflexion_mh,MiniHack-River-Narrow-v0,49,9,W,0.0,False,"reflection=The level has a significant body of water or lava to the east, open space bounded to the north, the south direction has some explored areas but may st"
337ae3cd,reflexion_mh,MiniHack-River-Narrow-v0,49,10,W,0.0,False,"reflection=The level has a significant body of water or lava to the east, open space bounded to the north, the south direction has some explored areas but may st"
337ae3cd,reflexion_mh,MiniHack-River-Narrow-v0,49,11,W,0.0,False,"reflection=The level has a significant body of water or lava to the east, open space bounded to the north, the south direction has some explored areas but may st"
337ae3cd,reflexion_mh,MiniHack-River-Narrow-v0,49,12,W,0.0,False,"reflection=The level's western area remains largely unexplored and could contain crucial elements for progression, such as stairs or items. The presence of lava "
337ae3cd,reflexion_mh,MiniHack-River-Narrow-v0,49,13,N,0.0,False,"reflection=The level's western area remains a priority for exploration, and moving north may offer additional insights or paths without immediate danger, conside"
337ae3cd,reflexion_mh,MiniHack-River-Narrow-v0,49,14,N,0.0,False,"reflection=The level's layout suggests that northward movement may yield more exploration opportunities, and the western area remains a priority. The presence of"
337ae3cd,reflexion_mh,MiniHack-River-Narrow-v0,49,15,N,0.0,False,"reflection=The level's layout suggests that northward movement may yield more exploration opportunities, and the western area remains a priority. The presence of"
337ae3cd,reflexion_mh,MiniHack-River-Narrow-v0,49,16,N,-0.01,False,"reflection=The level's layout suggests that northward movement may yield more exploration opportunities, and the western area remains a priority. The presence of"
337ae3cd,reflexion_mh,MiniHack-River-Narrow-v0,49,17,N,-0.01,False,"reflection=The level's layout continues to suggest that northward movement is the most promising path for exploration, with the potential to reveal stairs, rooms"
337ae3cd,reflexion_mh,MiniHack-River-Narrow-v0,49,18,E,0.0,False,"reflection=The level's layout continues to suggest that northward movement is blocked, so exploring eastward may provide insight into the level's structure and p"
337ae3cd,reflexion_mh,MiniHack-River-Narrow-v0,49,19,E,0.0,False,"reflection=The level's structure appears to be constrained, with the majority of the visible area being floor and water or lava, indicating that finding a path a"
337ae3cd,reflexion_mh,MiniHack-River-Narrow-v0,49,20,E,0.0,False,"reflection=The level's structure appears to be constrained, with the majority of the visible area being floor and water or lava, indicating that finding a path a"
337ae3cd,reflexion_mh,MiniHack-River-Narrow-v0,49,21,E,0.0,False,"reflection=The level's structure appears to be constrained, with the majority of the visible area being floor and water or lava, indicating that finding a path a"
337ae3cd,reflexion_mh,MiniHack-River-Narrow-v0,49,22,E,0.0,False,"reflection=The level's structure appears to be constrained, with the majority of the visible area being floor and water or lava. Moving east might provide more o"
337ae3cd,reflexion_mh,MiniHack-River-Narrow-v0,49,23,S,0.0,False,"reflection=The level's structure appears to be constrained, with the majority of the visible area being floor and water or lava. Moving east and now considering "
337ae3cd,reflexion_mh,MiniHack-River-Narrow-v0,49,24,S,0.0,False,"reflection=The level's structure appears to be constrained, with the majority of the visible area being floor and water or lava. Moving east and now considering "
337ae3cd,reflexion_mh,MiniHack-River-Narrow-v0,49,25,W,0.0,False,"reflection=The level's structure appears to be constrained, with the majority of the visible area being floor and water or lava. Initial exploration suggests a n"
337ae3cd,reflexion_mh,MiniHack-River-Narrow-v0,49,26,W,0.0,False,"reflection=The level's structure appears to be constrained, with the majority of the visible area being floor and water or lava. Initial exploration suggests a n"
337ae3cd,reflexion_mh,MiniHack-River-Narrow-v0,49,27,W,0.0,False,"reflection=The level's structure appears to be constrained, with the majority of the visible area being floor and water or lava. Initial exploration suggests a n"
337ae3cd,reflexion_mh,MiniHack-River-Narrow-v0,49,28,W,0.0,False,"reflection=The level's structure appears to be constrained, with the majority of the visible area being floor and water or lava. Moving west has revealed more of"
337ae3cd,reflexion_mh,MiniHack-River-Narrow-v0,49,29,W,0.0,False,"reflection=The level's structure appears to be constrained, with the majority of the visible area being floor and water or lava. Moving west has revealed more of"
337ae3cd,reflexion_mh,MiniHack-River-Narrow-v0,49,30,W,0.0,False,"reflection=The level's structure appears to be constrained, with the majority of the visible area being floor and water or lava. Moving west has revealed more of"
337ae3cd,reflexion_mh,MiniHack-River-Narrow-v0,49,31,W,0.0,False,"reflection=The level's structure appears to be constrained, with the majority of the visible area being floor and water or lava. Moving west has revealed more of"
337ae3cd,reflexion_mh,MiniHack-River-Narrow-v0,49,32,W,0.0,False,"reflection=The level's structure continues to unfold with western movement, suggesting that this direction may lead to significant features or the staircase. It'"
337ae3cd,reflexion_mh,MiniHack-River-Narrow-v0,49,33,W,0.0,False,"reflection=The level's western area appears to be open, suggesting a possible route to the staircase or other important locations. Continuing west may reveal mor"
337ae3cd,reflexion_mh,MiniHack-River-Narrow-v0,49,34,W,0.0,False,"reflection=The level's western area is open, and continuing west may reveal more of the level's structure, possibly leading to the discovery of the staircase, ro"
337ae3cd,reflexion_mh,MiniHack-River-Narrow-v0,49,35,N,0.0,False,"reflection=The level's western area is open, but it does not seem to lead to any immediate goals or obstacles, suggesting that other directions may be more fruit"
337ae3cd,reflexion_mh,MiniHack-River-Narrow-v0,49,36,E,0.0,False,reflection=The level's western area is open but does not seem to lead to any immediate goals or obstacles. The eastern direction is now being explored for potent
337ae3cd,reflexion_mh,MiniHack-River-Narrow-v0,49,37,E,0.0,False,"reflection=The level's eastern area is now the focus for exploration to uncover any significant features such as stairs, items, or enemies. The western open area"
337ae3cd,reflexion_mh,MiniHack-River-Narrow-v0,49,38,E,0.0,False,"reflection=The level's eastern area continues to be explored, with the goal of finding significant features such as stairs, items, or enemies. The current path d"
337ae3cd,reflexion_mh,MiniHack-River-Narrow-v0,49,39,E,0.0,False,"reflection=The level's eastern area is still open for exploration, and moving east does not immediately result in hitting a wall, indicating potential for furthe"
337ae3cd,reflexion_mh,MiniHack-River-Narrow-v0,49,40,E,0.0,False,"reflection=The eastern area of the level appears to be open for further exploration, and it might contain the staircase or other significant elements, so continu"
337ae3cd,reflexion_mh,MiniHack-River-Narrow-v0,49,41,E,0.0,False,reflection=The level's eastern section remains a priority for exploration due to its openness and potential for containing key elements like the staircase or ite
337ae3cd,reflexion_mh,MiniHack-River-Narrow-v0,49,42,E,0.0,False,"reflection=The level's eastern section remains a priority, and the ability to move boulders indicates potential for revealing hidden areas or paths, which could "
337ae3cd,reflexion_mh,MiniHack-River-Narrow-v0,49,43,E,0.0,False,"reflection=The level's eastern section continues to be accessible, suggesting a potential path or area of interest in this direction."
337ae3cd,reflexion_mh,MiniHack-River-Narrow-v0,49,44,E,0.0,False,"reflection=The level's eastern section continues to be accessible, and it might be worthwhile to keep exploring this path to find the downstairs or potential loo"
337ae3cd,reflexion_mh,MiniHack-River-Narrow-v0,49,45,E,0.0,False,"reflection=The level's eastern section is more extensive than initially thought, and continued exploration may yield important discoveries or the downstairs."
337ae3cd,reflexion_mh,MiniHack-River-Narrow-v0,49,46,E,0.0,False,"reflection=The level's eastern section is more extensive than initially thought, and continued exploration may yield important discoveries or the downstairs, wit"
337ae3cd,reflexion_mh,MiniHack-River-Narrow-v0,49,47,E,0.0,False,"reflection=The level's eastern section is even more open than initially thought, suggesting a potential path to the downstairs or other significant locations wit"
337ae3cd,reflexion_mh,MiniHack-River-Narrow-v0,49,48,E,0.0,False,"reflection=The level's eastern section remains open, suggesting a potential path to significant locations without immediate obstacles, but it's necessary to be c"
337ae3cd,reflexion_mh,MiniHack-River-Narrow-v0,49,49,E,0.0,False,"reflection=The level's eastern section remains open, suggesting a potential path to significant locations without immediate obstacles, and it's necessary to cont"
337ae3cd,reflexion_mh,MiniHack-River-Narrow-v0,49,50,E,0.0,False,"reflection=The level's eastern section remains open, suggesting a potential path to significant locations without immediate obstacles, and it's necessary to cont"
337ae3cd,reflexion_mh,MiniHack-River-Narrow-v0,49,51,E,0.0,False,"reflection=The consistent openness when moving east suggests a large, open area or a long corridor in this direction, which could be indicative of the level's de"
337ae3cd,reflexion_mh,MiniHack-River-Narrow-v0,49,52,S,0.0,False,"reflection=The level design includes obstacles like water that can be overcome with creative actions, such as pushing boulders. This suggests that problem-solvin"
337ae3cd,reflexion_mh,MiniHack-River-Narrow-v0,49,53,S,0.0,False,"reflection=The level design includes open spaces that can be explored freely, suggesting that scouting out the surroundings before acting is a viable strategy. T"
337ae3cd,reflexion_mh,MiniHack-River-Narrow-v0,49,54,N,0.0,False,"reflection=The level design includes open spaces that can be explored freely, suggesting that scouting out the surroundings before acting is a viable strategy. T"
337ae3cd,reflexion_mh,MiniHack-River-Narrow-v0,49,55,N,0.0,False,"reflection=The level design includes open spaces that can be explored freely, suggesting that scouting out the surroundings before acting is a viable strategy. T"
337ae3cd,reflexion_mh,MiniHack-River-Narrow-v0,49,56,N,0.0,False,"reflection=The level design includes open spaces that can be explored freely, suggesting that scouting out the surroundings before acting is a viable strategy. E"
337ae3cd,reflexion_mh,MiniHack-River-Narrow-v0,49,57,N,-0.01,False,"reflection=The level design includes open spaces that can be explored freely, suggesting that scouting out the surroundings before acting is a viable strategy. E"
337ae3cd,reflexion_mh,MiniHack-River-Narrow-v0,49,58,NW,-0.01,False,"reflection=The level design includes open spaces that can be explored freely, suggesting that scouting out the surroundings before acting is a viable strategy. E"
337ae3cd,reflexion_mh,MiniHack-River-Narrow-v0,49,59,E,0.0,False,"reflection=The level design includes open spaces and what appears to be a body of water or lava to the east, suggesting caution when moving in that direction. Ex"
337ae3cd,reflexion_mh,MiniHack-River-Narrow-v0,49,60,N,0.0,False,"reflection=The level design includes open spaces and what appears to be a body of water or lava to the east, suggesting caution when moving in that direction. Ex"
337ae3cd,reflexion_mh,MiniHack-River-Narrow-v0,49,61,N,-0.01,False,"reflection=The level design includes open spaces and what appears to be a body of water or lava to the east, suggesting caution when moving in that direction. Ex"
337ae3cd,reflexion_mh,MiniHack-River-Narrow-v0,49,62,NW,-0.01,False,"reflection=The level's design suggests that bodies of water or lava are placed to hinder direct progress, indicating the importance of careful exploration and po"
337ae3cd,reflexion_mh,MiniHack-River-Narrow-v0,49,63,E,0.0,False,"reflection=The level's design suggests that bodies of water or lava are placed to hinder direct progress, indicating the importance of careful exploration and po"
337ae3cd,reflexion_mh,MiniHack-River-Narrow-v0,49,64,N,0.0,False,"reflection=The level's design suggests that bodies of water or lava are placed to hinder direct progress, indicating the importance of careful exploration and po"
337ae3cd,reflexion_mh,MiniHack-River-Narrow-v0,49,65,N,-0.01,False,reflection=The level's design emphasizes the need for cautious movement and exploration to uncover necessary items for overcoming obstacles such as bodies of wat
337ae3cd,reflexion_mh,MiniHack-River-Narrow-v0,49,66,N,-0.01,False,reflection=The level's design emphasizes the need for cautious movement and exploration to uncover necessary items for overcoming obstacles such as bodies of wat
337ae3cd,reflexion_mh,MiniHack-River-Narrow-v0,49,67,E,0.0,False,"reflection=The level's design requires adapting to blocked paths by exploring alternative directions, emphasizing the importance of flexibility in navigation."
337ae3cd,reflexion_mh,MiniHack-River-Narrow-v0,49,68,E,0.0,False,"reflection=The level's design requires adapting to blocked paths by exploring alternative directions, emphasizing the importance of flexibility in navigation. It"
337ae3cd,reflexion_mh,MiniHack-River-Narrow-v0,49,69,E,0.0,False,"reflection=The level's design requires adapting to blocked paths by exploring alternative directions, emphasizing the importance of flexibility in navigation. Ex"
337ae3cd,reflexion_mh,MiniHack-River-Narrow-v0,49,70,S,0.0,False,"reflection=The level's design includes bodies of water or lava that need to be navigated around, highlighting the need for cautious exploration and possibly find"
337ae3cd,reflexion_mh,MiniHack-River-Narrow-v0,49,71,N,0.0,False,"reflection=The level's design includes bodies of water or lava that need to be navigated around, highlighting the need for cautious exploration and possibly find"
337ae3cd,reflexion_mh,MiniHack-River-Narrow-v0,49,72,E,0.0,False,"reflection=The level's design includes bodies of water or lava that need to be navigated around, highlighting the need for cautious exploration and possibly find"
337ae3cd,reflexion_mh,MiniHack-River-Narrow-v0,49,73,E,0.0,False,"reflection=The level's design includes bodies of water or lava that need to be navigated around, highlighting the need for cautious exploration and possibly find"
337ae3cd,reflexion_mh,MiniHack-River-Narrow-v0,49,74,E,0.0,False,"reflection=The level's design includes bodies of water or lava that need to be navigated around, highlighting the need for cautious exploration and possibly find"
337ae3cd,reflexion_mh,MiniHack-River-Narrow-v0,49,75,E,0.0,False,"reflection=The level's design includes bodies of water or lava that need to be navigated around, highlighting the need for cautious exploration and possibly find"
337ae3cd,reflexion_mh,MiniHack-River-Narrow-v0,49,76,S,0.0,False,"reflection=The level's design includes bodies of water or lava that need to be navigated around, highlighting the need for cautious exploration and possibly find"
337ae3cd,reflexion_mh,MiniHack-River-Narrow-v0,49,77,SE,0.0,False,"reflection=The level's design includes a mix of open spaces and potential hazards, emphasizing the importance of careful movement towards the goal while being pr"
337ae3cd,reflexion_mh,MiniHack-River-Narrow-v0,49,78,E,0.0,False,"reflection=The level's design seems to encourage exploration and cautious progression, with the mix of floor and potential hazards like lava or water. The presen"
337ae3cd,reflexion_mh,MiniHack-River-Narrow-v0,49,79,E,-0.01,False,"reflection=The level's design seems to encourage exploration and cautious progression, with the mix of floor and potential hazards like lava or water. The presen"
337ae3cd,reflexion_mh,MiniHack-River-Narrow-v0,49,80,E,-0.01,False,"reflection=The level's design seems to encourage exploration and cautious progression, with the mix of floor and potential hazards like lava or water. Continuing"
337ae3cd,reflexion_mh,MiniHack-River-Narrow-v0,49,81,S,0.0,False,"reflection=The level's design includes solid stone walls that can block movement, emphasizing the need to explore and find alternative paths. The presence of lav"
337ae3cd,reflexion_mh,MiniHack-River-Narrow-v0,49,82,E,-0.01,False,"reflection=The level's design includes solid stone walls that can block movement, emphasizing the need to explore and find alternative paths. The presence of lav"
337ae3cd,reflexion_mh,MiniHack-River-Narrow-v0,49,83,E,-0.01,False,"reflection=The level's design includes solid stone walls that can block movement, emphasizing the need to explore and find alternative paths. The presence of lav"
337ae3cd,reflexion_mh,MiniHack-River-Narrow-v0,49,84,N,0.0,False,"reflection=The level's design includes solid stone walls that can block movement, emphasizing the need to explore and find alternative paths. The presence of lav"
337ae3cd,reflexion_mh,MiniHack-River-Narrow-v0,49,85,N,1.0,True,"reflection=The level's design includes solid stone walls and potentially hazardous areas like lava or water, necessitating careful navigation and possibly findin"
