run_id,variant,env_id,seed,step,action,reward,done,note
7899abf8,reflexion_mh,MiniHack-River-Narrow-v0,10,0,N,0.0,False,"reflection=The level appears to have a body of water or lava to the east, and the downstairs is likely to be somewhere else. I'll need to explore to find it."
7899abf8,reflexion_mh,MiniHack-River-Narrow-v0,10,1,N,0.0,False,"reflection=The level appears to have a body of water or lava to the east, and the downstairs is likely to be somewhere else, possibly to the north, south, or wes"
7899abf8,reflexion_mh,MiniHack-River-Narrow-v0,10,2,N,0.0,False,"reflection=The level appears to have a body of water or lava to the east, and the downstairs is likely to be somewhere else, possibly to the north, south, or wes"
7899abf8,reflexion_mh,MiniHack-River-Narrow-v0,10,3,N,0.0,False,"reflection=The level appears to have a body of water or lava to the east, and the downstairs is likely to be somewhere else, possibly to the north, south, or wes"
7899abf8,reflexion_mh,MiniHack-River-Narrow-v0,10,4,N,-0.01,False,"reflection=The level appears to have a body of water or lava to the east, and the downstairs is likely to be somewhere else, possibly to the north, south, or wes"
7899abf8,reflexion_mh,MiniHack-River-Narrow-v0,10,5,N,-0.01,False,"reflection=The level appears to have a body of water or lava to the east, and the downstairs is likely to be somewhere else, possibly to the north, south, or wes"
7899abf8,reflexion_mh,MiniHack-River-Narrow-v0,10,6,S,0.0,False,"reflection=The level appears to have a body of water or lava to the east, and the downstairs is likely to be somewhere else, possibly to the north, south, or wes"
7899abf8,reflexion_mh,MiniHack-River-Narrow-v0,10,7,W,0.0,False,"reflection=The level appears to have a body of water or lava to the east, and the downstairs is likely to be somewhere else, possibly to the north, south, or wes"
7899abf8,reflexion_mh,MiniHack-River-Narrow-v0,10,8,W,0.0,False,"reflection=The level appears to have a body of water or lava to the east, and the downstairs is likely to be somewhere else, possibly to the north, south, or wes"
7899abf8,reflexion_mh,MiniHack-River-Narrow-v0,10,9,E,0.0,False,"reflection=The level appears to have a body of water or lava to the east, and the downstairs is likely to be somewhere else, possibly to the north, south, or wes"
7899abf8,reflexion_mh,MiniHack-River-Narrow-v0,10,10,S,0.0,False,"reflection=The level appears to have a body of water or lava to the east, and the downstairs is likely to be somewhere else, possibly to the north, south, or wes"
7899abf8,reflexion_mh,MiniHack-River-Narrow-v0,10,11,E,0.0,False,"reflection=The level has a body of water or lava to the east, and the downstairs is likely to be somewhere else, possibly to the north, south, or west. Moving th"
7899abf8,reflexion_mh,MiniHack-River-Narrow-v0,10,12,E,0.0,False,"reflection=The level has a body of water or lava to the east, and the downstairs is likely to be somewhere else, possibly to the north, south, or west. Exploring"
7899abf8,reflexion_mh,MiniHack-River-Narrow-v0,10,13,N,0.0,False,"reflection=The level has a body of water or lava to the east, and exploring north may reveal the location of the downstairs or additional paths, while also avoid"
7899abf8,reflexion_mh,MiniHack-River-Narrow-v0,10,14,N,0.0,False,"reflection=The level has a body of water or lava to the east, and exploring north may reveal the location of the downstairs or additional paths. The area to the "
7899abf8,reflexion_mh,MiniHack-River-Narrow-v0,10,15,N,-0.01,False,"reflection=The level has a body of water or lava to the east, and exploring north may reveal the location of the downstairs or additional paths. Moving north wil"
7899abf8,reflexion_mh,MiniHack-River-Narrow-v0,10,16,N,-0.01,False,"reflection=The level has a body of water or lava to the east, and initial exploration north has not yet revealed the location of the downstairs, additional paths"
7899abf8,reflexion_mh,MiniHack-River-Narrow-v0,10,17,SE,0.0,False,"reflection=The level has a body of water or lava to the east, and initial exploration north has revealed a wall, suggesting the need to explore sideways or downw"
7899abf8,reflexion_mh,MiniHack-River-Narrow-v0,10,18,W,0.0,False,"reflection=The level has a body of water or lava to the east, and initial exploration north has revealed a wall, suggesting the need to explore sideways or downw"
7899abf8,reflexion_mh,MiniHack-River-Narrow-v0,10,19,W,0.0,False,"reflection=The level has a body of water or lava to the east, and initial exploration north has revealed a wall. Exploring west is necessary to uncover more of t"
7899abf8,reflexion_mh,MiniHack-River-Narrow-v0,10,20,W,0.0,False,"reflection=The level has a body of water or lava to the east, and initial exploration north has revealed a wall. Exploring west is necessary to uncover more of t"
7899abf8,reflexion_mh,MiniHack-River-Narrow-v0,10,21,W,0.0,False,"reflection=The level has a body of water or lava to the east, and initial exploration north has revealed a wall. Exploring west is necessary to uncover more of t"
7899abf8,reflexion_mh,MiniHack-River-Narrow-v0,10,22,W,0.0,False,"reflection=The level's western boundary has not been found, and there are no obstacles or features of note in the immediate western area, suggesting the level ma"
7899abf8,reflexion_mh,MiniHack-River-Narrow-v0,10,23,W,0.0,False,"reflection=The level's western boundary has still not been found, and the successful movement of the boulder suggests that there may be more interactive elements"
7899abf8,reflexion_mh,MiniHack-River-Narrow-v0,10,24,W,0.0,False,"reflection=The level's western boundary remains unexplored, and the presence of lava or water to the east and south suggests that the western direction may be th"
7899abf8,reflexion_mh,MiniHack-River-Narrow-v0,10,25,W,0.0,False,"reflection=The level's western boundary is still unexplored and might contain stairs or important features, while the eastern and southern parts are bounded by l"
7899abf8,reflexion_mh,MiniHack-River-Narrow-v0,10,26,W,0.0,False,reflection=The level's western boundary is still largely unexplored and could contain stairs or other significant features. The current position allows for furth
7899abf8,reflexion_mh,MiniHack-River-Narrow-v0,10,27,W,0.0,False,reflection=The level's western boundary is still largely unexplored and could contain stairs or other significant features. Continuing westward exploration may r
7899abf8,reflexion_mh,MiniHack-River-Narrow-v0,10,28,W,0.0,False,reflection=The level's western boundary remains a priority for exploration due to its potential for containing stairs or other significant features. The lack of 
7899abf8,reflexion_mh,MiniHack-River-Narrow-v0,10,29,W,0.0,False,"reflection=The level's western area appears to be open, suggesting further exploration in this direction may yield important discoveries or necessary paths forwa"
7899abf8,reflexion_mh,MiniHack-River-Narrow-v0,10,30,W,-0.01,False,"reflection=The level's western area remains open, suggesting potential for discovery of stairs, items, or other significant elements with continued westward expl"
7899abf8,reflexion_mh,MiniHack-River-Narrow-v0,10,31,W,-0.01,False,"reflection=The level's western area remains open, suggesting potential for discovery of stairs, items, or other significant elements with continued westward expl"
7899abf8,reflexion_mh,MiniHack-River-Narrow-v0,10,32,N,0.0,False,"reflection=The western boundary of the level has been reached, and it's blocked. Further exploration in other directions, particularly north, may yield stairs, i"
7899abf8,reflexion_mh,MiniHack-River-Narrow-v0,10,33,N,-0.01,False,"reflection=The level's western edge is bounded, suggesting a focus on northward exploration for progression. The presence of lava or water (}) to the east may in"
7899abf8,reflexion_mh,MiniHack-River-Narrow-v0,10,34,N,-0.01,False,"reflection=The level's western edge is bounded, suggesting a focus on northward exploration for progression. The presence of lava or water to the east may indica"
7899abf8,reflexion_mh,MiniHack-River-Narrow-v0,10,35,E,0.0,False,"reflection=The level's western edge is bounded, and moving north is blocked by a wall, suggesting a need to explore eastward to find progression or points of int"
7899abf8,reflexion_mh,MiniHack-River-Narrow-v0,10,36,E,0.0,False,"reflection=The level's boundaries and blockages suggest that eastward exploration is necessary to uncover potential paths, items, or staircases, and it's crucial"
7899abf8,reflexion_mh,MiniHack-River-Narrow-v0,10,37,E,0.0,False,"reflection=The level's design so far suggests that exploration in the eastern direction may yield important discoveries, and it's essential to continue mapping t"
7899abf8,reflexion_mh,MiniHack-River-Narrow-v0,10,38,E,0.0,False,"reflection=The level's design so far suggests that exploration in the eastern direction may yield important discoveries, and it's essential to continue mapping t"
7899abf8,reflexion_mh,MiniHack-River-Narrow-v0,10,39,E,0.0,False,"reflection=The level's design so far suggests that exploration in the eastern direction may yield important discoveries, and it's essential to continue mapping t"
7899abf8,reflexion_mh,MiniHack-River-Narrow-v0,10,40,E,0.0,False,"reflection=The level's design so far suggests that exploration in the eastern direction may yield important discoveries, and it's essential to continue mapping t"
7899abf8,reflexion_mh,MiniHack-River-Narrow-v0,10,41,S,0.0,False,"reflection=The level's design so far suggests that exploration in the eastern direction may yield important discoveries, and it's essential to continue mapping t"
7899abf8,reflexion_mh,MiniHack-River-Narrow-v0,10,42,N,0.0,False,"reflection=The level's design so far suggests that exploration in the eastern direction may yield important discoveries, and it's essential to continue mapping t"
7899abf8,reflexion_mh,MiniHack-River-Narrow-v0,10,43,N,-0.01,False,"reflection=The level's design so far suggests that exploration in the eastern direction may yield important discoveries, and it's essential to continue mapping t"
7899abf8,reflexion_mh,MiniHack-River-Narrow-v0,10,44,N,-0.01,False,"reflection=The level's design suggests that exploration in directions other than east may yield important discoveries, and it's essential to continue mapping the"
7899abf8,reflexion_mh,MiniHack-River-Narrow-v0,10,45,W,0.0,False,"reflection=The level's design suggests that exploration in directions other than east may yield important discoveries, and it's essential to continue mapping the"
7899abf8,reflexion_mh,MiniHack-River-Narrow-v0,10,46,W,0.0,False,"reflection=The level's design suggests that exploration in directions other than east may yield important discoveries, and it's essential to continue mapping the"
7899abf8,reflexion_mh,MiniHack-River-Narrow-v0,10,47,W,0.0,False,"reflection=The level's design suggests that exploration in directions other than east may yield important discoveries, and it's essential to continue mapping the"
7899abf8,reflexion_mh,MiniHack-River-Narrow-v0,10,48,N,-0.01,False,"reflection=The level's design suggests that exploration in directions other than east may yield important discoveries, and it's essential to continue mapping the"
7899abf8,reflexion_mh,MiniHack-River-Narrow-v0,10,49,S,0.0,False,"reflection=The level's design suggests that exploration in directions other than east may yield important discoveries, and it's essential to continue mapping the"
7899abf8,reflexion_mh,MiniHack-River-Narrow-v0,10,50,E,0.0,False,"reflection=The level's design suggests that exploration in directions other than east may yield important discoveries, and it's essential to continue mapping the"
7899abf8,reflexion_mh,MiniHack-River-Narrow-v0,10,51,E,0.0,False,"reflection=The level's design suggests that exploration in directions other than east may yield important discoveries, and it's essential to continue mapping the"
7899abf8,reflexion_mh,MiniHack-River-Narrow-v0,10,52,E,0.0,False,"reflection=The level's design suggests that exploration in directions other than east may yield important discoveries, and it's essential to continue mapping the"
7899abf8,reflexion_mh,MiniHack-River-Narrow-v0,10,53,E,0.0,False,"reflection=The level's design suggests that exploration in directions other than east may yield important discoveries, and it's essential to continue mapping the"
7899abf8,reflexion_mh,MiniHack-River-Narrow-v0,10,54,E,0.0,False,"reflection=The level's design suggests that exploration in directions other than east may yield important discoveries, and it's essential to continue mapping the"
7899abf8,reflexion_mh,MiniHack-River-Narrow-v0,10,55,E,0.0,False,"reflection=The level's design suggests that exploration in directions other than east may yield important discoveries, and it's essential to continue mapping the"
7899abf8,reflexion_mh,MiniHack-River-Narrow-v0,10,56,E,0.0,False,"reflection=The level's design suggests that exploration in directions other than east may yield important discoveries, and it's essential to continue mapping the"
7899abf8,reflexion_mh,MiniHack-River-Narrow-v0,10,57,E,0.0,False,"reflection=The level's design suggests that exploration in directions other than east may yield important discoveries, and it's essential to continue mapping the"
7899abf8,reflexion_mh,MiniHack-River-Narrow-v0,10,58,N,0.0,False,"reflection=The level's design suggests that exploration in multiple directions is necessary to understand its layout, and trying different paths may lead to the "
7899abf8,reflexion_mh,MiniHack-River-Narrow-v0,10,59,N,-0.01,False,"reflection=The level's design suggests that exploration in multiple directions is necessary, and northward exploration has been fruitful so far, indicating that "
7899abf8,reflexion_mh,MiniHack-River-Narrow-v0,10,60,N,-0.01,False,"reflection=The level's design suggests that exploration in multiple directions is necessary, and northward exploration has been fruitful so far, indicating that "
7899abf8,reflexion_mh,MiniHack-River-Narrow-v0,10,61,E,0.0,False,"reflection=The level's design suggests that exploration in multiple directions is necessary, and northward exploration has been fruitful so far, indicating that "
7899abf8,reflexion_mh,MiniHack-River-Narrow-v0,10,62,N,-0.01,False,"reflection=The level's design suggests that exploration in multiple directions is necessary, and northward exploration has yielded results, indicating potential "
7899abf8,reflexion_mh,MiniHack-River-Narrow-v0,10,63,NE,-0.01,False,"reflection=The level's design suggests prioritizing northward exploration for potential staircase access, while also considering diagonal movements for better si"
7899abf8,reflexion_mh,MiniHack-River-Narrow-v0,10,64,N,-0.01,False,"reflection=The level's design suggests prioritizing northward exploration for potential staircase access, and it's also important to test each direction to under"
7899abf8,reflexion_mh,MiniHack-River-Narrow-v0,10,65,S,0.0,False,"reflection=The level's design suggests that there are walls to the north and northeast from the current position, indicating a need to explore south, east, west,"
7899abf8,reflexion_mh,MiniHack-River-Narrow-v0,10,66,S,0.0,False,"reflection=The level's design suggests that there are walls to the north and northeast from the current position, indicating a need to explore south, east, west,"
7899abf8,reflexion_mh,MiniHack-River-Narrow-v0,10,67,SW,0.0,False,"reflection=The level's design suggests that there are walls to the north and northeast from the current position, and exploring southwest might reveal the stairc"
7899abf8,reflexion_mh,MiniHack-River-Narrow-v0,10,68,SW,0.0,False,"reflection=The level's design suggests that there are walls to the north and northeast, and exploring southwest might reveal the staircase or additional features"
7899abf8,reflexion_mh,MiniHack-River-Narrow-v0,10,69,SW,0.0,False,"reflection=The level's design suggests that there are walls to the north and northeast, and exploring southwest might reveal the staircase or additional features"
7899abf8,reflexion_mh,MiniHack-River-Narrow-v0,10,70,SW,0.0,False,"reflection=The level's design suggests that exploring southwest might reveal the staircase or additional features, and it's necessary to continue in this directi"
7899abf8,reflexion_mh,MiniHack-River-Narrow-v0,10,71,N,0.0,False,"reflection=The level's design suggests a potential need to explore in multiple directions to uncover all features, and the lack of change in the southwest direct"
7899abf8,reflexion_mh,MiniHack-River-Narrow-v0,10,72,NW,0.0,False,"reflection=The level's design suggests a potential need to explore in multiple directions to uncover all features, and the lack of change in the southwest direct"
7899abf8,reflexion_mh,MiniHack-River-Narrow-v0,10,73,NE,0.0,False,"reflection=The level's design suggests a potential need to explore in multiple directions to uncover all features, and trying northeast or northwest could reveal"
7899abf8,reflexion_mh,MiniHack-River-Narrow-v0,10,74,NE,0.0,False,"reflection=The level's design suggests a potential need to explore in multiple directions to uncover all features, and trying northeast or northwest could reveal"
7899abf8,reflexion_mh,MiniHack-River-Narrow-v0,10,75,SE,0.0,False,"reflection=The level's design suggests a potential need to explore in multiple directions to uncover all features, and trying southeast could reveal new areas or"
7899abf8,reflexion_mh,MiniHack-River-Narrow-v0,10,76,S,0.0,False,"reflection=The level's design suggests that key features like the downstairs can be found by exploring in the direction they are visible, and moving directly tow"
7899abf8,reflexion_mh,MiniHack-River-Narrow-v0,10,77,E,0.0,False,"reflection=The level's design suggests that key features like the downstairs can be found by exploring in the direction they are visible, and moving directly tow"
7899abf8,reflexion_mh,MiniHack-River-Narrow-v0,10,78,E,0.0,False,"reflection=The level's design suggests that key features like the downstairs can be found by exploring in the direction they are visible, and moving directly tow"
7899abf8,reflexion_mh,MiniHack-River-Narrow-v0,10,79,W,0.0,False,"reflection=The level's design suggests that key features like the downstairs can be found by exploring in the direction they are visible, and moving directly tow"
7899abf8,reflexion_mh,MiniHack-River-Narrow-v0,10,80,E,0.0,False,"reflection=The level's design suggests that key features like the downstairs can be found by exploring in the direction they are visible, and moving directly tow"
7899abf8,reflexion_mh,MiniHack-River-Narrow-v0,10,81,N,0.0,False,"reflection=The level's design suggests that key features like the downstairs can be found by exploring in the direction they are visible, and moving directly tow"
7899abf8,reflexion_mh,MiniHack-River-Narrow-v0,10,82,S,0.0,False,"reflection=The level's design suggests that key features like the downstairs can be found by exploring in the direction they are visible, and moving directly tow"
7899abf8,reflexion_mh,MiniHack-River-Narrow-v0,10,83,E,0.0,False,"reflection=The level's design suggests that key features like the downstairs can be found by exploring in the direction they are visible, and moving directly tow"
7899abf8,reflexion_mh,MiniHack-River-Narrow-v0,10,84,W,0.0,False,"reflection=The level's design suggests that key features like the downstairs can be found by exploring in the direction they are visible, and moving directly tow"
7899abf8,reflexion_mh,MiniHack-River-Narrow-v0,10,85,W,0.0,False,"reflection=The level's design suggests that key features like the downstairs can be found by exploring in the direction they are visible, and moving directly tow"
7899abf8,reflexion_mh,MiniHack-River-Narrow-v0,10,86,E,0.0,False,"reflection=The level's design suggests that key features like the downstairs can be found by exploring in the direction they are visible, and moving directly tow"
7899abf8,reflexion_mh,MiniHack-River-Narrow-v0,10,87,N,0.0,False,"reflection=The level's design suggests that key features like the downstairs can be found by exploring in different directions, and it's essential to try various"
7899abf8,reflexion_mh,MiniHack-River-Narrow-v0,10,88,NE,0.0,False,"reflection=The level's design suggests that key features like the downstairs can be found by exploring in different directions, including diagonals, and it's ess"
7899abf8,reflexion_mh,MiniHack-River-Narrow-v0,10,89,SE,0.0,False,"reflection=The level's design suggests that key features like the downstairs can be found by exploring in different directions, including diagonals, and it's ess"
7899abf8,reflexion_mh,MiniHack-River-Narrow-v0,10,90,SW,0.0,False,"reflection=The level's design suggests that exploring in different directions, including diagonals, is crucial. Noting that 'N', 'E', 'W', 'NE', and 'SE' have be"
7899abf8,reflexion_mh,MiniHack-River-Narrow-v0,10,91,NW,0.0,False,reflection=The level's design requires systematic exploration of all eight directions to uncover its layout and find the staircase or other important features.
7899abf8,reflexion_mh,MiniHack-River-Narrow-v0,10,92,NE,0.0,False,"reflection=The level's design requires careful observation of the map to avoid obstacles like lava or water, and exploring in a systematic way helps to ensure al"
7899abf8,reflexion_mh,MiniHack-River-Narrow-v0,10,93,E,0.0,False,"reflection=The level's design requires careful observation of the map to avoid obstacles like lava or water, and exploring in a systematic way helps to ensure al"
7899abf8,reflexion_mh,MiniHack-River-Narrow-v0,10,94,E,0.0,False,"reflection=The level's design requires careful observation of the map to avoid obstacles like lava or water, and exploring in a systematic way helps to ensure al"
7899abf8,reflexion_mh,MiniHack-River-Narrow-v0,10,95,E,0.0,False,"reflection=The level's design requires careful observation of the map to avoid obstacles like lava or water, and exploring in a systematic way helps to ensure al"
7899abf8,reflexion_mh,MiniHack-River-Narrow-v0,10,96,E,0.0,False,"reflection=The level's design requires careful observation of the map to avoid obstacles like lava or water, and exploring in a systematic way helps to ensure al"
7899abf8,reflexion_mh,MiniHack-River-Narrow-v0,10,97,N,0.0,False,"reflection=The level's design requires careful observation of the map to avoid obstacles like lava or water, and exploring in a systematic way helps to ensure al"
7899abf8,reflexion_mh,MiniHack-River-Narrow-v0,10,98,N,0.0,False,"reflection=The level's design requires careful observation of the map to avoid obstacles like lava or water, and exploring in a systematic way helps to ensure al"
7899abf8,reflexion_mh,MiniHack-River-Narrow-v0,10,99,N,0.0,False,"reflection=The level's design requires careful observation of the map to avoid obstacles like lava or water, and exploring in a systematic way helps to ensure al"
7899abf8,reflexion_mh,MiniHack-River-Narrow-v0,10,100,N,0.0,False,"reflection=The level's design requires careful observation of the map to avoid obstacles like lava or water, and exploring in a systematic way helps to ensure al"
7899abf8,reflexion_mh,MiniHack-River-Narrow-v0,10,101,S,0.0,False,"reflection=The level's design requires careful observation of the map to avoid obstacles like lava or water, and exploring in a systematic way helps to ensure al"
7899abf8,reflexion_mh,MiniHack-River-Narrow-v0,10,102,N,0.0,False,"reflection=The level's design requires careful observation of the map to avoid obstacles like lava or water, and exploring in a systematic way helps to ensure al"
7899abf8,reflexion_mh,MiniHack-River-Narrow-v0,10,103,E,0.0,False,"reflection=The level's design requires careful observation of the map to avoid obstacles like lava or water, and exploring in a systematic way helps to ensure al"
7899abf8,reflexion_mh,MiniHack-River-Narrow-v0,10,104,W,0.0,False,"reflection=The level's design requires careful observation of the map to avoid obstacles like lava or water, and exploring in a systematic way helps to ensure al"
7899abf8,reflexion_mh,MiniHack-River-Narrow-v0,10,105,E,0.0,False,"reflection=The level's design requires careful observation of the map to avoid obstacles like lava or water, and exploring in a systematic way helps to ensure al"
7899abf8,reflexion_mh,MiniHack-River-Narrow-v0,10,106,N,0.0,False,"reflection=The level's design requires careful observation of the map to avoid obstacles like lava or water, and exploring in a systematic way helps to ensure al"
7899abf8,reflexion_mh,MiniHack-River-Narrow-v0,10,107,E,0.0,False,"reflection=The level's design requires careful observation of the map to avoid obstacles like lava or water, and exploring in a systematic way helps to ensure al"
7899abf8,reflexion_mh,MiniHack-River-Narrow-v0,10,108,N,0.0,False,"reflection=The level's design requires careful observation of the map to avoid obstacles like lava or water, and exploring in a systematic way helps to ensure al"
7899abf8,reflexion_mh,MiniHack-River-Narrow-v0,10,109,E,0.0,False,"reflection=The level's design requires careful observation of the map to avoid obstacles like lava or water, and exploring in a systematic way helps to ensure al"
7899abf8,reflexion_mh,MiniHack-River-Narrow-v0,10,110,S,0.0,False,"reflection=The level's design requires careful observation of the map to avoid obstacles like lava or water, and exploring in a systematic way helps to ensure al"
7899abf8,reflexion_mh,MiniHack-River-Narrow-v0,10,111,N,0.0,False,"reflection=The level's design requires careful observation of the map to avoid obstacles like lava or water, and exploring in a systematic way helps to ensure al"
7899abf8,reflexion_mh,MiniHack-River-Narrow-v0,10,112,E,0.0,False,"reflection=The level's design requires careful observation of the map to avoid obstacles like lava or water, and exploring in a systematic way helps to ensure al"
7899abf8,reflexion_mh,MiniHack-River-Narrow-v0,10,113,E,0.0,False,"reflection=The level's design requires careful observation of the map to avoid obstacles like lava or water, and exploring in a systematic way helps to ensure al"
7899abf8,reflexion_mh,MiniHack-River-Narrow-v0,10,114,S,0.0,False,"reflection=The level's design requires careful observation of the map to avoid obstacles like lava or water, and exploring in a systematic way helps to ensure al"
7899abf8,reflexion_mh,MiniHack-River-Narrow-v0,10,115,E,0.0,False,reflection=The level's design emphasizes exploration and cautious movement. The absence of immediate threats like lava or water in all directions means I should 
7899abf8,reflexion_mh,MiniHack-River-Narrow-v0,10,116,N,0.0,False,reflection=The level's design emphasizes exploration and cautious movement. The absence of immediate threats like lava or water in all directions means I should 
7899abf8,reflexion_mh,MiniHack-River-Narrow-v0,10,117,E,0.0,False,reflection=The level's design emphasizes exploration and cautious movement. The absence of immediate threats like lava or water in all directions means I should 
7899abf8,reflexion_mh,MiniHack-River-Narrow-v0,10,118,E,0.0,False,"reflection=The level's design emphasizes exploration and cautious movement, and it's crucial to prioritize movement based on the map's layout, avoiding known obs"
7899abf8,reflexion_mh,MiniHack-River-Narrow-v0,10,119,E,0.0,False,"reflection=The level's design emphasizes exploration and cautious movement. Noting that moving east (E) previously did not result in hitting a wall, it's reasona"
7899abf8,reflexion_mh,MiniHack-River-Narrow-v0,11,0,E,0.0,False,"reflection=The level seems to have a body of water (}) to the east, and the floor (. ) is the primary terrain feature. I'll need to be cautious of the water as I"
7899abf8,reflexion_mh,MiniHack-River-Narrow-v0,11,1,E,0.0,False,"reflection=The level seems to have a body of water (}) to the east, and the floor (. ) is the primary terrain feature. I've moved east once without issue, sugges"
7899abf8,reflexion_mh,MiniHack-River-Narrow-v0,11,2,S,0.0,False,"reflection=The level seems to have a body of water to the east, and the floor is the primary terrain feature. Moving east twice was successful, suggesting more f"
7899abf8,reflexion_mh,MiniHack-River-Narrow-v0,11,3,S,0.0,False,"reflection=The level seems to have a body of water to the east, and the floor is the primary terrain feature. Moving east twice was successful, and moving south "
7899abf8,reflexion_mh,MiniHack-River-Narrow-v0,11,4,S,0.0,False,"reflection=The level seems to have a body of water to the east, and the floor is the primary terrain feature. Moving east twice and moving south twice was succes"
7899abf8,reflexion_mh,MiniHack-River-Narrow-v0,11,5,E,0.0,False,"reflection=The level seems to have a significant amount of floor space to the south and east, with a body of water to the east. No walls have been hit yet when m"
7899abf8,reflexion_mh,MiniHack-River-Narrow-v0,11,6,S,0.0,False,"reflection=The level seems to have a significant amount of floor space to the south and east, with a body of water to the east. No walls have been hit yet when m"
7899abf8,reflexion_mh,MiniHack-River-Narrow-v0,11,7,S,-0.01,False,"reflection=The level seems to have a substantial open area to the south and east, with no walls encountered in these directions so far. Continuing south may reve"
7899abf8,reflexion_mh,MiniHack-River-Narrow-v0,11,8,S,-0.01,False,"reflection=The level's open area to the south and east continues, suggesting a large room or chamber; continuing to explore south may lead to finding stairs, ite"
7899abf8,reflexion_mh,MiniHack-River-Narrow-v0,11,9,W,0.0,False,"reflection=The level's open area to the south and east continues, but there's a boundary to the south; exploring west or northwest may lead to finding stairs, it"
7899abf8,reflexion_mh,MiniHack-River-Narrow-v0,11,10,NW,0.0,False,"reflection=The level's open area to the south and east continues, but there's a boundary to the south; exploring west or northwest may lead to finding stairs, it"
7899abf8,reflexion_mh,MiniHack-River-Narrow-v0,11,11,NW,0.0,False,"reflection=The level's layout suggests a possible larger open space or additional rooms to the northwest, which could contain important items or the staircase to"
7899abf8,reflexion_mh,MiniHack-River-Narrow-v0,11,12,NW,0.0,False,"reflection=The level's layout suggests a possible larger open space or additional rooms to the northwest, which could contain important items or the staircase to"
7899abf8,reflexion_mh,MiniHack-River-Narrow-v0,11,13,NW,0.0,False,"reflection=The level's layout suggests a possible larger open space or additional rooms to the northwest, which could contain important items or the staircase to"
7899abf8,reflexion_mh,MiniHack-River-Narrow-v0,11,14,N,0.0,False,"reflection=The level's layout suggests a possible larger open space or additional rooms to the northwest, and exploring north may provide more insight into the l"
7899abf8,reflexion_mh,MiniHack-River-Narrow-v0,11,15,NW,0.0,False,"reflection=The level's layout suggests a possible larger open space or additional rooms to the northwest, and exploring north may provide more insight into the l"
7899abf8,reflexion_mh,MiniHack-River-Narrow-v0,11,16,N,-0.01,False,"reflection=The level's openness to the north suggests potential for finding the staircase or other key features without immediate danger, supporting the decision"
7899abf8,reflexion_mh,MiniHack-River-Narrow-v0,11,17,N,-0.01,False,"reflection=The level's openness to the north suggests a potential path to important locations without immediate obstacles, supporting further northward explorati"
7899abf8,reflexion_mh,MiniHack-River-Narrow-v0,11,18,E,0.0,False,"reflection=The level's openness to the north is blocked, suggesting that eastward exploration may yield alternative routes or significant features."
7899abf8,reflexion_mh,MiniHack-River-Narrow-v0,11,19,E,0.0,False,"reflection=The level's openness to the north is blocked, suggesting that eastward exploration may yield alternative routes or significant features. Initial attem"
7899abf8,reflexion_mh,MiniHack-River-Narrow-v0,11,20,E,0.0,False,"reflection=The level's eastern area remains unexplored and may contain stairs, items, or alternative routes, making it a priority for further investigation."
7899abf8,reflexion_mh,MiniHack-River-Narrow-v0,11,21,E,0.0,False,"reflection=The level's eastern area is still a priority for exploration, and moving east from the current position does not immediately hit a wall, suggesting th"
7899abf8,reflexion_mh,MiniHack-River-Narrow-v0,11,22,E,0.0,False,"reflection=The level's eastern area is still a priority for exploration, and moving east from the current position does not immediately hit a wall, suggesting th"
7899abf8,reflexion_mh,MiniHack-River-Narrow-v0,11,23,E,0.0,False,"reflection=The level's eastern area is still a priority for exploration, and since moving east from the current position does not immediately hit a wall, it sugg"
7899abf8,reflexion_mh,MiniHack-River-Narrow-v0,11,24,E,0.0,False,"reflection=The eastern area of the level appears to be more open, suggesting potential for finding stairs, items, or other important features, and it's necessary"
7899abf8,reflexion_mh,MiniHack-River-Narrow-v0,11,25,E,0.0,False,"reflection=The eastern area of the level is more open, which could indicate the presence of stairs, items, or other significant features, and continuing in this "
7899abf8,reflexion_mh,MiniHack-River-Narrow-v0,11,26,E,0.0,False,"reflection=The eastern area of the level is more open, which could indicate the presence of stairs, items, or other significant features, and continuing in this "
7899abf8,reflexion_mh,MiniHack-River-Narrow-v0,11,27,E,0.0,False,"reflection=The eastern area of the level continues to be more open, suggesting a potential path or significant features in this direction, and it's worth explori"
7899abf8,reflexion_mh,MiniHack-River-Narrow-v0,11,28,E,0.0,False,"reflection=The eastern area of the level continues to be more open, suggesting a potential path or significant features in this direction. Since moving east has "
7899abf8,reflexion_mh,MiniHack-River-Narrow-v0,11,29,E,0.0,False,"reflection=The eastern path continues to be open, suggesting potential for important discoveries or the staircase, but it's also important to be prepared to chan"
7899abf8,reflexion_mh,MiniHack-River-Narrow-v0,11,30,E,0.0,False,"reflection=The level seems to have a significant amount of open space to the east, suggesting that important locations like the staircase or treasure might be fo"
7899abf8,reflexion_mh,MiniHack-River-Narrow-v0,11,31,E,0.0,False,"reflection=The level's eastern area remains largely unexplored and could contain crucial elements for progression, such as the staircase down or valuable items, "
7899abf8,reflexion_mh,MiniHack-River-Narrow-v0,11,32,E,0.0,False,"reflection=The level's eastern area remains a priority for exploration, with the potential for discovering the staircase down or valuable items, and it appears t"
7899abf8,reflexion_mh,MiniHack-River-Narrow-v0,11,33,E,0.0,False,"reflection=The level's eastern area remains a priority for exploration. Given the lack of obstacles, moving east is the current best strategy. The presence of la"
7899abf8,reflexion_mh,MiniHack-River-Narrow-v0,11,34,E,0.0,False,reflection=The level's eastern area remains a priority for exploration. The presence of lava or water to the east and southeast suggests caution may be needed in
7899abf8,reflexion_mh,MiniHack-River-Narrow-v0,11,35,E,0.0,False,reflection=The level's eastern area remains a priority for exploration. The presence of lava or water to the east and southeast suggests caution may be needed in
7899abf8,reflexion_mh,MiniHack-River-Narrow-v0,11,36,E,0.0,False,reflection=The level's eastern area remains a priority for exploration. The presence of lava or water to the east and southeast suggests caution may be needed in
7899abf8,reflexion_mh,MiniHack-River-Narrow-v0,11,37,E,0.0,False,reflection=The level's eastern area continues to be a priority for exploration. The fact that moving east has not yet encountered any obstacles or dangers sugges
7899abf8,reflexion_mh,MiniHack-River-Narrow-v0,11,38,E,0.0,False,reflection=The level's eastern area remains a priority for exploration. The absence of obstacles or dangers when moving east suggests this path may continue to b
7899abf8,reflexion_mh,MiniHack-River-Narrow-v0,11,39,E,0.0,False,reflection=The level's eastern area continues to be a priority for exploration. The presence of water to the west suggests that moving east may be the best optio
7899abf8,reflexion_mh,MiniHack-River-Narrow-v0,11,40,N,-0.01,False,"reflection=The level's eastern area remains a priority, but it's possible that a direct eastern path might not be immediately available or visible. Exploring oth"
7899abf8,reflexion_mh,MiniHack-River-Narrow-v0,11,41,N,-0.01,False,"reflection=The level's design includes solid stone barriers that may require finding alternative routes, possibly indicating the need to explore all directions t"
7899abf8,reflexion_mh,MiniHack-River-Narrow-v0,11,42,S,0.0,False,"reflection=The level's design includes solid stone barriers that may require finding alternative routes, possibly indicating the need to explore all directions t"
7899abf8,reflexion_mh,MiniHack-River-Narrow-v0,11,43,W,0.0,False,"reflection=The level's design includes solid stone barriers that may require finding alternative routes, possibly indicating the need to explore all directions t"
7899abf8,reflexion_mh,MiniHack-River-Narrow-v0,11,44,W,0.0,False,"reflection=The level's design includes solid stone barriers and bodies of lava or water that may require finding alternative routes, possibly indicating the need"
7899abf8,reflexion_mh,MiniHack-River-Narrow-v0,11,45,W,0.0,False,"reflection=The level's design includes solid stone barriers and bodies of lava or water that may require finding alternative routes, possibly indicating the need"
7899abf8,reflexion_mh,MiniHack-River-Narrow-v0,11,46,W,0.0,False,"reflection=The level's design includes solid stone barriers and bodies of lava or water that may require finding alternative routes, possibly indicating the need"
7899abf8,reflexion_mh,MiniHack-River-Narrow-v0,11,47,W,0.0,False,"reflection=The level's design includes open areas and potential paths in certain directions, indicating the importance of exploring all possible routes before de"
7899abf8,reflexion_mh,MiniHack-River-Narrow-v0,11,48,W,0.0,False,"reflection=The level's design encourages exploration in multiple directions, and the western path, in particular, seems to offer a way forward without immediate "
7899abf8,reflexion_mh,MiniHack-River-Narrow-v0,11,49,W,0.0,False,"reflection=The level's design encourages exploration in multiple directions, and the western path, in particular, seems to offer a way forward without immediate "
7899abf8,reflexion_mh,MiniHack-River-Narrow-v0,11,50,W,0.0,False,"reflection=The level's design encourages exploration in multiple directions, and the western path continues to offer a way forward without immediate obstacles, r"
7899abf8,reflexion_mh,MiniHack-River-Narrow-v0,11,51,E,0.0,False,"reflection=The level's design encourages exploration in multiple directions, and exploring different paths can reveal new information about the level's layout an"
7899abf8,reflexion_mh,MiniHack-River-Narrow-v0,11,52,S,0.0,False,"reflection=The level's design encourages exploration in multiple directions, and exploring different paths can reveal new information about the level's layout an"
7899abf8,reflexion_mh,MiniHack-River-Narrow-v0,11,53,E,0.0,False,reflection=The level's open design around the starting point suggests that initial exploration should focus on expanding the known area to find key features like
7899abf8,reflexion_mh,MiniHack-River-Narrow-v0,11,54,E,0.0,False,reflection=The level's open design around the starting point suggests that initial exploration should focus on expanding the known area to find key features like
7899abf8,reflexion_mh,MiniHack-River-Narrow-v0,11,55,N,0.0,False,reflection=The level's open design around the starting point suggests that initial exploration should focus on expanding the known area to find key features like
7899abf8,reflexion_mh,MiniHack-River-Narrow-v0,11,56,NE,0.0,False,reflection=The level's open design around the starting point suggests that initial exploration should focus on expanding the known area to find key features like
7899abf8,reflexion_mh,MiniHack-River-Narrow-v0,11,57,NE,-0.01,False,reflection=The level's open design around the starting point suggests that initial exploration should focus on expanding the known area to find key features like
7899abf8,reflexion_mh,MiniHack-River-Narrow-v0,11,58,NE,-0.01,False,reflection=The level's open design around the starting point suggests that initial exploration should focus on expanding the known area to find key features like
7899abf8,reflexion_mh,MiniHack-River-Narrow-v0,11,59,NW,-0.01,False,reflection=The level's open design around the starting point suggests that initial exploration should focus on expanding the known area to find key features like
7899abf8,reflexion_mh,MiniHack-River-Narrow-v0,11,60,SE,0.0,False,reflection=The level's open design around the starting point suggests that initial exploration should focus on expanding the known area to find key features like
7899abf8,reflexion_mh,MiniHack-River-Narrow-v0,11,61,SE,0.0,False,reflection=The level's open design around the starting point suggests that initial exploration should focus on expanding the known area to find key features like
7899abf8,reflexion_mh,MiniHack-River-Narrow-v0,11,62,SE,0.0,False,reflection=The level's open design around the starting point suggests that initial exploration should focus on expanding the known area to find key features like
7899abf8,reflexion_mh,MiniHack-River-Narrow-v0,11,63,SE,0.0,False,reflection=The level's open design around the starting point suggests that initial exploration should focus on expanding the known area to find key features like
7899abf8,reflexion_mh,MiniHack-River-Narrow-v0,11,64,S,0.0,False,reflection=The level's open design around the starting point suggests that initial exploration should focus on expanding the known area to find key features like
7899abf8,reflexion_mh,MiniHack-River-Narrow-v0,11,65,E,0.0,False,reflection=The level's open design around the starting point suggests that initial exploration should focus on expanding the known area to find key features like
7899abf8,reflexion_mh,MiniHack-River-Narrow-v0,11,66,E,0.0,False,reflection=The level's open design around the starting point suggests that initial exploration should focus on expanding the known area to find key features like
7899abf8,reflexion_mh,MiniHack-River-Narrow-v0,11,67,E,0.0,False,reflection=The level's open design around the starting point suggests that initial exploration should focus on expanding the known area to find key features like
7899abf8,reflexion_mh,MiniHack-River-Narrow-v0,11,68,N,0.0,False,reflection=The level's design seems to encourage exploration in multiple directions early on. The lack of immediate walls in various directions suggests a potent
7899abf8,reflexion_mh,MiniHack-River-Narrow-v0,11,69,NW,0.0,False,"reflection=The level's design seems to encourage exploration in multiple directions early on, with an emphasis on discovering new paths and areas. The lack of im"
7899abf8,reflexion_mh,MiniHack-River-Narrow-v0,11,70,N,0.0,False,"reflection=The level's design seems to encourage exploration in multiple directions early on. Given the recent movements, it appears that the north direction mig"
7899abf8,reflexion_mh,MiniHack-River-Narrow-v0,11,71,N,-0.01,False,"reflection=The level's design seems to encourage exploration in multiple directions early on, and moving north has been fruitful so far, suggesting that continue"
7899abf8,reflexion_mh,MiniHack-River-Narrow-v0,11,72,N,-0.01,False,"reflection=The level's design seems to encourage exploration in multiple directions early on, and moving north has been fruitful so far, suggesting that continue"
7899abf8,reflexion_mh,MiniHack-River-Narrow-v0,11,73,E,0.0,False,"reflection=The level's design seems to encourage exploration in multiple directions early on, and moving north has been fruitful so far, but now it's necessary t"
7899abf8,reflexion_mh,MiniHack-River-Narrow-v0,11,74,E,0.0,False,"reflection=The level's design includes bodies of water or lava that can block progression, requiring exploration in other directions to find the path forward. Th"
7899abf8,reflexion_mh,MiniHack-River-Narrow-v0,11,75,E,0.0,False,"reflection=The level's design includes open spaces that allow for movement in multiple directions, suggesting that exploration in different directions can reveal"
7899abf8,reflexion_mh,MiniHack-River-Narrow-v0,11,76,S,0.0,False,"reflection=The level's design includes open spaces that allow for movement in multiple directions, suggesting that exploration in different directions can reveal"
7899abf8,reflexion_mh,MiniHack-River-Narrow-v0,11,77,E,0.0,False,"reflection=The level's design includes open spaces that allow for movement in multiple directions, suggesting that exploration in different directions can reveal"
7899abf8,reflexion_mh,MiniHack-River-Narrow-v0,11,78,E,0.0,False,"reflection=The level's design includes open spaces that allow for movement in multiple directions, suggesting that exploration in different directions can reveal"
7899abf8,reflexion_mh,MiniHack-River-Narrow-v0,11,79,N,0.0,False,"reflection=The level's design includes open spaces that allow for movement in multiple directions, suggesting that exploration in different directions can reveal"
7899abf8,reflexion_mh,MiniHack-River-Narrow-v0,11,80,NW,-0.01,False,"reflection=The level's design includes open spaces that allow for movement in multiple directions, suggesting that exploration in different directions can reveal"
7899abf8,reflexion_mh,MiniHack-River-Narrow-v0,11,81,NW,-0.01,False,"reflection=The level's design includes open spaces that allow for movement in multiple directions, suggesting that exploration in different directions can reveal"
7899abf8,reflexion_mh,MiniHack-River-Narrow-v0,11,82,S,0.0,False,"reflection=The level's design includes open spaces that allow for movement in multiple directions, suggesting that exploration in different directions can reveal"
7899abf8,reflexion_mh,MiniHack-River-Narrow-v0,11,83,N,0.0,False,"reflection=The level's design includes open spaces that allow for movement in multiple directions, suggesting that exploration in different directions can reveal"
7899abf8,reflexion_mh,MiniHack-River-Narrow-v0,11,84,N,-0.01,False,"reflection=The level's design includes open spaces that allow for movement in multiple directions, suggesting that exploration in different directions can reveal"
7899abf8,reflexion_mh,MiniHack-River-Narrow-v0,11,85,N,-0.01,False,"reflection=The level's design includes open spaces that allow for movement in multiple directions, suggesting that exploration in different directions can reveal"
7899abf8,reflexion_mh,MiniHack-River-Narrow-v0,11,86,E,0.0,False,"reflection=The level's design includes open spaces that allow for movement in multiple directions, suggesting that exploration in different directions can reveal"
7899abf8,reflexion_mh,MiniHack-River-Narrow-v0,11,87,S,0.0,False,"reflection=The level's design includes open spaces and potential hazards like lava or water, requiring cautious exploration. The absence of change in the view wh"
7899abf8,reflexion_mh,MiniHack-River-Narrow-v0,11,88,S,0.0,False,"reflection=The level's design includes open spaces and potential hazards like lava or water, requiring cautious exploration. Exploring south may yield necessary "
7899abf8,reflexion_mh,MiniHack-River-Narrow-v0,11,89,S,0.0,False,"reflection=The level's design includes open spaces and potential hazards like lava or water, requiring cautious exploration. Exploring south may yield necessary "
7899abf8,reflexion_mh,MiniHack-River-Narrow-v0,11,90,S,0.0,False,"reflection=The level's design includes open spaces and potential hazards like lava or water, requiring cautious exploration. Exploring south may yield necessary "
7899abf8,reflexion_mh,MiniHack-River-Narrow-v0,11,91,S,0.0,False,"reflection=The level's design includes open spaces and potential hazards like lava or water, requiring cautious exploration. Exploring south may yield necessary "
7899abf8,reflexion_mh,MiniHack-River-Narrow-v0,11,92,S,-0.01,False,"reflection=The level's design includes open spaces and potential hazards like lava or water, requiring cautious exploration. Exploring south may yield necessary "
7899abf8,reflexion_mh,MiniHack-River-Narrow-v0,11,93,S,-0.01,False,"reflection=The level's design includes open spaces and potential hazards like lava or water, requiring cautious exploration. Exploring south may yield necessary "
7899abf8,reflexion_mh,MiniHack-River-Narrow-v0,11,94,E,0.0,False,"reflection=The level's design includes solid stone walls that can block movement, emphasizing the need to explore and map the area carefully to avoid getting stu"
7899abf8,reflexion_mh,MiniHack-River-Narrow-v0,11,95,N,0.0,False,"reflection=The level's design includes solid stone walls that can block movement, emphasizing the need to explore and map the area carefully to avoid getting stu"
7899abf8,reflexion_mh,MiniHack-River-Narrow-v0,11,96,N,0.0,False,"reflection=The level's design includes solid stone walls that can block movement, emphasizing the need to explore and map the area carefully to avoid getting stu"
7899abf8,reflexion_mh,MiniHack-River-Narrow-v0,11,97,E,0.0,False,"reflection=The level's design includes solid stone walls that can block movement, emphasizing the need to explore and map the area carefully to avoid getting stu"
7899abf8,reflexion_mh,MiniHack-River-Narrow-v0,11,98,N,0.0,False,"reflection=The level's design includes solid stone walls that can block movement, emphasizing the need to explore and map the area carefully to avoid getting stu"
7899abf8,reflexion_mh,MiniHack-River-Narrow-v0,11,99,E,0.0,False,"reflection=The level's design includes solid stone walls that can block movement, emphasizing the need to explore and map the area carefully to avoid getting stu"
7899abf8,reflexion_mh,MiniHack-River-Narrow-v0,11,100,W,0.0,False,"reflection=The level's design includes open spaces that allow for multiple paths of exploration, indicating that a systematic approach to movement might be less "
7899abf8,reflexion_mh,MiniHack-River-Narrow-v0,11,101,E,0.0,False,"reflection=The level's design includes open spaces that allow for multiple paths of exploration, indicating that a systematic approach to movement might be less "
7899abf8,reflexion_mh,MiniHack-River-Narrow-v0,11,102,E,0.0,False,reflection=The level's openness and lack of immediate threats or objectives imply that initial exploration should focus on discovering notable features such as s
7899abf8,reflexion_mh,MiniHack-River-Narrow-v0,11,103,S,0.0,False,reflection=The level's openness and lack of immediate threats or objectives imply that initial exploration should focus on discovering notable features such as s
7899abf8,reflexion_mh,MiniHack-River-Narrow-v0,11,104,NE,0.0,False,"reflection=The level's openness and the absence of walls in the current view suggest that there might be more open space to explore, potentially with items or st"
7899abf8,reflexion_mh,MiniHack-River-Narrow-v0,11,105,N,0.0,False,"reflection=The level's openness and lack of immediate threats suggest a focus on exploration to uncover its layout, potential items, and the location of staircas"
7899abf8,reflexion_mh,MiniHack-River-Narrow-v0,11,106,N,0.0,False,"reflection=The level's design, with its visible openness to the north, suggests that initial exploration should focus on uncovering its northern reaches, potenti"
7899abf8,reflexion_mh,MiniHack-River-Narrow-v0,11,107,N,0.0,False,"reflection=The level's northern area remains unexplored, and given the lack of walls reported when attempting to move north, it's reasonable to assume that furth"
7899abf8,reflexion_mh,MiniHack-River-Narrow-v0,11,108,N,-0.01,False,"reflection=The level's northern area is likely to contain important features or pathways given the absence of walls in this direction, suggesting a potential rou"
7899abf8,reflexion_mh,MiniHack-River-Narrow-v0,11,109,W,0.0,False,"reflection=The level's northern area is likely to contain important features or pathways, and the eastern area is hazardous due to the presence of lava or water."
7899abf8,reflexion_mh,MiniHack-River-Narrow-v0,11,110,E,0.0,False,"reflection=The level's northern area is likely to contain important features or pathways, and the eastern area is hazardous due to the presence of lava or water."
7899abf8,reflexion_mh,MiniHack-River-Narrow-v0,11,111,E,0.0,False,"reflection=The level's northern area is likely to contain important features or pathways, and the eastern area is hazardous due to the presence of lava or water."
7899abf8,reflexion_mh,MiniHack-River-Narrow-v0,11,112,N,-0.01,False,"reflection=The level's northern area is likely to contain important features or pathways. The eastern area is hazardous, and the western and southern areas are s"
7899abf8,reflexion_mh,MiniHack-River-Narrow-v0,11,113,W,0.0,False,"reflection=The level's northern boundary has been reached, indicating that significant features or pathways may lie in other directions. The western and southern"
7899abf8,reflexion_mh,MiniHack-River-Narrow-v0,11,114,S,0.0,False,"reflection=The level's northern boundary has been reached, indicating that significant features or pathways may lie in other directions. The western and southern"
7899abf8,reflexion_mh,MiniHack-River-Narrow-v0,11,115,S,0.0,False,"reflection=The level's northern boundary has been reached, indicating that significant features or pathways may lie in other directions. The western and southern"
7899abf8,reflexion_mh,MiniHack-River-Narrow-v0,11,116,S,0.0,False,"reflection=The level's northern boundary has been reached, indicating that significant features or pathways may lie in other directions. The western and southern"
7899abf8,reflexion_mh,MiniHack-River-Narrow-v0,11,117,W,0.0,False,"reflection=The level's northern boundary has been reached, indicating that significant features or pathways may lie in other directions. The western and southern"
7899abf8,reflexion_mh,MiniHack-River-Narrow-v0,11,118,W,0.0,False,"reflection=The level's northern boundary has been reached, indicating that significant features or pathways may lie in other directions. The western and southern"
7899abf8,reflexion_mh,MiniHack-River-Narrow-v0,11,119,W,0.0,False,reflection=The level's western and southern areas remain unexplored and could potentially contain important elements or exits. The eastern area seems to be bound
7899abf8,reflexion_mh,MiniHack-River-Narrow-v0,12,0,NW,0.0,False,"reflection=The level seems to have a body of water (}) to the east and possibly some open space to the north, west, and south. I need to be cautious of the water"
7899abf8,reflexion_mh,MiniHack-River-Narrow-v0,12,1,N,-0.01,False,"reflection=The level seems to have a body of water to the east and possibly some open space to the north, west, and south. I need to be cautious of the water as "
7899abf8,reflexion_mh,MiniHack-River-Narrow-v0,12,2,W,0.0,False,"reflection=The level seems to have a body of water to the east and possibly some open space to the north, west, and south. I need to be cautious of the water as "
7899abf8,reflexion_mh,MiniHack-River-Narrow-v0,12,3,W,0.0,False,"reflection=The level seems to have a body of water to the east and possibly some open space to the north, west, and south. I need to be cautious of the water as "
7899abf8,reflexion_mh,MiniHack-River-Narrow-v0,12,4,S,0.0,False,"reflection=The level seems to have a body of water to the east and possibly some open space to the north, west, and south. I need to be cautious of the water as "
7899abf8,reflexion_mh,MiniHack-River-Narrow-v0,12,5,S,0.0,False,"reflection=The level seems to have a body of water to the east and possibly some open space to the north, west, and south. Exploring the northern and western dir"
7899abf8,reflexion_mh,MiniHack-River-Narrow-v0,12,6,E,0.0,False,"reflection=The level has a body of water to the east, and exploring the southern direction did not reveal a path, so now I'm trying the eastern direction to find"
7899abf8,reflexion_mh,MiniHack-River-Narrow-v0,12,7,E,0.0,False,"reflection=The level has a body of water to the east, and initial exploration suggests that moving directly south from the starting position does not yield a pat"
7899abf8,reflexion_mh,MiniHack-River-Narrow-v0,12,8,E,0.0,False,"reflection=The level has a body of water to the east, and initial exploration suggests that moving directly south from the starting position does not yield a pat"
7899abf8,reflexion_mh,MiniHack-River-Narrow-v0,12,9,E,0.0,False,"reflection=The level has a body of water to the east, and initial exploration suggests that moving directly south from the starting position does not yield a pat"
7899abf8,reflexion_mh,MiniHack-River-Narrow-v0,12,10,E,0.0,False,"reflection=The level has a body of water to the east, and initial exploration suggests that moving directly south from the starting position does not yield a pat"
7899abf8,reflexion_mh,MiniHack-River-Narrow-v0,12,11,E,0.0,False,"reflection=The level has a body of water to the east, and initial exploration suggests that moving directly south from the starting position does not yield a pat"
7899abf8,reflexion_mh,MiniHack-River-Narrow-v0,12,12,E,0.0,False,"reflection=The level's eastern part seems to be the most promising for exploration, given the presence of water and the lack of progress to the south. Continuing"
7899abf8,reflexion_mh,MiniHack-River-Narrow-v0,12,13,E,0.0,False,"reflection=The level's eastern part continues to be the most promising for exploration, and it's possible that there may be items, paths, or other features of in"
7899abf8,reflexion_mh,MiniHack-River-Narrow-v0,12,14,E,0.0,False,"reflection=The level's eastern part continues to be explorable, and it's possible that there may be items, paths, or other features of interest in this direction"
7899abf8,reflexion_mh,MiniHack-River-Narrow-v0,12,15,E,0.0,False,"reflection=The level's eastern part continues to be explorable without encountering any walls, suggesting a potentially open area or a corridor that extends furt"
7899abf8,reflexion_mh,MiniHack-River-Narrow-v0,12,16,E,0.0,False,"reflection=The level's eastern part continues to be explorable without encountering any walls, suggesting a potentially open area or a corridor that extends furt"
7899abf8,reflexion_mh,MiniHack-River-Narrow-v0,12,17,E,0.0,False,"reflection=The level's eastern part continues to be explorable without encountering any walls, suggesting a potentially open area or a corridor that extends furt"
7899abf8,reflexion_mh,MiniHack-River-Narrow-v0,12,18,E,0.0,False,"reflection=The level's eastern part continues to be explorable without encountering any walls, suggesting a potentially open area or a corridor that extends furt"
7899abf8,reflexion_mh,MiniHack-River-Narrow-v0,12,19,E,0.0,False,"reflection=The level's eastern part continues to be explorable without encountering any walls, suggesting a potentially open area or a corridor that extends furt"
7899abf8,reflexion_mh,MiniHack-River-Narrow-v0,12,20,N,0.0,False,"reflection=The level's eastern part is open, but exploring other directions may reveal more about the level's structure and goals, such as the location of the st"
7899abf8,reflexion_mh,MiniHack-River-Narrow-v0,12,21,N,0.0,False,"reflection=The level's eastern part is open, but the staircase is likely in another direction, possibly requiring exploration of the northern, southern, or weste"
7899abf8,reflexion_mh,MiniHack-River-Narrow-v0,12,22,N,0.0,False,"reflection=The level's eastern part is open, but the staircase is likely in another direction, possibly requiring exploration of the northern, southern, or weste"
7899abf8,reflexion_mh,MiniHack-River-Narrow-v0,12,23,N,-0.01,False,"reflection=The level's eastern part is open, but the staircase is likely in another direction. Exploring north further might reveal more of the level's layout, a"
7899abf8,reflexion_mh,MiniHack-River-Narrow-v0,12,24,N,-0.01,False,"reflection=The level's eastern part is open, but the staircase is likely in another direction, possibly to the north or west. Exploring north further might revea"
7899abf8,reflexion_mh,MiniHack-River-Narrow-v0,12,25,W,0.0,False,"reflection=The level's northern boundary has been reached, indicating a need to explore other directions. The western direction is now a priority for exploration"
7899abf8,reflexion_mh,MiniHack-River-Narrow-v0,12,26,W,0.0,False,"reflection=The level's northern boundary has been reached, and initial western exploration has begun to uncover more of the level's layout and find the staircase"
7899abf8,reflexion_mh,MiniHack-River-Narrow-v0,12,27,W,0.0,False,"reflection=The level's northern boundary has been reached, and initial western exploration has begun to uncover more of the level's layout and find the staircase"
7899abf8,reflexion_mh,MiniHack-River-Narrow-v0,12,28,W,0.0,False,"reflection=The level's northern boundary has been reached, and initial western exploration has begun to uncover more of the level's layout and find the staircase"
7899abf8,reflexion_mh,MiniHack-River-Narrow-v0,12,29,W,0.0,False,"reflection=The level's northern boundary has been reached, and initial western exploration has begun to uncover more of the level's layout and find the staircase"
7899abf8,reflexion_mh,MiniHack-River-Narrow-v0,12,30,S,0.0,False,"reflection=The level's northern boundary has been reached, and initial western exploration has begun to uncover more of the level's layout and find the staircase"
7899abf8,reflexion_mh,MiniHack-River-Narrow-v0,12,31,E,0.0,False,"reflection=The level's northern boundary is lava or water, and western exploration has been exhausted, so eastern exploration is the next step to find the stairc"
7899abf8,reflexion_mh,MiniHack-River-Narrow-v0,12,32,E,0.0,False,"reflection=The level's eastern area is still unexplored and may contain the staircase or other important features, and the lava or water to the north limits move"
7899abf8,reflexion_mh,MiniHack-River-Narrow-v0,12,33,E,0.0,False,"reflection=The level's eastern area is still unexplored and may contain the staircase or other important features, and the lava or water to the north limits move"
7899abf8,reflexion_mh,MiniHack-River-Narrow-v0,12,34,E,0.0,False,"reflection=The level's eastern area is still being explored, and it may contain the staircase or other important features. The presence of lava or water to the n"
7899abf8,reflexion_mh,MiniHack-River-Narrow-v0,12,35,E,-0.01,False,"reflection=The level's eastern area is still being explored, and it may contain the staircase or other important features. The presence of lava or water to the n"
7899abf8,reflexion_mh,MiniHack-River-Narrow-v0,12,36,E,-0.01,False,"reflection=The level's eastern area is still being explored, and it may contain the staircase or other important features. The presence of lava or water to the n"
7899abf8,reflexion_mh,MiniHack-River-Narrow-v0,12,37,S,1.0,True,"reflection=The level's eastern boundary has been reached, and further exploration in that direction is not possible from this location. The southern path is now "
7899abf8,reflexion_mh,MiniHack-River-Narrow-v0,13,0,E,0.0,False,"reflection=The level appears to have a body of water or lava to the east and possibly to the south, which could limit my movement. I need to find a path that all"
7899abf8,reflexion_mh,MiniHack-River-Narrow-v0,13,1,N,0.0,False,"reflection=The level appears to have a body of water or lava to the east and possibly to the south, which could limit my movement. I need to find a path that all"
7899abf8,reflexion_mh,MiniHack-River-Narrow-v0,13,2,N,0.0,False,"reflection=The level's water or lava to the east and possibly south limits movement in those directions, making north a priority for exploration to find a safer "
7899abf8,reflexion_mh,MiniHack-River-Narrow-v0,13,3,N,0.0,False,"reflection=The level's water or lava to the east and possibly south limits movement in those directions, making north a priority for exploration to find a safer "
7899abf8,reflexion_mh,MiniHack-River-Narrow-v0,13,4,N,-0.01,False,"reflection=The level's layout suggests a priority on exploring northward to avoid the lava or water, and so far, no walls have been encountered in this direction"
7899abf8,reflexion_mh,MiniHack-River-Narrow-v0,13,5,N,-0.01,False,"reflection=The level's layout continues to suggest that northward exploration is a viable path, and we have not yet encountered any obstacles or features that wo"
7899abf8,reflexion_mh,MiniHack-River-Narrow-v0,13,6,E,0.0,False,"reflection=The level's layout suggests that northward exploration is blocked, so we need to consider alternative paths, possibly east or west, to find a way down"
7899abf8,reflexion_mh,MiniHack-River-Narrow-v0,13,7,E,0.0,False,"reflection=The level's layout suggests that northward exploration is blocked, so we need to consider alternative paths, possibly east or west, to find a way down"
7899abf8,reflexion_mh,MiniHack-River-Narrow-v0,13,8,W,0.0,False,"reflection=The level's layout suggests that northward exploration is blocked, so we need to consider alternative paths, possibly east or west, to find a way down"
7899abf8,reflexion_mh,MiniHack-River-Narrow-v0,13,9,W,0.0,False,"reflection=The level's layout suggests that exploration should focus on finding a path around the blocked north area, possibly uncovering a staircase or other im"
7899abf8,reflexion_mh,MiniHack-River-Narrow-v0,13,10,W,0.0,False,"reflection=The level's layout suggests that exploration should focus on finding a path around the blocked north area, possibly uncovering a staircase or other im"
7899abf8,reflexion_mh,MiniHack-River-Narrow-v0,13,11,W,0.0,False,"reflection=The level's layout suggests that exploration should focus on finding a path around the blocked north area, possibly uncovering a staircase or other im"
7899abf8,reflexion_mh,MiniHack-River-Narrow-v0,13,12,W,0.0,False,"reflection=The level's layout suggests that exploration should focus on finding a path around the blocked north area, possibly uncovering a staircase or other im"
7899abf8,reflexion_mh,MiniHack-River-Narrow-v0,13,13,W,0.0,False,"reflection=The level's layout suggests that exploration should focus on finding a path around the blocked north area, possibly uncovering a staircase or other im"
7899abf8,reflexion_mh,MiniHack-River-Narrow-v0,13,14,W,0.0,False,"reflection=The level's layout suggests that exploration should focus on finding a path around the blocked north area, possibly uncovering a staircase or other im"
7899abf8,reflexion_mh,MiniHack-River-Narrow-v0,13,15,W,0.0,False,"reflection=The level's layout suggests that exploration should focus on finding a path around the blocked north area, possibly uncovering a staircase or other im"
7899abf8,reflexion_mh,MiniHack-River-Narrow-v0,13,16,E,0.0,False,"reflection=The level's layout suggests that exploration should focus on finding a path around the blocked north area, possibly uncovering a staircase or other im"
7899abf8,reflexion_mh,MiniHack-River-Narrow-v0,13,17,E,0.0,False,"reflection=The level's layout suggests that exploration should focus on finding a path around the blocked north area, possibly uncovering a staircase or other im"
7899abf8,reflexion_mh,MiniHack-River-Narrow-v0,13,18,S,0.0,False,"reflection=The level's layout suggests that exploration should focus on finding a path around the blocked north area, possibly uncovering a staircase or other im"
7899abf8,reflexion_mh,MiniHack-River-Narrow-v0,13,19,S,0.0,False,"reflection=The level's layout suggests that exploration should focus on finding a path around the blocked north area, possibly uncovering a staircase or other im"
7899abf8,reflexion_mh,MiniHack-River-Narrow-v0,13,20,S,0.0,False,"reflection=The level's layout suggests that exploration should focus on finding a path around the blocked north area, possibly uncovering a staircase or other im"
7899abf8,reflexion_mh,MiniHack-River-Narrow-v0,13,21,S,0.0,False,"reflection=The level's layout suggests that exploration should focus on finding a path around the blocked north area, possibly uncovering a staircase or other im"
7899abf8,reflexion_mh,MiniHack-River-Narrow-v0,13,22,E,0.0,False,"reflection=The level's layout suggests that exploration should focus on finding a path around the blocked north area, possibly uncovering a staircase or other im"
7899abf8,reflexion_mh,MiniHack-River-Narrow-v0,13,23,N,0.0,False,"reflection=The level's layout suggests that exploration should focus on finding a path around the blocked areas, and moving in different directions systematicall"
7899abf8,reflexion_mh,MiniHack-River-Narrow-v0,13,24,N,0.0,False,"reflection=The level's layout suggests that exploration should focus on finding a path around the blocked areas, and moving in different directions systematicall"
7899abf8,reflexion_mh,MiniHack-River-Narrow-v0,13,25,N,0.0,False,"reflection=The level's layout suggests a need to systematically explore in different directions, prioritizing northward movement to uncover potential paths or st"
7899abf8,reflexion_mh,MiniHack-River-Narrow-v0,13,26,N,0.0,False,"reflection=The level's layout suggests a need to systematically explore in different directions, prioritizing northward movement to uncover potential paths or st"
7899abf8,reflexion_mh,MiniHack-River-Narrow-v0,13,27,N,-0.01,False,"reflection=The level's layout suggests a need to systematically explore in different directions, prioritizing northward movement to uncover potential paths or st"
7899abf8,reflexion_mh,MiniHack-River-Narrow-v0,13,28,N,-0.01,False,"reflection=The level's layout suggests a need to systematically explore in different directions, prioritizing northward movement to uncover potential paths or st"
7899abf8,reflexion_mh,MiniHack-River-Narrow-v0,13,29,W,0.0,False,"reflection=The level's layout suggests a need to systematically explore in different directions, prioritizing movements that could uncover potential paths or sta"
7899abf8,reflexion_mh,MiniHack-River-Narrow-v0,13,30,NW,-0.01,False,"reflection=The level's layout suggests a need to systematically explore in different directions, prioritizing movements that could uncover potential paths or sta"
7899abf8,reflexion_mh,MiniHack-River-Narrow-v0,13,31,NW,-0.01,False,"reflection=The level's layout suggests a need to systematically explore in different directions, prioritizing movements that could uncover potential paths or sta"
7899abf8,reflexion_mh,MiniHack-River-Narrow-v0,13,32,N,-0.01,False,"reflection=The level's layout suggests a need to systematically explore in different directions, prioritizing movements that could uncover potential paths or sta"
7899abf8,reflexion_mh,MiniHack-River-Narrow-v0,13,33,E,0.0,False,"reflection=The level's design indicates that there are solid stone walls limiting movement in certain directions, necessitating a methodical exploration approach"
7899abf8,reflexion_mh,MiniHack-River-Narrow-v0,13,34,E,0.0,False,"reflection=The level's design indicates that there are solid stone walls limiting movement in certain directions, necessitating a methodical exploration approach"
7899abf8,reflexion_mh,MiniHack-River-Narrow-v0,13,35,E,0.0,False,"reflection=The level's design indicates that there are solid stone walls limiting movement in certain directions, necessitating a methodical exploration approach"
7899abf8,reflexion_mh,MiniHack-River-Narrow-v0,13,36,E,0.0,False,"reflection=The level's design indicates that there are solid stone walls limiting movement in certain directions, necessitating a methodical exploration approach"
7899abf8,reflexion_mh,MiniHack-River-Narrow-v0,13,37,E,0.0,False,"reflection=The level's design indicates that there are solid stone walls limiting movement in certain directions, necessitating a methodical exploration approach"
7899abf8,reflexion_mh,MiniHack-River-Narrow-v0,13,38,E,0.0,False,"reflection=The level's design indicates that there are solid stone walls limiting movement in certain directions, necessitating a methodical exploration approach"
7899abf8,reflexion_mh,MiniHack-River-Narrow-v0,13,39,E,0.0,False,"reflection=The level's design indicates that there are solid stone walls limiting movement in certain directions, necessitating a methodical exploration approach"
7899abf8,reflexion_mh,MiniHack-River-Narrow-v0,13,40,E,0.0,False,"reflection=The level's design indicates that there are solid stone walls limiting movement in certain directions, necessitating a methodical exploration approach"
7899abf8,reflexion_mh,MiniHack-River-Narrow-v0,13,41,E,0.0,False,"reflection=The level's design indicates that there are solid stone walls limiting movement in certain directions, necessitating a methodical exploration approach"
7899abf8,reflexion_mh,MiniHack-River-Narrow-v0,13,42,E,0.0,False,"reflection=The level's design indicates that there are solid stone walls limiting movement in certain directions, necessitating a methodical exploration approach"
7899abf8,reflexion_mh,MiniHack-River-Narrow-v0,13,43,E,0.0,False,"reflection=The level's design indicates that there are solid stone walls limiting movement in certain directions, necessitating a methodical exploration approach"
7899abf8,reflexion_mh,MiniHack-River-Narrow-v0,13,44,E,0.0,False,"reflection=The level's design indicates that there are solid stone walls limiting movement in certain directions, necessitating a methodical exploration approach"
7899abf8,reflexion_mh,MiniHack-River-Narrow-v0,13,45,N,-0.01,False,"reflection=The level's design indicates that there are solid stone walls limiting movement in certain directions, necessitating a methodical exploration approach"
7899abf8,reflexion_mh,MiniHack-River-Narrow-v0,13,46,N,-0.01,False,"reflection=The level's design indicates that there are solid stone walls limiting movement in certain directions, necessitating a methodical exploration approach"
7899abf8,reflexion_mh,MiniHack-River-Narrow-v0,13,47,W,0.0,False,"reflection=The level's design indicates that there are solid stone walls limiting movement in certain directions, necessitating a methodical exploration approach"
7899abf8,reflexion_mh,MiniHack-River-Narrow-v0,13,48,S,0.0,False,"reflection=The level's design indicates that there are solid stone walls limiting movement in certain directions, necessitating a methodical exploration approach"
7899abf8,reflexion_mh,MiniHack-River-Narrow-v0,13,49,S,0.0,False,"reflection=The level's design indicates that there are solid stone walls limiting movement in certain directions, necessitating a methodical exploration approach"
7899abf8,reflexion_mh,MiniHack-River-Narrow-v0,13,50,S,0.0,False,"reflection=The level's design indicates that there are solid stone walls limiting movement in certain directions, necessitating a methodical exploration approach"
7899abf8,reflexion_mh,MiniHack-River-Narrow-v0,13,51,S,0.0,False,"reflection=The level's design indicates that there are solid stone walls limiting movement in certain directions, necessitating a methodical exploration approach"
7899abf8,reflexion_mh,MiniHack-River-Narrow-v0,13,52,W,0.0,False,"reflection=The level's design suggests that movement is restricted by solid stone walls, and a methodical approach to exploration is necessary. Initial explorati"
7899abf8,reflexion_mh,MiniHack-River-Narrow-v0,13,53,S,0.0,False,"reflection=The level's design suggests that movement is restricted by solid stone walls, and a methodical approach to exploration is necessary. Initial explorati"
7899abf8,reflexion_mh,MiniHack-River-Narrow-v0,13,54,S,0.0,False,"reflection=The level's design suggests that movement is restricted by solid stone walls, and a methodical approach to exploration is necessary. Continuing south "
7899abf8,reflexion_mh,MiniHack-River-Narrow-v0,13,55,E,0.0,False,"reflection=The level's design suggests that movement is restricted by solid stone walls, and a methodical approach to exploration is necessary. Continuing to exp"
7899abf8,reflexion_mh,MiniHack-River-Narrow-v0,13,56,N,0.0,False,"reflection=The level's design suggests that movement is restricted by solid stone walls, and a methodical approach to exploration is necessary. Continuing to exp"
7899abf8,reflexion_mh,MiniHack-River-Narrow-v0,13,57,N,0.0,False,"reflection=The level's design suggests that movement is restricted by solid stone walls, and a methodical approach to exploration is necessary. Exploring north m"
7899abf8,reflexion_mh,MiniHack-River-Narrow-v0,13,58,E,0.0,False,"reflection=The level's design suggests that movement is restricted by solid stone walls, and a methodical approach to exploration is necessary. Exploring in diff"
7899abf8,reflexion_mh,MiniHack-River-Narrow-v0,13,59,E,0.0,False,"reflection=The level's design suggests that movement is restricted by solid stone walls, and a methodical approach to exploration is necessary. Exploring in diff"
7899abf8,reflexion_mh,MiniHack-River-Narrow-v0,13,60,NW,0.0,False,"reflection=The level's design suggests that movement is restricted by solid stone walls, and a methodical approach to exploration is necessary. Exploring in diff"
7899abf8,reflexion_mh,MiniHack-River-Narrow-v0,13,61,NW,0.0,False,"reflection=The level's design suggests that movement is restricted by solid stone walls, and a methodical approach to exploration is necessary. Exploring in diff"
7899abf8,reflexion_mh,MiniHack-River-Narrow-v0,13,62,NW,0.0,False,"reflection=The level's design suggests that movement is restricted by solid stone walls, and a methodical approach to exploration is necessary. Exploring in diff"
7899abf8,reflexion_mh,MiniHack-River-Narrow-v0,13,63,NW,0.0,False,"reflection=The level's design suggests that methodical exploration in different directions can reveal new areas without immediate risk, and it's possible that co"
7899abf8,reflexion_mh,MiniHack-River-Narrow-v0,13,64,NW,-0.01,False,"reflection=The level's design suggests that methodical exploration in different directions can reveal new areas without immediate risk, and continuing in the nor"
7899abf8,reflexion_mh,MiniHack-River-Narrow-v0,13,65,NW,-0.01,False,"reflection=The level's design suggests that methodical exploration in different directions can reveal new areas without immediate risk, and continuing in the nor"
7899abf8,reflexion_mh,MiniHack-River-Narrow-v0,13,66,N,-0.01,False,"reflection=The level's design suggests that methodical exploration in different directions can reveal new areas without immediate risk, and it's confirmed that h"
7899abf8,reflexion_mh,MiniHack-River-Narrow-v0,13,67,E,0.0,False,"reflection=The level's design suggests that methodical exploration in different directions can reveal new areas without immediate risk, and it's confirmed that h"
7899abf8,reflexion_mh,MiniHack-River-Narrow-v0,13,68,E,0.0,False,"reflection=The level's design suggests that methodical exploration in different directions can reveal new areas without immediate risk, and it's confirmed that h"
7899abf8,reflexion_mh,MiniHack-River-Narrow-v0,13,69,E,0.0,False,"reflection=The level's design suggests that methodical exploration in different directions can reveal new areas without immediate risk, and it's confirmed that h"
7899abf8,reflexion_mh,MiniHack-River-Narrow-v0,13,70,E,0.0,False,"reflection=The level's design suggests that methodical exploration in different directions can reveal new areas without immediate risk, and it's confirmed that h"
7899abf8,reflexion_mh,MiniHack-River-Narrow-v0,13,71,E,0.0,False,"reflection=The level's design suggests that methodical exploration in different directions can reveal new areas without immediate risk, and it's confirmed that h"
7899abf8,reflexion_mh,MiniHack-River-Narrow-v0,13,72,E,0.0,False,"reflection=The level's design suggests that methodical exploration in different directions can reveal new areas without immediate risk, and it's confirmed that h"
7899abf8,reflexion_mh,MiniHack-River-Narrow-v0,13,73,E,0.0,False,"reflection=The level's design suggests that methodical exploration in different directions can reveal new areas without immediate risk, and it's confirmed that h"
7899abf8,reflexion_mh,MiniHack-River-Narrow-v0,13,74,E,0.0,False,"reflection=The level's design suggests that methodical exploration in different directions can reveal new areas without immediate risk, and it's confirmed that h"
7899abf8,reflexion_mh,MiniHack-River-Narrow-v0,13,75,E,0.0,False,"reflection=The level's design suggests that methodical exploration in different directions can reveal new areas without immediate risk, and it's confirmed that h"
7899abf8,reflexion_mh,MiniHack-River-Narrow-v0,13,76,E,0.0,False,"reflection=The level's design suggests that methodical exploration in different directions can reveal new areas without immediate risk, and it's confirmed that h"
7899abf8,reflexion_mh,MiniHack-River-Narrow-v0,13,77,E,0.0,False,"reflection=The level's design suggests that methodical exploration in different directions can reveal new areas without immediate risk, and it's confirmed that h"
7899abf8,reflexion_mh,MiniHack-River-Narrow-v0,13,78,E,0.0,False,"reflection=The level's design suggests that methodical exploration in different directions can reveal new areas without immediate risk, and it's confirmed that h"
7899abf8,reflexion_mh,MiniHack-River-Narrow-v0,13,79,N,0.0,False,reflection=The level's design suggests that methodical exploration in different directions can reveal new areas without immediate risk. It's also important to ke
7899abf8,reflexion_mh,MiniHack-River-Narrow-v0,13,80,S,0.0,False,reflection=The level's design suggests that methodical exploration in different directions can reveal new areas without immediate risk. It's also important to ke
7899abf8,reflexion_mh,MiniHack-River-Narrow-v0,13,81,NW,0.0,False,reflection=The level's design suggests methodical exploration in different directions can reveal new areas. Noting the presence of lava or water to the southeast
7899abf8,reflexion_mh,MiniHack-River-Narrow-v0,13,82,N,0.0,False,"reflection=The level's design suggests that methodical exploration in different directions can reveal new areas, and it's crucial to avoid lava or water. Noting "
7899abf8,reflexion_mh,MiniHack-River-Narrow-v0,13,83,N,0.0,False,"reflection=The level's design suggests that methodical exploration in different directions can reveal new areas, and it's crucial to avoid lava or water. Noting "
7899abf8,reflexion_mh,MiniHack-River-Narrow-v0,13,84,N,-0.01,False,"reflection=The level's design suggests that methodical exploration in different directions can reveal new areas, and it's crucial to avoid lava or water. Noting "
7899abf8,reflexion_mh,MiniHack-River-Narrow-v0,13,85,N,-0.01,False,"reflection=The level's design suggests that methodical exploration in different directions can reveal new areas, and it's crucial to avoid lava or water. Continu"
7899abf8,reflexion_mh,MiniHack-River-Narrow-v0,13,86,E,0.0,False,"reflection=The level's design suggests that methodical exploration in different directions can reveal new areas, and it's crucial to avoid lava or water. Continu"
7899abf8,reflexion_mh,MiniHack-River-Narrow-v0,13,87,E,0.0,False,"reflection=The level's design suggests that methodical exploration in different directions can reveal new areas, and it's crucial to avoid lava or water. Given t"
7899abf8,reflexion_mh,MiniHack-River-Narrow-v0,13,88,NE,-0.01,False,"reflection=The level's design suggests that methodical exploration in different directions can reveal new areas, and it's crucial to avoid lava or water. Explori"
7899abf8,reflexion_mh,MiniHack-River-Narrow-v0,13,89,S,0.0,False,"reflection=The level's design suggests that methodical exploration in different directions can reveal new areas, and it's crucial to avoid lava or water. Explori"
7899abf8,reflexion_mh,MiniHack-River-Narrow-v0,13,90,S,0.0,False,"reflection=The level's design suggests that methodical exploration in different directions can reveal new areas, and it's crucial to avoid lava or water. Explori"
7899abf8,reflexion_mh,MiniHack-River-Narrow-v0,13,91,S,0.0,False,"reflection=The level's design suggests that methodical exploration in different directions can reveal new areas, and it's crucial to avoid lava or water. Explori"
7899abf8,reflexion_mh,MiniHack-River-Narrow-v0,13,92,S,0.0,False,"reflection=The level's design suggests that methodical exploration in different directions can reveal new areas, and it's crucial to avoid lava or water. Explori"
7899abf8,reflexion_mh,MiniHack-River-Narrow-v0,13,93,S,0.0,False,"reflection=The level's design suggests that methodical exploration in different directions can reveal new areas, and it's crucial to avoid lava or water. Explori"
7899abf8,reflexion_mh,MiniHack-River-Narrow-v0,13,94,E,0.0,False,"reflection=The level's design suggests that methodical exploration in different directions can reveal new areas, and it's crucial to avoid lava or water. Explori"
7899abf8,reflexion_mh,MiniHack-River-Narrow-v0,13,95,E,0.0,False,"reflection=The level's design suggests that methodical exploration in different directions can reveal new areas, and it's crucial to avoid lava or water. Explori"
7899abf8,reflexion_mh,MiniHack-River-Narrow-v0,13,96,E,0.0,False,"reflection=The level's design suggests that methodical exploration in different directions can reveal new areas, and it's crucial to avoid lava or water. Explori"
7899abf8,reflexion_mh,MiniHack-River-Narrow-v0,13,97,E,0.0,False,"reflection=The level's design suggests that methodical exploration in different directions can reveal new areas, and it's crucial to avoid lava or water. Explori"
7899abf8,reflexion_mh,MiniHack-River-Narrow-v0,13,98,E,0.0,False,"reflection=The level's design suggests that methodical exploration in different directions can reveal new areas, and it's crucial to avoid lava or water. Explori"
7899abf8,reflexion_mh,MiniHack-River-Narrow-v0,13,99,E,0.0,False,"reflection=The level's design suggests that methodical exploration in different directions can reveal new areas, and it's crucial to avoid lava or water. Explori"
7899abf8,reflexion_mh,MiniHack-River-Narrow-v0,13,100,N,-0.01,False,"reflection=The level's design suggests that methodical exploration in different directions can reveal new areas, and it's crucial to avoid lava or water. Explori"
7899abf8,reflexion_mh,MiniHack-River-Narrow-v0,13,101,N,-0.01,False,"reflection=The level's design suggests that methodical exploration in different directions can reveal new areas, and it's crucial to avoid lava or water. Explori"
7899abf8,reflexion_mh,MiniHack-River-Narrow-v0,13,102,S,0.0,False,"reflection=The level's design suggests that methodical exploration in different directions can reveal new areas, and it's crucial to avoid lava or water. Explori"
7899abf8,reflexion_mh,MiniHack-River-Narrow-v0,13,103,S,0.0,False,"reflection=The level's design suggests that methodical exploration in different directions can reveal new areas, and it's crucial to avoid lava or water. Explori"
7899abf8,reflexion_mh,MiniHack-River-Narrow-v0,13,104,SE,0.0,False,"reflection=The level's design suggests that methodical exploration in different directions can reveal new areas, and it's crucial to avoid lava or water. Explori"
7899abf8,reflexion_mh,MiniHack-River-Narrow-v0,13,105,E,0.0,False,"reflection=The level's design suggests that methodical exploration in different directions can reveal new areas, and it's crucial to avoid lava or water. Explori"
7899abf8,reflexion_mh,MiniHack-River-Narrow-v0,13,106,NE,0.0,False,"reflection=The level's design suggests that methodical exploration in different directions can reveal new areas, and it's crucial to avoid lava or water. Explori"
7899abf8,reflexion_mh,MiniHack-River-Narrow-v0,13,107,SE,0.0,False,"reflection=The level's design suggests that methodical exploration in different directions can reveal new areas, and it's crucial to avoid lava or water. Explori"
7899abf8,reflexion_mh,MiniHack-River-Narrow-v0,13,108,W,0.0,False,"reflection=The level's design suggests that methodical exploration in different directions can reveal new areas, and it's crucial to avoid lava or water. Explori"
7899abf8,reflexion_mh,MiniHack-River-Narrow-v0,13,109,NW,0.0,False,"reflection=The level's design suggests that methodical exploration in different directions can reveal new areas, and it's crucial to avoid lava or water. Explori"
7899abf8,reflexion_mh,MiniHack-River-Narrow-v0,13,110,N,0.0,False,"reflection=The level's design suggests that methodical exploration in different directions can reveal new areas, and it's crucial to avoid lava or water. Explori"
7899abf8,reflexion_mh,MiniHack-River-Narrow-v0,13,111,NE,0.0,False,"reflection=The level's design suggests that methodical exploration in different directions can reveal new areas, and it's crucial to avoid lava or water. Explori"
7899abf8,reflexion_mh,MiniHack-River-Narrow-v0,13,112,NE,0.0,False,"reflection=The level's design suggests that methodical exploration in different directions can reveal new areas, and it's crucial to avoid lava or water. Explori"
7899abf8,reflexion_mh,MiniHack-River-Narrow-v0,13,113,SW,0.0,False,"reflection=The level's design suggests that methodical exploration in different directions can reveal new areas, and it's crucial to avoid lava or water. Explori"
7899abf8,reflexion_mh,MiniHack-River-Narrow-v0,13,114,N,0.0,False,"reflection=The level's design suggests that methodical exploration in different directions can reveal new areas, and it's crucial to avoid lava or water. Explori"
7899abf8,reflexion_mh,MiniHack-River-Narrow-v0,13,115,E,0.0,False,"reflection=The level's design suggests that methodical exploration in different directions can reveal new areas, and it's crucial to avoid lava or water. Explori"
7899abf8,reflexion_mh,MiniHack-River-Narrow-v0,13,116,S,0.0,False,"reflection=The level's design suggests that methodical exploration in different directions can reveal new areas, and it's crucial to avoid lava or water. Explori"
7899abf8,reflexion_mh,MiniHack-River-Narrow-v0,13,117,E,0.0,False,"reflection=The level's layout might have hidden paths or items in unexplored directions, and systematically trying all directions is key to discovering them. The"
7899abf8,reflexion_mh,MiniHack-River-Narrow-v0,13,118,E,0.0,False,"reflection=The level's layout might have hidden paths or items in unexplored directions, and systematically trying all directions is key to discovering them. The"
7899abf8,reflexion_mh,MiniHack-River-Narrow-v0,13,119,N,0.0,False,"reflection=The level's layout might have hidden paths or items in unexplored directions, and systematically trying all directions is key to discovering them. The"
7899abf8,reflexion_mh,MiniHack-River-Narrow-v0,14,0,NW,-0.01,False,reflection=The level seems to have a mix of floor (.) and water or lava (}) tiles. I should be cautious when moving towards the water or lava areas.
7899abf8,reflexion_mh,MiniHack-River-Narrow-v0,14,1,NE,-0.01,False,"reflection=The level seems to have a mix of floor and water or lava tiles, and moving NW did not result in hitting a wall, suggesting that there might be more op"
7899abf8,reflexion_mh,MiniHack-River-Narrow-v0,14,2,N,-0.01,False,"reflection=The level seems to have a mix of floor and water or lava tiles, and moving NW did not result in hitting a wall, suggesting that there might be more op"
7899abf8,reflexion_mh,MiniHack-River-Narrow-v0,14,3,NW,-0.01,False,"reflection=The level seems to have a mix of floor and water or lava tiles, and moving NW did not result in hitting a wall, suggesting that there might be more op"
7899abf8,reflexion_mh,MiniHack-River-Narrow-v0,14,4,E,0.0,False,"reflection=The level's boundaries to the north and northeast are solid, suggesting a potential need to explore sideways or downwards. The presence of lava or wat"
7899abf8,reflexion_mh,MiniHack-River-Narrow-v0,14,5,W,0.0,False,"reflection=The level's boundaries to the north and northeast are solid, suggesting a potential need to explore sideways or downwards. The presence of lava or wat"
7899abf8,reflexion_mh,MiniHack-River-Narrow-v0,14,6,W,0.0,False,"reflection=The level's boundaries to the north and northeast are solid, suggesting a potential need to explore sideways or downwards. The presence of lava or wat"
7899abf8,reflexion_mh,MiniHack-River-Narrow-v0,14,7,W,0.0,False,"reflection=The level's boundaries to the north and northeast are solid, and there are potential hazards to the east and southeast, so exploring west may reveal m"
7899abf8,reflexion_mh,MiniHack-River-Narrow-v0,14,8,W,0.0,False,"reflection=The level's western area remains unexplored and could contain the downstairs or other important features, so further westward exploration is necessary"
7899abf8,reflexion_mh,MiniHack-River-Narrow-v0,14,9,W,0.0,False,"reflection=The level's western area remains a priority for exploration to find the downstairs or other important features, and since westward movement has not be"
7899abf8,reflexion_mh,MiniHack-River-Narrow-v0,14,10,W,0.0,False,"reflection=The level's western area continues to be accessible and is the current focus for finding key level features such as the downstairs, with no obstacles "
7899abf8,reflexion_mh,MiniHack-River-Narrow-v0,14,11,W,-0.01,False,"reflection=The level's western area continues to be accessible, and moving west has not yet encountered any obstacles or the downstairs, suggesting a potential n"
7899abf8,reflexion_mh,MiniHack-River-Narrow-v0,14,12,N,-0.01,False,"reflection=The level's western area is accessible but does not seem to lead directly to the downstairs, suggesting a need to explore north, south, or diagonal di"
7899abf8,reflexion_mh,MiniHack-River-Narrow-v0,14,13,S,0.0,False,"reflection=The level's western and northern areas are partially explored, but the southern and eastern areas remain unexplored and could potentially hold the key"
7899abf8,reflexion_mh,MiniHack-River-Narrow-v0,14,14,E,0.0,False,"reflection=The level's western and northern areas are partially explored, but the southern and eastern areas remain unexplored and could potentially hold the key"
7899abf8,reflexion_mh,MiniHack-River-Narrow-v0,14,15,E,0.0,False,"reflection=The level's western and northern areas are partially explored, but the southern and eastern areas remain unexplored and could potentially hold the key"
7899abf8,reflexion_mh,MiniHack-River-Narrow-v0,14,16,E,0.0,False,"reflection=The level's eastern area is being explored to uncover more of its layout, and so far, it appears possible to proceed further in this direction without"
7899abf8,reflexion_mh,MiniHack-River-Narrow-v0,14,17,E,0.0,False,"reflection=The level's eastern area is being explored to uncover more of its layout, and so far, it appears possible to proceed further in this direction without"
7899abf8,reflexion_mh,MiniHack-River-Narrow-v0,14,18,E,0.0,False,"reflection=The level's eastern area is more extensive than initially thought, with the potential for further exploration. The lack of immediate obstacles suggest"
7899abf8,reflexion_mh,MiniHack-River-Narrow-v0,14,19,E,0.0,False,"reflection=The level's eastern area is more extensive than initially thought, with the potential for further exploration, and so far, no immediate threats have b"
7899abf8,reflexion_mh,MiniHack-River-Narrow-v0,14,20,N,0.0,False,"reflection=The level's eastern area is safe, but further exploration in other directions is needed to understand the level's layout and find the downstairs or ot"
7899abf8,reflexion_mh,MiniHack-River-Narrow-v0,14,21,S,0.0,False,"reflection=The level's eastern area is safe, but initial southern exploration is needed to understand the level's layout and find the downstairs or other key ele"
7899abf8,reflexion_mh,MiniHack-River-Narrow-v0,14,22,S,0.0,False,"reflection=The level's eastern area is safe, but initial southern exploration reveals a large body of water or lava to the south, suggesting a need to explore ot"
7899abf8,reflexion_mh,MiniHack-River-Narrow-v0,14,23,N,0.0,False,"reflection=The level's eastern area is safe, but initial southern exploration reveals a large body of water or lava to the south. Exploring north might provide m"
7899abf8,reflexion_mh,MiniHack-River-Narrow-v0,14,24,N,0.0,False,"reflection=The level's eastern area is safe, but initial southern exploration reveals a large body of water or lava to the south. Exploring north might provide m"
7899abf8,reflexion_mh,MiniHack-River-Narrow-v0,14,25,N,-0.01,False,reflection=The level's northern area is still unexplored and could hold crucial elements or items. The presence of water or lava to the south limits exploration 
7899abf8,reflexion_mh,MiniHack-River-Narrow-v0,14,26,N,-0.01,False,"reflection=The level's northern area remains a priority for exploration, and since moving in other directions either hits a wall or leads to lava/water, northwar"
7899abf8,reflexion_mh,MiniHack-River-Narrow-v0,14,27,E,0.0,False,"reflection=The level's northern area is bounded by a wall, so I need to explore other directions to find a path forward or useful items."
7899abf8,reflexion_mh,MiniHack-River-Narrow-v0,14,28,E,0.0,False,"reflection=The level's northern area is bounded by a wall, so I need to explore other directions to find a path forward or useful items. I have started exploring"
7899abf8,reflexion_mh,MiniHack-River-Narrow-v0,14,29,E,0.0,False,"reflection=The level's eastern area seems to be open for further exploration, and I should keep moving east to gather more information about the layout and poten"
7899abf8,reflexion_mh,MiniHack-River-Narrow-v0,14,30,E,0.0,False,"reflection=The level's eastern area continues to be open for exploration, and moving east has not yet revealed any significant dangers or opportunities, suggesti"
7899abf8,reflexion_mh,MiniHack-River-Narrow-v0,14,31,E,0.0,False,"reflection=The level's eastern area continues to be open for exploration, and moving east has not yet revealed any significant dangers or opportunities, suggesti"
7899abf8,reflexion_mh,MiniHack-River-Narrow-v0,14,32,E,0.0,False,"reflection=The level's eastern area continues to be open for exploration, and moving east has not yet revealed any significant dangers or opportunities, suggesti"
7899abf8,reflexion_mh,MiniHack-River-Narrow-v0,14,33,E,0.0,False,"reflection=The level's eastern area continues to be open for exploration, and moving east has not yet revealed any significant dangers or opportunities, suggesti"
7899abf8,reflexion_mh,MiniHack-River-Narrow-v0,14,34,E,0.0,False,"reflection=The level's eastern area is larger than initially anticipated, with no immediate dangers or opportunities, suggesting that eastward exploration may ne"
7899abf8,reflexion_mh,MiniHack-River-Narrow-v0,14,35,N,-0.01,False,"reflection=The level's eastern area is larger than initially anticipated, but exploring solely in this direction may not be the most efficient strategy; consider"
7899abf8,reflexion_mh,MiniHack-River-Narrow-v0,14,36,N,-0.01,False,"reflection=The level's eastern area is larger than initially anticipated, but exploring solely in this direction may not be the most efficient strategy; consider"
7899abf8,reflexion_mh,MiniHack-River-Narrow-v0,14,37,S,0.0,False,reflection=The level's layout requires exploring in multiple directions to understand its structure and find the downstairs. The presence of lava or water (}) to
7899abf8,reflexion_mh,MiniHack-River-Narrow-v0,14,38,N,0.0,False,"reflection=The level's layout suggests that moving north or west might provide a safer path or reveal more of the level's structure, given the hazards to the eas"
7899abf8,reflexion_mh,MiniHack-River-Narrow-v0,14,39,N,-0.01,False,"reflection=The level's layout suggests that moving north might provide a safer path or reveal more of the level's structure, and it's essential to explore northw"
7899abf8,reflexion_mh,MiniHack-River-Narrow-v0,14,40,E,0.0,False,"reflection=The level's layout suggests that moving north might not be feasible from this spot, so exploring other directions such as east or west could provide a"
7899abf8,reflexion_mh,MiniHack-River-Narrow-v0,14,41,E,0.0,False,"reflection=The level's design suggests that direct northward progression is blocked by lava or water, indicating a need to explore lateral paths for progression "
7899abf8,reflexion_mh,MiniHack-River-Narrow-v0,14,42,E,0.0,False,"reflection=The level's design suggests that direct northward progression is blocked by lava or water, indicating a need to explore lateral paths for progression "
7899abf8,reflexion_mh,MiniHack-River-Narrow-v0,14,43,E,0.0,False,"reflection=The level's design suggests that lateral exploration is key, and eastward movement may reveal stairs, items, or alternative routes for progression, wh"
7899abf8,reflexion_mh,MiniHack-River-Narrow-v0,14,44,E,0.0,False,"reflection=The level's design suggests that lateral exploration, particularly eastward, is key, and being cautious of the lava to the north is crucial; also, the"
7899abf8,reflexion_mh,MiniHack-River-Narrow-v0,14,45,E,0.0,False,"reflection=The level's design suggests that lateral exploration, particularly eastward, is key, and being cautious of the lava to the north is crucial; also, the"
7899abf8,reflexion_mh,MiniHack-River-Narrow-v0,14,46,E,0.0,False,"reflection=The level's design emphasizes the importance of cautious exploration, especially considering the presence of lava to the north, and it appears that mo"
7899abf8,reflexion_mh,MiniHack-River-Narrow-v0,14,47,S,0.0,False,"reflection=The level's water areas may be hazardous or limiting, and exploring eastward or finding alternative paths could reveal important features or items, wh"
7899abf8,reflexion_mh,MiniHack-River-Narrow-v0,14,48,E,0.0,False,"reflection=The level's water areas may be hazardous or limiting, and exploring eastward or finding alternative paths could reveal important features or items, wh"
7899abf8,reflexion_mh,MiniHack-River-Narrow-v0,14,49,E,0.0,False,"reflection=The level's water areas may be hazardous or limiting, and exploring eastward or finding alternative paths could reveal important features or items, wh"
7899abf8,reflexion_mh,MiniHack-River-Narrow-v0,14,50,N,0.0,False,"reflection=The level's water areas may be hazardous or limiting, and exploring alternative paths, especially northward, could reveal important features or items "
7899abf8,reflexion_mh,MiniHack-River-Narrow-v0,14,51,N,0.0,False,"reflection=The level's water areas may be hazardous or limiting, and exploring alternative paths, especially northward, could reveal important features or items "
7899abf8,reflexion_mh,MiniHack-River-Narrow-v0,14,52,N,-0.01,False,"reflection=The level's water areas may be hazardous or limiting, and exploring alternative paths, especially northward, could reveal important features or items "
7899abf8,reflexion_mh,MiniHack-River-Narrow-v0,14,53,N,-0.01,False,"reflection=The level's layout suggests that northward progression may yield important discoveries, and it's essential to continue exploring this direction to unc"
7899abf8,reflexion_mh,MiniHack-River-Narrow-v0,14,54,E,0.0,False,"reflection=The level's layout suggests that northward progression is blocked, so it's essential to explore east, west, or south to uncover more of the level's st"
7899abf8,reflexion_mh,MiniHack-River-Narrow-v0,14,55,S,0.0,False,"reflection=The level's initial area is bounded by lava or water to the east and an unseen barrier to the north, suggesting the need to explore south or west for "
7899abf8,reflexion_mh,MiniHack-River-Narrow-v0,14,56,S,0.0,False,"reflection=The level's initial area is bounded by lava or water to the east and an unseen barrier to the north, suggesting the need to explore south or west for "
7899abf8,reflexion_mh,MiniHack-River-Narrow-v0,14,57,W,0.0,False,"reflection=The level's initial area is bounded by lava or water to the east and an unseen barrier to the north, suggesting the need to explore south or west for "
7899abf8,reflexion_mh,MiniHack-River-Narrow-v0,14,58,W,0.0,False,"reflection=The level's initial area is bounded by lava or water to the east and an unseen barrier to the north, suggesting the need to explore south or west for "
7899abf8,reflexion_mh,MiniHack-River-Narrow-v0,14,59,S,0.0,False,"reflection=The level's initial area is bounded by lava or water to the east and an unseen barrier to the north, suggesting the need to explore south or west for "
7899abf8,reflexion_mh,MiniHack-River-Narrow-v0,14,60,S,0.0,False,"reflection=The level's initial area is bounded by lava or water to the east and an unseen barrier to the north, suggesting the need to explore south or west for "
7899abf8,reflexion_mh,MiniHack-River-Narrow-v0,14,61,S,0.0,False,"reflection=The level's initial area is bounded by lava or water to the east and an unseen barrier to the north, suggesting the need to explore south or west for "
7899abf8,reflexion_mh,MiniHack-River-Narrow-v0,14,62,S,0.0,False,"reflection=The level's layout suggests that progression might be found by moving south or west, and it's crucial to be cautious of potential threats like creatur"
7899abf8,reflexion_mh,MiniHack-River-Narrow-v0,14,63,S,-0.01,False,"reflection=The level's layout suggests that progression might be found by moving south or west, and it's crucial to be cautious of potential threats like creatur"
7899abf8,reflexion_mh,MiniHack-River-Narrow-v0,14,64,S,-0.01,False,"reflection=The level's layout suggests that progression might be found by moving south or west, and it's crucial to be cautious of potential threats like creatur"
7899abf8,reflexion_mh,MiniHack-River-Narrow-v0,14,65,W,0.0,False,"reflection=The level's layout suggests that progression might be found by moving west or east, and it's crucial to be cautious of potential threats like creature"
7899abf8,reflexion_mh,MiniHack-River-Narrow-v0,14,66,W,0.0,False,"reflection=The level's layout suggests that progression might be found by moving west or east, but caution is needed due to potential hazards like lava or water."
7899abf8,reflexion_mh,MiniHack-River-Narrow-v0,14,67,E,0.0,False,"reflection=The level's layout suggests that progression might be found by moving east, where safer paths or useful items could be located, and it's crucial to av"
7899abf8,reflexion_mh,MiniHack-River-Narrow-v0,14,68,E,0.0,False,"reflection=The level's layout suggests that progression might be found by moving east, where safer paths or useful items could be located, and it's crucial to av"
7899abf8,reflexion_mh,MiniHack-River-Narrow-v0,14,69,E,0.0,False,"reflection=The level's layout suggests that progression might be found by moving east, where safer paths or useful items could be located. So far, no creatures o"
7899abf8,reflexion_mh,MiniHack-River-Narrow-v0,14,70,E,0.0,False,"reflection=The level's layout suggests that progression might be found by moving east, where safer paths or useful items could be located. The absence of creatur"
7899abf8,reflexion_mh,MiniHack-River-Narrow-v0,14,71,N,0.0,False,"reflection=The level's layout suggests that progression might be found by moving east, where safer paths or useful items could be located. The absence of creatur"
7899abf8,reflexion_mh,MiniHack-River-Narrow-v0,14,72,E,0.0,False,"reflection=The level's eastern path remains a priority for exploration, and the lack of obstacles or creatures in the immediate vicinity suggests that cautious p"
7899abf8,reflexion_mh,MiniHack-River-Narrow-v0,14,73,E,0.0,False,reflection=The level's eastern path continues to be a priority for exploration. The absence of immediate threats or obstacles suggests that progression in this d
7899abf8,reflexion_mh,MiniHack-River-Narrow-v0,14,74,S,0.0,False,"reflection=The level's eastern path is blocked, so exploring southern or northern routes may yield more information about the level's layout and potential exits."
7899abf8,reflexion_mh,MiniHack-River-Narrow-v0,14,75,N,0.0,False,"reflection=The level's eastern path is blocked, so exploring southern or northern routes may yield more information about the level's layout and potential exits."
7899abf8,reflexion_mh,MiniHack-River-Narrow-v0,14,76,W,0.0,False,"reflection=The level's eastern path is blocked, and initial north and south movements did not reveal new information, suggesting that exploring west may provide "
7899abf8,reflexion_mh,MiniHack-River-Narrow-v0,14,77,W,0.0,False,"reflection=The level's eastern path is blocked, initial north and south movements did not reveal new information, and now trying to explore west to find potentia"
7899abf8,reflexion_mh,MiniHack-River-Narrow-v0,14,78,W,0.0,False,"reflection=The level's eastern path is blocked, initial north and south movements did not reveal new information, and now trying to explore west to find potentia"
7899abf8,reflexion_mh,MiniHack-River-Narrow-v0,14,79,W,0.0,False,"reflection=The western path continues to be viable for exploration, with three steps taken so far without encountering a wall, indicating potential for further d"
7899abf8,reflexion_mh,MiniHack-River-Narrow-v0,14,80,W,0.0,False,"reflection=The western path continues to be viable for exploration, now with four steps taken without encountering a wall, indicating potential for further disco"
7899abf8,reflexion_mh,MiniHack-River-Narrow-v0,14,81,W,0.0,False,"reflection=The western path continues to be viable for exploration, now with five steps taken without encountering a wall, indicating potential for further disco"
7899abf8,reflexion_mh,MiniHack-River-Narrow-v0,14,82,W,0.0,False,"reflection=The level seems to have a significant amount of open space to the west, suggesting a large room or corridor. It's also possible that the lava or water"
7899abf8,reflexion_mh,MiniHack-River-Narrow-v0,14,83,W,0.0,False,"reflection=The level's western area appears extensive, which might indicate the presence of significant features or paths. The eastern boundary, likely formed by"
7899abf8,reflexion_mh,MiniHack-River-Narrow-v0,14,84,W,0.0,False,"reflection=The level's western area appears extensive, which might indicate the presence of significant features or paths. Continuing west may reveal more of the"
7899abf8,reflexion_mh,MiniHack-River-Narrow-v0,14,85,W,0.0,False,"reflection=The level's western area is not only extensive but also navigable, as evidenced by the ability to move the boulder, suggesting that further westward e"
7899abf8,reflexion_mh,MiniHack-River-Narrow-v0,14,86,W,0.0,False,"reflection=The level's western area is not only extensive but also navigable, and it might be worthwhile to continue exploring this direction to see if it yields"
7899abf8,reflexion_mh,MiniHack-River-Narrow-v0,14,87,W,0.0,False,"reflection=The level's western area is not only extensive but also navigable, and continuing in this direction may yield important discoveries, paths, or the dow"
7899abf8,reflexion_mh,MiniHack-River-Narrow-v0,14,88,W,0.0,False,"reflection=The level's western area is extensive and navigable, and continuing west may yield important discoveries or paths; also, the lack of immediate walls t"
7899abf8,reflexion_mh,MiniHack-River-Narrow-v0,14,89,W,0.0,False,"reflection=The level's western area is extensive and navigable, and continuing west may yield important discoveries or paths; also, the lack of immediate walls t"
7899abf8,reflexion_mh,MiniHack-River-Narrow-v0,14,90,W,0.0,False,"reflection=The level's western area continues to be open, suggesting a potential large room or corridor; it may be useful to explore the edges of this area in th"
7899abf8,reflexion_mh,MiniHack-River-Narrow-v0,14,91,W,0.0,False,"reflection=The level's western area continues to be open, suggesting a potential large room or corridor; I will keep exploring this direction until I find someth"
7899abf8,reflexion_mh,MiniHack-River-Narrow-v0,14,92,W,-0.01,False,"reflection=The level's western area continues to be open, suggesting a potential large room or corridor; I will keep exploring this direction until I find someth"
7899abf8,reflexion_mh,MiniHack-River-Narrow-v0,14,93,W,-0.01,False,"reflection=The level's western area continues to be open after attempting to move a boulder, suggesting a potential large room or corridor; I will keep exploring"
7899abf8,reflexion_mh,MiniHack-River-Narrow-v0,14,94,E,0.0,False,"reflection=The level's western area is bounded by a wall, so I will explore other directions to find a path or notable features, considering the presence of lava"
7899abf8,reflexion_mh,MiniHack-River-Narrow-v0,14,95,N,0.0,False,"reflection=The level's western area is bounded by a wall, and initial eastward exploration shows lava or water to the east; now exploring north to find a path or"
7899abf8,reflexion_mh,MiniHack-River-Narrow-v0,14,96,N,0.0,False,"reflection=The level's eastern boundary is lava or water, the western boundary is a wall, and initial northward exploration is needed to find a viable path or no"
7899abf8,reflexion_mh,MiniHack-River-Narrow-v0,14,97,N,0.0,False,"reflection=The level's eastern boundary is lava or water, the western boundary is a wall, initial northward exploration is needed to find a viable path or notabl"
7899abf8,reflexion_mh,MiniHack-River-Narrow-v0,14,98,N,-0.01,False,"reflection=The level's eastern boundary is lava or water, the western boundary is a wall, initial northward exploration is needed to find a viable path or notabl"
7899abf8,reflexion_mh,MiniHack-River-Narrow-v0,14,99,N,-0.01,False,"reflection=The level's eastern boundary is lava or water, the western boundary is a wall, initial northward exploration is needed to find a viable path or notabl"
7899abf8,reflexion_mh,MiniHack-River-Narrow-v0,14,100,S,0.0,False,"reflection=The level's eastern boundary is lava or water, the western boundary is a wall, initial northward exploration is blocked by a wall, boulders cannot be "
7899abf8,reflexion_mh,MiniHack-River-Narrow-v0,14,101,S,0.0,False,"reflection=The level's eastern boundary is lava or water, the western boundary is a wall, initial northward exploration is blocked by a wall, boulders cannot be "
7899abf8,reflexion_mh,MiniHack-River-Narrow-v0,14,102,S,0.0,False,"reflection=The level's eastern boundary is lava or water, the western boundary is a wall, initial northward exploration is blocked by a wall, boulders cannot be "
7899abf8,reflexion_mh,MiniHack-River-Narrow-v0,14,103,S,0.0,False,"reflection=The level's eastern boundary is lava or water, the western boundary is a wall, initial northward exploration is blocked by a wall, boulders cannot be "
7899abf8,reflexion_mh,MiniHack-River-Narrow-v0,14,104,S,0.0,False,"reflection=The level's eastern boundary is lava or water, the western boundary is a wall, initial northward exploration is blocked by a wall, boulders cannot be "
7899abf8,reflexion_mh,MiniHack-River-Narrow-v0,14,105,S,-0.01,False,"reflection=The level's southern area continues to be explored, and it's possible that moving further south may reveal the downstairs or other important features."
7899abf8,reflexion_mh,MiniHack-River-Narrow-v0,14,106,S,-0.01,False,"reflection=The level's southern area continues to be explored, and moving further south may reveal the downstairs or other important features. The eastern area h"
7899abf8,reflexion_mh,MiniHack-River-Narrow-v0,14,107,E,0.0,False,"reflection=The level's southern area is bounded by a wall, so further exploration should focus on the eastern and western areas to uncover the downstairs or othe"
7899abf8,reflexion_mh,MiniHack-River-Narrow-v0,14,108,E,0.0,False,"reflection=The level's southern area is bounded by a wall, so further exploration should focus on the eastern and western areas to uncover the downstairs or othe"
7899abf8,reflexion_mh,MiniHack-River-Narrow-v0,14,109,W,0.0,False,"reflection=The level's southern area is bounded by a wall, the eastern path has been partially explored but its full extent and potential contents are still unkn"
7899abf8,reflexion_mh,MiniHack-River-Narrow-v0,14,110,W,0.0,False,"reflection=The level's southern area is bounded by a wall, the eastern path has been partially explored but its full extent and potential contents are still unkn"
7899abf8,reflexion_mh,MiniHack-River-Narrow-v0,14,111,W,0.0,False,"reflection=The level's southern area is bounded by a wall, the eastern path has been partially explored but its full extent and potential contents are still unkn"
7899abf8,reflexion_mh,MiniHack-River-Narrow-v0,14,112,W,0.0,False,"reflection=The level's southern area is bounded by a wall, the eastern path has been partially explored but its full extent and potential contents are still unkn"
7899abf8,reflexion_mh,MiniHack-River-Narrow-v0,14,113,W,-0.01,False,"reflection=The level's western area is being explored and could contain the downstairs or other important features, while the northern area remains unexplored an"
7899abf8,reflexion_mh,MiniHack-River-Narrow-v0,14,114,N,0.0,False,"reflection=The level's western area is being explored and could contain the downstairs or other important features, while the northern area remains largely unexp"
7899abf8,reflexion_mh,MiniHack-River-Narrow-v0,14,115,N,0.0,False,"reflection=The level's western area is being explored and could contain the downstairs or other important features, while the northern area remains largely unexp"
7899abf8,reflexion_mh,MiniHack-River-Narrow-v0,14,116,N,0.0,False,"reflection=The level's northern area, now partially explored, shows no immediate signs of the staircase or significant dangers, suggesting a need to continue nor"
7899abf8,reflexion_mh,MiniHack-River-Narrow-v0,14,117,N,0.0,False,"reflection=The level's northern area, now more explored, still shows no signs of the staircase or significant dangers, indicating a need to keep exploring northw"
7899abf8,reflexion_mh,MiniHack-River-Narrow-v0,14,118,N,0.0,False,"reflection=The level's northern area, now more explored, still shows no signs of the staircase or significant dangers, indicating a need to keep exploring northw"
7899abf8,reflexion_mh,MiniHack-River-Narrow-v0,14,119,N,-0.01,False,"reflection=The level's northern area, now more explored, still shows no signs of the staircase or significant dangers, indicating a continued need to explore nor"
7899abf8,reflexion_mh,MiniHack-River-Narrow-v0,15,0,E,0.0,False,"reflection=The level seems to have a mix of floor and water or lava, and I need to be careful not to fall into the water or lava. The corridor is likely to have "
7899abf8,reflexion_mh,MiniHack-River-Narrow-v0,15,1,S,0.0,False,"reflection=The level seems to have a mix of floor and water or lava, and I need to be careful not to fall into the water or lava. The corridor is likely to have "
7899abf8,reflexion_mh,MiniHack-River-Narrow-v0,15,2,N,0.0,False,"reflection=The level has a wall or obstacle to the east, and I need to explore other directions to find the stairs or important items. The corridor and floor lay"
7899abf8,reflexion_mh,MiniHack-River-Narrow-v0,15,3,N,-0.01,False,"reflection=The level has a wall to the east, and moving north might reveal more of the level's layout and potentially lead to the stairs or other important featu"
7899abf8,reflexion_mh,MiniHack-River-Narrow-v0,15,4,N,-0.01,False,"reflection=The level has a wall to the east, and the western and northern areas are still unexplored and might contain important features or the stairs."
7899abf8,reflexion_mh,MiniHack-River-Narrow-v0,15,5,S,0.0,False,"reflection=The level has walls to the east and north, suggesting that the stairs or significant features might be located to the west or south. The southern area"
7899abf8,reflexion_mh,MiniHack-River-Narrow-v0,15,6,S,0.0,False,"reflection=The level has walls to the east and north, suggesting that the stairs or significant features might be located to the west or south. The southern area"
7899abf8,reflexion_mh,MiniHack-River-Narrow-v0,15,7,S,0.0,False,"reflection=The level has walls to the east and north, suggesting that the stairs or significant features might be located to the west or south. The southern area"
7899abf8,reflexion_mh,MiniHack-River-Narrow-v0,15,8,S,0.0,False,"reflection=The level has walls to the east and north, suggesting that the stairs or significant features might be located to the west or south. The southern area"
7899abf8,reflexion_mh,MiniHack-River-Narrow-v0,15,9,S,0.0,False,"reflection=The level's layout suggests that important areas might be located to the west or south, and exploring southwards will provide more information about p"
7899abf8,reflexion_mh,MiniHack-River-Narrow-v0,15,10,S,0.0,False,"reflection=The level's layout suggests that important areas might be located to the west or south, and exploring southwards will provide more information about p"
7899abf8,reflexion_mh,MiniHack-River-Narrow-v0,15,11,S,-0.01,False,"reflection=The level's layout suggests that important areas might be located to the west or south, and exploring southwards will provide more information about p"
7899abf8,reflexion_mh,MiniHack-River-Narrow-v0,15,12,W,0.0,False,"reflection=The level's openness from the current position indicates a potential for exploration in multiple directions, with a focus on west and south for signif"
7899abf8,reflexion_mh,MiniHack-River-Narrow-v0,15,13,W,0.0,False,"reflection=The level's openness from the current position indicates a potential for exploration in multiple directions, with a focus on west, south, and potentia"
7899abf8,reflexion_mh,MiniHack-River-Narrow-v0,15,14,W,0.0,False,"reflection=The level's layout suggests a potential for a large, open area or a series of connected rooms to the west and possibly south, with the current positio"
7899abf8,reflexion_mh,MiniHack-River-Narrow-v0,15,15,N,0.0,False,"reflection=The level's openness to the north suggests a possible larger room or corridor system extending in that direction, which could contain important items,"
7899abf8,reflexion_mh,MiniHack-River-Narrow-v0,15,16,N,0.0,False,"reflection=The level's design, with its open area to the north, may indicate a larger, more complex layout than initially apparent, suggesting the need for cauti"
7899abf8,reflexion_mh,MiniHack-River-Narrow-v0,15,17,N,0.0,False,"reflection=The level's design, with its open area to the north and the presence of lava or water, suggests a need for cautious exploration to the north to uncove"
7899abf8,reflexion_mh,MiniHack-River-Narrow-v0,15,18,N,0.0,False,"reflection=The level's design, with its open area to the north and the presence of lava or water, suggests a need for cautious exploration to the north to uncove"
7899abf8,reflexion_mh,MiniHack-River-Narrow-v0,15,19,N,0.0,False,"reflection=The level's design suggests a need for cautious exploration, especially towards the north, to uncover more of the layout, potential hazards, and criti"
7899abf8,reflexion_mh,MiniHack-River-Narrow-v0,15,20,E,0.0,False,"reflection=The level's design suggests a need for cautious exploration, especially towards the north, to uncover more of the layout, potential hazards, and criti"
7899abf8,reflexion_mh,MiniHack-River-Narrow-v0,15,21,E,0.0,False,"reflection=The level's design suggests a need for cautious exploration, especially towards the north, to uncover more of the layout, potential hazards, and criti"
7899abf8,reflexion_mh,MiniHack-River-Narrow-v0,15,22,E,0.0,False,"reflection=The level's design suggests a need for cautious exploration, especially towards the north, to uncover more of the layout, potential hazards, and criti"
7899abf8,reflexion_mh,MiniHack-River-Narrow-v0,15,23,S,0.0,False,"reflection=The level's design suggests a mix of open spaces and potential barriers (like water or lava), emphasizing the need for careful movement and exploratio"
7899abf8,reflexion_mh,MiniHack-River-Narrow-v0,15,24,SE,0.0,False,"reflection=The level's design suggests a mix of open spaces and potential barriers, emphasizing careful movement. Exploration in different directions is key to m"
7899abf8,reflexion_mh,MiniHack-River-Narrow-v0,15,25,N,0.0,False,"reflection=The level's design suggests a mix of open spaces and potential barriers, emphasizing careful movement. Exploration in different directions is key to m"
7899abf8,reflexion_mh,MiniHack-River-Narrow-v0,15,26,N,0.0,False,"reflection=The level's design suggests a mix of open spaces and potential barriers, emphasizing careful movement. Exploration in different directions is key to m"
7899abf8,reflexion_mh,MiniHack-River-Narrow-v0,15,27,N,0.0,False,"reflection=The level's design suggests a mix of open spaces and potential barriers, emphasizing careful movement. Exploration in different directions is key to m"
7899abf8,reflexion_mh,MiniHack-River-Narrow-v0,15,28,N,0.0,False,"reflection=The level's design suggests a mix of open spaces and potential barriers, emphasizing careful movement. Exploration in different directions is key to m"
7899abf8,reflexion_mh,MiniHack-River-Narrow-v0,15,29,N,-0.01,False,"reflection=The level's design emphasizes the need for cautious exploration, especially around lava or water. Initial movements should focus on mapping the level "
7899abf8,reflexion_mh,MiniHack-River-Narrow-v0,15,30,N,-0.01,False,"reflection=The level's design emphasizes the need for cautious exploration, especially around lava or water. Initial movements should focus on mapping the level "
7899abf8,reflexion_mh,MiniHack-River-Narrow-v0,15,31,E,0.0,False,"reflection=The level's design emphasizes the need for cautious exploration, especially around lava or water. Initial movements should focus on mapping the level "
7899abf8,reflexion_mh,MiniHack-River-Narrow-v0,15,32,E,0.0,False,"reflection=The level's design emphasizes the need for cautious exploration, especially around lava or water. Initial movements should focus on mapping the level "
7899abf8,reflexion_mh,MiniHack-River-Narrow-v0,15,33,N,0.0,False,"reflection=The level's design emphasizes the need for cautious exploration, especially around lava or water. Initial movements should focus on mapping the level "
7899abf8,reflexion_mh,MiniHack-River-Narrow-v0,15,34,N,-0.01,False,"reflection=The level's design so far suggests a relatively open area to the north, which could indicate a larger room or corridor system. It's essential to keep "
7899abf8,reflexion_mh,MiniHack-River-Narrow-v0,15,35,N,-0.01,False,"reflection=The level's design so far suggests a relatively open area to the north, which could indicate a larger room or corridor system. Continuing north may re"
7899abf8,reflexion_mh,MiniHack-River-Narrow-v0,15,36,W,0.0,False,"reflection=The level's design so far suggests a relatively open area to the north, which could indicate a larger room or corridor system. The presence of lava or"
7899abf8,reflexion_mh,MiniHack-River-Narrow-v0,15,37,N,-0.01,False,"reflection=The level's design so far suggests a relatively open area to the north, which could indicate a larger room or corridor system. The presence of lava or"
7899abf8,reflexion_mh,MiniHack-River-Narrow-v0,15,38,N,-0.01,False,"reflection=The level's design so far suggests a relatively open area to the north, which could indicate a larger room or corridor system. The presence of lava or"
7899abf8,reflexion_mh,MiniHack-River-Narrow-v0,15,39,W,0.0,False,"reflection=The level's design so far suggests a relatively open area to the north, which could indicate a larger room or corridor system. The presence of lava or"
7899abf8,reflexion_mh,MiniHack-River-Narrow-v0,15,40,W,0.0,False,"reflection=The level's design suggests a larger area to the north and potential divisions to the west, with lava or water limiting eastern progression. Exploring"
7899abf8,reflexion_mh,MiniHack-River-Narrow-v0,15,41,N,-0.01,False,"reflection=The level's northern area is still unexplored, and it's possible that the downstairs could be located in that direction. The western divisions could a"
7899abf8,reflexion_mh,MiniHack-River-Narrow-v0,15,42,N,-0.01,False,"reflection=The level's northern area is still unexplored, and it's possible that the downstairs could be located in that direction. The western divisions could a"
7899abf8,reflexion_mh,MiniHack-River-Narrow-v0,15,43,E,0.0,False,"reflection=The level's northern area is blocked by a wall, so exploration will need to focus on other directions. The eastern area is now a priority for explorat"
7899abf8,reflexion_mh,MiniHack-River-Narrow-v0,15,44,E,0.0,False,"reflection=The level's eastern area is now a priority for exploration to see if it yields any useful discoveries or paths, and it will be important to keep track"
7899abf8,reflexion_mh,MiniHack-River-Narrow-v0,15,45,E,0.0,False,"reflection=The level's eastern area remains a priority for exploration. Noting that moving east does not immediately reveal any new walls or obstacles, suggestin"
7899abf8,reflexion_mh,MiniHack-River-Narrow-v0,15,46,E,0.0,False,reflection=The eastern area of the level appears to be open and worthy of further exploration. No immediate threats or obstacles have been identified in this dir
7899abf8,reflexion_mh,MiniHack-River-Narrow-v0,15,47,E,0.0,False,reflection=The eastern area of the level appears to be open and worthy of further exploration. No immediate threats or obstacles have been identified in this dir
7899abf8,reflexion_mh,MiniHack-River-Narrow-v0,15,48,N,-0.01,False,"reflection=The eastern boundary of the level has been reached, and the northern direction appears to be the next logical path for exploration, given the constrai"
7899abf8,reflexion_mh,MiniHack-River-Narrow-v0,15,49,N,-0.01,False,"reflection=The northern direction is the primary path for exploration, and I need to be cautious of the water to the west and the wall to the east. I also need t"
7899abf8,reflexion_mh,MiniHack-River-Narrow-v0,15,50,W,0.0,False,"reflection=The northern direction is blocked by a wall, so I need to explore other directions to find a path forward, and I should be cautious of the water to th"
7899abf8,reflexion_mh,MiniHack-River-Narrow-v0,15,51,S,0.0,False,"reflection=The northern direction is blocked, and exploring east didn't reveal a path, so I'll try moving south and update my knowledge of the level's layout."
7899abf8,reflexion_mh,MiniHack-River-Narrow-v0,15,52,S,0.0,False,"reflection=The level seems to be bounded by lava or water to the east and an unknown boundary to the north, so exploring south and potentially west may reveal mo"
7899abf8,reflexion_mh,MiniHack-River-Narrow-v0,15,53,S,0.0,False,"reflection=The level seems to be bounded by lava or water to the east, and exploring south may reveal more of the level's layout, potentially leading to the down"
7899abf8,reflexion_mh,MiniHack-River-Narrow-v0,15,54,S,0.0,False,"reflection=The level's eastern boundary is likely to be hazardous, so southward exploration is a priority to uncover more of the level's layout and potential obj"
7899abf8,reflexion_mh,MiniHack-River-Narrow-v0,15,55,S,0.0,False,"reflection=The level's layout seems to be bounded by lava or water to the east, and there may be more to explore to the south or west, so I'll prioritize those d"
7899abf8,reflexion_mh,MiniHack-River-Narrow-v0,15,56,W,0.0,False,"reflection=The level's layout seems to be bounded by lava or water to the east, and there may be more to explore to the south or west. I've explored somewhat to "
7899abf8,reflexion_mh,MiniHack-River-Narrow-v0,15,57,W,0.0,False,"reflection=The level's layout seems to be bounded by lava or water to the east, and there may be more to explore to the south or west. I've explored somewhat to "
7899abf8,reflexion_mh,MiniHack-River-Narrow-v0,15,58,W,0.0,False,"reflection=The level's layout seems to be bounded by lava or water to the east, and there may be more to explore to the south or west. I've explored somewhat to "
7899abf8,reflexion_mh,MiniHack-River-Narrow-v0,15,59,W,0.0,False,"reflection=The level's layout seems to be bounded by lava or water to the east, and there may be more to explore to the south or west. I've explored somewhat to "
7899abf8,reflexion_mh,MiniHack-River-Narrow-v0,15,60,W,0.0,False,"reflection=The level's western area remains unexplored, and since moving the boulder didn't reveal any new information, continuing west is the next logical step "
7899abf8,reflexion_mh,MiniHack-River-Narrow-v0,15,61,W,-0.01,False,"reflection=The level's western area is still largely unexplored, and there's no indication of immediate danger or obstacles in that direction, making it a priori"
7899abf8,reflexion_mh,MiniHack-River-Narrow-v0,15,62,W,-0.01,False,"reflection=The level's western area remains largely unexplored, and the inability to move the boulder suggests looking for alternative paths or objects of intere"
7899abf8,reflexion_mh,MiniHack-River-Narrow-v0,15,63,N,0.0,False,"reflection=The level's western area is blocked by a boulder that cannot be moved, suggesting the need to explore other directions for progression."
7899abf8,reflexion_mh,MiniHack-River-Narrow-v0,15,64,E,0.0,False,"reflection=The level's western area is blocked, so I will try exploring the eastern direction to see if I can find any notable features or the downstairs."
7899abf8,reflexion_mh,MiniHack-River-Narrow-v0,15,65,E,0.0,False,"reflection=The level's eastern area is still unexplored, and I need to find the downstairs to progress. So far, I haven't found any obstacles or creatures in thi"
7899abf8,reflexion_mh,MiniHack-River-Narrow-v0,15,66,E,0.0,False,"reflection=The level's eastern area remains unexplored, and I still need to find the downstairs to progress. I've moved a few steps east without encountering any"
7899abf8,reflexion_mh,MiniHack-River-Narrow-v0,15,67,E,0.0,False,"reflection=The level's eastern area remains largely unexplored, and I've identified no threats or obstacles in the immediate vicinity, suggesting it's safe to pr"
7899abf8,reflexion_mh,MiniHack-River-Narrow-v0,15,68,E,0.0,False,"reflection=The level's eastern area remains largely unexplored, and I've identified no threats or obstacles in the immediate vicinity, suggesting it's safe to pr"
7899abf8,reflexion_mh,MiniHack-River-Narrow-v0,15,69,E,0.0,False,"reflection=The level's eastern area remains largely unexplored, and I've identified no threats or obstacles in the immediate vicinity, suggesting it's safe to pr"
7899abf8,reflexion_mh,MiniHack-River-Narrow-v0,15,70,E,0.0,False,"reflection=The level's eastern area remains largely unexplored, and since moving east does not hit a wall, it's reasonable to continue in this direction to find "
7899abf8,reflexion_mh,MiniHack-River-Narrow-v0,15,71,E,0.0,False,"reflection=The level's eastern area remains largely unexplored, and since moving east does not hit a wall, it's reasonable to continue in this direction to find "
7899abf8,reflexion_mh,MiniHack-River-Narrow-v0,15,72,E,0.0,False,"reflection=The level's eastern area remains largely unexplored with potential dangers like water or lava. Continuing east may reveal more of the level's layout, "
7899abf8,reflexion_mh,MiniHack-River-Narrow-v0,15,73,N,0.0,False,"reflection=The level's eastern boundary is solid, suggesting a need to explore north, south, or west for progression, items, or stairs, keeping in mind the poten"
7899abf8,reflexion_mh,MiniHack-River-Narrow-v0,15,74,N,0.0,False,"reflection=The level's eastern boundary is solid, and initial attempts to move east were unsuccessful. The next step is to explore north, keeping an eye out for "
7899abf8,reflexion_mh,MiniHack-River-Narrow-v0,15,75,W,0.0,False,"reflection=The level's eastern boundary is solid, initial attempts to move east were unsuccessful, and the northern path has been partially explored without reve"
7899abf8,reflexion_mh,MiniHack-River-Narrow-v0,15,76,S,0.0,False,"reflection=The level's eastern boundary is solid, initial attempts to move east were unsuccessful, and the northern path has been partially explored without reve"
7899abf8,reflexion_mh,MiniHack-River-Narrow-v0,15,77,S,0.0,False,"reflection=The level's eastern boundary is solid, initial attempts to move east were unsuccessful, the northern path has been partially explored without revealin"
7899abf8,reflexion_mh,MiniHack-River-Narrow-v0,15,78,S,0.0,False,"reflection=The level's eastern boundary is solid, the northern path has been partially explored without revealing significant details, and exploring south could "
7899abf8,reflexion_mh,MiniHack-River-Narrow-v0,15,79,S,0.0,False,"reflection=The southern path continues beyond the current view, potentially leading to new discoveries or the staircase down."
7899abf8,reflexion_mh,MiniHack-River-Narrow-v0,15,80,S,0.0,False,"reflection=The southern path may lead to important discoveries or the staircase down, and I should prioritize exploring this direction."
7899abf8,reflexion_mh,MiniHack-River-Narrow-v0,15,81,S,0.0,False,"reflection=The southern path may lead to important discoveries or the staircase down, and I should prioritize exploring this direction. So far, the path has been"
7899abf8,reflexion_mh,MiniHack-River-Narrow-v0,15,82,S,-0.01,False,"reflection=The southern path remains a priority for exploration, and so far, it has been free of obstacles, suggesting it might be a key route to the staircase d"
7899abf8,reflexion_mh,MiniHack-River-Narrow-v0,15,83,S,-0.01,False,"reflection=The southern path continues to be a priority for exploration, and its continued openness suggests it may lead to significant areas or the staircase do"
7899abf8,reflexion_mh,MiniHack-River-Narrow-v0,15,84,E,0.0,False,"reflection=The level has solid stone walls that can block movement, and it's essential to explore different directions to uncover the layout and find the stairca"
7899abf8,reflexion_mh,MiniHack-River-Narrow-v0,15,85,E,0.0,False,"reflection=The level has solid stone walls that can block movement, and exploring different directions is crucial. The eastern path remains a priority, and it's "
7899abf8,reflexion_mh,MiniHack-River-Narrow-v0,15,86,E,0.0,False,"reflection=The level's layout suggests that exploring in a consistent direction can reveal more about the level's structure, and it's essential to maintain a sen"
7899abf8,reflexion_mh,MiniHack-River-Narrow-v0,15,87,E,0.0,False,"reflection=The level's layout suggests that exploring in a consistent direction can reveal more about the level's structure, and maintaining a sense of direction"
7899abf8,reflexion_mh,MiniHack-River-Narrow-v0,15,88,N,0.0,False,"reflection=The level's layout suggests that exploring in a consistent direction can reveal more about the level's structure, and maintaining a sense of direction"
7899abf8,reflexion_mh,MiniHack-River-Narrow-v0,15,89,N,0.0,False,"reflection=The level's layout suggests that exploring in a consistent direction can reveal more about the level's structure, and maintaining a sense of direction"
7899abf8,reflexion_mh,MiniHack-River-Narrow-v0,15,90,N,0.0,False,"reflection=The level's layout suggests that exploring in a consistent direction can reveal more about the level's structure, and maintaining a sense of direction"
7899abf8,reflexion_mh,MiniHack-River-Narrow-v0,15,91,N,0.0,False,"reflection=The level's layout suggests that exploring in a consistent direction can reveal more about the level's structure, and maintaining a sense of direction"
7899abf8,reflexion_mh,MiniHack-River-Narrow-v0,15,92,N,0.0,False,"reflection=The level's layout suggests that exploring in a consistent direction can reveal more about the level's structure, and maintaining a sense of direction"
7899abf8,reflexion_mh,MiniHack-River-Narrow-v0,15,93,N,-0.01,False,"reflection=The level's layout suggests that exploring in a consistent direction can reveal more about the level's structure, and maintaining a sense of direction"
7899abf8,reflexion_mh,MiniHack-River-Narrow-v0,15,94,N,-0.01,False,"reflection=The level's layout suggests that exploring in a consistent direction can reveal more about the level's structure, and maintaining a sense of direction"
7899abf8,reflexion_mh,MiniHack-River-Narrow-v0,15,95,W,0.0,False,"reflection=The level's layout suggests that exploring in a consistent direction can reveal more about the level's structure, and maintaining a sense of direction"
7899abf8,reflexion_mh,MiniHack-River-Narrow-v0,15,96,W,0.0,False,"reflection=The level's layout suggests that exploring in a consistent direction can reveal more about the level's structure, and maintaining a sense of direction"
7899abf8,reflexion_mh,MiniHack-River-Narrow-v0,15,97,W,0.0,False,"reflection=The level's layout suggests that exploring in a consistent direction can reveal more about the level's structure, and maintaining a sense of direction"
7899abf8,reflexion_mh,MiniHack-River-Narrow-v0,15,98,W,0.0,False,"reflection=The level's layout suggests that exploring in a consistent direction can reveal more about the level's structure, and maintaining a sense of direction"
7899abf8,reflexion_mh,MiniHack-River-Narrow-v0,15,99,W,0.0,False,"reflection=The level's layout suggests that exploring in a consistent direction can reveal more about the level's structure, and maintaining a sense of direction"
7899abf8,reflexion_mh,MiniHack-River-Narrow-v0,15,100,W,0.0,False,"reflection=The level's layout suggests that exploring in a consistent direction can reveal more about the level's structure, and maintaining a sense of direction"
7899abf8,reflexion_mh,MiniHack-River-Narrow-v0,15,101,N,-0.01,False,"reflection=The level's structure suggests that there might be a safer path or important locations towards the north or west, and it's crucial to explore these di"
7899abf8,reflexion_mh,MiniHack-River-Narrow-v0,15,102,N,-0.01,False,"reflection=The level's structure suggests that there might be a safer path or important locations towards the north or west, and exploring north first may provid"
7899abf8,reflexion_mh,MiniHack-River-Narrow-v0,15,103,W,0.0,False,"reflection=The level's structure suggests that there might be a safer path or important locations towards the west, and exploring in that direction may provide m"
7899abf8,reflexion_mh,MiniHack-River-Narrow-v0,15,104,W,0.0,False,"reflection=The level's western area may contain crucial elements for progression, such as stairs, items, or safer routes, and it's necessary to continue explorin"
7899abf8,reflexion_mh,MiniHack-River-Narrow-v0,15,105,NW,-0.01,False,"reflection=The level's western and possibly northwestern areas may contain crucial elements for progression, and exploring these directions could reveal more abo"
7899abf8,reflexion_mh,MiniHack-River-Narrow-v0,15,106,E,0.0,False,"reflection=The level's western and northwestern areas appear to be bounded by solid stone, suggesting that progression may require exploring southern or eastern "
7899abf8,reflexion_mh,MiniHack-River-Narrow-v0,15,107,E,0.0,False,"reflection=The level's western and northwestern areas appear to be bounded by solid stone, suggesting that progression may require exploring southern or eastern "
7899abf8,reflexion_mh,MiniHack-River-Narrow-v0,15,108,E,0.0,False,"reflection=The level's eastern area is still unexplored and may contain necessary features for progression, such as stairs or items, and it's also possible that "
7899abf8,reflexion_mh,MiniHack-River-Narrow-v0,15,109,E,0.0,False,"reflection=The level's eastern area is still unexplored and may contain necessary features for progression, such as stairs or items, and it's also possible that "
7899abf8,reflexion_mh,MiniHack-River-Narrow-v0,15,110,E,0.0,False,"reflection=The level's eastern area is still largely unexplored, and it's possible that the lava or water to the east could be a boundary or an obstacle that nee"
7899abf8,reflexion_mh,MiniHack-River-Narrow-v0,15,111,E,0.0,False,"reflection=The level's eastern area remains largely unexplored, and continuing east may reveal boundaries, obstacles, or important locations like stairs or treas"
7899abf8,reflexion_mh,MiniHack-River-Narrow-v0,15,112,E,0.0,False,"reflection=The level's eastern area remains largely unexplored, and continuing east may reveal boundaries, obstacles, or important locations like stairs or treas"
7899abf8,reflexion_mh,MiniHack-River-Narrow-v0,15,113,E,0.0,False,"reflection=The level's eastern area continues to be open, suggesting a potential path or a large room, and it's necessary to keep exploring east to find signific"
7899abf8,reflexion_mh,MiniHack-River-Narrow-v0,15,114,N,-0.01,False,"reflection=The level's eastern area is open but does not seem to yield immediate significant features, suggesting the need to explore other directions for stairs"
7899abf8,reflexion_mh,MiniHack-River-Narrow-v0,15,115,S,0.0,False,"reflection=The level's eastern area is open but does not seem to yield immediate significant features, and moving north from this spot hits a wall, suggesting th"
7899abf8,reflexion_mh,MiniHack-River-Narrow-v0,15,116,S,0.0,False,"reflection=The level's eastern area is open but does not seem to yield immediate significant features, and moving north from this spot hits a wall. The southern "
7899abf8,reflexion_mh,MiniHack-River-Narrow-v0,15,117,S,0.0,False,"reflection=The level's eastern area is open but does not seem to yield immediate significant features, and moving north from this spot hits a wall. The southern "
7899abf8,reflexion_mh,MiniHack-River-Narrow-v0,15,118,W,0.0,False,"reflection=The level's eastern area is open but does not seem to yield immediate significant features, and moving north from this spot hits a wall. The southern "
7899abf8,reflexion_mh,MiniHack-River-Narrow-v0,15,119,W,0.0,False,"reflection=The level's eastern area is open but does not seem to yield immediate significant features, and moving north from this spot hits a wall. The southern "
7899abf8,reflexion_mh,MiniHack-River-Narrow-v0,16,0,NW,-0.01,False,"reflection=The level seems to have a body of water or lava (}) to the east and southeast, which might be an obstacle or a boundary."
7899abf8,reflexion_mh,MiniHack-River-Narrow-v0,16,1,N,-0.01,False,"reflection=The level seems to have a body of water or lava (}) to the east and southeast, which might be an obstacle or a boundary. I have not encountered any wa"
7899abf8,reflexion_mh,MiniHack-River-Narrow-v0,16,2,W,0.0,False,"reflection=The level has a solid stone wall to the north, and water or lava is present to the east and southeast. The western and northwestern areas are unexplor"
7899abf8,reflexion_mh,MiniHack-River-Narrow-v0,16,3,W,0.0,False,"reflection=The level has a solid stone wall to the north, water or lava to the east and southeast, and potentially safer paths to the west and northwest. The cur"
7899abf8,reflexion_mh,MiniHack-River-Narrow-v0,16,4,NW,-0.01,False,"reflection=The level has a solid stone wall to the north, water or lava to the east and southeast, and potentially safer paths to the west and northwest. The cur"
7899abf8,reflexion_mh,MiniHack-River-Narrow-v0,16,5,W,0.0,False,"reflection=The level has a solid stone wall to the north, water or lava to the east and southeast, and potentially safer paths to the west and northwest. The cur"
7899abf8,reflexion_mh,MiniHack-River-Narrow-v0,16,6,W,0.0,False,"reflection=The level's western part remains largely unexplored, and since moving directly north or east is not possible due to the wall and water/lava, respectiv"
7899abf8,reflexion_mh,MiniHack-River-Narrow-v0,16,7,W,0.0,False,"reflection=The level's western part remains largely unexplored, and further westward exploration is necessary to potentially find a staircase or another path. So"
7899abf8,reflexion_mh,MiniHack-River-Narrow-v0,16,8,W,0.0,False,"reflection=The level's western part is still largely unexplored, and continuing westward may reveal new features or paths, but it's also important to keep an eye"
7899abf8,reflexion_mh,MiniHack-River-Narrow-v0,16,9,W,0.0,False,"reflection=The level's western part remains unexplored, and continuing west may reveal new paths or items, but caution is needed as the map expands."
7899abf8,reflexion_mh,MiniHack-River-Narrow-v0,16,10,W,0.0,False,"reflection=The level's western part has a significant amount of floor space, and continuing to explore this area may yield useful items or staircases, but it's a"
7899abf8,reflexion_mh,MiniHack-River-Narrow-v0,16,11,N,-0.01,False,"reflection=The level's western part has a significant amount of floor space, and exploring north from this position may help in understanding the layout of the u"
7899abf8,reflexion_mh,MiniHack-River-Narrow-v0,16,12,N,-0.01,False,"reflection=The level's northern part is accessible from the current position, suggesting a possible path or open area in that direction. The presence of lava or "
7899abf8,reflexion_mh,MiniHack-River-Narrow-v0,16,13,W,0.0,False,"reflection=The level's northern part is inaccessible from the current position, suggesting a need to explore other directions. The western path appears to be the"
7899abf8,reflexion_mh,MiniHack-River-Narrow-v0,16,14,W,0.0,False,reflection=The level's western path remains the primary focus for exploration due to the observed hazards in other directions. The presence of lava or water to t
7899abf8,reflexion_mh,MiniHack-River-Narrow-v0,16,15,W,0.0,False,"reflection=The level's western path remains a priority for exploration, and it's necessary to keep moving in this direction until a wall or another significant f"
7899abf8,reflexion_mh,MiniHack-River-Narrow-v0,16,16,W,0.0,False,"reflection=The level's western path remains a priority for exploration, and it's necessary to keep moving in this direction until a wall or another significant f"
7899abf8,reflexion_mh,MiniHack-River-Narrow-v0,16,17,W,0.0,False,"reflection=The level's western path continues to be open, suggesting a potential large open area or a corridor that leads to significant features such as stairs,"
7899abf8,reflexion_mh,MiniHack-River-Narrow-v0,16,18,W,0.0,False,"reflection=The level's western path continues to be open, suggesting a potential large open area or a corridor that leads to significant features such as stairs,"
7899abf8,reflexion_mh,MiniHack-River-Narrow-v0,16,19,W,-0.01,False,"reflection=The level's western path continues to be open, suggesting a potential large open area or a corridor that leads to significant features such as stairs,"
7899abf8,reflexion_mh,MiniHack-River-Narrow-v0,16,20,W,-0.01,False,"reflection=The level's western path continues to be open, suggesting a large open area or a corridor leading to significant features. The absence of walls to the"
7899abf8,reflexion_mh,MiniHack-River-Narrow-v0,16,21,N,-0.01,False,"reflection=The level's western boundary is solid stone, indicating a need to explore other directions to find paths, items, or staircases. The open area to the w"
7899abf8,reflexion_mh,MiniHack-River-Narrow-v0,16,22,E,0.0,False,"reflection=The level's western boundary is solid stone, and the northern path is also blocked, indicating a need to focus exploration on southern and eastern dir"
7899abf8,reflexion_mh,MiniHack-River-Narrow-v0,16,23,E,0.0,False,"reflection=The level's western boundary is solid stone, the northern path is blocked, and initial eastern exploration is necessary to progress, with the need to "
7899abf8,reflexion_mh,MiniHack-River-Narrow-v0,16,24,E,0.0,False,"reflection=The level's western boundary is solid stone, the northern path is blocked, and initial eastern exploration is necessary to progress, with the need to "
7899abf8,reflexion_mh,MiniHack-River-Narrow-v0,16,25,E,0.0,False,"reflection=The level's eastern boundary has not been reached, and there's a potential path or features to discover by moving further east, which could include th"
7899abf8,reflexion_mh,MiniHack-River-Narrow-v0,16,26,E,0.0,False,"reflection=The level's eastern boundary has still not been reached, suggesting there could be more rooms, corridors, or important locations such as the downstair"
7899abf8,reflexion_mh,MiniHack-River-Narrow-v0,16,27,E,0.0,False,"reflection=The level's eastern area remains unexplored, and given the lack of immediate walls to the east, it's plausible that significant features such as rooms"
7899abf8,reflexion_mh,MiniHack-River-Narrow-v0,16,28,E,0.0,False,"reflection=The level's eastern area is still unexplored, and moving east may lead to discovering rooms, corridors, or the staircase down, but it's also possible "
7899abf8,reflexion_mh,MiniHack-River-Narrow-v0,16,29,E,0.0,False,"reflection=The level's eastern area continues to be accessible, suggesting that the '}' symbols indicating lava or water may not be immediately adjacent, allowin"
7899abf8,reflexion_mh,MiniHack-River-Narrow-v0,16,30,E,0.0,False,"reflection=The level's eastern area is more extensive than initially thought, with no immediate obstacles or boundaries encountered yet, suggesting a potential f"
7899abf8,reflexion_mh,MiniHack-River-Narrow-v0,16,31,N,-0.01,False,"reflection=The level's eastern area is more extensive than initially thought, and now it's time to explore other directions to understand the overall layout and "
7899abf8,reflexion_mh,MiniHack-River-Narrow-v0,16,32,W,0.0,False,"reflection=The level's eastern boundary has been found, and now exploration in other directions is necessary to find stairs, items, or potential dangers, indicat"
7899abf8,reflexion_mh,MiniHack-River-Narrow-v0,16,33,N,-0.01,False,"reflection=The level's eastern boundary has been fully explored, indicating a need to diversify exploration directions to uncover more of the level's content, su"
7899abf8,reflexion_mh,MiniHack-River-Narrow-v0,16,34,N,-0.01,False,"reflection=The level's eastern boundary is solid stone, indicating a need to explore other directions to find stairs, items, or other features, and to understand"
7899abf8,reflexion_mh,MiniHack-River-Narrow-v0,16,35,S,0.0,False,"reflection=The level's eastern and northern boundaries are solid or blocked, indicating a need to focus exploration on southern and western directions to progres"
7899abf8,reflexion_mh,MiniHack-River-Narrow-v0,16,36,S,0.0,False,"reflection=The level's eastern and northern boundaries are solid or blocked, indicating a need to focus exploration on southern and western directions to progres"
7899abf8,reflexion_mh,MiniHack-River-Narrow-v0,16,37,S,0.0,False,"reflection=The level's eastern and northern boundaries are solid or blocked, indicating a need to focus exploration on southern and western directions to progres"
7899abf8,reflexion_mh,MiniHack-River-Narrow-v0,16,38,W,0.0,False,"reflection=The level's boundaries and initial exploration suggest a focus on western and southern directions for progress, with the need to locate the downstairs"
7899abf8,reflexion_mh,MiniHack-River-Narrow-v0,16,39,S,0.0,False,"reflection=The level's layout suggests that significant features or paths might be located in the southern or western parts of the map, given the initial explora"
7899abf8,reflexion_mh,MiniHack-River-Narrow-v0,16,40,S,0.0,False,"reflection=The level's design suggests that moving away from the lava or water is prudent. Exploring south could reveal more about the level's structure, potenti"
7899abf8,reflexion_mh,MiniHack-River-Narrow-v0,16,41,S,0.0,False,"reflection=The level's design suggests that moving away from the lava or water is prudent. Exploring south could reveal more about the level's structure, potenti"
7899abf8,reflexion_mh,MiniHack-River-Narrow-v0,16,42,S,-0.01,False,"reflection=The level's openness in multiple directions from the starting point suggests a need to explore systematically to uncover potential items, staircases, "
7899abf8,reflexion_mh,MiniHack-River-Narrow-v0,16,43,S,-0.01,False,"reflection=The level's openness in multiple directions from the starting point suggests a need to explore systematically to uncover potential items, staircases, "
7899abf8,reflexion_mh,MiniHack-River-Narrow-v0,16,44,E,0.0,False,"reflection=The level's boundaries are starting to reveal themselves, with a solid stone wall to the south, indicating a need to explore east, west, or diagonally"
7899abf8,reflexion_mh,MiniHack-River-Narrow-v0,16,45,E,0.0,False,"reflection=The level's boundaries are more defined, with a solid wall to the south, suggesting exploration should focus on the eastern, western, and diagonal pat"
7899abf8,reflexion_mh,MiniHack-River-Narrow-v0,16,46,N,0.0,False,"reflection=The level's boundaries are more defined, with a solid wall to the south, suggesting exploration should focus on the eastern, western, and diagonal pat"
7899abf8,reflexion_mh,MiniHack-River-Narrow-v0,16,47,N,0.0,False,"reflection=The level's boundaries are more defined, with a solid wall to the south, suggesting exploration should focus on the eastern, western, and diagonal pat"
7899abf8,reflexion_mh,MiniHack-River-Narrow-v0,16,48,N,0.0,False,"reflection=The level's design suggests that significant features or paths may be located by exploring in the northern direction, given that initial movements nor"
7899abf8,reflexion_mh,MiniHack-River-Narrow-v0,16,49,N,0.0,False,"reflection=The level's design suggests that significant features or paths may be located by exploring in the northern direction, and since initial movements nort"
7899abf8,reflexion_mh,MiniHack-River-Narrow-v0,16,50,N,0.0,False,"reflection=The level's design suggests that significant features or paths may be located by exploring in the northern direction, and initial movements northward "
7899abf8,reflexion_mh,MiniHack-River-Narrow-v0,16,51,N,0.0,False,"reflection=The level's design suggests that significant features or paths may be located by exploring in the northern direction, and initial movements northward "
7899abf8,reflexion_mh,MiniHack-River-Narrow-v0,16,52,N,-0.01,False,"reflection=The level's design suggests that significant features or paths may be located by exploring in the northern direction, and initial movements northward "
7899abf8,reflexion_mh,MiniHack-River-Narrow-v0,16,53,N,-0.01,False,"reflection=The level's design suggests a potential corridor or path to the north, and the lack of immediate obstacles in this direction indicates it may be a pri"
7899abf8,reflexion_mh,MiniHack-River-Narrow-v0,16,54,S,0.0,False,"reflection=The level's design suggests a potential corridor or path to the north, but since it's blocked, moving south could reveal alternative paths or importan"
7899abf8,reflexion_mh,MiniHack-River-Narrow-v0,16,55,S,0.0,False,"reflection=The level's design suggests a potential corridor or path to the north, but since it's blocked, moving south could reveal alternative paths or importan"
7899abf8,reflexion_mh,MiniHack-River-Narrow-v0,16,56,S,0.0,False,"reflection=The level's design suggests a potential need to explore southward to find alternative paths or important features such as doors, stairs, or items, giv"
7899abf8,reflexion_mh,MiniHack-River-Narrow-v0,16,57,S,0.0,False,"reflection=The level's design suggests a potential need to explore southward to find alternative paths or important features such as doors, stairs, or items, giv"
7899abf8,reflexion_mh,MiniHack-River-Narrow-v0,16,58,S,0.0,False,"reflection=The level's design suggests a potential need to explore southward to find alternative paths or important features, and so far, this strategy has not r"
7899abf8,reflexion_mh,MiniHack-River-Narrow-v0,16,59,S,0.0,False,"reflection=The level's design suggests a potential need to explore southward to find alternative paths or important features, and so far, this strategy has not r"
7899abf8,reflexion_mh,MiniHack-River-Narrow-v0,16,60,S,-0.01,False,"reflection=The level's design suggests a potential need to explore southward to find alternative paths or important features, and this strategy has not resulted "
7899abf8,reflexion_mh,MiniHack-River-Narrow-v0,16,61,S,-0.01,False,"reflection=The level's design suggests a potential need to explore southward to find alternative paths or important features, and this strategy has not resulted "
7899abf8,reflexion_mh,MiniHack-River-Narrow-v0,16,62,N,0.0,False,"reflection=The level's southern boundary has been reached without finding a downstairs or significant features, indicating a need to explore other directions to "
7899abf8,reflexion_mh,MiniHack-River-Narrow-v0,16,63,E,0.0,False,"reflection=The level's southern boundary has been reached without finding a downstairs or significant features, and an initial northward move did not yield new i"
7899abf8,reflexion_mh,MiniHack-River-Narrow-v0,16,64,E,0.0,False,"reflection=The level's eastern boundary has not been explored, and it is possible that the downstairs or other important features are located in this direction. "
7899abf8,reflexion_mh,MiniHack-River-Narrow-v0,16,65,E,0.0,False,"reflection=The level's eastern boundary is a priority for exploration due to potential important features or the downstairs, and caution is needed due to lava or"
7899abf8,reflexion_mh,MiniHack-River-Narrow-v0,16,66,E,0.0,False,"reflection=The level's eastern boundary is a priority for exploration due to potential important features or the downstairs, and caution is needed due to lava or"
7899abf8,reflexion_mh,MiniHack-River-Narrow-v0,16,67,E,0.0,False,"reflection=The level's eastern boundary is a priority for exploration, and so far, the path eastward is clear of immediate obstacles, but I need to be cautious o"
7899abf8,reflexion_mh,MiniHack-River-Narrow-v0,16,68,E,0.0,False,"reflection=The level's eastern boundary is a priority for exploration, and so far, the path eastward is clear of immediate obstacles, but I need to be cautious o"
7899abf8,reflexion_mh,MiniHack-River-Narrow-v0,16,69,E,0.0,False,"reflection=The level's eastern boundary is still a priority for exploration, and I've learned that the path eastward remains clear of immediate obstacles so far,"
7899abf8,reflexion_mh,MiniHack-River-Narrow-v0,16,70,E,0.0,False,"reflection=The level's eastern boundary is still a priority for exploration, and so far, the path eastward remains clear of immediate obstacles, but it's crucial"
7899abf8,reflexion_mh,MiniHack-River-Narrow-v0,16,71,E,0.0,False,"reflection=The level's eastern boundary continues to be a priority for exploration. So far, the path remains clear of obstacles, suggesting a potentially open ar"
7899abf8,reflexion_mh,MiniHack-River-Narrow-v0,16,72,E,0.0,False,"reflection=The level's eastern path continues to be obstacle-free, suggesting a large open area or a long corridor. The presence of lava or water to the east and"
7899abf8,reflexion_mh,MiniHack-River-Narrow-v0,16,73,N,0.0,False,"reflection=The level's eastern path continues to be obstacle-free, suggesting a large open area or a long corridor. The presence of lava or water to the east and"
7899abf8,reflexion_mh,MiniHack-River-Narrow-v0,16,74,N,0.0,False,"reflection=The level's layout suggests that navigating around hazards like lava or water will be crucial. Exploring north may reveal important features, corridor"
7899abf8,reflexion_mh,MiniHack-River-Narrow-v0,16,75,E,0.0,False,"reflection=The level's layout suggests that navigating around hazards like lava or water will be crucial, and eastern exploration may reveal important features o"
7899abf8,reflexion_mh,MiniHack-River-Narrow-v0,16,76,N,0.0,False,"reflection=The level's layout suggests that navigating around hazards like lava or water will be crucial, and exploring multiple directions is necessary for a fu"
7899abf8,reflexion_mh,MiniHack-River-Narrow-v0,16,77,N,0.0,False,"reflection=The level's layout suggests that navigating around hazards like lava or water will be crucial, and exploring multiple directions is necessary for a fu"
7899abf8,reflexion_mh,MiniHack-River-Narrow-v0,16,78,N,0.0,False,"reflection=The level's layout suggests that navigating around hazards like lava or water will be crucial, and exploring multiple directions is necessary for a fu"
7899abf8,reflexion_mh,MiniHack-River-Narrow-v0,16,79,N,0.0,False,"reflection=The level's layout suggests that navigating around hazards like lava or water will be crucial, and exploring multiple directions is necessary for a fu"
7899abf8,reflexion_mh,MiniHack-River-Narrow-v0,16,80,N,-0.01,False,"reflection=The level's layout suggests that navigating around hazards like lava or water will be crucial, and exploring multiple directions is necessary for a fu"
7899abf8,reflexion_mh,MiniHack-River-Narrow-v0,16,81,N,-0.01,False,"reflection=The level's design emphasizes the importance of cautious exploration, especially around hazardous areas like lava or water. The northern path, being s"
7899abf8,reflexion_mh,MiniHack-River-Narrow-v0,16,82,E,0.0,False,"reflection=The level's design emphasizes the importance of cautious exploration, especially around hazardous areas like lava or water. Given the current situatio"
7899abf8,reflexion_mh,MiniHack-River-Narrow-v0,16,83,E,0.0,False,"reflection=The level's design emphasizes the importance of cautious exploration, especially around hazardous areas like lava or water. Exploring eastward might r"
7899abf8,reflexion_mh,MiniHack-River-Narrow-v0,16,84,E,0.0,False,"reflection=The level's design emphasizes the importance of cautious exploration, especially around hazardous areas like lava or water. Exploring eastward might r"
7899abf8,reflexion_mh,MiniHack-River-Narrow-v0,16,85,S,0.0,False,"reflection=The level's design emphasizes the importance of cautious exploration, especially around hazardous areas like lava or water. Exploring eastward is limi"
7899abf8,reflexion_mh,MiniHack-River-Narrow-v0,16,86,S,0.0,False,"reflection=The level's design seems to encourage exploration in multiple directions to uncover its layout, with the current area being somewhat restricted. Movin"
7899abf8,reflexion_mh,MiniHack-River-Narrow-v0,16,87,E,0.0,False,"reflection=The level seems to have a mix of open spaces and potential obstacles like lava or water, suggesting a need to explore carefully to avoid danger while "
7899abf8,reflexion_mh,MiniHack-River-Narrow-v0,16,88,N,0.0,False,"reflection=The level's design suggests that open spaces may be more common in the northern direction, but it's crucial to remain cautious as the presence of lava"
7899abf8,reflexion_mh,MiniHack-River-Narrow-v0,16,89,N,0.0,False,"reflection=The level's design suggests that open spaces may be more common in the northern direction, and it's essential to explore this direction further while "
7899abf8,reflexion_mh,MiniHack-River-Narrow-v0,16,90,N,0.0,False,"reflection=The level's design suggests that open spaces may be more common in the northern direction, and it's essential to explore this direction further while "
7899abf8,reflexion_mh,MiniHack-River-Narrow-v0,16,91,N,-0.01,False,reflection=The level's design suggests prioritizing northern movement to avoid hazards and potentially find more open areas or the staircase. The absence of imme
7899abf8,reflexion_mh,MiniHack-River-Narrow-v0,16,92,N,-0.01,False,reflection=The level's design suggests prioritizing northern movement to avoid hazards and potentially find more open areas or the staircase. The absence of imme
7899abf8,reflexion_mh,MiniHack-River-Narrow-v0,16,93,W,0.0,False,"reflection=The level's design suggests prioritizing movement away from the lava or water to the east. The northern path is blocked, so exploring west or finding "
7899abf8,reflexion_mh,MiniHack-River-Narrow-v0,16,94,W,0.0,False,"reflection=The level's design suggests prioritizing movement away from the lava or water to the east, and exploring west may reveal new paths or items, consideri"
7899abf8,reflexion_mh,MiniHack-River-Narrow-v0,16,95,W,0.0,False,"reflection=The level's design suggests prioritizing movement away from the lava or water to the east, and exploring west may reveal new paths or items. The absen"
7899abf8,reflexion_mh,MiniHack-River-Narrow-v0,16,96,W,0.0,False,"reflection=The level's design suggests prioritizing movement away from the lava or water to the east, and exploring west may reveal new paths or items. The absen"
7899abf8,reflexion_mh,MiniHack-River-Narrow-v0,16,97,W,0.0,False,"reflection=The level's design suggests prioritizing movement away from the lava or water to the east, and exploring west may reveal new paths or items. The absen"
7899abf8,reflexion_mh,MiniHack-River-Narrow-v0,16,98,W,0.0,False,"reflection=The level's design suggests prioritizing movement away from the lava or water to the east, and exploring west may reveal new paths or items. The absen"
7899abf8,reflexion_mh,MiniHack-River-Narrow-v0,16,99,W,0.0,False,"reflection=The level's design suggests prioritizing movement away from the lava or water to the east, and exploring west may reveal new paths or items. The absen"
7899abf8,reflexion_mh,MiniHack-River-Narrow-v0,16,100,N,-0.01,False,"reflection=The level's design suggests prioritizing movement away from the lava or water to the east, and exploring other directions may reveal new paths or item"
7899abf8,reflexion_mh,MiniHack-River-Narrow-v0,16,101,N,-0.01,False,"reflection=The level's design suggests prioritizing movement away from the lava or water to the east, and exploring other directions may reveal new paths or item"
7899abf8,reflexion_mh,MiniHack-River-Narrow-v0,16,102,S,0.0,False,"reflection=The level's design suggests prioritizing movement away from the lava or water to the east, and exploring other directions may reveal new paths or item"
7899abf8,reflexion_mh,MiniHack-River-Narrow-v0,16,103,W,0.0,False,"reflection=The level's design suggests prioritizing movement away from the lava or water to the east, and exploring other directions may reveal new paths or item"
7899abf8,reflexion_mh,MiniHack-River-Narrow-v0,16,104,S,0.0,False,"reflection=The level's design suggests prioritizing movement away from the lava or water to the east, and exploring other directions may reveal new paths or item"
7899abf8,reflexion_mh,MiniHack-River-Narrow-v0,16,105,S,0.0,False,"reflection=The level's design suggests prioritizing movement away from the lava or water to the east, and exploring other directions may reveal new paths or item"
7899abf8,reflexion_mh,MiniHack-River-Narrow-v0,16,106,S,0.0,False,"reflection=The level's design suggests prioritizing movement away from the lava or water to the east, and exploring other directions may reveal new paths or item"
7899abf8,reflexion_mh,MiniHack-River-Narrow-v0,16,107,S,0.0,False,"reflection=The level's design suggests prioritizing movement away from the lava or water to the east, and exploring other directions may reveal new paths or item"
7899abf8,reflexion_mh,MiniHack-River-Narrow-v0,16,108,S,0.0,False,"reflection=The level's design suggests that the south direction may be a viable path for exploration, and it is necessary to continue moving in this direction to"
7899abf8,reflexion_mh,MiniHack-River-Narrow-v0,16,109,S,-0.01,False,"reflection=The level's southward path remains unobstructed, indicating potential for further exploration in this direction to uncover more details about the leve"
7899abf8,reflexion_mh,MiniHack-River-Narrow-v0,16,110,S,-0.01,False,"reflection=The level's southward path continues to be a viable route for exploration, with no obstacles encountered yet, suggesting that the staircase or signifi"
7899abf8,reflexion_mh,MiniHack-River-Narrow-v0,16,111,E,0.0,False,"reflection=The level's southward path is blocked, so I need to explore other directions to find the staircase or significant items, possibly trying east or west "
7899abf8,reflexion_mh,MiniHack-River-Narrow-v0,16,112,W,0.0,False,"reflection=The level's southward path is blocked, and initial eastward exploration did not yield a staircase or significant items, so I will try moving west to f"
7899abf8,reflexion_mh,MiniHack-River-Narrow-v0,16,113,W,0.0,False,"reflection=The level's southward path is blocked, initial eastward exploration did not yield a staircase or significant items, and now I'm trying west to find th"
7899abf8,reflexion_mh,MiniHack-River-Narrow-v0,16,114,W,0.0,False,"reflection=The level's southward path is blocked, initial eastward exploration did not yield a staircase or significant items, and now I'm trying west to find th"
7899abf8,reflexion_mh,MiniHack-River-Narrow-v0,16,115,W,0.0,False,"reflection=The level's southward path is blocked, initial eastward exploration did not yield a staircase or significant items, and westward exploration is ongoin"
7899abf8,reflexion_mh,MiniHack-River-Narrow-v0,16,116,N,0.0,False,"reflection=The level's southward path is blocked, initial eastward exploration did not yield a staircase or significant items, westward exploration is ongoing wi"
7899abf8,reflexion_mh,MiniHack-River-Narrow-v0,16,117,N,0.0,False,"reflection=The level's southward path is blocked, initial eastward exploration did not yield a staircase or significant items, westward exploration is ongoing wi"
7899abf8,reflexion_mh,MiniHack-River-Narrow-v0,16,118,N,0.0,False,"reflection=The level's northward path, initially blocked by a boulder, is now open for exploration, which might lead to new paths, items, or the staircase."
7899abf8,reflexion_mh,MiniHack-River-Narrow-v0,16,119,N,0.0,False,"reflection=The level's northward path, initially blocked, is now open. Exploring north may reveal new paths, items, or the staircase. The current position allows"
7899abf8,reflexion_mh,MiniHack-River-Narrow-v0,17,0,E,0.0,False,"reflection=The level seems to have a mix of floor and possibly other terrains or objects to the east, suggesting that moving in this direction could reveal more "
7899abf8,reflexion_mh,MiniHack-River-Narrow-v0,17,1,E,0.0,False,"reflection=The level seems to have a mix of floor and possibly other terrains or objects to the east, suggesting that moving in this direction could reveal more "
7899abf8,reflexion_mh,MiniHack-River-Narrow-v0,17,2,E,0.0,False,"reflection=The level seems to have a mix of floor and possibly other terrains or objects to the east, suggesting that moving in this direction could reveal more "
7899abf8,reflexion_mh,MiniHack-River-Narrow-v0,17,3,E,0.0,False,"reflection=The level seems to have a mix of floor and possibly other terrains or objects to the east, suggesting that moving in this direction could reveal more "
7899abf8,reflexion_mh,MiniHack-River-Narrow-v0,17,4,E,0.0,False,"reflection=The level seems to have a mix of floor and possibly other terrains or objects to the east, suggesting that moving in this direction could reveal more "
7899abf8,reflexion_mh,MiniHack-River-Narrow-v0,17,5,E,0.0,False,"reflection=The level seems to have a mix of floor and possibly other terrains or objects to the east, suggesting that moving in this direction could reveal more "
7899abf8,reflexion_mh,MiniHack-River-Narrow-v0,17,6,E,0.0,False,"reflection=The level's eastern area contains a mix of floor and possibly water or lava, suggesting the need for careful exploration to avoid potential hazards wh"
7899abf8,reflexion_mh,MiniHack-River-Narrow-v0,17,7,N,0.0,False,"reflection=The level's eastern area, while potentially hazardous, does not immediately threaten the player. Exploration in other directions may provide safer pat"
7899abf8,reflexion_mh,MiniHack-River-Narrow-v0,17,8,N,-0.01,False,"reflection=The level's eastern area does not seem to offer immediate progression or threats, suggesting a need to explore other directions for stairs or useful i"
7899abf8,reflexion_mh,MiniHack-River-Narrow-v0,17,9,W,0.0,False,"reflection=The level's eastern boundary is solid stone, indicating a need to explore northern, southern, or western directions for progression or items. The lack"
7899abf8,reflexion_mh,MiniHack-River-Narrow-v0,17,10,N,-0.01,False,"reflection=The level's eastern boundary is solid stone, suggesting a need to explore northern, southern, or western directions for progression or items. Initial "
7899abf8,reflexion_mh,MiniHack-River-Narrow-v0,17,11,N,-0.01,False,"reflection=The level's eastern boundary is solid stone, suggesting a need to explore northern, southern, or western directions for progression or items. Initial "
7899abf8,reflexion_mh,MiniHack-River-Narrow-v0,17,12,S,0.0,False,"reflection=The level's northern boundary is also solid stone or a wall, indicating that initial progression might rely on southern or western exploration. The pr"
7899abf8,reflexion_mh,MiniHack-River-Narrow-v0,17,13,S,0.0,False,reflection=The level's design suggests that initial progression will indeed require careful navigation around the lava or water to the east and the wall to the n
7899abf8,reflexion_mh,MiniHack-River-Narrow-v0,17,14,S,0.0,False,reflection=The level's design suggests that initial progression will indeed require careful navigation around the lava or water to the east and the wall to the n
7899abf8,reflexion_mh,MiniHack-River-Narrow-v0,17,15,S,0.0,False,reflection=The level's design suggests that initial progression will indeed require careful navigation around the lava or water to the east and the wall to the n
7899abf8,reflexion_mh,MiniHack-River-Narrow-v0,17,16,S,0.0,False,reflection=The level's design suggests that initial progression will indeed require careful navigation around the lava or water to the east and the wall to the n
7899abf8,reflexion_mh,MiniHack-River-Narrow-v0,17,17,S,0.0,False,reflection=The level's design suggests that initial progression will indeed require careful navigation around the lava or water to the east and the wall to the n
7899abf8,reflexion_mh,MiniHack-River-Narrow-v0,17,18,S,-0.01,False,reflection=The level's design suggests that initial progression will indeed require careful navigation around the lava or water to the east and the wall to the n
7899abf8,reflexion_mh,MiniHack-River-Narrow-v0,17,19,S,-0.01,False,reflection=The level's design suggests that initial progression will indeed require careful navigation around the lava or water to the east and the wall to the n
7899abf8,reflexion_mh,MiniHack-River-Narrow-v0,17,20,W,0.0,False,reflection=The level's design suggests that initial progression will indeed require careful navigation around the lava or water to the east and the wall to the n
7899abf8,reflexion_mh,MiniHack-River-Narrow-v0,17,21,W,0.0,False,"reflection=The level's design emphasizes the importance of exploring all directions to understand the layout fully, especially when initial paths are blocked by "
7899abf8,reflexion_mh,MiniHack-River-Narrow-v0,17,22,W,0.0,False,"reflection=The level's design emphasizes the importance of exploring all directions to understand the layout fully, especially when initial paths are blocked by "
7899abf8,reflexion_mh,MiniHack-River-Narrow-v0,17,23,W,0.0,False,"reflection=The level's design emphasizes the importance of exploring all directions to understand the layout fully, especially when initial paths are blocked. Co"
7899abf8,reflexion_mh,MiniHack-River-Narrow-v0,17,24,W,0.0,False,"reflection=The level's design emphasizes the importance of exploring all directions to understand the layout fully, especially when initial paths are blocked. Co"
7899abf8,reflexion_mh,MiniHack-River-Narrow-v0,17,25,W,0.0,False,"reflection=The level's design emphasizes the importance of exploring all directions to understand the layout fully, especially when initial paths are blocked. Co"
7899abf8,reflexion_mh,MiniHack-River-Narrow-v0,17,26,W,0.0,False,"reflection=The level's design emphasizes the importance of exploring all directions to understand the layout fully, especially when initial paths are blocked. Th"
7899abf8,reflexion_mh,MiniHack-River-Narrow-v0,17,27,W,0.0,False,"reflection=The level's design emphasizes the importance of exploring all directions to understand the layout fully, especially when initial paths are blocked. Th"
7899abf8,reflexion_mh,MiniHack-River-Narrow-v0,17,28,W,0.0,False,"reflection=The level's design emphasizes the importance of exploring all directions to understand the layout fully, especially when initial paths are blocked. Co"
7899abf8,reflexion_mh,MiniHack-River-Narrow-v0,17,29,W,0.0,False,"reflection=The level's design seems to encourage exploration in all directions, but given the initial movements, westward progression appears to be a priority fo"
7899abf8,reflexion_mh,MiniHack-River-Narrow-v0,17,30,W,0.0,False,"reflection=The level's design seems to encourage exploration in all directions, but given the initial movements, westward progression appears to be a priority fo"
7899abf8,reflexion_mh,MiniHack-River-Narrow-v0,17,31,W,0.0,False,"reflection=The level's design seems to encourage exploration in all directions, but given the initial movements, westward progression appears to be a priority fo"
7899abf8,reflexion_mh,MiniHack-River-Narrow-v0,17,32,W,0.0,False,"reflection=The level's design continues to suggest that westward exploration is a viable and potentially rewarding path, with no immediate obstacles or dangers o"
7899abf8,reflexion_mh,MiniHack-River-Narrow-v0,17,33,W,0.0,False,"reflection=The level's design continues to suggest that westward exploration is a viable and potentially rewarding path, with no immediate obstacles or dangers o"
7899abf8,reflexion_mh,MiniHack-River-Narrow-v0,17,34,W,-0.01,False,"reflection=The level's design continues to suggest that westward exploration is a viable and potentially rewarding path, with no immediate obstacles or dangers o"
7899abf8,reflexion_mh,MiniHack-River-Narrow-v0,17,35,W,-0.01,False,"reflection=The level's design continues to suggest that westward exploration is a viable and potentially rewarding path, with no immediate obstacles or dangers o"
7899abf8,reflexion_mh,MiniHack-River-Narrow-v0,17,36,S,-0.01,False,"reflection=The level's design continues to suggest that westward exploration is bounded, indicating a need to explore other directions for progression. Southward"
7899abf8,reflexion_mh,MiniHack-River-Narrow-v0,17,37,E,0.0,False,reflection=The level's boundaries to the south and west suggest that exploration should focus on the eastern and northern directions for potential progression or
7899abf8,reflexion_mh,MiniHack-River-Narrow-v0,17,38,E,0.0,False,"reflection=The level's boundaries to the south and west are solid walls, suggesting that the main path for progression likely lies to the east or north, with a f"
7899abf8,reflexion_mh,MiniHack-River-Narrow-v0,17,39,E,0.0,False,"reflection=The level's boundaries to the south and west are solid walls, suggesting that the main path for progression likely lies to the east or north. The east"
7899abf8,reflexion_mh,MiniHack-River-Narrow-v0,17,40,E,0.0,False,"reflection=The level's boundaries to the south and west are solid walls, suggesting that the main path for progression likely lies to the east or north. The east"
7899abf8,reflexion_mh,MiniHack-River-Narrow-v0,17,41,E,0.0,False,"reflection=The level's boundaries to the south and west are solid walls, suggesting that the main path for progression likely lies to the east or north. The east"
7899abf8,reflexion_mh,MiniHack-River-Narrow-v0,17,42,E,0.0,False,"reflection=The level's eastern path continues without immediate obstacles, suggesting that further exploration in this direction could uncover important elements"
7899abf8,reflexion_mh,MiniHack-River-Narrow-v0,17,43,E,0.0,False,"reflection=The level's eastern path continues without immediate obstacles, suggesting further exploration could uncover stairs, items, or enemies; considering a "
7899abf8,reflexion_mh,MiniHack-River-Narrow-v0,17,44,N,0.0,False,"reflection=The level's eastern path, while initially promising, may not yield immediate results; exploring north or west could provide alternative routes or disc"
7899abf8,reflexion_mh,MiniHack-River-Narrow-v0,17,45,N,0.0,False,"reflection=The level's eastern path, while initially promising, may not yield immediate results; exploring north or west could provide alternative routes or disc"
7899abf8,reflexion_mh,MiniHack-River-Narrow-v0,17,46,N,0.0,False,"reflection=The level's eastern path, while initially promising, may not yield immediate results; exploring north or west could provide alternative routes or disc"
7899abf8,reflexion_mh,MiniHack-River-Narrow-v0,17,47,N,0.0,False,"reflection=The level's eastern path, while initially promising, may not yield immediate results; exploring north or west could provide alternative routes or disc"
7899abf8,reflexion_mh,MiniHack-River-Narrow-v0,17,48,W,0.0,False,"reflection=The level's eastern path, while initially promising, may not yield immediate results; exploring north or west could provide alternative routes or disc"
7899abf8,reflexion_mh,MiniHack-River-Narrow-v0,17,49,W,0.0,False,"reflection=The level's eastern path is blocked by lava or water, making it less desirable. Exploring north did not yield immediate results, suggesting that alter"
7899abf8,reflexion_mh,MiniHack-River-Narrow-v0,17,50,W,0.0,False,"reflection=The level's eastern path is blocked by lava or water, making it less desirable. Exploring north did not yield immediate results, suggesting that alter"
7899abf8,reflexion_mh,MiniHack-River-Narrow-v0,17,51,W,0.0,False,"reflection=The level's eastern path is blocked by lava or water, making it less desirable. Exploring north did not yield immediate results, suggesting that alter"
7899abf8,reflexion_mh,MiniHack-River-Narrow-v0,17,52,W,0.0,False,"reflection=The level's eastern path is blocked by lava or water, making it less desirable. Exploring north did not yield immediate results, suggesting that alter"
7899abf8,reflexion_mh,MiniHack-River-Narrow-v0,17,53,W,0.0,False,"reflection=The level's eastern path is blocked by lava or water, making it less desirable. Exploring north did not yield immediate results, suggesting that alter"
7899abf8,reflexion_mh,MiniHack-River-Narrow-v0,17,54,W,0.0,False,"reflection=The level's layout suggests that westward exploration may lead to significant discoveries, and it's crucial to keep exploring in this direction to unc"
7899abf8,reflexion_mh,MiniHack-River-Narrow-v0,17,55,N,0.0,False,"reflection=The level's layout suggests that westward exploration may lead to significant discoveries, but caution is needed due to the presence of lava or water;"
7899abf8,reflexion_mh,MiniHack-River-Narrow-v0,17,56,N,0.0,False,"reflection=The level's layout suggests that westward exploration may lead to significant discoveries, but caution is needed due to the presence of lava or water;"
7899abf8,reflexion_mh,MiniHack-River-Narrow-v0,17,57,N,-0.01,False,"reflection=The level's layout suggests that westward exploration may lead to significant discoveries, but caution is needed; exploring north and other directions"
7899abf8,reflexion_mh,MiniHack-River-Narrow-v0,17,58,N,-0.01,False,"reflection=The level's layout suggests that westward exploration may lead to significant discoveries, but caution is needed; exploring north and other directions"
7899abf8,reflexion_mh,MiniHack-River-Narrow-v0,17,59,E,0.0,False,"reflection=The level's layout suggests that westward exploration may be blocked, so exploring east or south could provide alternative paths or necessary items be"
7899abf8,reflexion_mh,MiniHack-River-Narrow-v0,17,60,E,0.0,False,"reflection=The level's layout suggests that westward exploration may be blocked, so exploring east or south could provide alternative paths or necessary items be"
7899abf8,reflexion_mh,MiniHack-River-Narrow-v0,17,61,E,0.0,False,"reflection=The level's layout suggests that eastward exploration is viable and may yield necessary items or paths, and it's crucial to continue mapping the area "
7899abf8,reflexion_mh,MiniHack-River-Narrow-v0,17,62,E,0.0,False,"reflection=The level's layout suggests that eastward exploration is viable and may yield necessary items or paths, and it's crucial to continue mapping the area "
7899abf8,reflexion_mh,MiniHack-River-Narrow-v0,17,63,E,0.0,False,reflection=The level's layout suggests that eastward exploration is viable and may yield necessary items or paths. Continuing to map the area is crucial to avoid
7899abf8,reflexion_mh,MiniHack-River-Narrow-v0,17,64,E,0.0,False,reflection=The level's layout suggests that eastward exploration is viable and may yield necessary items or paths. Continuing to map the area is crucial to avoid
7899abf8,reflexion_mh,MiniHack-River-Narrow-v0,17,65,E,0.0,False,"reflection=The level's eastern path remains open, suggesting potential for further exploration without hitting walls, and it's essential to keep moving in this d"
7899abf8,reflexion_mh,MiniHack-River-Narrow-v0,17,66,E,0.0,False,"reflection=The level's eastern path continues to be a viable route for exploration, and it's necessary to keep moving east to find the downstairs or other signif"
7899abf8,reflexion_mh,MiniHack-River-Narrow-v0,17,67,E,0.0,False,"reflection=The level's eastern path continues to be open, suggesting it may lead to important locations such as the downstairs or item repositories, and it's nec"
7899abf8,reflexion_mh,MiniHack-River-Narrow-v0,17,68,E,0.0,False,"reflection=The level's eastern path continues to be open, suggesting potential for finding stairs, items, or other important locations, and it remains a priority"
7899abf8,reflexion_mh,MiniHack-River-Narrow-v0,17,69,E,0.0,False,"reflection=The level's eastern path continues to be open, suggesting potential for finding stairs, items, or other important locations, and it remains a priority"
7899abf8,reflexion_mh,MiniHack-River-Narrow-v0,17,70,E,0.0,False,"reflection=The level's eastern path continues to be open, suggesting potential for finding stairs, items, or other important locations, and it remains a priority"
7899abf8,reflexion_mh,MiniHack-River-Narrow-v0,17,71,E,0.0,False,"reflection=The level's eastern path continues to be open, suggesting potential for finding stairs, items, or other important locations, and it remains a priority"
7899abf8,reflexion_mh,MiniHack-River-Narrow-v0,17,72,E,0.0,False,"reflection=The level's eastern path continues to be open, suggesting potential for finding stairs, items, or other important locations, and it remains a priority"
7899abf8,reflexion_mh,MiniHack-River-Narrow-v0,17,73,E,0.0,False,"reflection=The level's eastern path continues to be open, suggesting potential for finding stairs, items, or other important locations, and it remains a priority"
7899abf8,reflexion_mh,MiniHack-River-Narrow-v0,17,74,E,0.0,False,"reflection=The level's eastern path continues to be open, suggesting potential for finding stairs, items, or other important locations. Given the consistent open"
7899abf8,reflexion_mh,MiniHack-River-Narrow-v0,17,75,E,0.0,False,"reflection=The level's eastern path continues to be open, suggesting potential for finding stairs, items, or other important locations, and it might be worthwhil"
7899abf8,reflexion_mh,MiniHack-River-Narrow-v0,17,76,E,0.0,False,"reflection=The level's eastern path continues to be open, suggesting potential for finding stairs, items, or other important locations, and it might be worthwhil"
7899abf8,reflexion_mh,MiniHack-River-Narrow-v0,17,77,E,0.0,False,"reflection=The level's eastern path continues to be open, suggesting potential for finding stairs, items, or other important locations. No obstacles have been en"
7899abf8,reflexion_mh,MiniHack-River-Narrow-v0,17,78,E,0.0,False,"reflection=The level's eastern path continues to be open, suggesting potential for finding stairs, items, or other important locations. Continuing in this direct"
7899abf8,reflexion_mh,MiniHack-River-Narrow-v0,17,79,E,0.0,False,"reflection=The level's eastern path continues to be open, suggesting potential for finding stairs, items, or other important locations. The presence of water or "
7899abf8,reflexion_mh,MiniHack-River-Narrow-v0,17,80,E,0.0,False,"reflection=The level's eastern path continues to be open, suggesting potential for finding stairs, items, or other important locations. The presence of water or "
7899abf8,reflexion_mh,MiniHack-River-Narrow-v0,17,81,E,0.0,False,"reflection=The level's eastern path continues to be open, suggesting potential for finding stairs, items, or other important locations. The presence of water or "
7899abf8,reflexion_mh,MiniHack-River-Narrow-v0,17,82,E,0.0,False,"reflection=The level's eastern path continues to be open, suggesting potential for finding stairs, items, or other important locations. The presence of water to "
7899abf8,reflexion_mh,MiniHack-River-Narrow-v0,17,83,E,0.0,False,"reflection=The level's eastern path continues to be open, suggesting potential for finding stairs, items, or other important locations. The presence of water to "
7899abf8,reflexion_mh,MiniHack-River-Narrow-v0,17,84,E,0.0,False,"reflection=The level's eastern path continues to be open, suggesting potential for finding stairs, items, or other important locations. The presence of water to "
7899abf8,reflexion_mh,MiniHack-River-Narrow-v0,17,85,E,0.0,False,"reflection=The level's eastern path continues to be open, suggesting potential for finding stairs, items, or other important locations. The presence of water to "
7899abf8,reflexion_mh,MiniHack-River-Narrow-v0,17,86,E,0.0,False,"reflection=The level's eastern path continues to be open, suggesting potential for finding stairs, items, or other important locations. The presence of water to "
7899abf8,reflexion_mh,MiniHack-River-Narrow-v0,17,87,E,0.0,False,"reflection=The level's eastern path continues to be open, suggesting potential for finding stairs, items, or other important locations. The presence of water to "
7899abf8,reflexion_mh,MiniHack-River-Narrow-v0,17,88,E,0.0,False,"reflection=The level's eastern path continues to be open, suggesting potential for finding stairs, items, or other important locations. The presence of water to "
7899abf8,reflexion_mh,MiniHack-River-Narrow-v0,17,89,E,0.0,False,"reflection=The level's eastern path continues to be open, suggesting potential for finding stairs, items, or other important locations. The presence of water to "
7899abf8,reflexion_mh,MiniHack-River-Narrow-v0,17,90,E,0.0,False,"reflection=The level's eastern path continues to be open, suggesting potential for finding stairs, items, or other important locations. The presence of water to "
7899abf8,reflexion_mh,MiniHack-River-Narrow-v0,17,91,E,0.0,False,"reflection=The level's eastern path continues to be open, suggesting potential for finding stairs, items, or other important locations. The presence of water to "
7899abf8,reflexion_mh,MiniHack-River-Narrow-v0,17,92,E,0.0,False,"reflection=The level's eastern path continues to be open, suggesting potential for finding stairs, items, or other important locations. The presence of water to "
7899abf8,reflexion_mh,MiniHack-River-Narrow-v0,17,93,E,0.0,False,"reflection=The level's eastern path continues to be open, suggesting potential for finding stairs, items, or other important locations. The presence of water to "
7899abf8,reflexion_mh,MiniHack-River-Narrow-v0,17,94,N,0.0,False,"reflection=The level's eastern boundary has been reached, indicating a need to explore north, west, or diagonals to uncover more of the level's layout and potent"
7899abf8,reflexion_mh,MiniHack-River-Narrow-v0,17,95,N,0.0,False,"reflection=The level's eastern boundary has been reached, indicating a need to explore north, west, or diagonals to uncover more of the level's layout and potent"
7899abf8,reflexion_mh,MiniHack-River-Narrow-v0,17,96,N,0.0,False,"reflection=The level's eastern boundary has been fully explored from the starting point, and the next step is to explore north to see if stairs, items, or other "
7899abf8,reflexion_mh,MiniHack-River-Narrow-v0,17,97,N,0.0,False,"reflection=The level's eastern boundary is fully explored, and the focus should now be on exploring north and potentially west to uncover more of the level's lay"
7899abf8,reflexion_mh,MiniHack-River-Narrow-v0,17,98,N,-0.01,False,"reflection=The level's eastern boundary is fully explored, and initial northern exploration has begun, which may lead to finding the stairs or other important el"
7899abf8,reflexion_mh,MiniHack-River-Narrow-v0,17,99,N,-0.01,False,"reflection=The level's eastern boundary is fully explored, initial northern exploration has begun and is ongoing, which may lead to finding the stairs or other i"
7899abf8,reflexion_mh,MiniHack-River-Narrow-v0,17,100,W,0.0,False,"reflection=The level's eastern boundary is fully explored, initial northern exploration has begun and is ongoing but has hit a wall, which may indicate a need to"
7899abf8,reflexion_mh,MiniHack-River-Narrow-v0,17,101,W,0.0,False,"reflection=The level's western area remains largely unexplored and could hold important features such as the downstairs, treasures, or useful items, making it th"
7899abf8,reflexion_mh,MiniHack-River-Narrow-v0,17,102,W,0.0,False,"reflection=The level's western area remains a priority for exploration due to its potential for holding crucial elements for progression, such as the downstairs "
7899abf8,reflexion_mh,MiniHack-River-Narrow-v0,17,103,W,0.0,False,"reflection=The level's western area remains a priority for exploration due to its potential for holding crucial elements for progression, such as the downstairs "
7899abf8,reflexion_mh,MiniHack-River-Narrow-v0,17,104,W,0.0,False,"reflection=The level's western area is still a priority for exploration, and moving west continues to yield new areas, suggesting that crucial elements for progr"
7899abf8,reflexion_mh,MiniHack-River-Narrow-v0,17,105,W,0.0,False,"reflection=The level's western area continues to expand with new rooms or corridors upon moving west, indicating that further exploration in this direction may r"
7899abf8,reflexion_mh,MiniHack-River-Narrow-v0,17,106,W,0.0,False,"reflection=The level's western area continues to expand with new rooms or corridors upon moving west, indicating that further exploration in this direction may r"
7899abf8,reflexion_mh,MiniHack-River-Narrow-v0,17,107,W,0.0,False,"reflection=The level's western area continues to expand with new rooms or corridors upon moving west, indicating that further exploration in this direction may r"
7899abf8,reflexion_mh,MiniHack-River-Narrow-v0,17,108,W,0.0,False,"reflection=The level's western area continues to expand with new rooms or corridors upon moving west, indicating a potentially large level with more space to exp"
7899abf8,reflexion_mh,MiniHack-River-Narrow-v0,17,109,W,0.0,False,"reflection=The level's western area continues to expand with new rooms or corridors upon moving west, indicating a potentially large level with more space to exp"
7899abf8,reflexion_mh,MiniHack-River-Narrow-v0,17,110,W,0.0,False,"reflection=The level's western area continues to expand with new rooms or corridors upon moving west, indicating a potentially large level with more space to exp"
7899abf8,reflexion_mh,MiniHack-River-Narrow-v0,17,111,W,0.0,False,"reflection=The level's western area is large and seems to expand further when moving west, with no immediate dangers or items encountered yet. The eastern and so"
7899abf8,reflexion_mh,MiniHack-River-Narrow-v0,17,112,W,0.0,False,"reflection=The level's western area continues to be safe and expansive, suggesting that further westward exploration might yield useful discoveries. The unexplor"
7899abf8,reflexion_mh,MiniHack-River-Narrow-v0,17,113,W,0.0,False,"reflection=The level's western area continues to be safe and expansive, suggesting that further westward exploration might yield useful discoveries. The unexplor"
7899abf8,reflexion_mh,MiniHack-River-Narrow-v0,17,114,W,0.0,False,"reflection=The level's western area continues to be safe and expansive, suggesting that further westward exploration might yield useful discoveries. The unexplor"
7899abf8,reflexion_mh,MiniHack-River-Narrow-v0,17,115,W,0.0,False,"reflection=The level's western area continues to be safe and expansive, suggesting that further westward exploration might yield useful discoveries. The unexplor"
7899abf8,reflexion_mh,MiniHack-River-Narrow-v0,17,116,W,0.0,False,"reflection=The level's western area continues to be safe and expansive, suggesting that further westward exploration might yield useful discoveries. The lack of "
7899abf8,reflexion_mh,MiniHack-River-Narrow-v0,17,117,W,-0.01,False,"reflection=The level's western area continues to be safe and expansive, suggesting that further westward exploration might yield useful discoveries, and it might"
7899abf8,reflexion_mh,MiniHack-River-Narrow-v0,17,118,W,-0.01,False,"reflection=The level's western area is expansive and safe, suggesting further westward exploration may yield useful discoveries, possibly bounded by lava or wate"
7899abf8,reflexion_mh,MiniHack-River-Narrow-v0,17,119,N,-0.01,False,"reflection=The level's western boundary is solid stone, indicating a need to explore north, east, or south for progression or valuable discoveries."
7899abf8,reflexion_mh,MiniHack-River-Narrow-v0,18,0,N,0.0,False,"reflection=The level seems to have a body of water or lava to the east, which could be a boundary or hazard. I'm currently standing on the floor."
7899abf8,reflexion_mh,MiniHack-River-Narrow-v0,18,1,N,0.0,False,"reflection=The level seems to have a body of water or lava to the east, which could be a boundary or hazard. I'm currently standing on the floor and have not enc"
7899abf8,reflexion_mh,MiniHack-River-Narrow-v0,18,2,N,-0.01,False,reflection=The level has a potential hazard to the east and an open path to the north. No creatures or objects have been encountered yet.
7899abf8,reflexion_mh,MiniHack-River-Narrow-v0,18,3,N,-0.01,False,"reflection=The level has a solid stone wall to the east, a potential hazard to the east, and an open path to the north. No creatures or objects have been encount"
7899abf8,reflexion_mh,MiniHack-River-Narrow-v0,18,4,S,0.0,False,"reflection=The level has a solid stone wall to the east, a potential hazard to the east, an open path that was previously to the north but is now blocked, and un"
7899abf8,reflexion_mh,MiniHack-River-Narrow-v0,18,5,W,0.0,False,"reflection=The level has a solid stone wall to the east, a potential hazard to the east, an open path that was previously to the north but is now blocked, and un"
7899abf8,reflexion_mh,MiniHack-River-Narrow-v0,18,6,W,0.0,False,"reflection=The level has a solid stone wall to the east, a potential hazard to the east, blocked paths to the north, and an open path to the west that is being e"
7899abf8,reflexion_mh,MiniHack-River-Narrow-v0,18,7,E,0.0,False,"reflection=The level has a solid stone wall to the east that can be moved or altered, as evidenced by the boulder being moved, and an open path to the west that "
7899abf8,reflexion_mh,MiniHack-River-Narrow-v0,18,8,S,0.0,False,"reflection=The level has a solid stone wall to the east that can be moved or altered, an open path to the west, and now the southern path is being considered for"
7899abf8,reflexion_mh,MiniHack-River-Narrow-v0,18,9,S,0.0,False,"reflection=The level has a solid stone wall to the east that can be moved or altered, an open path to the west, and the southern path is being explored for new a"
7899abf8,reflexion_mh,MiniHack-River-Narrow-v0,18,10,W,0.0,False,"reflection=The level has a solid stone wall to the east, an open path to the west that is being explored for new areas or objects of interest, and the southern p"
7899abf8,reflexion_mh,MiniHack-River-Narrow-v0,18,11,W,0.0,False,"reflection=The level has a solid stone wall to the east, an open path to the west that is being explored for new areas or objects of interest, and the southern p"
7899abf8,reflexion_mh,MiniHack-River-Narrow-v0,18,12,W,0.0,False,"reflection=The level has a solid stone wall to the east, and the western path continues to be the most promising direction, with the southern path still being ex"
7899abf8,reflexion_mh,MiniHack-River-Narrow-v0,18,13,W,0.0,False,"reflection=The level has a solid stone wall to the east, and the western path continues to be the most promising direction, with the southern path still being ex"
7899abf8,reflexion_mh,MiniHack-River-Narrow-v0,18,14,N,0.0,False,"reflection=The level has a solid stone wall to the east, the western path continues to be promising, the southern path is still being explored for the staircase "
7899abf8,reflexion_mh,MiniHack-River-Narrow-v0,18,15,N,0.0,False,"reflection=The level has a solid stone wall to the east, the western path continues to be promising, the southern path is still being explored for the staircase "
7899abf8,reflexion_mh,MiniHack-River-Narrow-v0,18,16,N,0.0,False,"reflection=The level has a solid stone wall to the east, the western path continues to be promising, the southern path is still being explored for the staircase "
7899abf8,reflexion_mh,MiniHack-River-Narrow-v0,18,17,N,-0.01,False,"reflection=The level has a solid stone wall to the east, the western path has been explored, the southern path is still being explored for the staircase or other"
7899abf8,reflexion_mh,MiniHack-River-Narrow-v0,18,18,N,-0.01,False,"reflection=The level has a solid stone wall to the east, the western path has been explored, the southern path is still being explored for the staircase or other"
7899abf8,reflexion_mh,MiniHack-River-Narrow-v0,18,19,S,0.0,False,"reflection=The level's northern path is bounded by a wall, indicating a need to explore southern or western paths for the staircase or other significant features"
7899abf8,reflexion_mh,MiniHack-River-Narrow-v0,18,20,W,0.0,False,"reflection=The level's northern path is bounded by a wall, indicating a need to explore southern or western paths for the staircase or other significant features"
7899abf8,reflexion_mh,MiniHack-River-Narrow-v0,18,21,W,0.0,False,"reflection=The level's western path is still being explored, and I have not yet found any significant features or the staircase. I will continue to move westward"
7899abf8,reflexion_mh,MiniHack-River-Narrow-v0,18,22,W,0.0,False,"reflection=The level's western path continues beyond my current view, and I still need to find the staircase or other notable features."
7899abf8,reflexion_mh,MiniHack-River-Narrow-v0,18,23,W,0.0,False,"reflection=The level's western path continues beyond my current view, and I still need to find the staircase or other notable features. I have explored a few ste"
7899abf8,reflexion_mh,MiniHack-River-Narrow-v0,18,24,W,0.0,False,"reflection=The level's western path continues beyond my current view, and I still need to find the staircase or other notable features. I have explored several s"
7899abf8,reflexion_mh,MiniHack-River-Narrow-v0,18,25,W,0.0,False,"reflection=The level's western path continues beyond my current view, and I still need to find the staircase or other notable features. I have explored several s"
7899abf8,reflexion_mh,MiniHack-River-Narrow-v0,18,26,W,0.0,False,"reflection=The level's western path continues beyond my current view, and I still need to find the staircase or other notable features. I have explored several s"
7899abf8,reflexion_mh,MiniHack-River-Narrow-v0,18,27,W,-0.01,False,"reflection=The level's western path extends further than initially seen, and it's still necessary to find the staircase or other significant features, so continu"
7899abf8,reflexion_mh,MiniHack-River-Narrow-v0,18,28,E,0.0,False,"reflection=The level's western path does not contain the staircase, so exploration in other directions is necessary to find it."
7899abf8,reflexion_mh,MiniHack-River-Narrow-v0,18,29,N,0.0,False,"reflection=The level's western path does not contain the staircase, and initial northern movement may reveal more of the level's layout and potentially the stair"
7899abf8,reflexion_mh,MiniHack-River-Narrow-v0,18,30,N,-0.01,False,"reflection=The level's northern path appears to be a viable route for exploration, and initial findings suggest that the staircase may be located in this general"
7899abf8,reflexion_mh,MiniHack-River-Narrow-v0,18,31,N,-0.01,False,"reflection=The level's northern path remains a priority for exploration, with the goal of locating the staircase or identifying any obstacles that might be prese"
7899abf8,reflexion_mh,MiniHack-River-Narrow-v0,18,32,E,0.0,False,"reflection=The level's northern path is blocked, so exploring east and then possibly south or other directions is necessary to find the staircase or other import"
7899abf8,reflexion_mh,MiniHack-River-Narrow-v0,18,33,E,0.0,False,"reflection=The level's northern path is blocked, so exploring east and then possibly south or other directions is necessary to find the staircase or other import"
7899abf8,reflexion_mh,MiniHack-River-Narrow-v0,18,34,E,0.0,False,"reflection=The level's northern path is blocked, so exploring east and then possibly south or other directions is necessary to find the staircase or other import"
7899abf8,reflexion_mh,MiniHack-River-Narrow-v0,18,35,E,0.0,False,"reflection=The level's eastern path may lead to the staircase or other important features, and it's necessary to continue exploring in this direction to gather m"
7899abf8,reflexion_mh,MiniHack-River-Narrow-v0,18,36,N,-0.01,False,"reflection=The level's eastern path may lead to the staircase or other important features, but exploring north or other directions might reveal alternative route"
7899abf8,reflexion_mh,MiniHack-River-Narrow-v0,18,37,E,0.0,False,"reflection=The level's eastern path may lead to the staircase or other important features, and it's necessary to continue exploring in this direction to uncover "
7899abf8,reflexion_mh,MiniHack-River-Narrow-v0,18,38,N,-0.01,False,"reflection=The level's eastern path does not seem to lead to the staircase, so it's necessary to explore other directions to find the staircase or other importan"
7899abf8,reflexion_mh,MiniHack-River-Narrow-v0,18,39,S,0.0,False,"reflection=The level's eastern path does not seem to lead to the staircase, and it's necessary to explore southern and western directions to find the staircase o"
7899abf8,reflexion_mh,MiniHack-River-Narrow-v0,18,40,S,0.0,False,"reflection=The level's eastern path does not seem to lead to the staircase, and initial southern exploration is necessary to find the staircase or other importan"
7899abf8,reflexion_mh,MiniHack-River-Narrow-v0,18,41,S,0.0,False,"reflection=The level's eastern path does not seem to lead to the staircase, and initial southern exploration is necessary to find the staircase or other importan"
7899abf8,reflexion_mh,MiniHack-River-Narrow-v0,18,42,S,0.0,False,"reflection=The level's eastern path does not seem to lead to the staircase, and initial southern exploration is necessary to find the staircase or other importan"
7899abf8,reflexion_mh,MiniHack-River-Narrow-v0,18,43,W,0.0,False,"reflection=The level's eastern path does not seem to lead to the staircase, initial southern exploration is necessary but may not be sufficient, and other direct"
7899abf8,reflexion_mh,MiniHack-River-Narrow-v0,18,44,W,0.0,False,"reflection=The level's eastern path does not seem to lead to the staircase, initial southern exploration is necessary but may not be sufficient, and other direct"
7899abf8,reflexion_mh,MiniHack-River-Narrow-v0,18,45,W,0.0,False,"reflection=The level's eastern path does not seem to lead to the staircase, initial southern exploration is necessary but may not be sufficient, and other direct"
7899abf8,reflexion_mh,MiniHack-River-Narrow-v0,18,46,W,0.0,False,"reflection=The level's eastern path does not seem to lead to the staircase, initial southern exploration is necessary but may not be sufficient, western explorat"
7899abf8,reflexion_mh,MiniHack-River-Narrow-v0,18,47,W,0.0,False,"reflection=The level's eastern path does not seem to lead to the staircase, initial southern exploration is necessary but may not be sufficient, western explorat"
7899abf8,reflexion_mh,MiniHack-River-Narrow-v0,18,48,W,0.0,False,"reflection=The level's eastern path does not seem to lead to the staircase, initial southern exploration is necessary but may not be sufficient, western explorat"
7899abf8,reflexion_mh,MiniHack-River-Narrow-v0,18,49,W,-0.01,False,"reflection=The level's western path continues to be a viable option for exploration, and it's necessary to keep moving in this direction to see if it yields the "
7899abf8,reflexion_mh,MiniHack-River-Narrow-v0,18,50,W,-0.01,False,"reflection=The level's western path continues to be a viable option for exploration, and it's necessary to keep moving in this direction to see if it yields the "
7899abf8,reflexion_mh,MiniHack-River-Narrow-v0,18,51,N,0.0,False,"reflection=The western path is bounded by a wall, so it's necessary to explore other directions, such as north or south, to continue the search for the downstair"
7899abf8,reflexion_mh,MiniHack-River-Narrow-v0,18,52,N,0.0,False,"reflection=The western path is bounded by a wall, so it's necessary to explore other directions, such as north or south, to continue the search for the downstair"
7899abf8,reflexion_mh,MiniHack-River-Narrow-v0,18,53,S,0.0,False,"reflection=The western path is bounded by a wall, and initial northern exploration did not yield new features, so exploring south could lead to the downstairs or"
7899abf8,reflexion_mh,MiniHack-River-Narrow-v0,18,54,E,0.0,False,"reflection=The western path is bounded by a wall, and initial northern exploration did not yield new features. Exploring south or east could lead to the downstai"
7899abf8,reflexion_mh,MiniHack-River-Narrow-v0,18,55,E,0.0,False,"reflection=The western path is bounded by a wall, and initial northern exploration did not yield new features. Exploring south or east could lead to the downstai"
7899abf8,reflexion_mh,MiniHack-River-Narrow-v0,18,56,E,0.0,False,"reflection=The eastern path remains open after two steps, suggesting it could lead to more significant features or open spaces. The lack of immediate obstacles o"
7899abf8,reflexion_mh,MiniHack-River-Narrow-v0,18,57,E,0.0,False,"reflection=The eastern path continues to be a viable route for exploration, suggesting the possibility of encountering important level features or exits in this "
7899abf8,reflexion_mh,MiniHack-River-Narrow-v0,18,58,E,0.0,False,"reflection=The eastern path continues to be a viable route for exploration, suggesting the possibility of encountering important level features or exits in this "
7899abf8,reflexion_mh,MiniHack-River-Narrow-v0,18,59,E,0.0,False,"reflection=The eastern path continues to be a viable route for exploration, and it may lead to important level features or exits. No obstacles or threats have be"
7899abf8,reflexion_mh,MiniHack-River-Narrow-v0,18,60,E,0.0,False,"reflection=The eastern path continues to be a viable route for exploration, and it may lead to important level features or exits. No obstacles or threats have be"
7899abf8,reflexion_mh,MiniHack-River-Narrow-v0,18,61,E,0.0,False,"reflection=The eastern path continues to be a viable route for exploration, and it may lead to important level features or exits. No obstacles or threats have be"
7899abf8,reflexion_mh,MiniHack-River-Narrow-v0,18,62,E,0.0,False,"reflection=The eastern path continues to be a viable route for exploration, and it may lead to important level features or exits. The presence of lava or water t"
7899abf8,reflexion_mh,MiniHack-River-Narrow-v0,18,63,E,0.0,False,"reflection=The eastern path continues to be a viable route for exploration, and it may lead to important level features or exits. The presence of lava or water t"
7899abf8,reflexion_mh,MiniHack-River-Narrow-v0,18,64,E,0.0,False,"reflection=The eastern path remains a viable route for exploration, and continuing in this direction may lead to discoveries about the level's layout, dangers, o"
7899abf8,reflexion_mh,MiniHack-River-Narrow-v0,18,65,E,0.0,False,"reflection=The eastern path continues to be a viable route for exploration, with no walls encountered yet, suggesting a potentially large open area or corridor i"
7899abf8,reflexion_mh,MiniHack-River-Narrow-v0,18,66,E,0.0,False,"reflection=The eastern path continues to be open, suggesting a large area or corridor in this direction, and it may be worthwhile to explore this path further to"
7899abf8,reflexion_mh,MiniHack-River-Narrow-v0,18,67,E,0.0,False,"reflection=The eastern path continues to be open, suggesting a large area or corridor in this direction. It may be worthwhile to explore this path further to fin"
7899abf8,reflexion_mh,MiniHack-River-Narrow-v0,18,68,N,0.0,False,"reflection=The level seems to have a large open area to the east, but exploring other directions is necessary to understand the layout and find important locatio"
7899abf8,reflexion_mh,MiniHack-River-Narrow-v0,18,69,E,0.0,False,"reflection=The level seems to have a large open area to the east, and continuing in this direction may lead to finding the downstairs or other significant featur"
7899abf8,reflexion_mh,MiniHack-River-Narrow-v0,18,70,E,0.0,False,"reflection=The level seems to have a large open area to the east, and continuing in this direction may lead to finding the downstairs or other significant featur"
7899abf8,reflexion_mh,MiniHack-River-Narrow-v0,18,71,E,0.0,False,"reflection=The level's open area to the east continues without immediate obstacles or notable features, suggesting a potential need to explore other directions i"
7899abf8,reflexion_mh,MiniHack-River-Narrow-v0,18,72,N,0.0,False,"reflection=The level's open area to the east continues without immediate obstacles or notable features, suggesting a potential need to explore other directions i"
7899abf8,reflexion_mh,MiniHack-River-Narrow-v0,18,73,N,0.0,False,"reflection=The level's open area to the east continues without immediate obstacles or notable features, suggesting a potential need to explore other directions i"
7899abf8,reflexion_mh,MiniHack-River-Narrow-v0,18,74,N,-0.01,False,"reflection=The level's open area to the east continues without immediate obstacles or notable features, suggesting a potential need to explore other directions i"
7899abf8,reflexion_mh,MiniHack-River-Narrow-v0,18,75,N,-0.01,False,"reflection=The level's open area to the east continues without immediate obstacles or notable features, suggesting a potential need to explore other directions i"
7899abf8,reflexion_mh,MiniHack-River-Narrow-v0,18,76,S,0.0,False,"reflection=The level's open area to the east continues without immediate obstacles or notable features, and initial exploration to the north is blocked by a wall"
7899abf8,reflexion_mh,MiniHack-River-Narrow-v0,18,77,W,0.0,False,"reflection=The level's open area to the east continues without immediate obstacles or notable features, and initial exploration to the north is blocked by a wall"
7899abf8,reflexion_mh,MiniHack-River-Narrow-v0,18,78,W,0.0,False,"reflection=The level's open area to the east continues without immediate obstacles or notable features, and initial exploration to the north is blocked by a wall"
7899abf8,reflexion_mh,MiniHack-River-Narrow-v0,18,79,W,0.0,False,"reflection=The level's open area to the east continues without immediate obstacles or notable features, and initial exploration to the north is blocked by a wall"
7899abf8,reflexion_mh,MiniHack-River-Narrow-v0,18,80,W,0.0,False,"reflection=The level's west direction is now a priority for exploration, and it will be interesting to see if any new features or obstacles are revealed, potenti"
7899abf8,reflexion_mh,MiniHack-River-Narrow-v0,18,81,W,0.0,False,"reflection=The level's west direction remains a priority for exploration, and it will be interesting to see if any new features or obstacles are revealed, potent"
7899abf8,reflexion_mh,MiniHack-River-Narrow-v0,18,82,W,0.0,False,"reflection=The level's west direction continues to be a priority for exploration. The area remains relatively open with no immediate threats or findings, suggest"
7899abf8,reflexion_mh,MiniHack-River-Narrow-v0,18,83,W,0.0,False,"reflection=The level's west direction remains a priority for exploration, with the area continuing to be relatively open and free of immediate threats or signifi"
7899abf8,reflexion_mh,MiniHack-River-Narrow-v0,18,84,N,0.0,False,reflection=The level's west direction is relatively open but does not yield significant findings; exploring north may provide more substantial discoveries or thr
7899abf8,reflexion_mh,MiniHack-River-Narrow-v0,18,85,N,-0.01,False,reflection=The level's west direction is relatively open but does not yield significant findings; exploring north may provide more substantial discoveries or thr
7899abf8,reflexion_mh,MiniHack-River-Narrow-v0,18,86,N,-0.01,False,"reflection=The level's north direction appears to be the most promising for exploration so far, with the potential for finding stairs or other key elements; the "
7899abf8,reflexion_mh,MiniHack-River-Narrow-v0,18,87,E,0.0,False,"reflection=The level's north direction is blocked by a wall, suggesting that initial impressions about its promise may be incorrect or that there's a need to fin"
7899abf8,reflexion_mh,MiniHack-River-Narrow-v0,18,88,E,0.0,False,"reflection=The level's layout suggests a potential path or important locations to the east, given the lack of immediate obstacles in that direction, and the need"
7899abf8,reflexion_mh,MiniHack-River-Narrow-v0,18,89,E,0.0,False,"reflection=The level's eastern path remains open for exploration, suggesting potential discoveries or objectives in this direction. The lack of immediate obstacl"
7899abf8,reflexion_mh,MiniHack-River-Narrow-v0,18,90,E,0.0,False,"reflection=The level's eastern path continues to be a priority for exploration, and proceeding in this direction may reveal new features, objects, or staircases."
7899abf8,reflexion_mh,MiniHack-River-Narrow-v0,18,91,E,0.0,False,"reflection=The level's eastern path continues to be a priority for exploration, and proceeding in this direction may reveal new features, objects, or staircases."
7899abf8,reflexion_mh,MiniHack-River-Narrow-v0,18,92,E,0.0,False,"reflection=The level's eastern path continues to be a priority for exploration, and proceeding in this direction may reveal new features, objects, or staircases."
7899abf8,reflexion_mh,MiniHack-River-Narrow-v0,18,93,E,0.0,False,"reflection=The level's eastern path continues to be a priority for exploration, and proceeding in this direction may reveal new features, objects, or staircases,"
7899abf8,reflexion_mh,MiniHack-River-Narrow-v0,18,94,E,0.0,False,"reflection=The level's eastern path continues to be a priority for exploration, and proceeding in this direction may reveal new features, objects, or staircases,"
7899abf8,reflexion_mh,MiniHack-River-Narrow-v0,18,95,NE,-0.01,False,"reflection=The level's eastern path, while a priority, requires cautious navigation due to the presence of water or lava. Exploring northeast might offer a safer"
7899abf8,reflexion_mh,MiniHack-River-Narrow-v0,18,96,N,-0.01,False,"reflection=The level's eastern path is hazardous due to lava or water, and exploring other directions like north could offer a safer route or uncover hidden item"
7899abf8,reflexion_mh,MiniHack-River-Narrow-v0,18,97,W,0.0,False,"reflection=The level's eastern path is hazardous, and moving north from this spot is blocked by a wall, so exploring west or south could offer a safer route or u"
7899abf8,reflexion_mh,MiniHack-River-Narrow-v0,18,98,S,0.0,False,"reflection=The level's eastern path is hazardous, the northern path from this spot is blocked by a wall, and exploring south could offer a safer route or uncover"
7899abf8,reflexion_mh,MiniHack-River-Narrow-v0,18,99,S,0.0,False,"reflection=The level's eastern path is hazardous, the northern path from this spot is blocked by a wall, exploring south could offer a safer route or uncover hid"
7899abf8,reflexion_mh,MiniHack-River-Narrow-v0,18,100,S,0.0,False,"reflection=The level's eastern path is hazardous, the northern path from this spot is blocked by a wall, exploring south could offer a safer route or uncover hid"
7899abf8,reflexion_mh,MiniHack-River-Narrow-v0,18,101,S,0.0,False,"reflection=The level's eastern path is hazardous, the northern path from this spot is blocked by a wall, and exploring south could offer a safer route or uncover"
7899abf8,reflexion_mh,MiniHack-River-Narrow-v0,18,102,S,0.0,False,"reflection=The level's eastern path is hazardous, the northern path from this spot is blocked by a wall, and exploring south could offer a safer route or uncover"
7899abf8,reflexion_mh,MiniHack-River-Narrow-v0,18,103,S,0.0,False,"reflection=The level's southern path remains open after multiple moves, suggesting it may lead to a staircase, important items, or other significant features. Th"
7899abf8,reflexion_mh,MiniHack-River-Narrow-v0,18,104,S,-0.01,False,"reflection=The level's southern path remains open and is a priority to explore, while the eastern and northern paths are less promising due to hazards and blocka"
7899abf8,reflexion_mh,MiniHack-River-Narrow-v0,18,105,S,-0.01,False,"reflection=The level's southern path continues to be a priority for exploration, with the goal of reaching the downstairs or finding other points of interest."
7899abf8,reflexion_mh,MiniHack-River-Narrow-v0,18,106,E,0.0,False,"reflection=The level's southern path is blocked, so I need to explore other directions to find a way forward, possibly finding a corridor or other features that "
7899abf8,reflexion_mh,MiniHack-River-Narrow-v0,18,107,W,0.0,False,"reflection=The level's southern path is blocked, and the eastern path doesn't seem to yield any new information, so I need to focus on exploring the western and "
7899abf8,reflexion_mh,MiniHack-River-Narrow-v0,18,108,W,0.0,False,"reflection=The level's layout suggests that significant areas or paths might be located in the western or northern parts of the map, given the blockage to the so"
7899abf8,reflexion_mh,MiniHack-River-Narrow-v0,18,109,N,0.0,False,reflection=The level's layout suggests that significant areas or paths might be located in the western or northern parts of the map. The presence of lava or wate
7899abf8,reflexion_mh,MiniHack-River-Narrow-v0,18,110,N,0.0,False,reflection=The level's layout suggests that significant areas or paths might be located in the western or northern parts of the map. The presence of lava or wate
7899abf8,reflexion_mh,MiniHack-River-Narrow-v0,18,111,N,0.0,False,"reflection=The level's layout suggests that significant areas or paths might be located in the western or northern parts of the map, and exploring north may prov"
7899abf8,reflexion_mh,MiniHack-River-Narrow-v0,18,112,N,0.0,False,"reflection=The level's design suggests that exploring northwards could reveal significant features or paths, and it's essential to continue this exploration to u"
7899abf8,reflexion_mh,MiniHack-River-Narrow-v0,18,113,N,0.0,False,"reflection=The level's design suggests that exploring northwards could reveal significant features or paths, and it's essential to continue this exploration to u"
7899abf8,reflexion_mh,MiniHack-River-Narrow-v0,18,114,N,0.0,False,"reflection=The level's design suggests that exploring northwards could reveal significant features or paths, and it's essential to continue this exploration to u"
7899abf8,reflexion_mh,MiniHack-River-Narrow-v0,18,115,N,-0.01,False,"reflection=The level's design suggests that exploring northwards could reveal significant features or paths, and it's essential to continue this exploration to u"
7899abf8,reflexion_mh,MiniHack-River-Narrow-v0,18,116,N,-0.01,False,reflection=The level's design suggests that exploring northwards could reveal significant features or paths. The presence of lava or water to the east and west i
7899abf8,reflexion_mh,MiniHack-River-Narrow-v0,18,117,E,0.0,False,"reflection=The level's design suggests that exploring northwards is blocked, so it's necessary to consider other directions to find a path or significant feature"
7899abf8,reflexion_mh,MiniHack-River-Narrow-v0,18,118,S,0.0,False,"reflection=The level's design suggests that exploring northwards is blocked, and it's necessary to consider other directions, possibly avoiding the lava or water"
7899abf8,reflexion_mh,MiniHack-River-Narrow-v0,18,119,S,0.0,False,"reflection=The level's design suggests that the initial area is surrounded by obstacles, and moving south may reveal more of the level's layout and potentially l"
7899abf8,reflexion_mh,MiniHack-River-Narrow-v0,19,0,S,0.0,False,"reflection=The level appears to have a significant amount of open floor space to the south, as indicated by the '.' characters, suggesting that moving south migh"
7899abf8,reflexion_mh,MiniHack-River-Narrow-v0,19,1,S,-0.01,False,"reflection=The level has open space to the south, suggesting further exploration in this direction may reveal important features such as stairs, items, or creatu"
7899abf8,reflexion_mh,MiniHack-River-Narrow-v0,19,2,S,-0.01,False,"reflection=The level has a significant amount of open space to the south, which could indicate a larger chamber or a path to the stairs. Continuing south may rev"
7899abf8,reflexion_mh,MiniHack-River-Narrow-v0,19,3,E,0.0,False,"reflection=The level has a chamber with a southern boundary, suggesting the need to explore other directions for progression or to find items."
7899abf8,reflexion_mh,MiniHack-River-Narrow-v0,19,4,E,0.0,False,"reflection=The level has a chamber with boundaries to the south, suggesting exploration in other directions is necessary for progression or finding items. The ea"
7899abf8,reflexion_mh,MiniHack-River-Narrow-v0,19,5,W,0.0,False,"reflection=The level has a chamber with boundaries to the south, and partial exploration to the east. The western direction is now being explored for potential i"
7899abf8,reflexion_mh,MiniHack-River-Narrow-v0,19,6,N,0.0,False,"reflection=The level has a chamber with boundaries to the south, and partial exploration to the east. The western direction is now being explored for potential i"
7899abf8,reflexion_mh,MiniHack-River-Narrow-v0,19,7,W,0.0,False,"reflection=The level has a chamber with boundaries to the south, and partial exploration to the east and west. The western direction is being explored for potent"
7899abf8,reflexion_mh,MiniHack-River-Narrow-v0,19,8,W,-0.01,False,"reflection=The level has a chamber with boundaries to the south, and partial exploration to the east and west. The western direction is being explored for potent"
7899abf8,reflexion_mh,MiniHack-River-Narrow-v0,19,9,W,-0.01,False,"reflection=The level has a chamber with boundaries to the south, and partial exploration to the east and west. The western direction is being explored for potent"
7899abf8,reflexion_mh,MiniHack-River-Narrow-v0,19,10,N,0.0,False,"reflection=The level has a chamber with boundaries to the south, and partial exploration to the east and west. The western direction is bounded by a wall. The no"
7899abf8,reflexion_mh,MiniHack-River-Narrow-v0,19,11,N,0.0,False,"reflection=The level has a chamber with boundaries to the south, and partial exploration to the east and west. The western direction is bounded by a wall. The no"
7899abf8,reflexion_mh,MiniHack-River-Narrow-v0,19,12,N,0.0,False,"reflection=The level has a chamber with boundaries to the south, and partial exploration to the east and west. The western direction is bounded by a wall. The no"
7899abf8,reflexion_mh,MiniHack-River-Narrow-v0,19,13,N,0.0,False,"reflection=The level has a chamber with boundaries to the south, and partial exploration to the east and west. The western direction is bounded by a wall. The no"
7899abf8,reflexion_mh,MiniHack-River-Narrow-v0,19,14,E,0.0,False,"reflection=The level has a chamber with boundaries to the south, and partial exploration to the east and west. The western direction is bounded by a wall. The no"
7899abf8,reflexion_mh,MiniHack-River-Narrow-v0,19,15,E,0.0,False,"reflection=The level has a chamber with boundaries to the south, and partial exploration to the east and west. The western direction is bounded by a wall. The no"
7899abf8,reflexion_mh,MiniHack-River-Narrow-v0,19,16,E,0.0,False,"reflection=The level has a chamber with boundaries to the south, and partial exploration to the east and west. The western direction is bounded by a wall. The no"
7899abf8,reflexion_mh,MiniHack-River-Narrow-v0,19,17,E,0.0,False,"reflection=The level has a chamber with boundaries to the south, and partial exploration to the east and west. The western direction is bounded by a wall. The no"
7899abf8,reflexion_mh,MiniHack-River-Narrow-v0,19,18,E,0.0,False,"reflection=The level has a chamber with boundaries to the south, and partial exploration to the east and west. The western direction is bounded by a wall. The no"
7899abf8,reflexion_mh,MiniHack-River-Narrow-v0,19,19,E,0.0,False,"reflection=The level has a chamber with boundaries to the south, and partial exploration to the east and west. The western direction is bounded by a wall. The no"
7899abf8,reflexion_mh,MiniHack-River-Narrow-v0,19,20,E,0.0,False,"reflection=The level has a chamber with boundaries to the south, and partial exploration to the east and west. The western direction is bounded by a wall. The no"
7899abf8,reflexion_mh,MiniHack-River-Narrow-v0,19,21,N,0.0,False,"reflection=The level has a chamber with boundaries to the south, and partial exploration to the east and west. The western direction is bounded by a wall. The no"
7899abf8,reflexion_mh,MiniHack-River-Narrow-v0,19,22,N,-0.01,False,"reflection=The level has a chamber with boundaries to the south, and partial exploration to the east and west. The western direction is bounded by a wall. The no"
7899abf8,reflexion_mh,MiniHack-River-Narrow-v0,19,23,N,-0.01,False,"reflection=The level has a chamber with boundaries to the south and west, and the northern direction remains open for exploration. I've explored several steps to"
7899abf8,reflexion_mh,MiniHack-River-Narrow-v0,19,24,W,0.0,False,"reflection=The level has a chamber with boundaries to the south, west, and now confirmed north, indicating a need to explore the remaining directions for potenti"
7899abf8,reflexion_mh,MiniHack-River-Narrow-v0,19,25,E,0.0,False,"reflection=The level has a chamber with boundaries to the south, west, and north, and now exploration of the eastern direction is necessary to uncover potential "
7899abf8,reflexion_mh,MiniHack-River-Narrow-v0,19,26,E,0.0,False,"reflection=The level has a chamber with boundaries to the south, west, and north, and initial exploration to the east is underway to uncover potential exits or i"
7899abf8,reflexion_mh,MiniHack-River-Narrow-v0,19,27,E,0.0,False,"reflection=The level has a chamber with boundaries to the south, west, and north, and initial exploration to the east is underway to uncover potential exits or i"
7899abf8,reflexion_mh,MiniHack-River-Narrow-v0,19,28,E,0.0,False,"reflection=The level's chamber has a significant open area to the east that remains unexplored, suggesting potential for finding exits, items, or other important"
7899abf8,reflexion_mh,MiniHack-River-Narrow-v0,19,29,E,0.0,False,"reflection=The level's chamber has a significant open area to the east that remains unexplored, suggesting potential for finding exits, items, or other important"
7899abf8,reflexion_mh,MiniHack-River-Narrow-v0,19,30,E,0.0,False,"reflection=The level's chamber has a significant open area to the east that remains unexplored, suggesting potential for finding exits, items, or other important"
7899abf8,reflexion_mh,MiniHack-River-Narrow-v0,19,31,E,0.0,False,"reflection=The level's eastern area is expansive and unexplored, suggesting potential for discovering level exits, items, or other significant features in this d"
7899abf8,reflexion_mh,MiniHack-River-Narrow-v0,19,32,E,0.0,False,"reflection=The level's eastern area continues to be open, suggesting a potential for finding important elements like stairs or items without immediate obstacles,"
7899abf8,reflexion_mh,MiniHack-River-Narrow-v0,19,33,E,0.0,False,"reflection=The level's eastern area continues to be open, suggesting a potential for finding important elements like stairs or items without immediate obstacles,"
7899abf8,reflexion_mh,MiniHack-River-Narrow-v0,19,34,E,0.0,False,"reflection=The level's eastern area continues to be open, suggesting a potential for finding important elements like stairs or items without immediate obstacles,"
7899abf8,reflexion_mh,MiniHack-River-Narrow-v0,19,35,E,0.0,False,"reflection=The level's eastern area continues to be open, suggesting a potential for finding important elements like stairs or items without immediate obstacles,"
7899abf8,reflexion_mh,MiniHack-River-Narrow-v0,19,36,E,0.0,False,"reflection=The level's eastern area continues to be open, suggesting a potential for finding important elements like stairs or items without immediate obstacles,"
7899abf8,reflexion_mh,MiniHack-River-Narrow-v0,19,37,E,0.0,False,"reflection=The level's eastern area continues to be open, suggesting a potential for finding important elements like stairs or items without immediate obstacles,"
7899abf8,reflexion_mh,MiniHack-River-Narrow-v0,19,38,E,0.0,False,"reflection=The level's eastern area continues to be open, suggesting a potential for finding important elements like stairs or items without immediate obstacles,"
7899abf8,reflexion_mh,MiniHack-River-Narrow-v0,19,39,E,0.0,False,"reflection=The level's eastern area remains open, suggesting potential for discovery without immediate danger, and the lack of a boundary in this direction indic"
7899abf8,reflexion_mh,MiniHack-River-Narrow-v0,19,40,E,0.0,False,"reflection=The level's eastern area remains open, suggesting potential for discovery without immediate danger, and the lack of a boundary in this direction indic"
7899abf8,reflexion_mh,MiniHack-River-Narrow-v0,19,41,E,0.0,False,"reflection=The level's eastern area remains open, suggesting potential for discovery without immediate danger, and the lack of a boundary in this direction indic"
7899abf8,reflexion_mh,MiniHack-River-Narrow-v0,19,42,E,0.0,False,"reflection=The level's eastern area is expansive and lacks immediate threats, suggesting it might contain important features like the staircase or useful items. "
7899abf8,reflexion_mh,MiniHack-River-Narrow-v0,19,43,E,0.0,False,"reflection=The level's eastern area is expansive and lacks immediate threats, suggesting it might contain important features like the staircase or useful items. "
7899abf8,reflexion_mh,MiniHack-River-Narrow-v0,19,44,E,0.0,False,"reflection=The level's eastern area continues to show promise for exploration without immediate danger, suggesting a potential path or important locations like t"
7899abf8,reflexion_mh,MiniHack-River-Narrow-v0,19,45,E,0.0,False,"reflection=The level's eastern area continues to show promise for exploration without immediate danger, suggesting a potential path or important locations like t"
7899abf8,reflexion_mh,MiniHack-River-Narrow-v0,19,46,E,0.0,False,"reflection=The level's eastern area continues to be a viable path for exploration, with no encountered obstacles or creatures, suggesting that further eastward m"
7899abf8,reflexion_mh,MiniHack-River-Narrow-v0,19,47,E,1.0,True,"reflection=The level's eastern area continues to be a viable path for exploration, with no encountered obstacles or creatures, suggesting that further eastward m"
