run_id,variant,env_id,seed,step,action,reward,done,note
b347829f,probe_a_mh,MiniHack-River-Narrow-v0,10,0,E,0.0,False,"A|belief={'layout': 'The goal is likely downstairs, but its location is unknown. The init | mech=unknown; I do not yet know how the obstacles here work, so I must discover it by"
b347829f,probe_a_mh,MiniHack-River-Narrow-v0,10,1,E,0.0,False,"A|belief={'layout': 'The goal is likely downstairs, but its location is unknown. The init | mech=unknown; I do not yet know how the obstacles here work, so I must discover it by"
b347829f,probe_a_mh,MiniHack-River-Narrow-v0,10,2,S,0.0,False,"A|belief={'layout': 'The goal is likely downstairs, but its location is unknown. The init | mech=unknown; I do not yet know how the obstacles here work, so I must discover it by"
b347829f,probe_a_mh,MiniHack-River-Narrow-v0,10,3,E,0.0,False,"A|belief={'layout': 'The goal is likely downstairs, but its location is unknown. The init | mech=unknown; I do not yet know how the obstacles here work, so I must discover it by"
b347829f,probe_a_mh,MiniHack-River-Narrow-v0,10,4,E,0.0,False,"A|belief={'layout': 'The goal is likely downstairs, but its location is unknown. The init | mech=unknown; I do not yet know how the obstacles here work, so I must discover it by"
b347829f,probe_a_mh,MiniHack-River-Narrow-v0,10,5,E,0.0,False,"A|belief={'layout': 'The goal is likely downstairs, but its location is unknown. The init | mech=unknown; I do not yet know how the obstacles here work, so I must discover it by"
b347829f,probe_a_mh,MiniHack-River-Narrow-v0,10,6,E,0.0,False,"A|belief={'layout': 'The goal is likely downstairs, but its location is unknown. The init | mech=unknown; I do not yet know how the obstacles here work, so I must discover it by"
b347829f,probe_a_mh,MiniHack-River-Narrow-v0,10,7,E,0.0,False,"A|belief={'layout': 'The goal is likely downstairs, but its location is unknown. The init | mech=unknown; I do not yet know how the obstacles here work, so I must discover it by"
b347829f,probe_a_mh,MiniHack-River-Narrow-v0,10,8,S,0.0,False,"A|belief={'layout': 'The goal is likely downstairs, but its location is unknown. The init | mech=unknown; I do not yet know how the obstacles here work, so I must discover it by"
b347829f,probe_a_mh,MiniHack-River-Narrow-v0,10,9,E,0.0,False,"A|belief={'layout': 'The goal is likely downstairs, but its location is unknown. The init | mech=unknown; I do not yet know how the obstacles here work, so I must discover it by"
b347829f,probe_a_mh,MiniHack-River-Narrow-v0,10,10,E,0.0,False,"A|belief={'layout': 'The goal is likely downstairs, but its location is unknown. The init | mech=unknown; I do not yet know how the obstacles here work, so I must discover it by"
b347829f,probe_a_mh,MiniHack-River-Narrow-v0,10,11,E,0.0,False,"A|belief={'layout': 'The goal is likely downstairs, but its location is unknown. The init | mech=I hypothesize that the water (represented by '}') may be traversable or interact | EXPERIMENT"
b347829f,probe_a_mh,MiniHack-River-Narrow-v0,10,12,N,0.0,False,"A|belief={'layout': 'The goal is likely downstairs, but its location is unknown. The init | mech=I hypothesize that the water (represented by '}') may be traversable or interact"
b347829f,probe_a_mh,MiniHack-River-Narrow-v0,10,13,E,0.0,False,"A|belief={'layout': 'The goal is likely downstairs, but its location is unknown. The init | mech=I hypothesize that the water (represented by '}') may be traversable or interact"
b347829f,probe_a_mh,MiniHack-River-Narrow-v0,10,14,E,0.0,False,"A|belief={'layout': 'The goal is likely downstairs, but its location is unknown. The init | mech=I hypothesize that the water (represented by '}') may be traversable or interact"
b347829f,probe_a_mh,MiniHack-River-Narrow-v0,10,15,E,0.0,False,"A|belief={'layout': 'The goal is likely downstairs, but its location is unknown. The init | mech=I hypothesize that the water (represented by '}') may be traversable or interact"
b347829f,probe_a_mh,MiniHack-River-Narrow-v0,10,16,E,0.0,False,"A|belief={'layout': 'The goal is likely downstairs, but its location is unknown. The init | mech=I hypothesize that the water (represented by '}') may be traversable or interact"
b347829f,probe_a_mh,MiniHack-River-Narrow-v0,10,17,N,0.0,False,"A|belief={'layout': 'The goal is likely downstairs, but its location is unknown. The init | mech=I hypothesize that the water (represented by '}') may be traversable or interact"
b347829f,probe_a_mh,MiniHack-River-Narrow-v0,10,18,N,0.0,False,"A|belief={'layout': 'The goal is likely downstairs, but its location is unknown. The init | mech=I hypothesize that the water (represented by '}') may be traversable or interact"
b347829f,probe_a_mh,MiniHack-River-Narrow-v0,10,19,N,0.0,False,"A|belief={'layout': 'The goal is likely downstairs, but its location is unknown. The init | mech=I hypothesize that the water (represented by '}') may be traversable or interact"
b347829f,probe_a_mh,MiniHack-River-Narrow-v0,10,20,N,0.0,False,"A|belief={'layout': 'The goal is likely downstairs, but its location is unknown. The init | mech=I hypothesize that the water (represented by '}') may be traversable or interact"
b347829f,probe_a_mh,MiniHack-River-Narrow-v0,10,21,N,0.0,False,"A|belief={'layout': 'The goal is likely downstairs, but its location is unknown. The init | mech=I hypothesize that the water (represented by '}') may be traversable or interact"
b347829f,probe_a_mh,MiniHack-River-Narrow-v0,10,22,N,0.0,False,"A|belief={'layout': 'The goal is likely downstairs, but its location is unknown. The init | mech=I hypothesize that the water (represented by '}') may be traversable or interact"
b347829f,probe_a_mh,MiniHack-River-Narrow-v0,10,23,N,-0.01,False,"A|belief={'layout': 'The goal is likely downstairs, but its location is unknown. The init | mech=I hypothesize that the water (represented by '}') may be traversable or interact"
b347829f,probe_a_mh,MiniHack-River-Narrow-v0,10,24,N,-0.01,False,"A|belief={'layout': 'The goal is likely downstairs, but its location is unknown. The init | mech=I hypothesize that the water (represented by '}') may be traversable or interact"
b347829f,probe_a_mh,MiniHack-River-Narrow-v0,10,25,E,0.0,False,"A|belief={'layout': 'The goal is likely downstairs, but its location is unknown. The init | mech=I hypothesize that the water (represented by '}') may be traversable or interact"
b347829f,probe_a_mh,MiniHack-River-Narrow-v0,10,26,E,0.0,False,"A|belief={'layout': 'The goal is likely downstairs, but its location is unknown. The init | mech=I hypothesize that the water (represented by '}') may be traversable or interact"
b347829f,probe_a_mh,MiniHack-River-Narrow-v0,10,27,E,0.0,False,"A|belief={'layout': 'The goal is likely downstairs, but its location is unknown. The init | mech=I hypothesize that the water (represented by '}') may be traversable or interact"
b347829f,probe_a_mh,MiniHack-River-Narrow-v0,10,28,E,0.0,False,"A|belief={'layout': 'The goal is likely downstairs, but its location is unknown. The init | mech=I hypothesize that the water (represented by '}') may be traversable or interact"
b347829f,probe_a_mh,MiniHack-River-Narrow-v0,10,29,E,0.0,False,"A|belief={'layout': 'The goal is likely downstairs, but its location is unknown. The init | mech=I hypothesize that the water (represented by '}') may be traversable or interact"
b347829f,probe_a_mh,MiniHack-River-Narrow-v0,10,30,E,0.0,False,"A|belief={'layout': 'The goal is likely downstairs, but its location is unknown. The init | mech=I hypothesize that the water (represented by '}') may be traversable or interact"
b347829f,probe_a_mh,MiniHack-River-Narrow-v0,10,31,E,0.0,False,"A|belief={'layout': 'The goal is likely downstairs, but its location is unknown. The init | mech=I hypothesize that the water (represented by '}') may be traversable or interact"
b347829f,probe_a_mh,MiniHack-River-Narrow-v0,10,32,E,0.0,False,"A|belief={'layout': 'The goal is likely downstairs, but its location is unknown. The init | mech=I hypothesize that the water (represented by '}') may be traversable or interact"
b347829f,probe_a_mh,MiniHack-River-Narrow-v0,10,33,E,-0.01,False,"A|belief={'layout': 'The goal is likely downstairs, but its location is unknown. The init | mech=I hypothesize that the water (represented by '}') may be traversable or interact"
b347829f,probe_a_mh,MiniHack-River-Narrow-v0,10,34,S,1.0,True,"A|belief={'layout': 'The goal is likely downstairs, but its location is unknown. The init | mech=I hypothesize that the water (represented by '}') may be traversable or interact"
b347829f,probe_a_mh,MiniHack-River-Narrow-v0,11,0,E,0.0,False,"A|belief={'layout': 'The goal is unknown, but I will start by exploring the surroundings. | mech=unknown; I do not yet know how the obstacles here work, so I must discover it by"
b347829f,probe_a_mh,MiniHack-River-Narrow-v0,11,1,E,0.0,False,"A|belief={'layout': 'The goal is unknown, but I will start by exploring the surroundings. | mech=unknown; I do not yet know how the obstacles here work, so I must discover it by"
b347829f,probe_a_mh,MiniHack-River-Narrow-v0,11,2,S,0.0,False,"A|belief={'layout': 'The goal is still unknown, but I will continue exploring the surroun | mech=unknown; I do not yet know how the obstacles here work, so I must discover it by"
b347829f,probe_a_mh,MiniHack-River-Narrow-v0,11,3,S,0.0,False,"A|belief={'layout': 'The goal is still unknown, but I will continue exploring the surroun | mech=unknown; I do not yet know how the obstacles here work, so I must discover it by"
b347829f,probe_a_mh,MiniHack-River-Narrow-v0,11,4,E,0.0,False,"A|belief={'layout': 'The goal is still unknown, but I will continue exploring the surroun | mech=unknown; I do not yet know how the obstacles here work, so I must discover it by"
b347829f,probe_a_mh,MiniHack-River-Narrow-v0,11,5,E,0.0,False,"A|belief={'layout': 'The goal is still unknown, but I will continue exploring the surroun | mech=unknown; I do not yet know how the obstacles here work, so I must discover it by"
b347829f,probe_a_mh,MiniHack-River-Narrow-v0,11,6,E,0.0,False,"A|belief={'layout': 'The goal is still unknown, but I will continue exploring the surroun | mech=unknown; I do not yet know how the obstacles here work, so I must discover it by"
b347829f,probe_a_mh,MiniHack-River-Narrow-v0,11,7,E,0.0,False,"A|belief={'layout': 'The goal is still unknown, but I will continue exploring the surroun | mech=unknown; I do not yet know how the obstacles here work, so I must discover it by"
b347829f,probe_a_mh,MiniHack-River-Narrow-v0,11,8,E,0.0,False,"A|belief={'layout': 'The goal is still unknown, but I will continue exploring the surroun | mech=unknown; I do not yet know how the obstacles here work, so I must discover it by"
b347829f,probe_a_mh,MiniHack-River-Narrow-v0,11,9,E,0.0,False,"A|belief={'layout': 'The goal is still unknown, but I will continue exploring the surroun | mech=unknown; I do not yet know how the obstacles here work, so I must discover it by"
b347829f,probe_a_mh,MiniHack-River-Narrow-v0,11,10,E,0.0,False,"A|belief={'layout': 'The goal is still unknown, but I will continue exploring the surroun | mech=unknown; I do not yet know how the obstacles here work, so I must discover it by"
b347829f,probe_a_mh,MiniHack-River-Narrow-v0,11,11,S,0.0,False,"A|belief={'layout': 'The goal is still unknown, but I will investigate the water or lava  | mech=I hypothesize that the water or lava to the south may be passable by finding a w | EXPERIMENT"
b347829f,probe_a_mh,MiniHack-River-Narrow-v0,11,12,S,-0.01,False,"A|belief={'layout': 'The goal is still unknown, but I will investigate the water or lava  | mech=I hypothesize that the water or lava to the south may be passable by finding a w"
b347829f,probe_a_mh,MiniHack-River-Narrow-v0,11,13,S,-0.01,False,"A|belief={'layout': 'The goal is still unknown, but I will investigate the water or lava  | mech=I hypothesize that the water or lava to the south may be passable by finding a w"
b347829f,probe_a_mh,MiniHack-River-Narrow-v0,11,14,E,0.0,False,"A|belief={'layout': 'The goal is still unknown, but I will investigate the area to the ea | mech=I hypothesize that the water or lava to the south may be passable by finding a w"
b347829f,probe_a_mh,MiniHack-River-Narrow-v0,11,15,E,0.0,False,"A|belief={'layout': 'The goal is still unknown, but I will investigate the area to the ea | mech=I hypothesize that the water or lava to the south may be passable by finding a w"
b347829f,probe_a_mh,MiniHack-River-Narrow-v0,11,16,E,0.0,False,"A|belief={'layout': 'The goal is still unknown, but I will investigate the area to the ea | mech=I hypothesize that the water or lava to the south may be passable by finding a w"
b347829f,probe_a_mh,MiniHack-River-Narrow-v0,11,17,E,0.0,False,"A|belief={'layout': 'The goal is still unknown, but I will investigate the area to the ea | mech=I hypothesize that the water or lava to the south may be passable by finding a w"
b347829f,probe_a_mh,MiniHack-River-Narrow-v0,11,18,E,0.0,False,"A|belief={'layout': 'The goal is still unknown, but I will investigate the area to the ea | mech=I hypothesize that the water or lava to the south may be passable by finding a w"
b347829f,probe_a_mh,MiniHack-River-Narrow-v0,11,19,E,0.0,False,"A|belief={'layout': 'The goal is still unknown, but I will investigate the area to the ea | mech=I hypothesize that the water or lava to the south may be passable by finding a w"
b347829f,probe_a_mh,MiniHack-River-Narrow-v0,11,20,S,0.0,False,"A|belief={'layout': 'The goal is still unknown, but I will investigate the area to the so | mech=I hypothesize that the water or lava to the south may be passable by finding a w"
b347829f,probe_a_mh,MiniHack-River-Narrow-v0,11,21,S,0.0,False,"A|belief={'layout': 'The goal is still unknown, but I will investigate the area to the so | mech=I hypothesize that the water or lava to the south may be passable by finding a w"
b347829f,probe_a_mh,MiniHack-River-Narrow-v0,11,22,S,-0.01,False,"A|belief={'layout': 'The goal is still unknown, but I will investigate the area to the so | mech=I hypothesize that the water or lava to the south may be passable by finding a w"
b347829f,probe_a_mh,MiniHack-River-Narrow-v0,11,23,S,-0.01,False,"A|belief={'layout': 'The goal is still unknown, but I will investigate the area to the so | mech=I hypothesize that the water or lava to the south may be passable by finding a w"
b347829f,probe_a_mh,MiniHack-River-Narrow-v0,11,24,E,0.0,False,"A|belief={'layout': 'The goal is still unknown, but I will investigate the area to the ea | mech=I hypothesize that the water or lava to the south may be passable by finding a w"
b347829f,probe_a_mh,MiniHack-River-Narrow-v0,11,25,E,0.0,False,"A|belief={'layout': 'The goal is still unknown, but I will investigate the area to the ea | mech=I hypothesize that the water or lava to the south may be passable by finding a w"
b347829f,probe_a_mh,MiniHack-River-Narrow-v0,11,26,N,0.0,False,"A|belief={'layout': 'The goal is still unknown, but I will investigate the area to the no | mech=I hypothesize that the water or lava to the south may be passable by finding a w"
b347829f,probe_a_mh,MiniHack-River-Narrow-v0,11,27,N,0.0,False,"A|belief={'layout': 'The goal is still unknown, but I will investigate the area to the no | mech=I hypothesize that the water or lava to the south may be passable by finding a w"
b347829f,probe_a_mh,MiniHack-River-Narrow-v0,11,28,N,0.0,False,"A|belief={'layout': 'The goal is still unknown, but I will investigate the area to the no | mech=I hypothesize that the water or lava to the south may be passable by finding a w"
b347829f,probe_a_mh,MiniHack-River-Narrow-v0,11,29,N,0.0,False,"A|belief={'layout': 'The goal is still unknown, but I will investigate the area to the no | mech=I hypothesize that the water or lava to the south may be passable by finding a w"
b347829f,probe_a_mh,MiniHack-River-Narrow-v0,11,30,N,-0.01,False,"A|belief={'layout': 'The goal is still unknown, but I will investigate the area to the no | mech=I hypothesize that the water or lava to the south may be passable by finding a w"
b347829f,probe_a_mh,MiniHack-River-Narrow-v0,11,31,N,-0.01,False,"A|belief={'layout': ""The goal is still unknown, but I will investigate the area to the no | mech=I hypothesize that the water or lava to the south may be passable by finding a w"
b347829f,probe_a_mh,MiniHack-River-Narrow-v0,11,32,W,0.0,False,"A|belief={'layout': ""The goal is still unknown, but I will investigate the area to the ea | mech=I hypothesize that the water or lava to the south may be passable by finding a w"
b347829f,probe_a_mh,MiniHack-River-Narrow-v0,11,33,W,0.0,False,"A|belief={'layout': ""The goal is still unknown, but I will investigate the area to the we | mech=I hypothesize that the water or lava to the south may be passable by finding a w"
b347829f,probe_a_mh,MiniHack-River-Narrow-v0,11,34,W,0.0,False,"A|belief={'layout': ""The goal is still unknown, but I will investigate the area to the we | mech=I hypothesize that the water or lava to the south may be passable by finding a w"
b347829f,probe_a_mh,MiniHack-River-Narrow-v0,11,35,W,0.0,False,"A|belief={'layout': ""The goal is still unknown, but I will investigate the area to the we | mech=I hypothesize that the water or lava to the south may be passable by finding a w"
b347829f,probe_a_mh,MiniHack-River-Narrow-v0,11,36,W,0.0,False,"A|belief={'layout': ""The goal is still unknown, but I will investigate the area to the we | mech=I hypothesize that the water or lava to the south may be passable by finding a w"
b347829f,probe_a_mh,MiniHack-River-Narrow-v0,11,37,W,0.0,False,"A|belief={'layout': ""The goal is still unknown, but I will investigate the area to the we | mech=I hypothesize that the water or lava to the south may be passable by finding a w"
b347829f,probe_a_mh,MiniHack-River-Narrow-v0,11,38,W,0.0,False,"A|belief={'layout': ""The goal is still unknown, but I will investigate the area to the we | mech=I hypothesize that the water or lava to the south may be passable by finding a w"
b347829f,probe_a_mh,MiniHack-River-Narrow-v0,11,39,W,0.0,False,"A|belief={'layout': ""The goal is still unknown, but I will investigate the area to the we | mech=I hypothesize that the water or lava to the south may be passable by finding a w"
b347829f,probe_a_mh,MiniHack-River-Narrow-v0,11,40,W,0.0,False,"A|belief={'layout': ""The goal is still unknown, but I will investigate the area to the we | mech=I hypothesize that the water or lava to the south may be passable by finding a w"
b347829f,probe_a_mh,MiniHack-River-Narrow-v0,11,41,W,0.0,False,"A|belief={'layout': ""The goal is still unknown, but I will investigate the area to the we | mech=I hypothesize that the water or lava to the south may be passable by finding a w"
b347829f,probe_a_mh,MiniHack-River-Narrow-v0,11,42,W,0.0,False,"A|belief={'layout': ""The goal is still unknown, but I will investigate the area to the we | mech=I hypothesize that the water or lava to the south may be passable by finding a w"
b347829f,probe_a_mh,MiniHack-River-Narrow-v0,11,43,W,0.0,False,"A|belief={'layout': ""The goal is still unknown, but I will investigate the area to the we | mech=I hypothesize that the water or lava to the south may be passable by finding a w"
b347829f,probe_a_mh,MiniHack-River-Narrow-v0,11,44,W,0.0,False,"A|belief={'layout': ""The goal is still unknown, but I will investigate the area to the we | mech=I hypothesize that the water or lava to the south may be passable by finding a w"
b347829f,probe_a_mh,MiniHack-River-Narrow-v0,11,45,W,0.0,False,"A|belief={'layout': ""The goal is still unknown, but I will investigate the area to the we | mech=I hypothesize that the water or lava to the south may be passable by finding a w"
b347829f,probe_a_mh,MiniHack-River-Narrow-v0,11,46,W,0.0,False,"A|belief={'layout': ""The goal is still unknown, but I will investigate the area to the we | mech=I hypothesize that the water or lava to the south may be passable by finding a w"
b347829f,probe_a_mh,MiniHack-River-Narrow-v0,11,47,W,0.0,False,"A|belief={'layout': ""The goal is still unknown, but I will investigate the area to the we | mech=I hypothesize that the water or lava to the south may be passable by finding a w"
b347829f,probe_a_mh,MiniHack-River-Narrow-v0,11,48,W,0.0,False,"A|belief={'layout': ""The goal is still unknown, but I will investigate the area to the we | mech=I hypothesize that the water or lava to the south may be passable by finding a w"
b347829f,probe_a_mh,MiniHack-River-Narrow-v0,11,49,W,-0.01,False,"A|belief={'layout': ""The goal is still unknown, but I will investigate the area to the we | mech=I hypothesize that the water or lava to the south may be passable by finding a w"
b347829f,probe_a_mh,MiniHack-River-Narrow-v0,11,50,W,-0.01,False,"A|belief={'layout': ""The goal is still unknown, but I will investigate the area to the we | mech=I hypothesize that the water or lava to the south may be passable by finding a w"
b347829f,probe_a_mh,MiniHack-River-Narrow-v0,11,51,E,0.0,False,"A|belief={'layout': 'The goal is still unknown, but since moving west is blocked, I will  | mech=I hypothesize that the water or lava to the south may be passable by finding a w"
b347829f,probe_a_mh,MiniHack-River-Narrow-v0,11,52,E,0.0,False,"A|belief={'layout': 'The goal is still unknown, but since moving west is blocked, I will  | mech=I hypothesize that the water or lava to the south may be passable by finding a w"
b347829f,probe_a_mh,MiniHack-River-Narrow-v0,11,53,E,0.0,False,"A|belief={'layout': 'The goal is still unknown, but since moving west is blocked, I will  | mech=I hypothesize that the water or lava to the south may be passable by finding a w"
b347829f,probe_a_mh,MiniHack-River-Narrow-v0,11,54,E,0.0,False,"A|belief={'layout': 'The goal is still unknown, but since moving west is blocked, I will  | mech=I hypothesize that the water or lava to the south may be passable by finding a w"
b347829f,probe_a_mh,MiniHack-River-Narrow-v0,11,55,E,0.0,False,"A|belief={'layout': 'The goal is still unknown, but since moving west is blocked, I will  | mech=I hypothesize that the water or lava to the south may be passable by finding a w"
b347829f,probe_a_mh,MiniHack-River-Narrow-v0,11,56,E,0.0,False,"A|belief={'layout': 'The goal is still unknown, but since moving west is blocked, I will  | mech=I hypothesize that the water or lava to the south may be passable by finding a w"
b347829f,probe_a_mh,MiniHack-River-Narrow-v0,11,57,E,0.0,False,"A|belief={'layout': 'The goal is still unknown, but since moving west is blocked, I will  | mech=I hypothesize that the water or lava to the south may be passable by finding a w"
b347829f,probe_a_mh,MiniHack-River-Narrow-v0,11,58,E,0.0,False,"A|belief={'layout': 'The goal is still unknown, but since moving west is blocked, I will  | mech=I hypothesize that the water or lava to the south may be passable by finding a w"
b347829f,probe_a_mh,MiniHack-River-Narrow-v0,11,59,E,0.0,False,"A|belief={'layout': 'The goal is still unknown, but since moving west is blocked, I will  | mech=I hypothesize that the water or lava to the south may be passable by finding a w"
b347829f,probe_a_mh,MiniHack-River-Narrow-v0,11,60,E,0.0,False,"A|belief={'layout': 'The goal is still unknown, but since moving west is blocked, I will  | mech=I hypothesize that the water or lava to the south may be passable by finding a w"
b347829f,probe_a_mh,MiniHack-River-Narrow-v0,11,61,E,0.0,False,"A|belief={'layout': 'The goal is still unknown, but since moving west is blocked, I will  | mech=I hypothesize that the water or lava to the south may be passable by finding a w"
b347829f,probe_a_mh,MiniHack-River-Narrow-v0,11,62,E,0.0,False,"A|belief={'layout': 'The goal is still unknown, but since moving west is blocked, I will  | mech=I hypothesize that the water or lava to the south may be passable by finding a w"
b347829f,probe_a_mh,MiniHack-River-Narrow-v0,11,63,E,0.0,False,"A|belief={'layout': 'The goal is still unknown, but since moving west is blocked, I will  | mech=I hypothesize that the water or lava to the south may be passable by finding a w"
b347829f,probe_a_mh,MiniHack-River-Narrow-v0,11,64,E,0.0,False,"A|belief={'layout': 'The goal is still unknown, but since moving west is blocked, I will  | mech=I hypothesize that the water or lava to the south may be passable by finding a w"
b347829f,probe_a_mh,MiniHack-River-Narrow-v0,11,65,E,0.0,False,"A|belief={'layout': 'The goal is still unknown, but since moving west is blocked, I will  | mech=I hypothesize that the water or lava to the south may be passable by finding a w"
b347829f,probe_a_mh,MiniHack-River-Narrow-v0,11,66,E,0.0,False,"A|belief={'layout': 'The goal is still unknown, but since moving west is blocked, I will  | mech=I hypothesize that the water or lava to the south may be passable by finding a w"
b347829f,probe_a_mh,MiniHack-River-Narrow-v0,11,67,E,0.0,False,"A|belief={'layout': 'The goal is still unknown, but since moving west is blocked, I will  | mech=I hypothesize that the water or lava to the south may be passable by finding a w"
b347829f,probe_a_mh,MiniHack-River-Narrow-v0,11,68,E,0.0,False,"A|belief={'layout': 'The goal is still unknown, but since moving west is blocked, I will  | mech=I hypothesize that the water or lava to the south may be passable by finding a w"
b347829f,probe_a_mh,MiniHack-River-Narrow-v0,11,69,E,0.0,False,"A|belief={'layout': 'The goal is still unknown, but since moving west is blocked, I will  | mech=I hypothesize that the water or lava to the south may be passable by finding a w"
b347829f,probe_a_mh,MiniHack-River-Narrow-v0,11,70,E,0.0,False,"A|belief={'layout': 'The goal is still unknown, but since moving west is blocked, I will  | mech=I hypothesize that the water or lava to the south may be passable by finding a w"
b347829f,probe_a_mh,MiniHack-River-Narrow-v0,11,71,E,0.0,False,"A|belief={'layout': 'The goal is still unknown, but since moving west is blocked, I will  | mech=I hypothesize that the water or lava to the south may be passable by finding a w"
b347829f,probe_a_mh,MiniHack-River-Narrow-v0,11,72,E,0.0,False,"A|belief={'layout': 'The goal is still unknown, but since moving west is blocked, I will  | mech=I hypothesize that the water or lava to the south may be passable by finding a w"
b347829f,probe_a_mh,MiniHack-River-Narrow-v0,11,73,E,0.0,False,"A|belief={'layout': 'The goal is still unknown, but since moving west is blocked, I will  | mech=I hypothesize that the water or lava to the south may be passable by finding a w"
b347829f,probe_a_mh,MiniHack-River-Narrow-v0,11,74,E,0.0,False,"A|belief={'layout': 'The goal is still unknown, but since moving west is blocked, I will  | mech=I hypothesize that the water or lava to the south may be passable by finding a w"
b347829f,probe_a_mh,MiniHack-River-Narrow-v0,11,75,E,0.0,False,"A|belief={'layout': 'The goal is still unknown, but since moving west is blocked, I will  | mech=I hypothesize that the water or lava to the south may be passable by finding a w"
b347829f,probe_a_mh,MiniHack-River-Narrow-v0,11,76,N,0.0,False,"A|belief={'layout': 'The goal is still unknown, but since moving west and further east is | mech=I hypothesize that the water or lava to the south may be passable by finding a w"
b347829f,probe_a_mh,MiniHack-River-Narrow-v0,11,77,N,0.0,False,"A|belief={'layout': 'The goal is still unknown, but since moving west and further east is | mech=I hypothesize that the water or lava to the south may be passable by finding a w"
b347829f,probe_a_mh,MiniHack-River-Narrow-v0,11,78,N,0.0,False,"A|belief={'layout': 'The goal is still unknown, but since moving west and further east is | mech=I hypothesize that the water or lava to the south may be passable by finding a w"
b347829f,probe_a_mh,MiniHack-River-Narrow-v0,11,79,N,-0.01,False,"A|belief={'layout': 'The goal is still unknown, but since moving west and further east is | mech=I hypothesize that the water or lava to the south may be passable by finding a w"
b347829f,probe_a_mh,MiniHack-River-Narrow-v0,11,80,N,-0.01,False,"A|belief={'layout': 'The goal is still unknown, but since moving west and further east is | mech=I hypothesize that the water or lava to the south may be passable by finding a w"
b347829f,probe_a_mh,MiniHack-River-Narrow-v0,11,81,S,0.0,False,"A|belief={'layout': 'The goal is still unknown, but since moving west and further east is | mech=I hypothesize that the water or lava to the south may be passable by finding a w"
b347829f,probe_a_mh,MiniHack-River-Narrow-v0,11,82,S,0.0,False,"A|belief={'layout': 'The goal is still unknown, but since moving west and further east is | mech=I hypothesize that the water or lava to the south may be passable by finding a w"
b347829f,probe_a_mh,MiniHack-River-Narrow-v0,11,83,S,0.0,False,"A|belief={'layout': 'The goal is still unknown, but since moving west and further east is | mech=I hypothesize that the water or lava to the south may be passable by finding a w"
b347829f,probe_a_mh,MiniHack-River-Narrow-v0,11,84,S,0.0,False,"A|belief={'layout': 'The goal is still unknown, but since moving west and further east is | mech=I hypothesize that the water or lava to the south may be passable by finding a w"
b347829f,probe_a_mh,MiniHack-River-Narrow-v0,11,85,S,0.0,False,"A|belief={'layout': 'The goal is still unknown, but since moving west and further east is | mech=I hypothesize that the water or lava to the south may be passable by finding a w"
b347829f,probe_a_mh,MiniHack-River-Narrow-v0,11,86,S,-0.01,False,"A|belief={'layout': 'The goal is still unknown, but since moving west and further east is | mech=I hypothesize that the water or lava to the south may be passable by finding a w"
b347829f,probe_a_mh,MiniHack-River-Narrow-v0,11,87,S,-0.01,False,"A|belief={'layout': 'The goal is still unknown, but since moving west and further east is | mech=I hypothesize that the water or lava to the south may be passable by finding a w"
b347829f,probe_a_mh,MiniHack-River-Narrow-v0,11,88,E,0.0,False,"A|belief={'layout': ""The goal is still unknown, but since moving west and further east is | mech=I hypothesize that the solid stone to the south, east, and north may be passable"
b347829f,probe_a_mh,MiniHack-River-Narrow-v0,11,89,E,0.0,False,"A|belief={'layout': ""The goal is still unknown, but since moving west and further east is | mech=I hypothesize that the solid stone to the south, east, and north may be passable"
b347829f,probe_a_mh,MiniHack-River-Narrow-v0,11,90,N,0.0,False,"A|belief={'layout': ""The goal is still unknown, but since moving west and further east is | mech=I hypothesize that the solid stone to the south, east, and north may be passable"
b347829f,probe_a_mh,MiniHack-River-Narrow-v0,11,91,S,0.0,False,"A|belief={'layout': ""The goal is still unknown, but since moving west and further east is | mech=I hypothesize that the solid stone to the south, east, and north may be passable"
b347829f,probe_a_mh,MiniHack-River-Narrow-v0,11,92,S,-0.01,False,"A|belief={'layout': ""The goal is still unknown, but since moving west and further east is | mech=I hypothesize that the solid stone to the south, east, and north may be passable"
b347829f,probe_a_mh,MiniHack-River-Narrow-v0,11,93,W,0.0,False,"A|belief={'layout': ""The goal is still unknown, but since moving west and further east is | mech=I hypothesize that the solid stone to the south, east, and north may be passable"
b347829f,probe_a_mh,MiniHack-River-Narrow-v0,11,94,W,0.0,False,"A|belief={'layout': ""The goal is still unknown, but since moving west and further east is | mech=I hypothesize that the solid stone to the south, east, and north may be passable"
b347829f,probe_a_mh,MiniHack-River-Narrow-v0,11,95,W,0.0,False,"A|belief={'layout': ""The goal is still unknown, but since moving west and further east is | mech=I hypothesize that the solid stone to the south, east, and north may be passable"
b347829f,probe_a_mh,MiniHack-River-Narrow-v0,11,96,S,-0.01,False,"A|belief={'layout': ""The goal is still unknown, but since moving west and further east is | mech=I hypothesize that the solid stone to the south, east, and north may be passable"
b347829f,probe_a_mh,MiniHack-River-Narrow-v0,11,97,S,-0.01,False,"A|belief={'layout': ""The goal is still unknown, but since moving west and further east is | mech=I hypothesize that the solid stone to the south, east, and north may be passable"
b347829f,probe_a_mh,MiniHack-River-Narrow-v0,11,98,E,0.0,False,"A|belief={'layout': ""The goal is still unknown, but since moving west and further east is | mech=I hypothesize that the solid stone to the south, east, and north may be passable"
b347829f,probe_a_mh,MiniHack-River-Narrow-v0,11,99,E,0.0,False,"A|belief={'layout': ""The goal is still unknown, but since moving west and further east is | mech=I hypothesize that the solid stone to the south, east, and north may be passable"
b347829f,probe_a_mh,MiniHack-River-Narrow-v0,11,100,E,0.0,False,"A|belief={'layout': ""The goal is still unknown, but since moving west and further east is | mech=I hypothesize that the solid stone to the south, east, and north may be passable"
b347829f,probe_a_mh,MiniHack-River-Narrow-v0,11,101,E,0.0,False,"A|belief={'layout': ""The goal is still unknown, but since moving west and further east is | mech=I hypothesize that the solid stone to the south, east, and north may be passable"
b347829f,probe_a_mh,MiniHack-River-Narrow-v0,11,102,E,0.0,False,"A|belief={'layout': ""The goal is still unknown, but since moving west and further east is | mech=I hypothesize that the solid stone to the south, east, and north may be passable"
b347829f,probe_a_mh,MiniHack-River-Narrow-v0,11,103,S,-0.01,False,"A|belief={'layout': ""The goal is still unknown, but since moving west and further east is | mech=I hypothesize that the solid stone to the south, east, and north may be passable"
b347829f,probe_a_mh,MiniHack-River-Narrow-v0,11,104,W,0.0,False,"A|belief={'layout': ""The goal is still unknown, but since moving west and further east is | mech=I hypothesize that the solid stone to the south, east, and north may be passable"
b347829f,probe_a_mh,MiniHack-River-Narrow-v0,11,105,W,0.0,False,"A|belief={'layout': ""The goal is still unknown, but since moving west and further east is | mech=I hypothesize that the solid stone to the south, east, and north may be passable"
b347829f,probe_a_mh,MiniHack-River-Narrow-v0,11,106,W,0.0,False,"A|belief={'layout': ""The goal is still unknown, but since moving west and further east is | mech=I hypothesize that the solid stone to the south, east, and north may be passable"
b347829f,probe_a_mh,MiniHack-River-Narrow-v0,11,107,W,0.0,False,"A|belief={'layout': ""The goal is still unknown, but since moving west and further east is | mech=I hypothesize that the solid stone to the south, east, and north may be passable"
b347829f,probe_a_mh,MiniHack-River-Narrow-v0,11,108,S,-0.01,False,"A|belief={'layout': ""The goal is still unknown, but since moving west and further east is | mech=I hypothesize that the solid stone to the south, east, and north may be passable"
b347829f,probe_a_mh,MiniHack-River-Narrow-v0,11,109,S,-0.01,False,"A|belief={'layout': ""The goal is still unknown, but since moving west and further east is | mech=I hypothesize that the solid stone to the south, east, and north may be passable"
b347829f,probe_a_mh,MiniHack-River-Narrow-v0,11,110,E,0.0,False,"A|belief={'layout': ""The goal is still unknown, but since moving west and further east is | mech=I hypothesize that the solid stone to the south, east, and north may be passable"
b347829f,probe_a_mh,MiniHack-River-Narrow-v0,11,111,E,0.0,False,"A|belief={'layout': ""The goal is still unknown, but since moving west and further east is | mech=I hypothesize that the solid stone to the south, east, and north may be passable"
b347829f,probe_a_mh,MiniHack-River-Narrow-v0,11,112,E,0.0,False,"A|belief={'layout': ""The goal is still unknown, but since moving west and further east is | mech=I hypothesize that the solid stone to the south, east, and north may be passable"
b347829f,probe_a_mh,MiniHack-River-Narrow-v0,11,113,S,-0.01,False,"A|belief={'layout': ""The goal is still unknown, but since moving west and further east is | mech=I hypothesize that the solid stone to the south, east, and north may be passable"
b347829f,probe_a_mh,MiniHack-River-Narrow-v0,11,114,S,-0.01,False,"A|belief={'layout': ""The goal is still unknown, but since moving west and further east is | mech=I hypothesize that the solid stone to the south, east, and north may be passable"
b347829f,probe_a_mh,MiniHack-River-Narrow-v0,11,115,N,0.0,False,"A|belief={'layout': ""The goal is still unknown, but since moving west and further east is | mech=I hypothesize that the solid stone to the south, east, and north may be passable"
b347829f,probe_a_mh,MiniHack-River-Narrow-v0,11,116,N,0.0,False,"A|belief={'layout': ""The goal is still unknown, but since moving west and further east is | mech=I hypothesize that the solid stone to the south, east, and north may be passable"
b347829f,probe_a_mh,MiniHack-River-Narrow-v0,11,117,N,0.0,False,"A|belief={'layout': ""The goal is still unknown, but since moving west and further east is | mech=I hypothesize that the solid stone to the south, east, and north may be passable"
b347829f,probe_a_mh,MiniHack-River-Narrow-v0,11,118,S,0.0,False,"A|belief={'layout': ""The goal is still unknown, but since moving west and further east is | mech=I hypothesize that the solid stone to the south, east, and north may be passable"
b347829f,probe_a_mh,MiniHack-River-Narrow-v0,11,119,S,0.0,False,"A|belief={'layout': ""The goal is still unknown, but since moving west and further east is | mech=I hypothesize that the solid stone to the south, east, and north may be passable"
b347829f,probe_a_mh,MiniHack-River-Narrow-v0,12,0,E,0.0,False,"A|belief={'layout': 'The goal is likely downstairs, but its location is unknown. The init | mech=unknown; I do not yet know how the obstacles here work, so I must discover it by"
b347829f,probe_a_mh,MiniHack-River-Narrow-v0,12,1,E,0.0,False,"A|belief={'layout': 'The goal is likely downstairs, but its location is unknown. The init | mech=unknown; I do not yet know how the obstacles here work, so I must discover it by"
b347829f,probe_a_mh,MiniHack-River-Narrow-v0,12,2,S,0.0,False,"A|belief={'layout': 'The goal is likely downstairs, but its location is unknown. The init | mech=unknown; I do not yet know how the obstacles here work, so I must discover it by"
b347829f,probe_a_mh,MiniHack-River-Narrow-v0,12,3,E,0.0,False,"A|belief={'layout': 'The goal is likely downstairs, but its location is unknown. The init | mech=unknown; I do not yet know how the obstacles here work, so I must discover it by"
b347829f,probe_a_mh,MiniHack-River-Narrow-v0,12,4,E,0.0,False,"A|belief={'layout': 'The goal is likely downstairs, but its location is unknown. The init | mech=unknown; I do not yet know how the obstacles here work, so I must discover it by"
b347829f,probe_a_mh,MiniHack-River-Narrow-v0,12,5,S,-0.01,False,"A|belief={'layout': 'The goal is likely downstairs, but its location is unknown. The init | mech=unknown; I do not yet know how the obstacles here work, so I must discover it by"
b347829f,probe_a_mh,MiniHack-River-Narrow-v0,12,6,S,-0.01,False,"A|belief={'layout': 'The goal is likely downstairs, but its location is unknown. The init | mech=unknown; I do not yet know how the obstacles here work, so I must discover it by"
b347829f,probe_a_mh,MiniHack-River-Narrow-v0,12,7,N,0.0,False,"A|belief={'layout': 'The goal is likely downstairs, but its location is unknown. The init | mech=unknown; I do not yet know how the obstacles here work, so I must discover it by"
b347829f,probe_a_mh,MiniHack-River-Narrow-v0,12,8,N,0.0,False,"A|belief={'layout': 'The goal is likely downstairs, but its location is unknown. The init | mech=unknown; I do not yet know how the obstacles here work, so I must discover it by"
b347829f,probe_a_mh,MiniHack-River-Narrow-v0,12,9,N,0.0,False,"A|belief={'layout': 'The goal is likely downstairs, but its location is unknown. The init | mech=unknown; I do not yet know how the obstacles here work, so I must discover it by"
b347829f,probe_a_mh,MiniHack-River-Narrow-v0,12,10,N,-0.01,False,"A|belief={'layout': 'The goal is likely downstairs, but its location is unknown. The init | mech=unknown; I do not yet know how the obstacles here work, so I must discover it by"
b347829f,probe_a_mh,MiniHack-River-Narrow-v0,12,11,E,0.0,False,"A|belief=The goal is likely downstairs, but its location is unknown. The initial plan is  | mech=I hypothesize that the boulder can be moved by walking into it, which can potent | EXPERIMENT"
b347829f,probe_a_mh,MiniHack-River-Narrow-v0,12,12,N,0.0,False,"A|belief={'layout': 'The goal is likely downstairs, but its location is unknown. The init | mech=I hypothesize that the boulder can be moved by walking into it, which can potent"
b347829f,probe_a_mh,MiniHack-River-Narrow-v0,12,13,N,-0.01,False,"A|belief={'layout': 'The goal is likely downstairs, but its location is unknown. The init | mech=I hypothesize that the boulder can be moved by walking into it, which can potent"
b347829f,probe_a_mh,MiniHack-River-Narrow-v0,12,14,W,0.0,False,"A|belief={'layout': 'The goal is likely downstairs, but its location is unknown. The init | mech=I hypothesize that the boulder can be moved by walking into it, which can potent"
b347829f,probe_a_mh,MiniHack-River-Narrow-v0,12,15,W,0.0,False,"A|belief={'layout': 'The goal is likely downstairs, but its location is unknown. The init | mech=I hypothesize that the boulder can be moved by walking into it, which can potent"
b347829f,probe_a_mh,MiniHack-River-Narrow-v0,12,16,W,0.0,False,"A|belief={'layout': 'The goal is likely downstairs, but its location is unknown. The init | mech=I hypothesize that the boulder can be moved by walking into it, which can potent"
b347829f,probe_a_mh,MiniHack-River-Narrow-v0,12,17,N,0.0,False,"A|belief={'layout': 'The goal is likely downstairs, but its location is unknown. The init | mech=I hypothesize that the boulder can be moved by walking into it, which can potent"
b347829f,probe_a_mh,MiniHack-River-Narrow-v0,12,18,N,0.0,False,"A|belief={'layout': 'The goal is likely downstairs, but its location is unknown. The init | mech=I hypothesize that the boulder can be moved by walking into it, which can potent"
b347829f,probe_a_mh,MiniHack-River-Narrow-v0,12,19,N,0.0,False,"A|belief={'layout': 'The goal is likely downstairs, but its location is unknown. The init | mech=I hypothesize that the boulder can be moved by walking into it, which can potent"
b347829f,probe_a_mh,MiniHack-River-Narrow-v0,12,20,N,-0.01,False,"A|belief={'layout': 'The goal is likely downstairs, but its location is unknown. The init | mech=I hypothesize that the boulder can be moved by walking into it, which can potent"
b347829f,probe_a_mh,MiniHack-River-Narrow-v0,12,21,W,0.0,False,"A|belief={'layout': 'The goal is likely downstairs, but its location is unknown. The init | mech=I hypothesize that the boulder can be moved by walking into it, which can potent"
b347829f,probe_a_mh,MiniHack-River-Narrow-v0,12,22,W,0.0,False,"A|belief={'layout': 'The goal is likely downstairs, but its location is unknown. The init | mech=I hypothesize that the boulder can be moved by walking into it, which can potent"
b347829f,probe_a_mh,MiniHack-River-Narrow-v0,12,23,W,0.0,False,"A|belief={'layout': 'The goal is likely downstairs, but its location is unknown. The init | mech=I hypothesize that the boulder can be moved by walking into it, which can potent"
b347829f,probe_a_mh,MiniHack-River-Narrow-v0,12,24,W,0.0,False,"A|belief={'layout': 'The goal is likely downstairs, but its location is unknown. The init | mech=I hypothesize that the boulder can be moved by walking into it, which can potent"
b347829f,probe_a_mh,MiniHack-River-Narrow-v0,12,25,W,0.0,False,"A|belief={'layout': 'The goal is likely downstairs, but its location is unknown. The init | mech=I hypothesize that the boulder can be moved by walking into it, which can potent"
b347829f,probe_a_mh,MiniHack-River-Narrow-v0,12,26,W,0.0,False,"A|belief={'layout': 'The goal is likely downstairs, but its location is unknown. The init | mech=I hypothesize that the boulder can be moved by walking into it, which can potent"
b347829f,probe_a_mh,MiniHack-River-Narrow-v0,12,27,W,0.0,False,"A|belief={'layout': 'The goal is likely downstairs, but its location is unknown. The init | mech=I hypothesize that the boulder can be moved by walking into it, which can potent"
b347829f,probe_a_mh,MiniHack-River-Narrow-v0,12,28,W,0.0,False,"A|belief={'layout': 'The goal is likely downstairs, but its location is unknown. The init | mech=I hypothesize that the boulder can be moved by walking into it, which can potent"
b347829f,probe_a_mh,MiniHack-River-Narrow-v0,12,29,W,0.0,False,"A|belief={'layout': 'The goal is likely downstairs, but its location is unknown. The init | mech=I hypothesize that the boulder can be moved by walking into it, which can potent"
b347829f,probe_a_mh,MiniHack-River-Narrow-v0,12,30,W,0.0,False,"A|belief={'layout': 'The goal is likely downstairs, but its location is unknown. The init | mech=I hypothesize that the boulder can be moved by walking into it, which can potent"
b347829f,probe_a_mh,MiniHack-River-Narrow-v0,12,31,W,0.0,False,"A|belief={'layout': 'The goal is likely downstairs, but its location is unknown. The init | mech=I hypothesize that the boulder can be moved by walking into it, which can potent"
b347829f,probe_a_mh,MiniHack-River-Narrow-v0,12,32,W,0.0,False,"A|belief={'layout': 'The goal is likely downstairs, but its location is unknown. The init | mech=I hypothesize that the boulder can be moved by walking into it, which can potent"
b347829f,probe_a_mh,MiniHack-River-Narrow-v0,12,33,W,0.0,False,"A|belief={'layout': 'The goal is likely downstairs, but its location is unknown. The init | mech=I hypothesize that the boulder can be moved by walking into it, which can potent"
b347829f,probe_a_mh,MiniHack-River-Narrow-v0,12,34,W,0.0,False,"A|belief={'layout': 'The goal is likely downstairs, but its location is unknown. The init | mech=I hypothesize that the water can be crossed by finding a way to fill it or findi"
b347829f,probe_a_mh,MiniHack-River-Narrow-v0,12,35,W,-0.01,False,"A|belief={'layout': 'The goal is likely downstairs, but its location is unknown. The init | mech=I hypothesize that the water can be crossed by finding a way to fill it or findi"
b347829f,probe_a_mh,MiniHack-River-Narrow-v0,12,36,W,-0.01,False,"A|belief={'layout': 'The goal is likely downstairs, but its location is unknown. The init | mech=I hypothesize that the water can be crossed by finding a way to fill it or findi"
b347829f,probe_a_mh,MiniHack-River-Narrow-v0,12,37,N,-0.01,False,"A|belief={'layout': 'The goal is likely downstairs, but its location is unknown. Since mo | mech=I hypothesize that the water can be crossed by finding a way to fill it or findi"
b347829f,probe_a_mh,MiniHack-River-Narrow-v0,12,38,E,0.0,False,"A|belief={'layout': 'The goal is likely downstairs, but its location is unknown. Since mo | mech=I hypothesize that the water can be crossed by finding a way to fill it or findi"
b347829f,probe_a_mh,MiniHack-River-Narrow-v0,12,39,E,0.0,False,"A|belief={'layout': 'The goal is likely downstairs, but its location is unknown. Since mo | mech=I hypothesize that the water can be crossed by finding a way to fill it or findi"
b347829f,probe_a_mh,MiniHack-River-Narrow-v0,12,40,E,0.0,False,"A|belief={'layout': 'The goal is likely downstairs, but its location is unknown. Since mo | mech=I hypothesize that the water can be crossed by finding a way to fill it or findi"
b347829f,probe_a_mh,MiniHack-River-Narrow-v0,12,41,E,0.0,False,"A|belief={'layout': 'The goal is likely downstairs, but its location is unknown. Since mo | mech=I hypothesize that the water can be crossed by finding a way to fill it or findi"
b347829f,probe_a_mh,MiniHack-River-Narrow-v0,12,42,E,0.0,False,"A|belief={'layout': 'The goal is likely downstairs, but its location is unknown. Since mo | mech=I hypothesize that the water (represented by '}') can be crossed by finding a wa"
b347829f,probe_a_mh,MiniHack-River-Narrow-v0,12,43,E,0.0,False,"A|belief={'layout': 'The goal is likely downstairs, but its location is unknown. Since mo | mech=I hypothesize that the water (represented by '}') can be crossed by finding a wa"
b347829f,probe_a_mh,MiniHack-River-Narrow-v0,12,44,S,0.0,False,"A|belief={'layout': 'The goal is likely downstairs, but its location is unknown. Since mo | mech=I hypothesize that the water (represented by '}') can be crossed by finding a wa"
b347829f,probe_a_mh,MiniHack-River-Narrow-v0,12,45,S,0.0,False,"A|belief={'layout': 'The goal is likely downstairs, but its location is unknown. Since mo | mech=I hypothesize that the water (represented by '}') can be crossed by finding a wa"
b347829f,probe_a_mh,MiniHack-River-Narrow-v0,12,46,S,0.0,False,"A|belief={'layout': 'The goal is likely downstairs, but its location is unknown. Since mo | mech=I hypothesize that the water (represented by '}') can be crossed by finding a wa"
b347829f,probe_a_mh,MiniHack-River-Narrow-v0,12,47,S,0.0,False,"A|belief={'layout': 'The goal is likely downstairs, but its location is unknown. Since mo | mech=I hypothesize that the water (represented by '}') can be crossed by finding a wa"
b347829f,probe_a_mh,MiniHack-River-Narrow-v0,12,48,S,0.0,False,"A|belief={'layout': 'The goal is likely downstairs, but its location is unknown. Since mo | mech=I hypothesize that the water (represented by '}') can be crossed by finding a wa"
b347829f,probe_a_mh,MiniHack-River-Narrow-v0,12,49,S,0.0,False,"A|belief={'layout': 'The goal is likely downstairs, but its location is unknown. Since mo | mech=I hypothesize that the water (represented by '}') can be crossed by finding a wa"
b347829f,probe_a_mh,MiniHack-River-Narrow-v0,12,50,S,-0.01,False,"A|belief={'layout': 'The goal is likely downstairs, but its location is unknown. Since mo | mech=I hypothesize that the water (represented by '}') can be crossed by finding a wa"
b347829f,probe_a_mh,MiniHack-River-Narrow-v0,12,51,S,-0.01,False,"A|belief={'layout': 'The goal is likely downstairs, but its location is unknown. Since mo | mech=I hypothesize that the water (represented by '}') can be crossed by finding a wa"
b347829f,probe_a_mh,MiniHack-River-Narrow-v0,12,52,E,0.0,False,"A|belief={'layout': 'The goal is likely downstairs, but its location is unknown. Since mo | mech=I hypothesize that the water (represented by '}') can be crossed by finding a wa"
b347829f,probe_a_mh,MiniHack-River-Narrow-v0,12,53,E,0.0,False,"A|belief={'layout': 'The goal is likely downstairs, but its location is unknown. Since mo | mech=I hypothesize that the water (represented by '}') can be crossed by finding a wa"
b347829f,probe_a_mh,MiniHack-River-Narrow-v0,12,54,E,0.0,False,"A|belief={'layout': 'The goal is likely downstairs, but its location is unknown. Since mo | mech=I hypothesize that the water (represented by '}') can be crossed by finding a wa"
b347829f,probe_a_mh,MiniHack-River-Narrow-v0,12,55,E,0.0,False,"A|belief={'layout': 'The goal is likely downstairs, but its location is unknown. Since mo | mech=I hypothesize that the water (represented by '}') can be crossed by finding a wa"
b347829f,probe_a_mh,MiniHack-River-Narrow-v0,12,56,E,0.0,False,"A|belief={'layout': 'The goal is likely downstairs, but its location is unknown. Since mo | mech=I hypothesize that the water (represented by '}') can be crossed by finding a wa"
b347829f,probe_a_mh,MiniHack-River-Narrow-v0,12,57,E,0.0,False,"A|belief={'layout': 'The goal is likely downstairs, but its location is unknown. Since mo | mech=I hypothesize that the water (represented by '}') can be crossed by finding a wa"
b347829f,probe_a_mh,MiniHack-River-Narrow-v0,12,58,E,0.0,False,"A|belief={'layout': 'The goal is likely downstairs, but its location is unknown. Since mo | mech=I hypothesize that the water (represented by '}') can be crossed by finding a wa"
b347829f,probe_a_mh,MiniHack-River-Narrow-v0,12,59,E,0.0,False,"A|belief={'layout': 'The goal is likely downstairs, but its location is unknown. Since mo | mech=I hypothesize that the water (represented by '}') can be crossed by finding a wa"
b347829f,probe_a_mh,MiniHack-River-Narrow-v0,12,60,E,0.0,False,"A|belief={'layout': 'The goal is likely downstairs, but its location is unknown. Since mo | mech=I hypothesize that the water (represented by '}') can be crossed by finding a wa"
b347829f,probe_a_mh,MiniHack-River-Narrow-v0,12,61,E,0.0,False,"A|belief={'layout': 'The goal is likely downstairs, but its location is unknown. Since mo | mech=I hypothesize that the water (represented by '}') can be crossed by finding a wa"
b347829f,probe_a_mh,MiniHack-River-Narrow-v0,12,62,E,0.0,False,"A|belief={'layout': 'The goal is likely downstairs, but its location is unknown. Since mo | mech=I hypothesize that the water (represented by '}') can be crossed by finding a wa"
b347829f,probe_a_mh,MiniHack-River-Narrow-v0,12,63,E,0.0,False,"A|belief={'layout': 'The goal is likely downstairs, but its location is unknown. Since mo | mech=I hypothesize that the water (represented by '}') can be crossed by finding a wa"
b347829f,probe_a_mh,MiniHack-River-Narrow-v0,12,64,E,0.0,False,"A|belief={'layout': 'The goal is likely downstairs, but its location is unknown. Since mo | mech=I hypothesize that the water (represented by '}') can be crossed by finding a wa"
b347829f,probe_a_mh,MiniHack-River-Narrow-v0,12,65,E,0.0,False,"A|belief={'layout': 'The goal is likely downstairs, but its location is unknown. Since mo | mech=I hypothesize that the water (represented by '}') can be crossed by finding a wa"
b347829f,probe_a_mh,MiniHack-River-Narrow-v0,12,66,N,0.0,False,"A|belief={'layout': 'The goal is likely downstairs, but its location is unknown. Since mo | mech=I hypothesize that the water (represented by '}') can be crossed by finding a wa"
b347829f,probe_a_mh,MiniHack-River-Narrow-v0,12,67,N,0.0,False,"A|belief={'layout': 'The goal is likely downstairs, but its location is unknown. Since mo | mech=I hypothesize that the water (represented by '}') can be crossed by finding a wa"
b347829f,probe_a_mh,MiniHack-River-Narrow-v0,12,68,N,0.0,False,"A|belief={'layout': 'The goal is likely downstairs, but its location is unknown. Since mo | mech=I hypothesize that the water (represented by '}') can be crossed by finding a wa"
b347829f,probe_a_mh,MiniHack-River-Narrow-v0,12,69,N,-0.01,False,"A|belief={'layout': 'The goal is likely downstairs, but its location is unknown. Since mo | mech=I hypothesize that the water (represented by '}') can be crossed by finding a wa"
b347829f,probe_a_mh,MiniHack-River-Narrow-v0,12,70,W,0.0,False,"A|belief={'layout': 'The goal is likely downstairs, but its location is unknown. Since mo | mech=I hypothesize that the water (represented by '}') can be crossed by finding a wa"
b347829f,probe_a_mh,MiniHack-River-Narrow-v0,12,71,W,0.0,False,"A|belief={'layout': 'The goal is likely downstairs, but its location is unknown. Since mo | mech=I hypothesize that the water (represented by '}') can be crossed by finding a wa"
b347829f,probe_a_mh,MiniHack-River-Narrow-v0,12,72,W,0.0,False,"A|belief={'layout': 'The goal is likely downstairs, but its location is unknown. Since mo | mech=I hypothesize that the water (represented by '}') can be crossed by finding a wa"
b347829f,probe_a_mh,MiniHack-River-Narrow-v0,12,73,W,0.0,False,"A|belief={'layout': 'The goal is likely downstairs, but its location is unknown. Since mo | mech=I hypothesize that the water (represented by '}') can be crossed by finding a wa"
b347829f,probe_a_mh,MiniHack-River-Narrow-v0,12,74,W,0.0,False,"A|belief={'layout': 'The goal is likely downstairs, but its location is unknown. Since mo | mech=I hypothesize that the water (represented by '}') can be crossed by finding a wa"
b347829f,probe_a_mh,MiniHack-River-Narrow-v0,12,75,W,0.0,False,"A|belief={'layout': 'The goal is likely downstairs, but its location is unknown. Since mo | mech=I hypothesize that the water (represented by '}') can be crossed by finding a wa"
b347829f,probe_a_mh,MiniHack-River-Narrow-v0,12,76,W,0.0,False,"A|belief={'layout': 'The goal is likely downstairs, but its location is unknown. Since mo | mech=I hypothesize that the water (represented by '}') can be crossed by finding a wa"
b347829f,probe_a_mh,MiniHack-River-Narrow-v0,12,77,W,0.0,False,"A|belief={'layout': 'The goal is likely downstairs, but its location is unknown. Since mo | mech=I hypothesize that the water (represented by '}') can be crossed by finding a wa"
b347829f,probe_a_mh,MiniHack-River-Narrow-v0,12,78,W,0.0,False,"A|belief={'layout': 'The goal is likely downstairs, but its location is unknown. Since mo | mech=I hypothesize that the water (represented by '}') can be crossed by finding a wa"
b347829f,probe_a_mh,MiniHack-River-Narrow-v0,12,79,W,0.0,False,"A|belief={'layout': 'The goal is likely downstairs, but its location is unknown. Since mo | mech=I hypothesize that the water (represented by '}') can be crossed by finding a wa"
b347829f,probe_a_mh,MiniHack-River-Narrow-v0,12,80,W,0.0,False,"A|belief={'layout': 'The goal is likely downstairs, but its location is unknown. Since mo | mech=I hypothesize that the water (represented by '}') can be crossed by finding a wa"
b347829f,probe_a_mh,MiniHack-River-Narrow-v0,12,81,N,0.0,False,"A|belief={'layout': 'The goal is likely downstairs, but its location is unknown. Since mo | mech=I hypothesize that the water (represented by '}') can be crossed by finding a wa"
b347829f,probe_a_mh,MiniHack-River-Narrow-v0,12,82,N,0.0,False,"A|belief={'layout': 'The goal is likely downstairs, but its location is unknown. Since mo | mech=I hypothesize that the water (represented by '}') can be crossed by finding a wa"
b347829f,probe_a_mh,MiniHack-River-Narrow-v0,12,83,N,0.0,False,"A|belief={'layout': 'The goal is likely downstairs, but its location is unknown. Since mo | mech=I hypothesize that the water (represented by '}') can be crossed by finding a wa"
b347829f,probe_a_mh,MiniHack-River-Narrow-v0,12,84,N,-0.01,False,"A|belief={'layout': 'The goal is likely downstairs, but its location is unknown. Since mo | mech=I hypothesize that the water (represented by '}') can be crossed by finding a wa"
b347829f,probe_a_mh,MiniHack-River-Narrow-v0,12,85,N,-0.01,False,"A|belief={'layout': 'The goal is likely downstairs, but its location is unknown. Since mo | mech=I hypothesize that the water (represented by '}') can be crossed by finding a wa"
b347829f,probe_a_mh,MiniHack-River-Narrow-v0,12,86,W,0.0,False,"A|belief={'layout': 'The goal is likely downstairs, but its location is unknown. Since mo | mech=I hypothesize that the water (represented by '}') can be crossed by finding a wa"
b347829f,probe_a_mh,MiniHack-River-Narrow-v0,12,87,W,0.0,False,"A|belief={'layout': 'The goal is likely downstairs, but its location is unknown. Since mo | mech=I hypothesize that the water (represented by '}') can be crossed by finding a wa"
b347829f,probe_a_mh,MiniHack-River-Narrow-v0,12,88,W,0.0,False,"A|belief={'layout': 'The goal is likely downstairs, but its location is unknown. Since mo | mech=I hypothesize that the water (represented by '}') can be crossed by finding a wa"
b347829f,probe_a_mh,MiniHack-River-Narrow-v0,12,89,W,0.0,False,"A|belief={'layout': 'The goal is likely downstairs, but its location is unknown. Since mo | mech=I hypothesize that the water (represented by '}') can be crossed by finding a wa"
b347829f,probe_a_mh,MiniHack-River-Narrow-v0,12,90,W,0.0,False,"A|belief={'layout': 'The goal is likely downstairs, but its location is unknown. Since mo | mech=I hypothesize that the water (represented by '}') can be crossed by finding a wa"
b347829f,probe_a_mh,MiniHack-River-Narrow-v0,12,91,W,0.0,False,"A|belief={'layout': 'The goal is likely downstairs, but its location is unknown. Since mo | mech=I hypothesize that the water (represented by '}') can be crossed by finding a wa"
b347829f,probe_a_mh,MiniHack-River-Narrow-v0,12,92,W,-0.01,False,"A|belief={'layout': 'The goal is likely downstairs, but its location is unknown. Since mo | mech=I hypothesize that the water (represented by '}') can be crossed by finding a wa"
b347829f,probe_a_mh,MiniHack-River-Narrow-v0,12,93,E,0.0,False,"A|belief={'layout': 'The goal is likely downstairs, but its location is unknown. Since mo | mech=I hypothesize that the water (represented by '}') can be crossed by finding a wa"
b347829f,probe_a_mh,MiniHack-River-Narrow-v0,12,94,N,-0.01,False,"A|belief={'layout': 'The goal is likely downstairs, but its location is unknown. Since mo | mech=I hypothesize that the water (represented by '}') can be crossed by finding a wa"
b347829f,probe_a_mh,MiniHack-River-Narrow-v0,12,95,N,-0.01,False,"A|belief={'layout': 'The goal is likely downstairs, but its location is unknown. Since mo | mech=I hypothesize that the water (represented by '}') can be crossed by finding a wa"
b347829f,probe_a_mh,MiniHack-River-Narrow-v0,12,96,W,0.0,False,"A|belief={'layout': 'The goal is likely downstairs, but its location is unknown. Since mo | mech=I hypothesize that the water (represented by '}') can be crossed by finding a wa"
b347829f,probe_a_mh,MiniHack-River-Narrow-v0,12,97,W,-0.01,False,"A|belief={'layout': 'The goal is likely downstairs, but its location is unknown. Since mo | mech=I hypothesize that the water (represented by '}') can be crossed by finding a wa"
b347829f,probe_a_mh,MiniHack-River-Narrow-v0,12,98,E,0.0,False,"A|belief={'layout': 'The goal is likely downstairs, but its location is unknown. Since mo | mech=I hypothesize that the water (represented by '}') can be crossed by finding a wa"
b347829f,probe_a_mh,MiniHack-River-Narrow-v0,12,99,N,-0.01,False,"A|belief={'layout': 'The goal is likely downstairs, but its location is unknown. Since mo | mech=I hypothesize that the water (represented by '}') can be crossed by finding a wa"
b347829f,probe_a_mh,MiniHack-River-Narrow-v0,12,100,NW,-0.01,False,"A|belief={'layout': 'The goal is likely downstairs, but its location is unknown. Since mo | mech=I hypothesize that the water (represented by '}') can be crossed by finding a wa"
b347829f,probe_a_mh,MiniHack-River-Narrow-v0,12,101,SW,0.0,False,"A|belief={'layout': 'The goal is likely downstairs, but its location is unknown. Given th | mech=I hypothesize that the water (represented by '}') can be crossed by finding a wa"
b347829f,probe_a_mh,MiniHack-River-Narrow-v0,12,102,SW,-0.01,False,"A|belief={'layout': 'The goal is likely downstairs, but its location is unknown. Given th | mech=I hypothesize that the water (represented by '}') can be crossed by finding a wa"
b347829f,probe_a_mh,MiniHack-River-Narrow-v0,12,103,S,0.0,False,"A|belief={'layout': 'The goal is likely downstairs, but its location is unknown. Given th | mech=I hypothesize that the water (represented by '}') can be crossed by finding a wa"
b347829f,probe_a_mh,MiniHack-River-Narrow-v0,12,104,S,0.0,False,"A|belief={'layout': 'The goal is likely downstairs, but its location is unknown. Given th | mech=I hypothesize that the water (represented by '}') can be crossed by finding a wa"
b347829f,probe_a_mh,MiniHack-River-Narrow-v0,12,105,S,0.0,False,"A|belief={'layout': 'The goal is likely downstairs, but its location is unknown. Given th | mech=I hypothesize that the water (represented by '}') can be crossed by finding a wa"
b347829f,probe_a_mh,MiniHack-River-Narrow-v0,12,106,S,0.0,False,"A|belief={'layout': 'The goal is likely downstairs, but its location is unknown. Given th | mech=I hypothesize that the water (represented by '}') can be crossed by finding a wa"
b347829f,probe_a_mh,MiniHack-River-Narrow-v0,12,107,E,0.0,False,"A|belief={'layout': 'The goal is likely downstairs, but its location is unknown. Given th | mech=I hypothesize that the water (represented by '}') can be crossed by finding a wa"
b347829f,probe_a_mh,MiniHack-River-Narrow-v0,12,108,E,0.0,False,"A|belief={'layout': 'The goal is likely downstairs, but its location is unknown. Given th | mech=I hypothesize that the water (represented by '}') can be crossed by finding a wa"
b347829f,probe_a_mh,MiniHack-River-Narrow-v0,12,109,E,0.0,False,"A|belief={'layout': 'The goal is likely downstairs, but its location is unknown. Given th | mech=I hypothesize that the water (represented by '}') can be crossed by finding a wa"
b347829f,probe_a_mh,MiniHack-River-Narrow-v0,12,110,E,0.0,False,"A|belief={'layout': 'The goal is likely downstairs, but its location is unknown. Given th | mech=I hypothesize that the water (represented by '}') can be crossed by finding a wa"
b347829f,probe_a_mh,MiniHack-River-Narrow-v0,12,111,E,0.0,False,"A|belief={'layout': 'The goal is likely downstairs, but its location is unknown. Given th | mech=I hypothesize that the water (represented by '}') can be crossed by finding a wa"
b347829f,probe_a_mh,MiniHack-River-Narrow-v0,12,112,E,0.0,False,"A|belief={'layout': 'The goal is likely downstairs, but its location is unknown. Given th | mech=I hypothesize that the water (represented by '}') can be crossed by finding a wa"
b347829f,probe_a_mh,MiniHack-River-Narrow-v0,12,113,N,0.0,False,"A|belief={'layout': 'The goal is likely downstairs, but its location is unknown. Given th | mech=I hypothesize that the water (represented by '}') can be crossed by finding a wa"
b347829f,probe_a_mh,MiniHack-River-Narrow-v0,12,114,N,0.0,False,"A|belief={'layout': 'The goal is likely downstairs, but its location is unknown. Given th | mech=I hypothesize that the water (represented by '}') can be crossed by finding a wa"
b347829f,probe_a_mh,MiniHack-River-Narrow-v0,12,115,N,0.0,False,"A|belief={'layout': 'The goal is likely downstairs, but its location is unknown. Given th | mech=I hypothesize that the water (represented by '}') can be crossed by finding a wa"
b347829f,probe_a_mh,MiniHack-River-Narrow-v0,12,116,N,0.0,False,"A|belief={'layout': 'The goal is likely downstairs, but its location is unknown. Given th | mech=I hypothesize that the water (represented by '}') can be crossed by finding a wa"
b347829f,probe_a_mh,MiniHack-River-Narrow-v0,12,117,N,0.0,False,"A|belief={'layout': 'The goal is likely downstairs, but its location is unknown. Given th | mech=I hypothesize that the water (represented by '}') can be crossed by finding a wa"
b347829f,probe_a_mh,MiniHack-River-Narrow-v0,12,118,N,-0.01,False,"A|belief={'layout': 'The goal is likely downstairs, but its location is unknown. Given th | mech=I hypothesize that the water (represented by '}') can be crossed by finding a wa"
b347829f,probe_a_mh,MiniHack-River-Narrow-v0,12,119,E,0.0,False,"A|belief={'layout': 'The goal is likely downstairs, but its location is unknown. Given th | mech=I hypothesize that the water (represented by '}') can be crossed by finding a wa"
b347829f,probe_a_mh,MiniHack-River-Narrow-v0,13,0,E,0.0,False,"A|belief={'layout': 'The goal is unknown, but I will start by exploring the surroundings. | mech=unknown; I do not yet know how the obstacles here work, so I must discover it by"
b347829f,probe_a_mh,MiniHack-River-Narrow-v0,13,1,E,0.0,False,"A|belief={'layout': 'The goal is unknown, but I will start by exploring the surroundings. | mech=unknown; I do not yet know how the obstacles here work, so I must discover it by"
b347829f,probe_a_mh,MiniHack-River-Narrow-v0,13,2,E,0.0,False,"A|belief={'layout': 'The goal is unknown, but I will start by exploring the surroundings. | mech=unknown; I do not yet know how the obstacles here work, so I must discover it by"
b347829f,probe_a_mh,MiniHack-River-Narrow-v0,13,3,E,0.0,False,"A|belief={'layout': 'The goal is unknown, but I will start by exploring the surroundings. | mech=unknown; I do not yet know how the obstacles here work, so I must discover it by"
b347829f,probe_a_mh,MiniHack-River-Narrow-v0,13,4,E,0.0,False,"A|belief={'layout': 'The goal is unknown, but I will start by exploring the surroundings. | mech=unknown; I do not yet know how the obstacles here work, so I must discover it by"
b347829f,probe_a_mh,MiniHack-River-Narrow-v0,13,5,E,0.0,False,"A|belief={'layout': 'The goal is unknown, but I will start by exploring the surroundings. | mech=unknown; I do not yet know how the obstacles here work, so I must discover it by"
b347829f,probe_a_mh,MiniHack-River-Narrow-v0,13,6,S,0.0,False,"A|belief={'layout': 'The goal is still unknown, but I will continue exploring the surroun | mech=I have not yet interacted with any obstacles, so my theory remains that I must d"
b347829f,probe_a_mh,MiniHack-River-Narrow-v0,13,7,S,0.0,False,"A|belief={'layout': 'The goal is still unknown, but I will continue exploring the surroun | mech=I have not yet interacted with any obstacles, so my theory remains that I must d"
b347829f,probe_a_mh,MiniHack-River-Narrow-v0,13,8,S,0.0,False,"A|belief={'layout': 'The goal is still unknown, but I will continue exploring the surroun | mech=I have not yet interacted with any obstacles, so my theory remains that I must d"
b347829f,probe_a_mh,MiniHack-River-Narrow-v0,13,9,S,0.0,False,"A|belief={'layout': 'The goal is still unknown, but I will continue exploring the surroun | mech=I have not yet interacted with any obstacles, so my theory remains that I must d"
b347829f,probe_a_mh,MiniHack-River-Narrow-v0,13,10,S,0.0,False,"A|belief={'layout': 'The goal is still unknown, but I will continue exploring the surroun | mech=I have not yet interacted with any obstacles, so my theory remains that I must d"
b347829f,probe_a_mh,MiniHack-River-Narrow-v0,13,11,S,-0.01,False,"A|belief={'layout': 'The goal is still unknown, but I will continue exploring the surroun | mech=I have not yet interacted with any obstacles, so my theory remains that I must d"
b347829f,probe_a_mh,MiniHack-River-Narrow-v0,13,12,E,0.0,False,"A|belief={'layout': 'The goal is still unknown, but I will continue exploring the surroun | mech=I have not yet interacted with any obstacles, so my theory remains that I must d"
b347829f,probe_a_mh,MiniHack-River-Narrow-v0,13,13,E,0.0,False,"A|belief={'layout': 'The goal is still unknown, but I will continue exploring the surroun | mech=I have not yet interacted with any obstacles, so my theory remains that I must d"
b347829f,probe_a_mh,MiniHack-River-Narrow-v0,13,14,E,0.0,False,"A|belief={'layout': 'The goal is still unknown, but I will continue exploring the surroun | mech=I have not yet interacted with any obstacles, so my theory remains that I must d"
b347829f,probe_a_mh,MiniHack-River-Narrow-v0,13,15,E,0.0,False,"A|belief={'layout': 'The goal is still unknown, but I will continue exploring the surroun | mech=I have not yet interacted with any obstacles, so my theory remains that I must d"
b347829f,probe_a_mh,MiniHack-River-Narrow-v0,13,16,E,0.0,False,"A|belief={'layout': 'The goal is still unknown, but I will continue exploring the surroun | mech=I have not yet interacted with any obstacles, so my theory remains that I must d"
b347829f,probe_a_mh,MiniHack-River-Narrow-v0,13,17,E,0.0,False,"A|belief={'layout': 'The goal is still unknown, but I will continue exploring the surroun | mech=I have not yet interacted with any obstacles, so my theory remains that I must d"
b347829f,probe_a_mh,MiniHack-River-Narrow-v0,13,18,E,0.0,False,"A|belief={'layout': 'The goal is still unknown, but I will continue exploring the surroun | mech=I have not yet interacted with any obstacles, so my theory remains that I must d"
b347829f,probe_a_mh,MiniHack-River-Narrow-v0,13,19,E,0.0,False,"A|belief={'layout': 'The goal is still unknown, but I will continue exploring the surroun | mech=I have not yet interacted with any obstacles, so my theory remains that I must d"
b347829f,probe_a_mh,MiniHack-River-Narrow-v0,13,20,E,0.0,False,"A|belief={'layout': 'The goal is still unknown, but I will continue exploring the surroun | mech=I have not yet interacted with any obstacles, so my theory remains that I must d"
b347829f,probe_a_mh,MiniHack-River-Narrow-v0,13,21,S,-0.01,False,"A|belief={'layout': 'The goal is still unknown, but I will continue exploring the surroun | mech=I have not yet interacted with any obstacles, so my theory remains that I must d"
b347829f,probe_a_mh,MiniHack-River-Narrow-v0,13,22,S,-0.01,False,"A|belief={'layout': 'The goal is still unknown, but I will continue exploring the surroun | mech=I have not yet interacted with any obstacles, so my theory remains that I must d"
b347829f,probe_a_mh,MiniHack-River-Narrow-v0,13,23,N,0.0,False,"A|belief={'layout': 'The goal is still unknown, but I will continue exploring the surroun | mech=I have not yet interacted with any obstacles, so my theory remains that I must d"
b347829f,probe_a_mh,MiniHack-River-Narrow-v0,13,24,N,0.0,False,"A|belief={'layout': 'The goal is still unknown, but I will continue exploring the surroun | mech=I have not yet interacted with any obstacles, so my theory remains that I must d"
b347829f,probe_a_mh,MiniHack-River-Narrow-v0,13,25,N,0.0,False,"A|belief={'layout': 'The goal is still unknown, but I will continue exploring the surroun | mech=I have not yet interacted with any obstacles, so my theory remains that I must d"
b347829f,probe_a_mh,MiniHack-River-Narrow-v0,13,26,N,0.0,False,"A|belief={'layout': 'The goal is still unknown, but I will continue exploring the surroun | mech=I have not yet interacted with any obstacles, so my theory remains that I must d"
b347829f,probe_a_mh,MiniHack-River-Narrow-v0,13,27,N,0.0,False,"A|belief={'layout': 'The goal is still unknown, but I will continue exploring the surroun | mech=I have not yet interacted with any obstacles, so my theory remains that I must d"
b347829f,probe_a_mh,MiniHack-River-Narrow-v0,13,28,N,-0.01,False,"A|belief={'layout': 'The goal is still unknown, but I will continue exploring the surroun | mech=I have not yet interacted with any obstacles, so my theory remains that I must d"
b347829f,probe_a_mh,MiniHack-River-Narrow-v0,13,29,N,-0.01,False,"A|belief={'layout': 'The goal is still unknown, but I will continue exploring the surroun | mech=I have tried moving a boulder and it didn't work, so my theory is that some obje"
b347829f,probe_a_mh,MiniHack-River-Narrow-v0,13,30,W,0.0,False,"A|belief={'layout': 'The goal is still unknown, but I will continue exploring the surroun | mech=I have tried moving a boulder and it didn't work, so my theory is that some obje"
b347829f,probe_a_mh,MiniHack-River-Narrow-v0,13,31,W,0.0,False,"A|belief={'layout': 'The goal is still unknown, but I will continue exploring the surroun | mech=I have tried moving a boulder and it didn't work, so my theory is that some obje"
b347829f,probe_a_mh,MiniHack-River-Narrow-v0,13,32,W,0.0,False,"A|belief={'layout': 'The goal is still unknown, but I will continue exploring the surroun | mech=I have tried moving a boulder and it didn't work, so my theory is that some obje"
b347829f,probe_a_mh,MiniHack-River-Narrow-v0,13,33,W,0.0,False,"A|belief={'layout': 'The goal is still unknown, but I will continue exploring the surroun | mech=I have tried moving a boulder and it didn't work, so my theory is that some obje"
b347829f,probe_a_mh,MiniHack-River-Narrow-v0,13,34,W,0.0,False,"A|belief={'layout': 'The goal is still unknown, but I will continue exploring the surroun | mech=I have tried moving a boulder and it didn't work, so my theory is that some obje"
b347829f,probe_a_mh,MiniHack-River-Narrow-v0,13,35,W,0.0,False,"A|belief={'layout': 'The goal is still unknown, but I will continue exploring the surroun | mech=I have tried moving a boulder and it didn't work, so my theory is that some obje"
b347829f,probe_a_mh,MiniHack-River-Narrow-v0,13,36,W,0.0,False,"A|belief={'layout': 'The goal is still unknown, but I will continue exploring the surroun | mech=I have tried moving a boulder and it didn't work, so my theory is that some obje"
b347829f,probe_a_mh,MiniHack-River-Narrow-v0,13,37,W,0.0,False,"A|belief={'layout': 'The goal is still unknown, but I will continue exploring the surroun | mech=I have tried moving a boulder and it didn't work, so my theory is that some obje"
b347829f,probe_a_mh,MiniHack-River-Narrow-v0,13,38,W,0.0,False,"A|belief={'layout': 'The goal is still unknown, but I will continue exploring the surroun | mech=I have tried moving a boulder and it didn't work, so my theory is that some obje"
b347829f,probe_a_mh,MiniHack-River-Narrow-v0,13,39,W,0.0,False,"A|belief={'layout': 'The goal is still unknown, but I will continue exploring the surroun | mech=I have tried moving a boulder and it didn't work, so my theory is that some obje"
b347829f,probe_a_mh,MiniHack-River-Narrow-v0,13,40,W,0.0,False,"A|belief={'layout': 'The goal is still unknown, but I will continue exploring the surroun | mech=I have tried moving a boulder and it didn't work, so my theory is that some obje"
b347829f,probe_a_mh,MiniHack-River-Narrow-v0,13,41,W,0.0,False,"A|belief={'layout': 'The goal is still unknown, but I will continue exploring the surroun | mech=I have tried moving a boulder and it didn't work, so my theory is that some obje"
b347829f,probe_a_mh,MiniHack-River-Narrow-v0,13,42,W,0.0,False,"A|belief={'layout': 'The goal is still unknown, but I will continue exploring the surroun | mech=I have tried moving a boulder and it didn't work, so my theory is that some obje"
b347829f,probe_a_mh,MiniHack-River-Narrow-v0,13,43,W,0.0,False,"A|belief={'layout': 'The goal is still unknown, but I will continue exploring the surroun | mech=I have tried moving a boulder and it didn't work, so my theory is that some obje"
b347829f,probe_a_mh,MiniHack-River-Narrow-v0,13,44,W,0.0,False,"A|belief={'layout': 'The goal is still unknown, but I will continue exploring the surroun | mech=I have tried moving a boulder and it didn't work, so my theory is that some obje"
b347829f,probe_a_mh,MiniHack-River-Narrow-v0,13,45,W,0.0,False,"A|belief={'layout': 'The goal is still unknown, but I will continue exploring the surroun | mech=I have tried moving a boulder and it didn't work, so my theory is that some obje"
b347829f,probe_a_mh,MiniHack-River-Narrow-v0,13,46,W,-0.01,False,"A|belief={'layout': 'The goal is still unknown, but I will continue exploring the surroun | mech=I have tried moving a boulder and it didn't work, so my theory is that some obje"
b347829f,probe_a_mh,MiniHack-River-Narrow-v0,13,47,W,-0.01,False,"A|belief={'layout': 'The goal is still unknown, but I will continue exploring the surroun | mech=I have tried moving a boulder and it didn't work, so my theory is that some obje"
b347829f,probe_a_mh,MiniHack-River-Narrow-v0,13,48,NW,0.0,False,"A|belief={'layout': 'The goal is still unknown, but I will continue exploring the surroun | mech=I have tried moving a boulder and it didn't work, so my theory is that some obje"
b347829f,probe_a_mh,MiniHack-River-Narrow-v0,13,49,NW,-0.01,False,"A|belief={'layout': 'The goal is still unknown, but I will continue exploring the surroun | mech=I have tried moving a boulder and it didn't work, so my theory is that some obje"
b347829f,probe_a_mh,MiniHack-River-Narrow-v0,13,50,NW,-0.01,False,"A|belief={'layout': 'The goal is still unknown, but I will continue exploring the surroun | mech=I have tried moving a boulder and it didn't work, so my theory is that some obje"
b347829f,probe_a_mh,MiniHack-River-Narrow-v0,13,51,N,-0.01,False,"A|belief={'layout': 'The goal is still unknown, but I will continue exploring the surroun | mech=I have tried moving a boulder and it didn't work, so my theory is that some obje"
b347829f,probe_a_mh,MiniHack-River-Narrow-v0,13,52,NE,-0.01,False,"A|belief={'layout': 'The goal is still unknown, but I will continue exploring the surroun | mech=I have tried moving in several directions and it seems that some paths are block"
b347829f,probe_a_mh,MiniHack-River-Narrow-v0,13,53,SE,0.0,False,"A|belief={'layout': 'The goal is still unknown, but I will continue exploring the surroun | mech=I have tried moving in several directions and it seems that some paths are block"
b347829f,probe_a_mh,MiniHack-River-Narrow-v0,13,54,SE,0.0,False,"A|belief={'layout': 'The goal is still unknown, but I will continue exploring the surroun | mech=I have tried moving in several directions and it seems that some paths are block"
b347829f,probe_a_mh,MiniHack-River-Narrow-v0,13,55,SE,0.0,False,"A|belief={'layout': 'The goal is still unknown, but I will continue exploring the surroun | mech=I have tried moving in several directions and it seems that some paths are block"
b347829f,probe_a_mh,MiniHack-River-Narrow-v0,13,56,SE,0.0,False,"A|belief={'layout': 'The goal is still unknown, but I will continue exploring the surroun | mech=I have tried moving in several directions and it seems that some paths are block"
b347829f,probe_a_mh,MiniHack-River-Narrow-v0,13,57,SE,0.0,False,"A|belief={'layout': 'The goal is still unknown, but I will continue exploring the surroun | mech=I have tried moving in several directions and it seems that some paths are block"
b347829f,probe_a_mh,MiniHack-River-Narrow-v0,13,58,SE,0.0,False,"A|belief={'layout': 'The goal is still unknown, but I will continue exploring the surroun | mech=I have tried moving in several directions and it seems that some paths are block"
b347829f,probe_a_mh,MiniHack-River-Narrow-v0,13,59,SE,-0.01,False,"A|belief={'layout': 'The goal is still unknown, but I will continue exploring the surroun | mech=I have tried moving in several directions and it seems that some paths are block"
b347829f,probe_a_mh,MiniHack-River-Narrow-v0,13,60,SE,-0.01,False,"A|belief={'layout': 'The goal is still unknown, but I will continue exploring the surroun | mech=I have tried moving in several directions and it seems that some paths are block"
b347829f,probe_a_mh,MiniHack-River-Narrow-v0,13,61,N,0.0,False,"A|belief={'layout': 'The goal is still unknown, but I will try moving in a different dire | mech=I have tried moving in several directions and it seems that some paths are block"
b347829f,probe_a_mh,MiniHack-River-Narrow-v0,13,62,N,0.0,False,"A|belief={'layout': 'The goal is still unknown, but I will try moving in a different dire | mech=I have tried moving in several directions and it seems that some paths are block"
b347829f,probe_a_mh,MiniHack-River-Narrow-v0,13,63,N,0.0,False,"A|belief={'layout': 'The goal is still unknown, but I will try moving in a different dire | mech=I have tried moving in several directions and it seems that some paths are block"
b347829f,probe_a_mh,MiniHack-River-Narrow-v0,13,64,N,0.0,False,"A|belief={'layout': 'The goal is still unknown, but I will try moving in a different dire | mech=I have tried moving in several directions and it seems that some paths are block"
b347829f,probe_a_mh,MiniHack-River-Narrow-v0,13,65,N,0.0,False,"A|belief={'layout': 'The goal is still unknown, but I will try moving in a different dire | mech=I have tried moving in several directions and it seems that some paths are block"
b347829f,probe_a_mh,MiniHack-River-Narrow-v0,13,66,N,0.0,False,"A|belief={'layout': 'The goal is still unknown, but I will try moving in a different dire | mech=I have tried moving in several directions and it seems that some paths are block"
b347829f,probe_a_mh,MiniHack-River-Narrow-v0,13,67,N,-0.01,False,"A|belief={'layout': 'The goal is still unknown, but I will try moving in a different dire | mech=I have tried moving in several directions and it seems that some paths are block"
b347829f,probe_a_mh,MiniHack-River-Narrow-v0,13,68,N,-0.01,False,"A|belief={'layout': 'The goal is still unknown, but I will try moving in a different dire | mech=I have tried moving in several directions and it seems that some paths are block"
b347829f,probe_a_mh,MiniHack-River-Narrow-v0,13,69,E,0.0,False,"A|belief={'layout': 'The goal is still unknown, but I will try moving in a different dire | mech=I have tried moving in several directions and it seems that some paths are block"
b347829f,probe_a_mh,MiniHack-River-Narrow-v0,13,70,E,0.0,False,"A|belief={'layout': 'The goal is still unknown, but I will try moving in a different dire | mech=I have tried moving in several directions and it seems that some paths are block"
b347829f,probe_a_mh,MiniHack-River-Narrow-v0,13,71,E,0.0,False,"A|belief={'layout': 'The goal is still unknown, but I will try moving in a different dire | mech=I have tried moving in several directions and it seems that some paths are block"
b347829f,probe_a_mh,MiniHack-River-Narrow-v0,13,72,E,0.0,False,"A|belief={'layout': 'The goal is still unknown, but I will try moving in a different dire | mech=I have tried moving in several directions and it seems that some paths are block"
b347829f,probe_a_mh,MiniHack-River-Narrow-v0,13,73,E,0.0,False,"A|belief={'layout': 'The goal is still unknown, but I will try moving in a different dire | mech=I have tried moving in several directions and it seems that some paths are block"
b347829f,probe_a_mh,MiniHack-River-Narrow-v0,13,74,E,0.0,False,"A|belief={'layout': 'The goal is still unknown, but I will try moving in a different dire | mech=I have tried moving in several directions and it seems that some paths are block"
b347829f,probe_a_mh,MiniHack-River-Narrow-v0,13,75,E,0.0,False,"A|belief={'layout': 'The goal is still unknown, but I will try moving in a different dire | mech=I have tried moving in several directions and it seems that some paths are block"
b347829f,probe_a_mh,MiniHack-River-Narrow-v0,13,76,E,0.0,False,"A|belief={'layout': 'The goal is still unknown, but I will try moving in a different dire | mech=I have tried moving in several directions and it seems that some paths are block"
b347829f,probe_a_mh,MiniHack-River-Narrow-v0,13,77,E,0.0,False,"A|belief={'layout': 'The goal is still unknown, but I will try moving in a different dire | mech=I have tried moving in several directions and it seems that some paths are block"
b347829f,probe_a_mh,MiniHack-River-Narrow-v0,13,78,E,0.0,False,"A|belief={'layout': 'The goal is still unknown, but I will try moving in a different dire | mech=I have tried moving in several directions and it seems that some paths are block"
b347829f,probe_a_mh,MiniHack-River-Narrow-v0,13,79,E,0.0,False,"A|belief={'layout': 'The goal is still unknown, but I will try moving in a different dire | mech=I have tried moving in several directions and it seems that some paths are block"
b347829f,probe_a_mh,MiniHack-River-Narrow-v0,13,80,E,0.0,False,"A|belief={'layout': 'The goal is still unknown, but I will try moving in a different dire | mech=I have tried moving in several directions and it seems that some paths are block"
b347829f,probe_a_mh,MiniHack-River-Narrow-v0,13,81,E,0.0,False,"A|belief={'layout': 'The goal is still unknown, but I will try moving in a different dire | mech=I have tried moving in several directions and it seems that some paths are block"
b347829f,probe_a_mh,MiniHack-River-Narrow-v0,13,82,E,0.0,False,"A|belief={'layout': 'The goal is still unknown, but I will try moving in a different dire | mech=I have tried moving in several directions and it seems that some paths are block"
b347829f,probe_a_mh,MiniHack-River-Narrow-v0,13,83,E,0.0,False,"A|belief={'layout': 'The goal is still unknown, but I will try moving in a different dire | mech=I have tried moving in several directions and it seems that some paths are block"
b347829f,probe_a_mh,MiniHack-River-Narrow-v0,13,84,E,0.0,False,"A|belief={'layout': 'The goal is still unknown, but I will try moving in a different dire | mech=I have tried moving in several directions and it seems that some paths are block"
b347829f,probe_a_mh,MiniHack-River-Narrow-v0,13,85,E,0.0,False,"A|belief={'layout': 'The goal is still unknown, but I will try moving in a different dire | mech=I have tried moving in several directions and it seems that some paths are block"
b347829f,probe_a_mh,MiniHack-River-Narrow-v0,13,86,E,-0.01,False,"A|belief={'layout': 'The goal is still unknown, but I will try moving in a different dire | mech=I have tried moving in several directions and it seems that some paths are block"
b347829f,probe_a_mh,MiniHack-River-Narrow-v0,13,87,S,0.0,False,"A|belief={'layout': 'The goal is still unknown, but I will try moving in a different dire | mech=I have tried moving in several directions and it seems that some paths are block"
b347829f,probe_a_mh,MiniHack-River-Narrow-v0,13,88,S,1.0,True,"A|belief={'layout': 'The goal is still unknown, but I will try moving in a different dire | mech=I have tried moving in several directions and it seems that some paths are block"
b347829f,probe_a_mh,MiniHack-River-Narrow-v0,14,0,S,0.0,False,"A|belief=The staircase up is likely not the goal, but rather a way back to previous level | mech=I have not yet interacted with any obstacles, but I see a boulder and lava/water"
b347829f,probe_a_mh,MiniHack-River-Narrow-v0,14,1,S,-0.01,False,"A|belief=The goal is likely downstairs, which is not visible on this map. My next move wi | mech=I have not yet interacted with any obstacles, but I see a boulder and lava/water"
b347829f,probe_a_mh,MiniHack-River-Narrow-v0,14,2,E,0.0,False,"A|belief=The goal is likely downstairs, which is not visible on this map. My next move wi | mech=I have not yet interacted with any obstacles, but I see lava/water. I do not kno"
b347829f,probe_a_mh,MiniHack-River-Narrow-v0,14,3,E,0.0,False,"A|belief=The goal is likely downstairs, which is not visible on this map. My next move wi | mech=I have not yet interacted with any obstacles, but I see lava/water. I do not kno"
b347829f,probe_a_mh,MiniHack-River-Narrow-v0,14,4,E,0.0,False,"A|belief=The goal is likely downstairs, which is not visible on this map. My next move wi | mech=I have not yet interacted with any obstacles, but I see lava/water. I do not kno"
b347829f,probe_a_mh,MiniHack-River-Narrow-v0,14,5,E,0.0,False,"A|belief=The goal is likely downstairs, which is not visible on this map. My next move wi | mech=I have not yet interacted with any obstacles, but I see lava/water. I do not kno"
b347829f,probe_a_mh,MiniHack-River-Narrow-v0,14,6,E,0.0,False,"A|belief=The goal is likely downstairs, which is not visible on this map. My next move wi | mech=I have not yet interacted with any obstacles, but I see lava/water. I do not kno"
b347829f,probe_a_mh,MiniHack-River-Narrow-v0,14,7,S,-0.01,False,"A|belief=The goal is likely downstairs, which is not visible on this map. My next move wi | mech=I have not yet interacted with any obstacles, but I see lava/water. I do not kno"
b347829f,probe_a_mh,MiniHack-River-Narrow-v0,14,8,S,-0.01,False,"A|belief=The goal is likely downstairs, which is not visible on this map. My next move wi | mech=I have not yet interacted with any obstacles, but I see lava/water. I do not kno"
b347829f,probe_a_mh,MiniHack-River-Narrow-v0,14,9,W,0.0,False,"A|belief=The goal is likely downstairs, which is not visible on this map. My next move wi | mech=I believe the wall to the east is impassable and the wall to the south is also i"
b347829f,probe_a_mh,MiniHack-River-Narrow-v0,14,10,N,0.0,False,"A|belief=The goal is likely downstairs, which is not visible on this map. My next move wi | mech=I believe the wall to the east is impassable and the wall to the south is also i"
b347829f,probe_a_mh,MiniHack-River-Narrow-v0,14,11,N,0.0,False,"A|belief=The goal is likely downstairs, which is not visible on this map. My next move wi | mech=I believe the wall to the east is impassable and the wall to the south is also i"
b347829f,probe_a_mh,MiniHack-River-Narrow-v0,14,12,N,0.0,False,"A|belief=The goal is likely downstairs, which is not visible on this map. My next move wi | mech=I believe the wall to the east is impassable and the wall to the south is also i"
b347829f,probe_a_mh,MiniHack-River-Narrow-v0,14,13,N,0.0,False,"A|belief=The goal is likely downstairs, which is not visible on this map. My next move wi | mech=I believe the wall to the east is impassable and the wall to the south is also i"
b347829f,probe_a_mh,MiniHack-River-Narrow-v0,14,14,N,0.0,False,"A|belief=The goal is likely downstairs, which is not visible on this map. My next move wi | mech=I believe the wall to the east is impassable and the wall to the south is also i"
b347829f,probe_a_mh,MiniHack-River-Narrow-v0,14,15,N,0.0,False,"A|belief=The goal is likely downstairs, which is not visible on this map. My next move wi | mech=I believe the wall to the east is impassable and the wall to the south is also i"
b347829f,probe_a_mh,MiniHack-River-Narrow-v0,14,16,E,0.0,False,"A|belief=The goal is likely downstairs, which is not visible on this map. My next move wi | mech=I believe the wall to the south is impassable since my last move south resulted "
b347829f,probe_a_mh,MiniHack-River-Narrow-v0,14,17,E,0.0,False,"A|belief=The goal is likely downstairs, which is not visible on this map. My next move wi | mech=I believe the wall to the south is impassable since my last move south resulted "
b347829f,probe_a_mh,MiniHack-River-Narrow-v0,14,18,E,0.0,False,"A|belief=The goal is likely downstairs, which is not visible on this map. My next move wi | mech=I believe the wall to the south is impassable since my last move south resulted "
b347829f,probe_a_mh,MiniHack-River-Narrow-v0,14,19,E,0.0,False,"A|belief=The goal is likely downstairs, which is not visible on this map. My next move wi | mech=I believe the wall to the south is impassable since my last move south resulted "
b347829f,probe_a_mh,MiniHack-River-Narrow-v0,14,20,E,0.0,False,"A|belief=The goal is likely downstairs, which is not visible on this map. My next move wi | mech=I believe the wall to the south is impassable since my last move south resulted "
b347829f,probe_a_mh,MiniHack-River-Narrow-v0,14,21,E,0.0,False,"A|belief=The goal is likely downstairs, which is not visible on this map. My next move wi | mech=I believe the wall to the south is impassable since my last move south resulted "
b347829f,probe_a_mh,MiniHack-River-Narrow-v0,14,22,E,0.0,False,"A|belief=The goal is likely downstairs, which is not visible on this map. My next move wi | mech=I believe the wall to the south is impassable since my last move south resulted "
b347829f,probe_a_mh,MiniHack-River-Narrow-v0,14,23,E,0.0,False,"A|belief=The goal is likely downstairs, which is not visible on this map. My next move wi | mech=I believe the wall to the south is impassable since my last move south resulted "
b347829f,probe_a_mh,MiniHack-River-Narrow-v0,14,24,E,0.0,False,"A|belief=The goal is likely downstairs, which is not visible on this map. My next move wi | mech=I believe the wall to the south is impassable since my last move south resulted "
b347829f,probe_a_mh,MiniHack-River-Narrow-v0,14,25,E,0.0,False,"A|belief=The goal is likely downstairs, which is not visible on this map. My next move wi | mech=I believe the wall to the south is impassable since my last move south resulted "
b347829f,probe_a_mh,MiniHack-River-Narrow-v0,14,26,N,0.0,False,"A|belief=The goal is likely downstairs, which is not visible on this map. My next move wi | mech=I believe the wall to the south is impassable and the east direction is also imp"
b347829f,probe_a_mh,MiniHack-River-Narrow-v0,14,27,N,-0.01,False,"A|belief=The goal is likely downstairs, which is not visible on this map. My next move wi | mech=I believe the wall to the south is impassable and the east direction is also imp"
b347829f,probe_a_mh,MiniHack-River-Narrow-v0,14,28,N,-0.01,False,"A|belief=The goal is likely downstairs, which is not visible on this map. My next move wi | mech=I believe the wall to the east is impassable from this spot. I will try to avoid"
b347829f,probe_a_mh,MiniHack-River-Narrow-v0,14,29,W,0.0,False,"A|belief=The goal is likely downstairs, which is not visible on this map. My next move wi | mech=I believe the walls to the east and north are impassable from this spot. I will "
b347829f,probe_a_mh,MiniHack-River-Narrow-v0,14,30,W,0.0,False,"A|belief=The goal is likely downstairs, which is not visible on this map. My next move wi | mech=I believe the walls to the east and north are impassable from this spot. I will "
b347829f,probe_a_mh,MiniHack-River-Narrow-v0,14,31,W,0.0,False,"A|belief=The goal is likely downstairs, which is not visible on this map. My next move wi | mech=I believe the walls to the east and north are impassable from this spot. I will "
b347829f,probe_a_mh,MiniHack-River-Narrow-v0,14,32,W,0.0,False,"A|belief=The goal is likely downstairs, which is not visible on this map. My next move wi | mech=I believe the walls to the east and north are impassable from this spot. I will "
b347829f,probe_a_mh,MiniHack-River-Narrow-v0,14,33,W,0.0,False,"A|belief=The goal is likely downstairs, which is not visible on this map. My next move wi | mech=I believe the walls to the east and north are impassable from this spot. I will "
b347829f,probe_a_mh,MiniHack-River-Narrow-v0,14,34,W,0.0,False,"A|belief=The goal is likely downstairs, which is not visible on this map. My next move wi | mech=I believe the walls to the east and north are impassable from this spot. I will "
b347829f,probe_a_mh,MiniHack-River-Narrow-v0,14,35,W,0.0,False,"A|belief=The goal is likely downstairs, which is not visible on this map. My next move wi | mech=I believe the walls to the east and north are impassable from this spot. I will "
b347829f,probe_a_mh,MiniHack-River-Narrow-v0,14,36,W,0.0,False,"A|belief=The goal is likely downstairs, which is not visible on this map. My next move wi | mech=I believe the walls to the east and north are impassable from this spot. I will "
b347829f,probe_a_mh,MiniHack-River-Narrow-v0,14,37,W,0.0,False,"A|belief=The goal is likely downstairs, which is not visible on this map. My next move wi | mech=I believe the walls to the east and north are impassable from this spot. I will "
b347829f,probe_a_mh,MiniHack-River-Narrow-v0,14,38,W,0.0,False,"A|belief=The goal is likely downstairs, which is not visible on this map. My next move wi | mech=I believe the walls to the east and north are impassable from this spot. I will "
b347829f,probe_a_mh,MiniHack-River-Narrow-v0,14,39,W,0.0,False,"A|belief=The goal is likely downstairs, which is not visible on this map. My next move wi | mech=I believe the walls to the east and north are impassable from this spot. I will "
b347829f,probe_a_mh,MiniHack-River-Narrow-v0,14,40,W,0.0,False,"A|belief=The goal is likely downstairs, which is not visible on this map. My next move wi | mech=I believe the walls to the east and north are impassable from this spot. I will "
b347829f,probe_a_mh,MiniHack-River-Narrow-v0,14,41,W,0.0,False,"A|belief=The goal is likely downstairs, which is not visible on this map. My next move wi | mech=I believe the walls to the east and north are impassable from this spot. I will "
b347829f,probe_a_mh,MiniHack-River-Narrow-v0,14,42,W,0.0,False,"A|belief=The goal is likely downstairs, which is not visible on this map. My next move wi | mech=I believe the walls to the east and north are impassable from this spot. I will "
b347829f,probe_a_mh,MiniHack-River-Narrow-v0,14,43,W,0.0,False,"A|belief=The goal is likely downstairs, which is not visible on this map. My next move wi | mech=I believe the walls to the east and north are impassable from this spot. I will "
b347829f,probe_a_mh,MiniHack-River-Narrow-v0,14,44,W,0.0,False,"A|belief=The goal is likely downstairs, which is not visible on this map. My next move wi | mech=I believe the walls to the east and north are impassable from this spot. I will "
b347829f,probe_a_mh,MiniHack-River-Narrow-v0,14,45,W,0.0,False,"A|belief=The goal is likely downstairs, which is not visible on this map. My next move wi | mech=I believe the walls to the east and north are impassable from this spot. I will "
b347829f,probe_a_mh,MiniHack-River-Narrow-v0,14,46,W,-0.01,False,"A|belief=The goal is likely downstairs, which is not visible on this map. My next move wi | mech=I believe the walls to the east and north are impassable from this spot. I will "
b347829f,probe_a_mh,MiniHack-River-Narrow-v0,14,47,S,0.0,False,"A|belief=The goal is likely downstairs, which is not visible on this map. My next move wi | mech=I believe the walls to the east and north are impassable from this spot. I will "
b347829f,probe_a_mh,MiniHack-River-Narrow-v0,14,48,S,0.0,False,"A|belief=The goal is likely downstairs, which is not visible on this map. My next move wi | mech=I believe the walls to the east and north are impassable from this spot. I will "
b347829f,probe_a_mh,MiniHack-River-Narrow-v0,14,49,S,0.0,False,"A|belief=The goal is likely downstairs, which is not visible on this map. My next move wi | mech=I believe the walls to the east and north are impassable from this spot. I will "
b347829f,probe_a_mh,MiniHack-River-Narrow-v0,14,50,S,0.0,False,"A|belief=The goal is likely downstairs, which is not visible on this map. My next move wi | mech=I believe the walls to the east and north are impassable from this spot. I will "
b347829f,probe_a_mh,MiniHack-River-Narrow-v0,14,51,S,0.0,False,"A|belief=The goal is likely downstairs, which is not visible on this map. My next move wi | mech=I believe the walls to the east and north are impassable from this spot. I will "
b347829f,probe_a_mh,MiniHack-River-Narrow-v0,14,52,S,0.0,False,"A|belief=The goal is likely downstairs, which is not visible on this map. My next move wi | mech=I believe the walls to the east and north are impassable from this spot. I will "
b347829f,probe_a_mh,MiniHack-River-Narrow-v0,14,53,S,-0.01,False,"A|belief=The goal is likely downstairs, which is not visible on this map. My next move wi | mech=I believe the walls to the east and north are impassable from this spot. I will "
b347829f,probe_a_mh,MiniHack-River-Narrow-v0,14,54,S,-0.01,False,"A|belief=The goal is likely downstairs, which is not visible on this map. My next move wi | mech=I believe the walls to the east and north are impassable from this spot. I will "
b347829f,probe_a_mh,MiniHack-River-Narrow-v0,14,55,W,-0.01,False,"A|belief=The goal is likely downstairs, which is not visible on this map. My next move wi | mech=I believe the walls to the east, north, and south are impassable from this spot."
b347829f,probe_a_mh,MiniHack-River-Narrow-v0,14,56,NW,-0.01,False,"A|belief=The goal is likely downstairs, which is not visible on this map. My next move wi | mech=I believe the walls to the east, north, south, and west are impassable from this"
b347829f,probe_a_mh,MiniHack-River-Narrow-v0,14,57,NE,0.0,False,"A|belief=The goal is likely downstairs, which is not visible on this map. Since moving ea | mech=I believe the walls to the east, north, south, and west are impassable from this"
b347829f,probe_a_mh,MiniHack-River-Narrow-v0,14,58,NE,0.0,False,"A|belief=The goal is likely downstairs, which is not visible on this map. Since moving ea | mech=I believe the walls to the east, north, south, and west are impassable from this"
b347829f,probe_a_mh,MiniHack-River-Narrow-v0,14,59,NE,0.0,False,"A|belief=The goal is likely downstairs, which is not visible on this map. My next move wi | mech=I believe the walls to the east, north, south, and west are impassable from this"
b347829f,probe_a_mh,MiniHack-River-Narrow-v0,14,60,NE,0.0,False,"A|belief=The goal is likely downstairs, which is not visible on this map. My next move wi | mech=I believe the walls to the east, north, south, and west are impassable from this"
b347829f,probe_a_mh,MiniHack-River-Narrow-v0,14,61,NE,0.0,False,"A|belief=The goal is likely downstairs, which is not visible on this map. My next move wi | mech=I believe the walls to the east, north, south, and west are impassable from this"
b347829f,probe_a_mh,MiniHack-River-Narrow-v0,14,62,NE,0.0,False,"A|belief=The goal is likely downstairs, which is not visible on this map. My next move wi | mech=I believe the walls to the east, north, south, and west are impassable from this"
b347829f,probe_a_mh,MiniHack-River-Narrow-v0,14,63,NE,-0.01,False,"A|belief=The goal is likely downstairs, which is not visible on this map. My next move wi | mech=I believe the walls to the east, north, south, and west are impassable from this"
b347829f,probe_a_mh,MiniHack-River-Narrow-v0,14,64,N,-0.01,False,"A|belief=The goal is likely downstairs, which is not visible on this map. My next move wi | mech=I believe the walls to the east, north, south, and west are impassable from this"
b347829f,probe_a_mh,MiniHack-River-Narrow-v0,14,65,E,0.0,False,"A|belief=The goal is likely downstairs, which is not visible on this map. My next move wi | mech=I believe the walls to the east, north, south, and west are impassable from this"
b347829f,probe_a_mh,MiniHack-River-Narrow-v0,14,66,E,0.0,False,"A|belief=The goal is likely downstairs, which is not visible on this map. My next move wi | mech=I believe the walls to the east, north, south, and west are impassable from this"
b347829f,probe_a_mh,MiniHack-River-Narrow-v0,14,67,E,0.0,False,"A|belief=The goal is likely downstairs, which is not visible on this map. My next move wi | mech=I believe the walls to the east, north, south, and west are impassable from this"
b347829f,probe_a_mh,MiniHack-River-Narrow-v0,14,68,N,-0.01,False,"A|belief=The goal is likely downstairs, which is not visible on this map. My next move wi | mech=I believe the walls to the east, north, south, and west are impassable from this"
b347829f,probe_a_mh,MiniHack-River-Narrow-v0,14,69,N,-0.01,False,"A|belief=The goal is likely downstairs, which is not visible on this map. My next move wi | mech=I believe the walls to the east, north, south, and west are impassable from this"
b347829f,probe_a_mh,MiniHack-River-Narrow-v0,14,70,E,0.0,False,"A|belief=The goal is likely downstairs, which is not visible on this map. My next move wi | mech=I believe the walls to the east, north, south, and west are impassable from this"
b347829f,probe_a_mh,MiniHack-River-Narrow-v0,14,71,E,0.0,False,"A|belief=The goal is likely downstairs, which is not visible on this map. My next move wi | mech=I believe the walls to the east, north, south, and west are impassable from this"
b347829f,probe_a_mh,MiniHack-River-Narrow-v0,14,72,E,0.0,False,"A|belief=The goal is likely downstairs, which is not visible on this map. My next move wi | mech=I believe the walls to the east, north, south, and west are impassable from this"
b347829f,probe_a_mh,MiniHack-River-Narrow-v0,14,73,E,0.0,False,"A|belief=The goal is likely downstairs, which is not visible on this map. My next move wi | mech=I believe the walls to the east, north, south, and west are impassable from this"
b347829f,probe_a_mh,MiniHack-River-Narrow-v0,14,74,E,0.0,False,"A|belief=The goal is likely downstairs, which is not visible on this map. My next move wi | mech=I believe the walls to the east, north, south, and west are impassable from this"
b347829f,probe_a_mh,MiniHack-River-Narrow-v0,14,75,E,0.0,False,"A|belief=The goal is likely downstairs, which is not visible on this map. My next move wi | mech=I believe the walls to the east, north, south, and west are impassable from this"
b347829f,probe_a_mh,MiniHack-River-Narrow-v0,14,76,E,0.0,False,"A|belief=The goal is likely downstairs, which is not visible on this map. My next move wi | mech=I believe the walls to the east, north, south, and west are impassable from this"
b347829f,probe_a_mh,MiniHack-River-Narrow-v0,14,77,E,0.0,False,"A|belief=The goal is likely downstairs, which is not visible on this map. My next move wi | mech=I believe the walls to the east, north, south, and west are impassable from this"
b347829f,probe_a_mh,MiniHack-River-Narrow-v0,14,78,E,0.0,False,"A|belief=The goal is likely downstairs, which is not visible on this map. My next move wi | mech=I believe the walls to the east, north, south, and west are impassable from this"
b347829f,probe_a_mh,MiniHack-River-Narrow-v0,14,79,S,0.0,False,"A|belief=The goal is likely downstairs, which is not visible on this map. My next move wi | mech=I believe the walls to the east, north, south, and west are impassable from this"
b347829f,probe_a_mh,MiniHack-River-Narrow-v0,14,80,S,0.0,False,"A|belief=The goal is likely downstairs, which is not visible on this map. My next move wi | mech=I believe the walls to the east, north, south, and west are impassable from this"
b347829f,probe_a_mh,MiniHack-River-Narrow-v0,14,81,S,0.0,False,"A|belief=The goal is likely downstairs, which is not visible on this map. My next move wi | mech=I believe the walls to the east, north, south, and west are impassable from this"
b347829f,probe_a_mh,MiniHack-River-Narrow-v0,14,82,S,0.0,False,"A|belief=The goal is likely downstairs, which is not visible on this map. My next move wi | mech=I believe the walls to the east, north, south, and west are impassable from this"
b347829f,probe_a_mh,MiniHack-River-Narrow-v0,14,83,S,0.0,False,"A|belief=The goal is likely downstairs, which is not visible on this map. My next move wi | mech=I believe the walls to the east, north, south, and west are impassable from this"
b347829f,probe_a_mh,MiniHack-River-Narrow-v0,14,84,S,0.0,False,"A|belief=The goal is likely downstairs, which is not visible on this map. My next move wi | mech=I believe the walls to the east, north, south, and west are impassable from this"
b347829f,probe_a_mh,MiniHack-River-Narrow-v0,14,85,S,-0.01,False,"A|belief=The goal is likely downstairs, which is not visible on this map. My next move wi | mech=I believe the walls to the east, north, south, and west are impassable from this"
b347829f,probe_a_mh,MiniHack-River-Narrow-v0,14,86,SE,-0.01,False,"A|belief=The goal is likely downstairs, which is not visible on this map. My next move wi | mech=I believe the walls to the east, north, south, and west are impassable from this"
b347829f,probe_a_mh,MiniHack-River-Narrow-v0,14,87,SW,-0.01,False,"A|belief=The goal is likely downstairs, which is not visible on this map. My next move wi | mech=I believe the walls to the east, north, south, and west are impassable from this"
b347829f,probe_a_mh,MiniHack-River-Narrow-v0,14,88,NW,0.0,False,"A|belief=The goal is likely downstairs, which is not visible on this map. My next move wi | mech=I believe the walls to the east, north, south, and west are impassable from this"
b347829f,probe_a_mh,MiniHack-River-Narrow-v0,14,89,NW,0.0,False,"A|belief=The goal is likely downstairs, which is not visible on this map. My next move wi | mech=I believe the walls to the east, north, south, and west are impassable from this"
b347829f,probe_a_mh,MiniHack-River-Narrow-v0,14,90,NW,0.0,False,"A|belief=The goal is likely downstairs, which is not visible on this map. My next move wi | mech=I believe the walls to the east, north, south, and west are impassable from this"
b347829f,probe_a_mh,MiniHack-River-Narrow-v0,14,91,NW,0.0,False,"A|belief=The goal is likely downstairs, which is not visible on this map. My next move wi | mech=I believe the walls to the east, north, south, and west are impassable from this"
b347829f,probe_a_mh,MiniHack-River-Narrow-v0,14,92,NW,0.0,False,"A|belief=The goal is likely downstairs, which is not visible on this map. My next move wi | mech=I believe the walls to the east, north, south, and west are impassable from this"
b347829f,probe_a_mh,MiniHack-River-Narrow-v0,14,93,NW,-0.01,False,"A|belief=The goal is likely downstairs, which is not visible on this map. My next move wi | mech=I believe the walls to the east, north, south, and west are impassable from this"
b347829f,probe_a_mh,MiniHack-River-Narrow-v0,14,94,NE,0.0,False,"A|belief=The goal is likely downstairs, which is not visible on this map. My next move wi | mech=I believe the walls to the east, north, south, and west are impassable from this"
b347829f,probe_a_mh,MiniHack-River-Narrow-v0,14,95,N,-0.01,False,"A|belief=The goal is likely downstairs, which is not visible on this map. My next move wi | mech=I believe the walls to the east, north, south, and west are impassable from this"
b347829f,probe_a_mh,MiniHack-River-Narrow-v0,14,96,N,-0.01,False,"A|belief=The goal is likely downstairs, which is not visible on this map. My next move wi | mech=I believe the walls to the east, north, south, and west are impassable from this"
b347829f,probe_a_mh,MiniHack-River-Narrow-v0,14,97,E,0.0,False,"A|belief=The goal is likely downstairs, which is not visible on this map. My next move wi | mech=I believe the walls to the east, north, south, and west are impassable from this"
b347829f,probe_a_mh,MiniHack-River-Narrow-v0,14,98,E,0.0,False,"A|belief=The goal is likely downstairs, which is not visible on this map. My next move wi | mech=I believe the walls to the east, north, south, and west are impassable from this"
b347829f,probe_a_mh,MiniHack-River-Narrow-v0,14,99,E,0.0,False,"A|belief=The goal is likely downstairs, which is not visible on this map. My next move wi | mech=I believe the walls to the east, north, south, and west are impassable from this"
b347829f,probe_a_mh,MiniHack-River-Narrow-v0,14,100,N,-0.01,False,"A|belief=The goal is likely downstairs, which is not visible on this map. My next move wi | mech=I believe the walls to the east, north, south, and west are impassable from this"
b347829f,probe_a_mh,MiniHack-River-Narrow-v0,14,101,E,0.0,False,"A|belief=The goal is likely downstairs, which is not visible on this map. My next move wi | mech=I believe the walls to the east, north, south, and west are impassable from this"
b347829f,probe_a_mh,MiniHack-River-Narrow-v0,14,102,N,-0.01,False,"A|belief=The goal is likely downstairs, which is not visible on this map. My next move wi | mech=I believe the walls to the east, north, south, and west are impassable from this"
b347829f,probe_a_mh,MiniHack-River-Narrow-v0,14,103,E,0.0,False,"A|belief=The goal is likely downstairs, which is not visible on this map. My next move wi | mech=I believe the walls to the east, north, south, and west are impassable from this"
b347829f,probe_a_mh,MiniHack-River-Narrow-v0,14,104,E,0.0,False,"A|belief=The goal is likely downstairs, which is not visible on this map. My next move wi | mech=I believe the walls to the east, north, south, and west are impassable from this"
b347829f,probe_a_mh,MiniHack-River-Narrow-v0,14,105,E,0.0,False,"A|belief=The goal is likely downstairs, which is not visible on this map. My next move wi | mech=I believe the walls to the east, north, south, and west are impassable from this"
b347829f,probe_a_mh,MiniHack-River-Narrow-v0,14,106,E,0.0,False,"A|belief=The goal is likely downstairs, which is not visible on this map. My next move wi | mech=I believe the walls to the east, north, south, and west are impassable from this"
b347829f,probe_a_mh,MiniHack-River-Narrow-v0,14,107,E,0.0,False,"A|belief=The goal is likely downstairs, which is not visible on this map. My next move wi | mech=I believe the walls to the east, north, south, and west are impassable from this"
b347829f,probe_a_mh,MiniHack-River-Narrow-v0,14,108,E,0.0,False,"A|belief=The goal is likely downstairs, which is not visible on this map. My next move wi | mech=I believe the walls to the east, north, south, and west are impassable from this"
b347829f,probe_a_mh,MiniHack-River-Narrow-v0,14,109,E,0.0,False,"A|belief=The goal is likely downstairs, which is not visible on this map. My next move wi | mech=I believe the walls to the east, north, south, and west are impassable from this"
b347829f,probe_a_mh,MiniHack-River-Narrow-v0,14,110,E,0.0,False,"A|belief=The goal is likely downstairs, which is not visible on this map. My next move wi | mech=I believe the walls to the east, north, south, and west are impassable from this"
b347829f,probe_a_mh,MiniHack-River-Narrow-v0,14,111,E,0.0,False,"A|belief=The goal is likely downstairs, which is not visible on this map. My next move wi | mech=I believe the walls to the east, north, south, and west are impassable from this"
b347829f,probe_a_mh,MiniHack-River-Narrow-v0,14,112,N,0.0,False,"A|belief=The goal is likely downstairs, which is not visible on this map. My next move wi | mech=I believe the walls to the east are impassable from this spot. I have ruled out "
b347829f,probe_a_mh,MiniHack-River-Narrow-v0,14,113,N,-0.01,False,"A|belief=The goal is likely downstairs, which is not visible on this map. My next move wi | mech=I believe the walls to the east are impassable from this spot. I have ruled out "
b347829f,probe_a_mh,MiniHack-River-Narrow-v0,14,114,N,-0.01,False,"A|belief=The goal is likely downstairs, which is not visible on this map. My next move wi | mech=I believe the walls to the east are impassable from this spot. I have ruled out "
b347829f,probe_a_mh,MiniHack-River-Narrow-v0,14,115,S,0.0,False,"A|belief=The goal is likely downstairs, which is not visible on this map. My next move wi | mech=I believe the walls to the east and north are impassable from this spot. I have "
b347829f,probe_a_mh,MiniHack-River-Narrow-v0,14,116,S,0.0,False,"A|belief=The goal is likely downstairs, which is not visible on this map. My next move wi | mech=I believe the walls to the east and north are impassable from this spot. I have "
b347829f,probe_a_mh,MiniHack-River-Narrow-v0,14,117,S,0.0,False,"A|belief=The goal is likely downstairs, which is not visible on this map. My next move wi | mech=I believe the walls to the east and north are impassable from this spot. I have "
b347829f,probe_a_mh,MiniHack-River-Narrow-v0,14,118,S,0.0,False,"A|belief=The goal is likely downstairs, which is not visible on this map. My next move wi | mech=I believe the walls to the east and north are impassable from this spot. I have "
b347829f,probe_a_mh,MiniHack-River-Narrow-v0,14,119,S,0.0,False,"A|belief=The goal is likely downstairs, which is not visible on this map. My next move wi | mech=I believe the walls to the east and north are impassable from this spot. I have "
b347829f,probe_a_mh,MiniHack-River-Narrow-v0,15,0,E,0.0,False,"A|belief={'layout': 'unknown, exploring', 'plan': 'move east to gather more information'} | mech=unknown; I do not yet know how the obstacles here work, so I must discover it by"
b347829f,probe_a_mh,MiniHack-River-Narrow-v0,15,1,E,0.0,False,"A|belief={'layout': 'unknown, exploring', 'plan': 'move east to gather more information'} | mech=unknown; I do not yet know how the obstacles here work, so I must discover it by"
b347829f,probe_a_mh,MiniHack-River-Narrow-v0,15,2,S,0.0,False,"A|belief={'layout': 'unknown, exploring', 'plan': 'move south to gather more information' | mech=unknown; I do not yet know how the obstacles here work, so I must discover it by"
b347829f,probe_a_mh,MiniHack-River-Narrow-v0,15,3,E,0.0,False,"A|belief={'layout': 'unknown, exploring', 'plan': 'move east to gather more information'} | mech=unknown; I do not yet know how the obstacles here work, so I must discover it by"
b347829f,probe_a_mh,MiniHack-River-Narrow-v0,15,4,E,0.0,False,"A|belief={'layout': 'unknown, exploring', 'plan': 'move east to gather more information'} | mech=unknown; I do not yet know how the obstacles here work, so I must discover it by"
b347829f,probe_a_mh,MiniHack-River-Narrow-v0,15,5,E,0.0,False,"A|belief={'layout': 'unknown, exploring', 'plan': 'move east to gather more information'} | mech=unknown; I do not yet know how the obstacles here work, so I must discover it by"
b347829f,probe_a_mh,MiniHack-River-Narrow-v0,15,6,E,0.0,False,"A|belief={'layout': 'unknown, exploring', 'plan': 'move east to gather more information'} | mech=unknown; I do not yet know how the obstacles here work, so I must discover it by"
b347829f,probe_a_mh,MiniHack-River-Narrow-v0,15,7,S,0.0,False,"A|belief={'layout': 'unknown, exploring', 'plan': 'move south to gather more information' | mech=unknown; I do not yet know how the obstacles here work, so I must discover it by"
b347829f,probe_a_mh,MiniHack-River-Narrow-v0,15,8,S,0.0,False,"A|belief={'layout': 'unknown, exploring', 'plan': 'move south to gather more information' | mech=unknown; I do not yet know how the obstacles here work, so I must discover it by"
b347829f,probe_a_mh,MiniHack-River-Narrow-v0,15,9,S,0.0,False,"A|belief={'layout': 'unknown, exploring', 'plan': 'move south to gather more information' | mech=unknown; I do not yet know how the obstacles here work, so I must discover it by"
b347829f,probe_a_mh,MiniHack-River-Narrow-v0,15,10,S,0.0,False,"A|belief={'layout': 'unknown, exploring', 'plan': 'move south to gather more information' | mech=unknown; I do not yet know how the obstacles here work, so I must discover it by"
b347829f,probe_a_mh,MiniHack-River-Narrow-v0,15,11,E,0.0,False,"A|belief={'layout': 'unknown, exploring', 'plan': 'test water mechanic by attempting to e | mech=unknown; I do not yet know how the obstacles here work, so I must discover it by | EXPERIMENT"
b347829f,probe_a_mh,MiniHack-River-Narrow-v0,15,12,S,-0.01,False,"A|belief={'layout': 'unknown, exploring', 'plan': 'move south to explore and potentially  | mech=unknown; I do not yet know how the obstacles here work, so I must discover it by"
b347829f,probe_a_mh,MiniHack-River-Narrow-v0,15,13,E,0.0,False,"A|belief={'layout': 'unknown, exploring', 'plan': 'move east to explore and potentially f | mech=unknown; I do not yet know how the obstacles here work, so I must discover it by"
b347829f,probe_a_mh,MiniHack-River-Narrow-v0,15,14,E,0.0,False,"A|belief={'layout': 'unknown, exploring', 'plan': 'move east to explore and potentially f | mech=unknown; I do not yet know how the obstacles here work, so I must discover it by"
b347829f,probe_a_mh,MiniHack-River-Narrow-v0,15,15,E,0.0,False,"A|belief={'layout': 'unknown, exploring', 'plan': 'move east to explore and potentially f | mech=unknown; I do not yet know how the obstacles here work, so I must discover it by"
b347829f,probe_a_mh,MiniHack-River-Narrow-v0,15,16,E,0.0,False,"A|belief={'layout': 'unknown, exploring', 'plan': 'move east to explore and potentially f | mech=unknown; I do not yet know how the obstacles here work, so I must discover it by"
b347829f,probe_a_mh,MiniHack-River-Narrow-v0,15,17,S,0.0,False,"A|belief={'layout': 'unknown, exploring', 'plan': 'move south to explore and potentially  | mech=unknown; I do not yet know how the obstacles here work, so I must discover it by"
b347829f,probe_a_mh,MiniHack-River-Narrow-v0,15,18,S,0.0,False,"A|belief={'layout': 'unknown, exploring', 'next_move': 'move south to explore and potenti | mech=unknown; I do not yet know how the obstacles here work, so I must discover it by"
b347829f,probe_a_mh,MiniHack-River-Narrow-v0,15,19,S,-0.01,False,"A|belief={'layout': 'unknown, exploring', 'next_move': 'move south to explore and potenti | mech=unknown; I do not yet know how the obstacles here work, so I must discover it by"
b347829f,probe_a_mh,MiniHack-River-Narrow-v0,15,20,E,0.0,False,"A|belief={'layout': 'unknown, exploring', 'next_move': 'move east to explore and potentia | mech=unknown; I do not yet know how the obstacles here work, so I must discover it by"
b347829f,probe_a_mh,MiniHack-River-Narrow-v0,15,21,E,0.0,False,"A|belief={'layout': 'unknown, exploring', 'next_move': 'move east to explore and potentia | mech=unknown; I do not yet know how the obstacles here work, so I must discover it by"
b347829f,probe_a_mh,MiniHack-River-Narrow-v0,15,22,E,0.0,False,"A|belief={'layout': 'unknown, exploring', 'next_move': 'move east to explore and potentia | mech=unknown; I do not yet know how the obstacles here work, so I must discover it by"
b347829f,probe_a_mh,MiniHack-River-Narrow-v0,15,23,N,0.0,False,"A|belief={'layout': 'unknown, exploring with potential water or lava obstacle', 'next_mov | mech=unknown; I do not yet know how the obstacles here work, so I must discover it by | EXPERIMENT"
b347829f,probe_a_mh,MiniHack-River-Narrow-v0,15,24,N,0.0,False,"A|belief={'layout': 'unknown, exploring with potential water or lava obstacle to the east | mech=unknown; I do not yet know how the obstacles here work, so I must discover it by"
b347829f,probe_a_mh,MiniHack-River-Narrow-v0,15,25,N,0.0,False,"A|belief={'layout': 'unknown, exploring with potential water or lava obstacle to the east | mech=unknown; I do not yet know how the obstacles here work, so I must discover it by"
b347829f,probe_a_mh,MiniHack-River-Narrow-v0,15,26,E,0.0,False,"A|belief={'layout': 'unknown, exploring with potential water or lava obstacle to the east | mech=unknown; I do not yet know how the obstacles here work, so I must discover it by"
b347829f,probe_a_mh,MiniHack-River-Narrow-v0,15,27,E,0.0,False,"A|belief={'layout': 'unknown, exploring with potential water or lava obstacle to the east | mech=unknown; I do not yet know how the obstacles here work, so I must discover it by"
b347829f,probe_a_mh,MiniHack-River-Narrow-v0,15,28,E,0.0,False,"A|belief={'layout': 'unknown, exploring with potential water or lava obstacle to the east | mech=unknown; I do not yet know how the obstacles here work, so I must discover it by"
b347829f,probe_a_mh,MiniHack-River-Narrow-v0,15,29,E,0.0,False,"A|belief={'layout': 'unknown, exploring with potential water or lava obstacle to the east | mech=unknown; I do not yet know how the obstacles here work, so I must discover it by"
b347829f,probe_a_mh,MiniHack-River-Narrow-v0,15,30,S,0.0,False,"A|belief={'layout': 'unknown, exploring with potential water or lava obstacle to the east | mech=unknown; I do not yet know how the obstacles here work, so I must discover it by"
b347829f,probe_a_mh,MiniHack-River-Narrow-v0,15,31,S,0.0,False,"A|belief={'layout': 'unknown, exploring with potential water or lava obstacle to the east | mech=unknown; I do not yet know how the obstacles here work, so I must discover it by"
b347829f,probe_a_mh,MiniHack-River-Narrow-v0,15,32,S,0.0,False,"A|belief={'layout': 'unknown, exploring with potential water or lava obstacle to the east | mech=unknown; I do not yet know how the obstacles here work, so I must discover it by"
b347829f,probe_a_mh,MiniHack-River-Narrow-v0,15,33,S,0.0,False,"A|belief={'layout': 'unknown, exploring with potential water or lava obstacle to the east | mech=unknown; I do not yet know how the obstacles here work, so I must discover it by"
b347829f,probe_a_mh,MiniHack-River-Narrow-v0,15,34,S,0.0,False,"A|belief={'layout': 'unknown, exploring with potential water or lava obstacle to the east | mech=unknown; I do not yet know how the obstacles here work, so I must discover it by"
b347829f,probe_a_mh,MiniHack-River-Narrow-v0,15,35,E,0.0,False,"A|belief={'layout': 'unknown, exploring with potential water or lava obstacle to the east | mech=unknown; I do not yet know how the obstacles here work, so I must discover it by | EXPERIMENT"
b347829f,probe_a_mh,MiniHack-River-Narrow-v0,15,36,E,0.0,False,"A|belief={'layout': 'unknown, exploring with potential water or lava obstacle to the east | mech=unknown; I do not yet know how the obstacles here work, so I must discover it by"
b347829f,probe_a_mh,MiniHack-River-Narrow-v0,15,37,N,0.0,False,"A|belief={'layout': 'unknown, exploring with potential water or lava obstacle to the east | mech=unknown; I do not yet know how the obstacles here work, so I must discover it by"
b347829f,probe_a_mh,MiniHack-River-Narrow-v0,15,38,N,0.0,False,"A|belief={'layout': 'unknown, exploring with potential water or lava obstacle to the east | mech=unknown; I do not yet know how the obstacles here work, so I must discover it by"
b347829f,probe_a_mh,MiniHack-River-Narrow-v0,15,39,N,0.0,False,"A|belief={'layout': 'unknown, exploring with potential water or lava obstacle to the east | mech=unknown; I do not yet know how the obstacles here work, so I must discover it by"
b347829f,probe_a_mh,MiniHack-River-Narrow-v0,15,40,N,0.0,False,"A|belief={'layout': 'unknown, exploring with potential water or lava obstacle to the east | mech=unknown; I do not yet know how the obstacles here work, so I must discover it by"
b347829f,probe_a_mh,MiniHack-River-Narrow-v0,15,41,N,0.0,False,"A|belief={'layout': 'unknown, exploring with potential water or lava obstacle to the east | mech=unknown; I do not yet know how the obstacles here work, so I must discover it by"
b347829f,probe_a_mh,MiniHack-River-Narrow-v0,15,42,N,-0.01,False,"A|belief={'layout': 'unknown, exploring with potential water or lava obstacle to the east | mech=unknown; I do not yet know how the obstacles here work, so I must discover it by"
b347829f,probe_a_mh,MiniHack-River-Narrow-v0,15,43,N,-0.01,False,"A|belief={'layout': 'unknown, exploring with potential water or lava obstacle to the east | mech=unknown; I do not yet know how the obstacles here work, so I must discover it by"
b347829f,probe_a_mh,MiniHack-River-Narrow-v0,15,44,S,0.0,False,"A|belief={'layout': 'unknown, exploring with potential water or lava obstacle to the east | mech=unknown; I do not yet know how the obstacles here work, so I must discover it by"
b347829f,probe_a_mh,MiniHack-River-Narrow-v0,15,45,S,0.0,False,"A|belief={'layout': 'unknown, exploring with potential water or lava obstacle to the east | mech=unknown; I do not yet know how the obstacles here work, so I must discover it by"
b347829f,probe_a_mh,MiniHack-River-Narrow-v0,15,46,S,0.0,False,"A|belief={'layout': 'unknown, exploring with potential water or lava obstacle to the east | mech=unknown; I do not yet know how the obstacles here work, so I must discover it by"
b347829f,probe_a_mh,MiniHack-River-Narrow-v0,15,47,E,0.0,False,"A|belief={'layout': 'unknown, exploring with potential water or lava obstacle to the east | mech=unknown; I do not yet know how the obstacles here work, so I must discover it by | EXPERIMENT"
b347829f,probe_a_mh,MiniHack-River-Narrow-v0,15,48,E,0.0,False,"A|belief={'layout': 'unknown, exploring with potential water or lava obstacle to the east | mech=unknown; I do not yet know how the obstacles here work, so I must discover it by"
b347829f,probe_a_mh,MiniHack-River-Narrow-v0,15,49,E,0.0,False,"A|belief={'layout': 'unknown, exploring with potential water or lava obstacle to the east | mech=unknown; I do not yet know how the obstacles here work, so I must discover it by"
b347829f,probe_a_mh,MiniHack-River-Narrow-v0,15,50,E,0.0,False,"A|belief={'layout': 'unknown, exploring with potential water or lava obstacle to the east | mech=unknown; I do not yet know how the obstacles here work, so I must discover it by"
b347829f,probe_a_mh,MiniHack-River-Narrow-v0,15,51,E,0.0,False,"A|belief={'layout': 'unknown, exploring with potential water or lava obstacle to the east | mech=unknown; I do not yet know how the obstacles here work, so I must discover it by"
b347829f,probe_a_mh,MiniHack-River-Narrow-v0,15,52,S,0.0,False,"A|belief={'layout': 'unknown, exploring with potential water or lava obstacle to the east | mech=unknown; I do not yet know how the obstacles here work, so I must discover it by"
b347829f,probe_a_mh,MiniHack-River-Narrow-v0,15,53,S,0.0,False,"A|belief={'layout': 'unknown, exploring with potential water or lava obstacle to the east | mech=unknown; I do not yet know how the obstacles here work, so I must discover it by"
b347829f,probe_a_mh,MiniHack-River-Narrow-v0,15,54,S,0.0,False,"A|belief={'layout': 'unknown, exploring with potential water or lava obstacle to the east | mech=unknown; I do not yet know how the obstacles here work, so I must discover it by"
b347829f,probe_a_mh,MiniHack-River-Narrow-v0,15,55,S,-0.01,False,"A|belief={'layout': 'unknown, exploring with potential water or lava obstacle to the east | mech=unknown; I do not yet know how the obstacles here work, so I must discover it by"
b347829f,probe_a_mh,MiniHack-River-Narrow-v0,15,56,S,-0.01,False,"A|belief={'layout': 'unknown, exploring with potential water or lava obstacle to the east | mech=unknown; I do not yet know how the obstacles here work, so I must discover it by"
b347829f,probe_a_mh,MiniHack-River-Narrow-v0,15,57,N,0.0,False,"A|belief={'layout': 'unknown, exploring with potential water or lava obstacle to the east | mech=unknown; I do not yet know how the obstacles here work, so I must discover it by"
b347829f,probe_a_mh,MiniHack-River-Narrow-v0,15,58,N,0.0,False,"A|belief={'layout': 'unknown, exploring with potential water or lava obstacle to the east | mech=unknown; I do not yet know how the obstacles here work, so I must discover it by"
b347829f,probe_a_mh,MiniHack-River-Narrow-v0,15,59,N,0.0,False,"A|belief={'layout': 'unknown, exploring with potential water or lava obstacle to the east | mech=unknown; I do not yet know how the obstacles here work, so I must discover it by | EXPERIMENT"
b347829f,probe_a_mh,MiniHack-River-Narrow-v0,15,60,N,0.0,False,"A|belief={'layout': 'unknown, exploring with potential water or lava obstacle to the east | mech=unknown; I do not yet know how the obstacles here work, so I must discover it by"
b347829f,probe_a_mh,MiniHack-River-Narrow-v0,15,61,N,0.0,False,"A|belief={'layout': 'unknown, exploring with potential water or lava obstacle to the east | mech=unknown; I do not yet know how the obstacles here work, so I must discover it by"
b347829f,probe_a_mh,MiniHack-River-Narrow-v0,15,62,N,0.0,False,"A|belief={'layout': 'unknown, exploring with potential water or lava obstacle to the east | mech=unknown; I do not yet know how the obstacles here work, so I must discover it by"
b347829f,probe_a_mh,MiniHack-River-Narrow-v0,15,63,N,-0.01,False,"A|belief={'layout': 'unknown, exploring with potential water or lava obstacle to the east | mech=unknown; I do not yet know how the obstacles here work, so I must discover it by"
b347829f,probe_a_mh,MiniHack-River-Narrow-v0,15,64,N,-0.01,False,"A|belief={'layout': 'unknown, exploring with potential water or lava obstacle to the east | mech=unknown; I do not yet know how the obstacles here work, so I must discover it by"
b347829f,probe_a_mh,MiniHack-River-Narrow-v0,15,65,E,0.0,False,"A|belief={'layout': 'unknown, exploring with potential water or lava obstacle to the east | mech=unknown; I do not yet know how the obstacles here work, so I must discover it by"
b347829f,probe_a_mh,MiniHack-River-Narrow-v0,15,66,E,0.0,False,"A|belief={'layout': 'unknown, exploring with potential water or lava obstacle to the east | mech=unknown; I do not yet know how the obstacles here work, so I must discover it by"
b347829f,probe_a_mh,MiniHack-River-Narrow-v0,15,67,E,0.0,False,"A|belief={'layout': 'unknown, exploring with potential water or lava obstacle to the east | mech=unknown; I do not yet know how the obstacles here work, so I must discover it by"
b347829f,probe_a_mh,MiniHack-River-Narrow-v0,15,68,E,0.0,False,"A|belief={'layout': 'unknown, exploring with potential water or lava obstacle to the east | mech=unknown; I do not yet know how the obstacles here work, so I must discover it by"
b347829f,probe_a_mh,MiniHack-River-Narrow-v0,15,69,E,-0.01,False,"A|belief={'layout': 'unknown, exploring with potential water or lava obstacle to the east | mech=unknown; I do not yet know how the obstacles here work, so I must discover it by"
b347829f,probe_a_mh,MiniHack-River-Narrow-v0,15,70,S,0.0,False,"A|belief={'layout': 'unknown, exploring with potential water or lava obstacle to the east | mech=unknown; I do not yet know how the obstacles here work, so I must discover it by"
b347829f,probe_a_mh,MiniHack-River-Narrow-v0,15,71,E,-0.01,False,"A|belief={'layout': 'unknown, considering water or lava obstacle to the east may require  | mech=unknown; I do not yet know how the obstacles here work, so I must discover it by | EXPERIMENT"
b347829f,probe_a_mh,MiniHack-River-Narrow-v0,15,72,E,-0.01,False,"A|belief={'layout': 'unknown, considering water or lava obstacle to the east may require  | mech=unknown; I do not yet know how the obstacles here work, so I must discover it by"
b347829f,probe_a_mh,MiniHack-River-Narrow-v0,15,73,S,1.0,True,"A|belief={'layout': 'unknown, considering water or lava obstacle to the east may require  | mech=unknown; I do not yet know how the obstacles here work, so I must discover it by"
b347829f,probe_a_mh,MiniHack-River-Narrow-v0,16,0,E,0.0,False,"A|belief={'layout': 'The goal is likely downstairs, but its location is unknown. The init | mech=unknown; I do not yet know how the obstacles here work, so I must discover it by"
b347829f,probe_a_mh,MiniHack-River-Narrow-v0,16,1,E,0.0,False,"A|belief={'layout': 'The goal is likely downstairs, but its location is unknown. The init | mech=unknown; I do not yet know how the obstacles here work, so I must discover it by"
b347829f,probe_a_mh,MiniHack-River-Narrow-v0,16,2,S,0.0,False,"A|belief={'layout': 'The goal is likely downstairs, but its location is unknown. The init | mech=unknown; I do not yet know how the obstacles here work, so I must discover it by"
b347829f,probe_a_mh,MiniHack-River-Narrow-v0,16,3,E,0.0,False,"A|belief={'layout': 'The goal is likely downstairs, but its location is unknown. The init | mech=unknown; I do not yet know how the obstacles here work, so I must discover it by"
b347829f,probe_a_mh,MiniHack-River-Narrow-v0,16,4,E,0.0,False,"A|belief={'layout': 'The goal is likely downstairs, but its location is unknown. The init | mech=unknown; I do not yet know how the obstacles here work, so I must discover it by"
b347829f,probe_a_mh,MiniHack-River-Narrow-v0,16,5,S,0.0,False,"A|belief={'layout': 'The goal is likely downstairs, but its location is unknown. The init | mech=unknown; I do not yet know how the obstacles here work, so I must discover it by"
b347829f,probe_a_mh,MiniHack-River-Narrow-v0,16,6,S,0.0,False,"A|belief={'layout': 'The goal is likely downstairs, but its location is unknown. The init | mech=unknown; I do not yet know how the obstacles here work, so I must discover it by"
b347829f,probe_a_mh,MiniHack-River-Narrow-v0,16,7,S,0.0,False,"A|belief={'layout': 'The goal is likely downstairs, but its location is unknown. The init | mech=unknown; I do not yet know how the obstacles here work, so I must discover it by"
b347829f,probe_a_mh,MiniHack-River-Narrow-v0,16,8,S,0.0,False,"A|belief={'layout': 'The goal is likely downstairs, but its location is unknown. The init | mech=unknown; I do not yet know how the obstacles here work, so I must discover it by"
b347829f,probe_a_mh,MiniHack-River-Narrow-v0,16,9,S,-0.01,False,"A|belief={'layout': 'The goal is likely downstairs, but its location is unknown. The init | mech=unknown; I do not yet know how the obstacles here work, so I must discover it by"
b347829f,probe_a_mh,MiniHack-River-Narrow-v0,16,10,E,0.0,False,"A|belief={'layout': 'The goal is likely downstairs, but its location is unknown. The init | mech=unknown; I do not yet know how the obstacles here work, so I must discover it by"
b347829f,probe_a_mh,MiniHack-River-Narrow-v0,16,11,N,0.0,False,"A|belief={'layout': 'The goal is likely downstairs, but its location is unknown. The init | mech=unknown; I do not yet know how the obstacles here work, so I must discover it by | EXPERIMENT"
b347829f,probe_a_mh,MiniHack-River-Narrow-v0,16,12,E,0.0,False,"A|belief={'layout': 'The goal is likely downstairs, but its location is unknown. The init | mech=unknown; I do not yet know how the obstacles here work, so I must discover it by"
b347829f,probe_a_mh,MiniHack-River-Narrow-v0,16,13,N,0.0,False,"A|belief={'layout': 'The goal is likely downstairs, but its location is unknown. The init | mech=unknown; I do not yet know how the obstacles here work, so I must discover it by"
b347829f,probe_a_mh,MiniHack-River-Narrow-v0,16,14,E,0.0,False,"A|belief={'layout': 'The goal is likely downstairs, but its location is unknown. The init | mech=unknown; I do not yet know how the obstacles here work, so I must discover it by"
b347829f,probe_a_mh,MiniHack-River-Narrow-v0,16,15,N,0.0,False,"A|belief={'layout': 'The goal is likely downstairs, but its location is unknown. The init | mech=unknown; I do not yet know how the obstacles here work, so I must discover it by"
b347829f,probe_a_mh,MiniHack-River-Narrow-v0,16,16,N,0.0,False,"A|belief={'layout': 'The goal is likely downstairs, but its location is unknown. The init | mech=unknown; I do not yet know how the obstacles here work, so I must discover it by"
b347829f,probe_a_mh,MiniHack-River-Narrow-v0,16,17,N,0.0,False,"A|belief={'layout': 'The goal is likely downstairs, but its location is unknown. The init | mech=unknown; I do not yet know how the obstacles here work, so I must discover it by"
b347829f,probe_a_mh,MiniHack-River-Narrow-v0,16,18,N,0.0,False,"A|belief={'layout': 'The goal is likely downstairs, but its location is unknown. The init | mech=unknown; I do not yet know how the obstacles here work, so I must discover it by"
b347829f,probe_a_mh,MiniHack-River-Narrow-v0,16,19,N,0.0,False,"A|belief={'layout': 'The goal is likely downstairs, but its location is unknown. The init | mech=unknown; I do not yet know how the obstacles here work, so I must discover it by"
b347829f,probe_a_mh,MiniHack-River-Narrow-v0,16,20,N,-0.01,False,"A|belief={'layout': 'The goal is likely downstairs, but its location is unknown. The init | mech=unknown; I do not yet know how the obstacles here work, so I must discover it by"
b347829f,probe_a_mh,MiniHack-River-Narrow-v0,16,21,E,0.0,False,"A|belief={'layout': 'The goal is likely downstairs, but its location is unknown. The init | mech=unknown; I do not yet know how the obstacles here work, so I must discover it by"
b347829f,probe_a_mh,MiniHack-River-Narrow-v0,16,22,S,0.0,False,"A|belief={'layout': 'The goal is likely downstairs, but its location is unknown. The init | mech=unknown; I do not yet know how the obstacles here work, so I must discover it by"
b347829f,probe_a_mh,MiniHack-River-Narrow-v0,16,23,E,0.0,False,"A|belief={'layout': 'The goal is likely downstairs, but its location is unknown. The init | mech=unknown; I do not yet know how the obstacles here work, so I must discover it by | EXPERIMENT"
b347829f,probe_a_mh,MiniHack-River-Narrow-v0,16,24,E,0.0,False,"A|belief={'layout': 'The goal is likely downstairs, but its location is unknown. The init | mech=unknown; I do not yet know how the obstacles here work, so I must discover it by"
b347829f,probe_a_mh,MiniHack-River-Narrow-v0,16,25,SE,0.0,False,"A|belief={'layout': 'The goal is likely downstairs, but its location is unknown. The init | mech=unknown; I do not yet know how the obstacles here work, so I must discover it by"
b347829f,probe_a_mh,MiniHack-River-Narrow-v0,16,26,SE,0.0,False,"A|belief={'layout': 'The goal is likely downstairs, but its location is unknown. The init | mech=unknown; I do not yet know how the obstacles here work, so I must discover it by"
b347829f,probe_a_mh,MiniHack-River-Narrow-v0,16,27,E,0.0,False,"A|belief={'layout': 'The goal is likely downstairs, but its location is unknown. The init | mech=unknown; I do not yet know how the obstacles here work, so I must discover it by"
b347829f,probe_a_mh,MiniHack-River-Narrow-v0,16,28,S,-0.01,False,"A|belief={'layout': 'The goal is likely downstairs, but its location is unknown. The init | mech=unknown; I do not yet know how the obstacles here work, so I must discover it by"
b347829f,probe_a_mh,MiniHack-River-Narrow-v0,16,29,S,-0.01,False,"A|belief={'layout': 'The goal is likely downstairs, but its location is unknown. The init | mech=unknown; I do not yet know how the obstacles here work, so I must discover it by"
b347829f,probe_a_mh,MiniHack-River-Narrow-v0,16,30,N,0.0,False,"A|belief={'layout': 'The goal is likely downstairs, but its location is unknown. The init | mech=unknown; I do not yet know how the obstacles here work, so I must discover it by"
b347829f,probe_a_mh,MiniHack-River-Narrow-v0,16,31,N,0.0,False,"A|belief={'layout': 'The goal is likely downstairs, but its location is unknown. The init | mech=unknown; I do not yet know how the obstacles here work, so I must discover it by"
b347829f,probe_a_mh,MiniHack-River-Narrow-v0,16,32,N,0.0,False,"A|belief={'layout': 'The goal is likely downstairs, but its location is unknown. The init | mech=unknown; I do not yet know how the obstacles here work, so I must discover it by"
b347829f,probe_a_mh,MiniHack-River-Narrow-v0,16,33,N,0.0,False,"A|belief={'layout': 'The goal is likely downstairs, but its location is unknown. The init | mech=unknown; I do not yet know how the obstacles here work, so I must discover it by"
b347829f,probe_a_mh,MiniHack-River-Narrow-v0,16,34,N,0.0,False,"A|belief={'layout': 'The goal is likely downstairs, but its location is unknown. The init | mech=unknown; I do not yet know how the obstacles here work, so I must discover it by"
b347829f,probe_a_mh,MiniHack-River-Narrow-v0,16,35,E,0.0,False,"A|belief={'layout': 'The goal is likely downstairs, but its location is unknown. The init | mech=unknown; I do not yet know how the obstacles here work, so I must discover it by | EXPERIMENT"
b347829f,probe_a_mh,MiniHack-River-Narrow-v0,16,36,E,0.0,False,"A|belief={'layout': 'The goal is likely downstairs, but its location is unknown. The init | mech=unknown; I do not yet know how the obstacles here work, so I must discover it by"
b347829f,probe_a_mh,MiniHack-River-Narrow-v0,16,37,S,0.0,False,"A|belief={'layout': 'The goal is likely downstairs, but its location is unknown. The init | mech=unknown; I do not yet know how the obstacles here work, so I must discover it by"
b347829f,probe_a_mh,MiniHack-River-Narrow-v0,16,38,S,0.0,False,"A|belief={'layout': 'The goal is likely downstairs, but its location is unknown. The init | mech=unknown; I do not yet know how the obstacles here work, so I must discover it by"
b347829f,probe_a_mh,MiniHack-River-Narrow-v0,16,39,S,0.0,False,"A|belief={'layout': 'The goal is likely downstairs, but its location is unknown. The init | mech=unknown; I do not yet know how the obstacles here work, so I must discover it by"
b347829f,probe_a_mh,MiniHack-River-Narrow-v0,16,40,S,0.0,False,"A|belief={'layout': 'The goal is likely downstairs, but its location is unknown. The init | mech=unknown; I do not yet know how the obstacles here work, so I must discover it by"
b347829f,probe_a_mh,MiniHack-River-Narrow-v0,16,41,S,-0.01,False,"A|belief={'layout': 'The goal is likely downstairs, but its location is unknown. The init | mech=unknown; I do not yet know how the obstacles here work, so I must discover it by"
b347829f,probe_a_mh,MiniHack-River-Narrow-v0,16,42,W,0.0,False,"A|belief={'layout': 'The goal is likely downstairs, but its location is unknown. The init | mech=unknown; I do not yet know how the obstacles here work, so I must discover it by"
b347829f,probe_a_mh,MiniHack-River-Narrow-v0,16,43,S,-0.01,False,"A|belief={'layout': 'The goal is likely downstairs, but its location is unknown. The init | mech=unknown; I do not yet know how the obstacles here work, so I must discover it by"
b347829f,probe_a_mh,MiniHack-River-Narrow-v0,16,44,S,-0.01,False,"A|belief={'layout': 'The goal is likely downstairs, but its location is unknown. The init | mech=unknown; I do not yet know how the obstacles here work, so I must discover it by"
b347829f,probe_a_mh,MiniHack-River-Narrow-v0,16,45,E,0.0,False,"A|belief={'layout': 'The goal is likely downstairs, but its location is unknown. The init | mech=unknown; I do not yet know how the obstacles here work, so I must discover it by"
b347829f,probe_a_mh,MiniHack-River-Narrow-v0,16,46,E,0.0,False,"A|belief={'layout': 'The goal is likely downstairs, but its location is unknown. The init | mech=unknown; I do not yet know how the obstacles here work, so I must discover it by"
b347829f,probe_a_mh,MiniHack-River-Narrow-v0,16,47,E,0.0,False,"A|belief={'layout': 'The goal is likely downstairs, but its location is unknown. The init | mech=unknown; I do not yet know how the obstacles here work, so I must discover it by | EXPERIMENT"
b347829f,probe_a_mh,MiniHack-River-Narrow-v0,16,48,E,0.0,False,"A|belief={'layout': 'The goal is likely downstairs, but its location is unknown. The init | mech=unknown; I do not yet know how the obstacles here work, so I must discover it by"
b347829f,probe_a_mh,MiniHack-River-Narrow-v0,16,49,N,0.0,False,"A|belief={'layout': 'The goal is likely downstairs, but its location is unknown. The init | mech=unknown; I do not yet know how the obstacles here work, so I must discover it by"
b347829f,probe_a_mh,MiniHack-River-Narrow-v0,16,50,N,0.0,False,"A|belief={'layout': 'The goal is likely downstairs, but its location is unknown. The init | mech=unknown; I do not yet know how the obstacles here work, so I must discover it by"
b347829f,probe_a_mh,MiniHack-River-Narrow-v0,16,51,N,0.0,False,"A|belief={'layout': 'The goal is likely downstairs, but its location is unknown. The init | mech=unknown; I do not yet know how the obstacles here work, so I must discover it by"
b347829f,probe_a_mh,MiniHack-River-Narrow-v0,16,52,N,0.0,False,"A|belief={'layout': 'The goal is likely downstairs, but its location is unknown. The init | mech=unknown; I do not yet know how the obstacles here work, so I must discover it by"
b347829f,probe_a_mh,MiniHack-River-Narrow-v0,16,53,N,0.0,False,"A|belief={'layout': 'The goal is likely downstairs, but its location is unknown. The init | mech=unknown; I do not yet know how the obstacles here work, so I must discover it by"
b347829f,probe_a_mh,MiniHack-River-Narrow-v0,16,54,N,0.0,False,"A|belief={'layout': 'The goal is likely downstairs, but its location is unknown. The init | mech=unknown; I do not yet know how the obstacles here work, so I must discover it by"
b347829f,probe_a_mh,MiniHack-River-Narrow-v0,16,55,N,-0.01,False,"A|belief={'layout': 'The goal is likely downstairs, but its location is unknown. The init | mech=unknown; I do not yet know how the obstacles here work, so I must discover it by"
b347829f,probe_a_mh,MiniHack-River-Narrow-v0,16,56,E,0.0,False,"A|belief={'layout': 'The goal is likely downstairs, but its location is unknown. The init | mech=unknown; I do not yet know how the obstacles here work, so I must discover it by"
b347829f,probe_a_mh,MiniHack-River-Narrow-v0,16,57,S,0.0,False,"A|belief={'layout': 'The goal is likely downstairs, but its location is unknown. The init | mech=unknown; I do not yet know how the obstacles here work, so I must discover it by"
b347829f,probe_a_mh,MiniHack-River-Narrow-v0,16,58,E,0.0,False,"A|belief={'layout': 'The goal is likely downstairs, but its location is unknown. The init | mech=unknown; I do not yet know how the obstacles here work, so I must discover it by"
b347829f,probe_a_mh,MiniHack-River-Narrow-v0,16,59,E,0.0,False,"A|belief={'layout': 'The goal is likely downstairs, but its location is unknown. The init | mech=unknown; I do not yet know how the obstacles here work, so I must discover it by | EXPERIMENT"
b347829f,probe_a_mh,MiniHack-River-Narrow-v0,16,60,SE,0.0,False,"A|belief={'layout': 'The goal is likely downstairs, but its location is unknown. The init | mech=unknown; I do not yet know how the obstacles here work, so I must discover it by"
b347829f,probe_a_mh,MiniHack-River-Narrow-v0,16,61,E,0.0,False,"A|belief={'layout': 'The goal is likely downstairs, but its location is unknown. The init | mech=unknown; I do not yet know how the obstacles here work, so I must discover it by"
b347829f,probe_a_mh,MiniHack-River-Narrow-v0,16,62,W,0.0,False,"A|belief={'layout': 'The goal is likely downstairs, but its location is unknown. The init | mech=unknown; I do not yet know how the obstacles here work, so I must discover it by"
b347829f,probe_a_mh,MiniHack-River-Narrow-v0,16,63,SE,0.0,False,"A|belief={'layout': 'The goal is likely downstairs, but its location is unknown. The init | mech=unknown; I do not yet know how the obstacles here work, so I must discover it by"
b347829f,probe_a_mh,MiniHack-River-Narrow-v0,16,64,E,0.0,False,"A|belief={'layout': 'The goal is likely downstairs, but its location is unknown. The init | mech=unknown; I do not yet know how the obstacles here work, so I must discover it by"
b347829f,probe_a_mh,MiniHack-River-Narrow-v0,16,65,S,-0.01,False,"A|belief={'layout': 'The goal is likely downstairs, but its location is unknown. The init | mech=unknown; I do not yet know how the obstacles here work, so I must discover it by"
b347829f,probe_a_mh,MiniHack-River-Narrow-v0,16,66,S,-0.01,False,"A|belief={'layout': 'The goal is likely downstairs, but its location is unknown. The init | mech=unknown; I do not yet know how the obstacles here work, so I must discover it by"
b347829f,probe_a_mh,MiniHack-River-Narrow-v0,16,67,E,0.0,False,"A|belief={'layout': 'The goal is likely downstairs, but its location is unknown. The init | mech=unknown; I do not yet know how the obstacles here work, so I must discover it by"
b347829f,probe_a_mh,MiniHack-River-Narrow-v0,16,68,N,0.0,False,"A|belief={'layout': 'The goal is likely downstairs, but its location is unknown. The init | mech=unknown; I do not yet know how the obstacles here work, so I must discover it by"
b347829f,probe_a_mh,MiniHack-River-Narrow-v0,16,69,N,0.0,False,"A|belief={'layout': 'The goal is likely downstairs, but its location is unknown. The init | mech=unknown; I do not yet know how the obstacles here work, so I must discover it by"
b347829f,probe_a_mh,MiniHack-River-Narrow-v0,16,70,N,0.0,False,"A|belief={'layout': 'The goal is likely downstairs, but its location is unknown. The init | mech=unknown; I do not yet know how the obstacles here work, so I must discover it by"
b347829f,probe_a_mh,MiniHack-River-Narrow-v0,16,71,E,0.0,False,"A|belief={'layout': 'The goal is likely downstairs, but its location is unknown. The init | mech=unknown; I do not yet know how the obstacles here work, so I must discover it by | EXPERIMENT"
b347829f,probe_a_mh,MiniHack-River-Narrow-v0,16,72,E,0.0,False,"A|belief={'layout': 'The goal is likely downstairs, but its location is unknown. The init | mech=unknown; I do not yet know how the obstacles here work, so I must discover it by"
b347829f,probe_a_mh,MiniHack-River-Narrow-v0,16,73,E,0.0,False,"A|belief={'layout': 'The goal is likely downstairs, but its location is unknown. The init | mech=unknown; I do not yet know how the obstacles here work, so I must discover it by"
b347829f,probe_a_mh,MiniHack-River-Narrow-v0,16,74,SE,0.0,False,"A|belief={'layout': 'The goal is likely downstairs, but its location is unknown. The init | mech=unknown; I do not yet know how the obstacles here work, so I must discover it by"
b347829f,probe_a_mh,MiniHack-River-Narrow-v0,16,75,SE,0.0,False,"A|belief={'layout': 'The goal is likely downstairs, but its location is unknown. The init | mech=unknown; I do not yet know how the obstacles here work, so I must discover it by"
b347829f,probe_a_mh,MiniHack-River-Narrow-v0,16,76,S,-0.01,False,"A|belief={'layout': 'The goal is likely downstairs, but its location is unknown. The init | mech=unknown; I do not yet know how the obstacles here work, so I must discover it by"
b347829f,probe_a_mh,MiniHack-River-Narrow-v0,16,77,W,0.0,False,"A|belief={'layout': 'The goal is likely downstairs, but its location is unknown. The init | mech=unknown; I do not yet know how the obstacles here work, so I must discover it by"
b347829f,probe_a_mh,MiniHack-River-Narrow-v0,16,78,W,0.0,False,"A|belief={'layout': 'The goal is likely downstairs, but its location is unknown. The init | mech=unknown; I do not yet know how the obstacles here work, so I must discover it by"
b347829f,probe_a_mh,MiniHack-River-Narrow-v0,16,79,W,0.0,False,"A|belief={'layout': 'The goal is likely downstairs, but its location is unknown. The init | mech=unknown; I do not yet know how the obstacles here work, so I must discover it by"
b347829f,probe_a_mh,MiniHack-River-Narrow-v0,16,80,W,0.0,False,"A|belief={'layout': 'The goal is likely downstairs, but its location is unknown. The init | mech=unknown; I do not yet know how the obstacles here work, so I must discover it by"
b347829f,probe_a_mh,MiniHack-River-Narrow-v0,16,81,N,0.0,False,"A|belief={'layout': 'The goal is likely downstairs, but its location is unknown. The init | mech=unknown; I do not yet know how the obstacles here work, so I must discover it by"
b347829f,probe_a_mh,MiniHack-River-Narrow-v0,16,82,N,0.0,False,"A|belief={'layout': 'The goal is likely downstairs, but its location is unknown. The init | mech=unknown; I do not yet know how the obstacles here work, so I must discover it by"
b347829f,probe_a_mh,MiniHack-River-Narrow-v0,16,83,N,0.0,False,"A|belief={'layout': 'The goal is likely downstairs, but its location is unknown. The init | mech=unknown; I do not yet know how the obstacles here work, so I must discover it by | EXPERIMENT"
b347829f,probe_a_mh,MiniHack-River-Narrow-v0,16,84,N,0.0,False,"A|belief={'layout': 'The goal is likely downstairs, but its location is unknown. The init | mech=unknown; I do not yet know how the obstacles here work, so I must discover it by"
b347829f,probe_a_mh,MiniHack-River-Narrow-v0,16,85,N,0.0,False,"A|belief={'layout': 'The goal is likely downstairs, but its location is unknown. The init | mech=unknown; I do not yet know how the obstacles here work, so I must discover it by"
b347829f,probe_a_mh,MiniHack-River-Narrow-v0,16,86,N,0.0,False,"A|belief={'layout': 'The goal is likely downstairs, but its location is unknown. The init | mech=unknown; I do not yet know how the obstacles here work, so I must discover it by"
b347829f,probe_a_mh,MiniHack-River-Narrow-v0,16,87,N,-0.01,False,"A|belief={'layout': 'The goal is likely downstairs, but its location is unknown. The init | mech=unknown; I do not yet know how the obstacles here work, so I must discover it by"
b347829f,probe_a_mh,MiniHack-River-Narrow-v0,16,88,E,0.0,False,"A|belief={'layout': 'The goal is likely downstairs, but its location is unknown. The init | mech=unknown; I do not yet know how the obstacles here work, so I must discover it by"
b347829f,probe_a_mh,MiniHack-River-Narrow-v0,16,89,E,0.0,False,"A|belief={'layout': 'The goal is likely downstairs, but its location is unknown. The init | mech=unknown; I do not yet know how the obstacles here work, so I must discover it by"
b347829f,probe_a_mh,MiniHack-River-Narrow-v0,16,90,E,0.0,False,"A|belief={'layout': 'The goal is likely downstairs, but its location is unknown. The init | mech=unknown; I do not yet know how the obstacles here work, so I must discover it by"
b347829f,probe_a_mh,MiniHack-River-Narrow-v0,16,91,E,0.0,False,"A|belief={'layout': 'The goal is likely downstairs, but its location is unknown. The init | mech=unknown; I do not yet know how the obstacles here work, so I must discover it by"
b347829f,probe_a_mh,MiniHack-River-Narrow-v0,16,92,S,0.0,False,"A|belief={'layout': 'The goal is likely downstairs, but its location is unknown. The init | mech=unknown; I do not yet know how the obstacles here work, so I must discover it by"
b347829f,probe_a_mh,MiniHack-River-Narrow-v0,16,93,S,0.0,False,"A|belief={'layout': 'The goal is likely downstairs, but its location is unknown. The init | mech=unknown; I do not yet know how the obstacles here work, so I must discover it by"
b347829f,probe_a_mh,MiniHack-River-Narrow-v0,16,94,S,0.0,False,"A|belief={'layout': 'The goal is likely downstairs, but its location is unknown. The init | mech=unknown; I do not yet know how the obstacles here work, so I must discover it by"
b347829f,probe_a_mh,MiniHack-River-Narrow-v0,16,95,SE,0.0,False,"A|belief={'layout': 'The goal is likely downstairs, but its location is unknown. The init | mech=unknown; I do not yet know how the obstacles here work, so I must discover it by | EXPERIMENT"
b347829f,probe_a_mh,MiniHack-River-Narrow-v0,16,96,E,0.0,False,"A|belief={'layout': 'The goal is likely downstairs, but its location is unknown. The init | mech=unknown; I do not yet know how the obstacles here work, so I must discover it by"
b347829f,probe_a_mh,MiniHack-River-Narrow-v0,16,97,N,0.0,False,"A|belief={'layout': 'The goal is likely downstairs, but its location is unknown. The init | mech=unknown; I do not yet know how the obstacles here work, so I must discover it by"
b347829f,probe_a_mh,MiniHack-River-Narrow-v0,16,98,SE,0.0,False,"A|belief={'layout': 'The goal is likely downstairs, but its location is unknown. The init | mech=unknown; I do not yet know how the obstacles here work, so I must discover it by"
b347829f,probe_a_mh,MiniHack-River-Narrow-v0,16,99,N,0.0,False,"A|belief={'layout': 'The goal is likely downstairs, but its location is unknown. The init | mech=unknown; I do not yet know how the obstacles here work, so I must discover it by"
b347829f,probe_a_mh,MiniHack-River-Narrow-v0,16,100,SE,0.0,False,"A|belief={'layout': 'The goal is likely downstairs, but its location is unknown. The init | mech=unknown; I do not yet know how the obstacles here work, so I must discover it by"
b347829f,probe_a_mh,MiniHack-River-Narrow-v0,16,101,E,0.0,False,"A|belief={'layout': 'The goal is likely downstairs, but its location is unknown. The init | mech=unknown; I do not yet know how the obstacles here work, so I must discover it by"
b347829f,probe_a_mh,MiniHack-River-Narrow-v0,16,102,S,0.0,False,"A|belief={'layout': 'The goal is likely downstairs, but its location is unknown. The init | mech=unknown; I do not yet know how the obstacles here work, so I must discover it by"
b347829f,probe_a_mh,MiniHack-River-Narrow-v0,16,103,S,-0.01,False,"A|belief={'layout': 'The goal is likely downstairs, but its location is unknown. The init | mech=unknown; I do not yet know how the obstacles here work, so I must discover it by"
b347829f,probe_a_mh,MiniHack-River-Narrow-v0,16,104,N,0.0,False,"A|belief={'layout': 'The goal is likely downstairs, but its location is unknown. The init | mech=unknown; I do not yet know how the obstacles here work, so I must discover it by"
b347829f,probe_a_mh,MiniHack-River-Narrow-v0,16,105,N,0.0,False,"A|belief={'layout': 'The goal is likely downstairs, but its location is unknown. The init | mech=unknown; I do not yet know how the obstacles here work, so I must discover it by"
b347829f,probe_a_mh,MiniHack-River-Narrow-v0,16,106,N,0.0,False,"A|belief={'layout': 'The goal is likely downstairs, but its location is unknown. The init | mech=unknown; I do not yet know how the obstacles here work, so I must discover it by"
b347829f,probe_a_mh,MiniHack-River-Narrow-v0,16,107,E,0.0,False,"A|belief={'layout': ""The goal is likely downstairs, but its location is unknown. Given th | mech=I hypothesize that the lava or water may be crossed by finding a way to cool it  | EXPERIMENT"
b347829f,probe_a_mh,MiniHack-River-Narrow-v0,16,108,N,0.0,False,"A|belief={'layout': ""The goal is likely downstairs, but its location is unknown. Given th | mech=I hypothesize that the lava or water may be crossed by finding a way to cool it "
b347829f,probe_a_mh,MiniHack-River-Narrow-v0,16,109,E,0.0,False,"A|belief={'layout': ""The goal is likely downstairs, but its location is unknown. Given th | mech=I hypothesize that the lava or water may be crossed by finding a way to cool it "
b347829f,probe_a_mh,MiniHack-River-Narrow-v0,16,110,E,0.0,False,"A|belief={'layout': ""The goal is likely downstairs, but its location is unknown. Given th | mech=I hypothesize that the lava or water may be crossed by finding a way to cool it "
b347829f,probe_a_mh,MiniHack-River-Narrow-v0,16,111,N,0.0,False,"A|belief={'layout': ""The goal is likely downstairs, but its location is unknown. Given th | mech=I hypothesize that the lava or water may be crossed by finding a way to cool it "
b347829f,probe_a_mh,MiniHack-River-Narrow-v0,16,112,N,0.0,False,"A|belief={'layout': ""The goal is likely downstairs, but its location is unknown. Given th | mech=I hypothesize that the lava or water may be crossed by finding a way to cool it "
b347829f,probe_a_mh,MiniHack-River-Narrow-v0,16,113,N,-0.01,False,"A|belief={'layout': ""The goal is likely downstairs, but its location is unknown. Given th | mech=I hypothesize that the lava or water may be crossed by finding a way to cool it "
b347829f,probe_a_mh,MiniHack-River-Narrow-v0,16,114,E,0.0,False,"A|belief={'layout': ""The goal is likely downstairs, but its location is unknown. Given th | mech=I hypothesize that the lava or water may be crossed by finding a way to cool it "
b347829f,probe_a_mh,MiniHack-River-Narrow-v0,16,115,E,0.0,False,"A|belief={'layout': ""The goal is likely downstairs, but its location is unknown. Given th | mech=I hypothesize that the lava or water may be crossed by finding a way to cool it "
b347829f,probe_a_mh,MiniHack-River-Narrow-v0,16,116,N,0.0,False,"A|belief={'layout': ""The goal is likely downstairs, but its location is unknown. Given th | mech=I hypothesize that the lava or water may be crossed by finding a way to cool it "
b347829f,probe_a_mh,MiniHack-River-Narrow-v0,16,117,E,0.0,False,"A|belief={'layout': ""The goal is likely downstairs, but its location is unknown. Given th | mech=I hypothesize that the lava or water may be crossed by finding a way to cool it "
b347829f,probe_a_mh,MiniHack-River-Narrow-v0,16,118,E,0.0,False,"A|belief={'layout': ""The goal is likely downstairs, but its location is unknown. Given th | mech=I hypothesize that the lava or water may be crossed by finding a way to cool it "
b347829f,probe_a_mh,MiniHack-River-Narrow-v0,16,119,N,0.0,False,"A|belief={'layout': ""The goal is likely downstairs, but its location is unknown. Given th | mech=I hypothesize that the lava or water may be crossed by finding a way to cool it "
b347829f,probe_a_mh,MiniHack-River-Narrow-v0,17,0,E,0.0,False,"A|belief={'layout': 'The goal is likely to be downwards, so I need to find a staircase. M | mech=unknown; I do not yet know how the obstacles here work, so I must discover it by"
b347829f,probe_a_mh,MiniHack-River-Narrow-v0,17,1,S,0.0,False,"A|belief={'layout': 'The goal is likely to be downwards, so I need to find a staircase. M | mech=unknown; I do not yet know how the obstacles here work, so I must discover it by"
b347829f,probe_a_mh,MiniHack-River-Narrow-v0,17,2,E,0.0,False,"A|belief={'layout': 'The goal is likely to be downwards, so I need to find a staircase. M | mech=unknown; I do not yet know how the obstacles here work, so I must discover it by"
b347829f,probe_a_mh,MiniHack-River-Narrow-v0,17,3,S,0.0,False,"A|belief={'layout': 'The goal is likely to be downwards, so I need to find a staircase. M | mech=unknown; I do not yet know how the obstacles here work, so I must discover it by"
b347829f,probe_a_mh,MiniHack-River-Narrow-v0,17,4,S,-0.01,False,"A|belief={'layout': 'The goal is likely to be downwards, so I need to find a staircase. M | mech=unknown; I do not yet know how the obstacles here work, so I must discover it by"
b347829f,probe_a_mh,MiniHack-River-Narrow-v0,17,5,S,-0.01,False,"A|belief={'layout': 'The goal is likely to be downwards, so I need to find a staircase. M | mech=unknown; I do not yet know how the obstacles here work, so I must discover it by"
b347829f,probe_a_mh,MiniHack-River-Narrow-v0,17,6,E,0.0,False,"A|belief={'layout': 'The goal is likely to be downwards, so I need to find a staircase. M | mech=unknown; I do not yet know how the obstacles here work, so I must discover it by"
b347829f,probe_a_mh,MiniHack-River-Narrow-v0,17,7,N,0.0,False,"A|belief={'layout': 'The goal is likely to be downwards, so I need to find a staircase. M | mech=unknown; I do not yet know how the obstacles here work, so I must discover it by"
b347829f,probe_a_mh,MiniHack-River-Narrow-v0,17,8,E,0.0,False,"A|belief={'layout': 'The goal is likely to be downwards, so I need to find a staircase. M | mech=unknown; I do not yet know how the obstacles here work, so I must discover it by"
b347829f,probe_a_mh,MiniHack-River-Narrow-v0,17,9,S,0.0,False,"A|belief={'layout': 'The goal is likely to be downwards, so I need to find a staircase. M | mech=unknown; I do not yet know how the obstacles here work, so I must discover it by"
b347829f,probe_a_mh,MiniHack-River-Narrow-v0,17,10,S,-0.01,False,"A|belief={'layout': 'The goal is likely to be downwards, so I need to find a staircase. M | mech=unknown; I do not yet know how the obstacles here work, so I must discover it by"
b347829f,probe_a_mh,MiniHack-River-Narrow-v0,17,11,S,-0.01,False,"A|belief={'layout': 'The goal is likely to be downwards, but the current path is blocked  | mech=unknown; I do not yet know how the obstacles here work, so I must discover it by | EXPERIMENT"
b347829f,probe_a_mh,MiniHack-River-Narrow-v0,17,12,W,0.0,False,"A|belief={'layout': 'The goal is likely to be downwards, but the current path is blocked  | mech=unknown; I do not yet know how the obstacles here work, so I must discover it by"
b347829f,probe_a_mh,MiniHack-River-Narrow-v0,17,13,W,0.0,False,"A|belief={'layout': 'The goal is likely to be downwards, but the current path is blocked  | mech=unknown; I do not yet know how the obstacles here work, so I must discover it by"
b347829f,probe_a_mh,MiniHack-River-Narrow-v0,17,14,W,0.0,False,"A|belief={'layout': 'The goal is likely to be downwards, but the current path is blocked  | mech=unknown; I do not yet know how the obstacles here work, so I must discover it by"
b347829f,probe_a_mh,MiniHack-River-Narrow-v0,17,15,W,0.0,False,"A|belief={'layout': 'The goal is likely to be downwards, but the current path is blocked  | mech=unknown; I do not yet know how the obstacles here work, so I must discover it by"
b347829f,probe_a_mh,MiniHack-River-Narrow-v0,17,16,W,0.0,False,"A|belief={'layout': 'The goal is likely to be downwards, but the current path is blocked  | mech=unknown; I do not yet know how the obstacles here work, so I must discover it by"
b347829f,probe_a_mh,MiniHack-River-Narrow-v0,17,17,W,0.0,False,"A|belief={'layout': 'The goal is likely to be downwards, but the current path is blocked  | mech=unknown; I do not yet know how the obstacles here work, so I must discover it by"
b347829f,probe_a_mh,MiniHack-River-Narrow-v0,17,18,W,0.0,False,"A|belief={'layout': 'The goal is likely to be downwards, but the current path is blocked  | mech=unknown; I do not yet know how the obstacles here work, so I must discover it by"
b347829f,probe_a_mh,MiniHack-River-Narrow-v0,17,19,S,-0.01,False,"A|belief={'layout': 'The goal is likely to be downwards, but the current path is blocked  | mech=unknown; I do not yet know how the obstacles here work, so I must discover it by"
b347829f,probe_a_mh,MiniHack-River-Narrow-v0,17,20,E,0.0,False,"A|belief={'layout': 'The goal is likely to be downwards, but the current path is blocked  | mech=unknown; I do not yet know how the obstacles here work, so I must discover it by"
b347829f,probe_a_mh,MiniHack-River-Narrow-v0,17,21,E,0.0,False,"A|belief={'layout': 'The goal is likely to be downwards, but the current path is blocked  | mech=unknown; I do not yet know how the obstacles here work, so I must discover it by"
b347829f,probe_a_mh,MiniHack-River-Narrow-v0,17,22,E,0.0,False,"A|belief={'layout': 'The goal is likely to be downwards, but the current path is blocked  | mech=unknown; I do not yet know how the obstacles here work, so I must discover it by"
b347829f,probe_a_mh,MiniHack-River-Narrow-v0,17,23,E,0.0,False,"A|belief={'layout': 'The goal is likely to be downwards, but the current path is blocked  | mech=unknown; I do not yet know how the obstacles here work, so I must discover it by | EXPERIMENT"
b347829f,probe_a_mh,MiniHack-River-Narrow-v0,17,24,S,-0.01,False,"A|belief={'layout': 'The goal is likely to be downwards, but the current path is blocked  | mech=unknown; I do not yet know how the obstacles here work, so I must discover it by"
b347829f,probe_a_mh,MiniHack-River-Narrow-v0,17,25,E,0.0,False,"A|belief={'layout': 'The goal is likely to be downwards, but the current path is blocked  | mech=unknown; I do not yet know how the obstacles here work, so I must discover it by"
b347829f,probe_a_mh,MiniHack-River-Narrow-v0,17,26,E,0.0,False,"A|belief={'layout': 'The goal is likely to be downwards, but the current path is blocked  | mech=unknown; I do not yet know how the obstacles here work, so I must discover it by"
b347829f,probe_a_mh,MiniHack-River-Narrow-v0,17,27,S,-0.01,False,"A|belief={'layout': 'The goal is likely to be downwards, but the current path is blocked  | mech=unknown; I do not yet know how the obstacles here work, so I must discover it by"
b347829f,probe_a_mh,MiniHack-River-Narrow-v0,17,28,S,-0.01,False,"A|belief={'layout': 'The goal is likely to be downwards, but the current path is blocked  | mech=unknown; I do not yet know how the obstacles here work, so I must discover it by"
b347829f,probe_a_mh,MiniHack-River-Narrow-v0,17,29,E,0.0,False,"A|belief={'layout': 'The goal is likely to be downwards, but the current path is blocked  | mech=unknown; I do not yet know how the obstacles here work, so I must discover it by"
b347829f,probe_a_mh,MiniHack-River-Narrow-v0,17,30,E,0.0,False,"A|belief={'layout': 'The goal is likely to be downwards, but the current path is blocked  | mech=unknown; I do not yet know how the obstacles here work, so I must discover it by"
b347829f,probe_a_mh,MiniHack-River-Narrow-v0,17,31,E,0.0,False,"A|belief={'layout': 'The goal is likely to be downwards, but the current path is blocked  | mech=unknown; I do not yet know how the obstacles here work, so I must discover it by"
b347829f,probe_a_mh,MiniHack-River-Narrow-v0,17,32,S,-0.01,False,"A|belief={'layout': 'The goal is likely to be downwards, but the current path is blocked  | mech=unknown; I do not yet know how the obstacles here work, so I must discover it by"
b347829f,probe_a_mh,MiniHack-River-Narrow-v0,17,33,S,-0.01,False,"A|belief={'layout': 'The goal is likely to be downwards, but the current path is blocked  | mech=unknown; I do not yet know how the obstacles here work, so I must discover it by"
b347829f,probe_a_mh,MiniHack-River-Narrow-v0,17,34,E,0.0,False,"A|belief={'layout': 'The goal is likely to be downwards, but the current path is blocked  | mech=unknown; I do not yet know how the obstacles here work, so I must discover it by"
b347829f,probe_a_mh,MiniHack-River-Narrow-v0,17,35,E,0.0,False,"A|belief={'layout': 'The goal is likely to be downwards, but the current path is blocked  | mech=unknown; I do not yet know how the obstacles here work, so I must discover it by | EXPERIMENT"
b347829f,probe_a_mh,MiniHack-River-Narrow-v0,17,36,E,0.0,False,"A|belief={'layout': 'The goal is likely to be downwards, but the current path is blocked  | mech=unknown; I do not yet know how the obstacles here work, so I must discover it by"
b347829f,probe_a_mh,MiniHack-River-Narrow-v0,17,37,S,0.0,False,"A|belief={'layout': 'The goal is likely to be downwards, but the current path is blocked  | mech=unknown; I do not yet know how the obstacles here work, so I must discover it by"
b347829f,probe_a_mh,MiniHack-River-Narrow-v0,17,38,S,0.0,False,"A|belief={'layout': 'The goal is likely to be downwards, but the current path is blocked  | mech=unknown; I do not yet know how the obstacles here work, so I must discover it by"
b347829f,probe_a_mh,MiniHack-River-Narrow-v0,17,39,S,-0.01,False,"A|belief={'layout': 'The goal is likely to be downwards, but the current path is blocked  | mech=unknown; I do not yet know how the obstacles here work, so I must discover it by"
b347829f,probe_a_mh,MiniHack-River-Narrow-v0,17,40,E,0.0,False,"A|belief={'layout': 'The goal is likely to be downwards, but the current path is blocked  | mech=unknown; I do not yet know how the obstacles here work, so I must discover it by"
b347829f,probe_a_mh,MiniHack-River-Narrow-v0,17,41,E,0.0,False,"A|belief={'layout': 'The goal is likely to be downwards, but the current path is blocked  | mech=unknown; I do not yet know how the obstacles here work, so I must discover it by"
b347829f,probe_a_mh,MiniHack-River-Narrow-v0,17,42,S,0.0,False,"A|belief={'layout': 'The goal is likely to be downwards, but the current path is blocked  | mech=unknown; I do not yet know how the obstacles here work, so I must discover it by"
b347829f,probe_a_mh,MiniHack-River-Narrow-v0,17,43,E,0.0,False,"A|belief={'layout': 'The goal is likely to be downwards, but the current path is blocked  | mech=unknown; I do not yet know how the obstacles here work, so I must discover it by"
b347829f,probe_a_mh,MiniHack-River-Narrow-v0,17,44,E,0.0,False,"A|belief={'layout': 'The goal is likely to be downwards, but the current path is blocked  | mech=unknown; I do not yet know how the obstacles here work, so I must discover it by"
b347829f,probe_a_mh,MiniHack-River-Narrow-v0,17,45,E,0.0,False,"A|belief={'layout': 'The goal is likely to be downwards, but the current path is blocked  | mech=unknown; I do not yet know how the obstacles here work, so I must discover it by"
b347829f,probe_a_mh,MiniHack-River-Narrow-v0,17,46,E,0.0,False,"A|belief={'layout': 'The goal is likely to be downwards, but the current path is blocked  | mech=unknown; I do not yet know how the obstacles here work, so I must discover it by"
b347829f,probe_a_mh,MiniHack-River-Narrow-v0,17,47,SE,0.0,False,"A|belief={'layout': 'The goal is likely to be downwards, but the current path is blocked  | mech=unknown; I do not yet know how the obstacles here work, so I must discover it by | EXPERIMENT"
b347829f,probe_a_mh,MiniHack-River-Narrow-v0,17,48,S,-0.01,False,"A|belief={'layout': 'The goal is likely to be downwards, but the current path is blocked  | mech=unknown; I do not yet know how the obstacles here work, so I must discover it by"
b347829f,probe_a_mh,MiniHack-River-Narrow-v0,17,49,S,-0.01,False,"A|belief={'layout': 'The goal is likely to be downwards, but the current path is blocked  | mech=unknown; I do not yet know how the obstacles here work, so I must discover it by"
b347829f,probe_a_mh,MiniHack-River-Narrow-v0,17,50,E,0.0,False,"A|belief={'layout': 'The goal is likely to be downwards, but the current path is blocked  | mech=unknown; I do not yet know how the obstacles here work, so I must discover it by"
b347829f,probe_a_mh,MiniHack-River-Narrow-v0,17,51,E,0.0,False,"A|belief={'layout': 'The goal is likely to be downwards, but the current path is blocked  | mech=unknown; I do not yet know how the obstacles here work, so I must discover it by"
b347829f,probe_a_mh,MiniHack-River-Narrow-v0,17,52,N,0.0,False,"A|belief={'layout': 'The goal is likely to be downwards, but the current path is blocked  | mech=unknown; I do not yet know how the obstacles here work, so I must discover it by"
b347829f,probe_a_mh,MiniHack-River-Narrow-v0,17,53,S,0.0,False,"A|belief={'layout': 'The goal is likely to be downwards, but the current path is blocked  | mech=unknown; I do not yet know how the obstacles here work, so I must discover it by"
b347829f,probe_a_mh,MiniHack-River-Narrow-v0,17,54,W,0.0,False,"A|belief={'layout': 'The goal is likely to be downwards, but the current path is blocked  | mech=unknown; I do not yet know how the obstacles here work, so I must discover it by"
b347829f,probe_a_mh,MiniHack-River-Narrow-v0,17,55,S,-0.01,False,"A|belief={'layout': 'The goal is likely to be downwards, but the current path is blocked  | mech=unknown; I do not yet know how the obstacles here work, so I must discover it by"
b347829f,probe_a_mh,MiniHack-River-Narrow-v0,17,56,S,-0.01,False,"A|belief={'layout': 'The goal is likely to be downwards, but the current path is blocked  | mech=unknown; I do not yet know how the obstacles here work, so I must discover it by"
b347829f,probe_a_mh,MiniHack-River-Narrow-v0,17,57,E,0.0,False,"A|belief={'layout': 'The goal is likely to be downwards, but the current path is blocked  | mech=unknown; I do not yet know how the obstacles here work, so I must discover it by"
b347829f,probe_a_mh,MiniHack-River-Narrow-v0,17,58,E,0.0,False,"A|belief={'layout': 'The goal is likely to be downwards, but the current path is blocked  | mech=unknown; I do not yet know how the obstacles here work, so I must discover it by"
b347829f,probe_a_mh,MiniHack-River-Narrow-v0,17,59,E,0.0,False,"A|belief={'layout': 'The goal is likely to be downwards, but the current path is blocked  | mech=unknown; I do not yet know how the obstacles here work, so I must discover it by | EXPERIMENT"
b347829f,probe_a_mh,MiniHack-River-Narrow-v0,17,60,SE,0.0,False,"A|belief={'layout': 'The goal is likely to be downwards, but the current path is blocked  | mech=unknown; I do not yet know how the obstacles here work, so I must discover it by"
b347829f,probe_a_mh,MiniHack-River-Narrow-v0,17,61,S,-0.01,False,"A|belief={'layout': 'The goal is likely to be downwards, but the current path is blocked  | mech=unknown; I do not yet know how the obstacles here work, so I must discover it by"
b347829f,probe_a_mh,MiniHack-River-Narrow-v0,17,62,W,0.0,False,"A|belief={'layout': 'The goal is likely to be downwards, but the current path is blocked  | mech=unknown; I do not yet know how the obstacles here work, so I must discover it by"
b347829f,probe_a_mh,MiniHack-River-Narrow-v0,17,63,W,0.0,False,"A|belief={'layout': 'The goal is likely to be downwards, but the current path is blocked  | mech=unknown; I do not yet know how the obstacles here work, so I must discover it by"
b347829f,probe_a_mh,MiniHack-River-Narrow-v0,17,64,W,0.0,False,"A|belief={'layout': 'The goal is likely to be downwards, but the current path is blocked  | mech=unknown; I do not yet know how the obstacles here work, so I must discover it by"
b347829f,probe_a_mh,MiniHack-River-Narrow-v0,17,65,W,0.0,False,"A|belief={'layout': 'The goal is likely to be downwards, but the current path is blocked  | mech=unknown; I do not yet know how the obstacles here work, so I must discover it by"
b347829f,probe_a_mh,MiniHack-River-Narrow-v0,17,66,W,0.0,False,"A|belief={'layout': 'The goal is likely to be downwards, but the current path is blocked  | mech=unknown; I do not yet know how the obstacles here work, so I must discover it by"
b347829f,probe_a_mh,MiniHack-River-Narrow-v0,17,67,W,0.0,False,"A|belief={'layout': 'The goal is likely to be downwards, but the current path is blocked  | mech=unknown; I do not yet know how the obstacles here work, so I must discover it by"
b347829f,probe_a_mh,MiniHack-River-Narrow-v0,17,68,W,0.0,False,"A|belief={'layout': 'The goal is likely to be downwards, but the current path is blocked  | mech=unknown; I do not yet know how the obstacles here work, so I must discover it by"
b347829f,probe_a_mh,MiniHack-River-Narrow-v0,17,69,S,-0.01,False,"A|belief={'layout': 'The goal is likely to be downwards, but the current path is blocked  | mech=unknown; I do not yet know how the obstacles here work, so I must discover it by"
b347829f,probe_a_mh,MiniHack-River-Narrow-v0,17,70,E,0.0,False,"A|belief={'layout': 'The goal is likely to be downwards, but the current path is blocked  | mech=unknown; I do not yet know how the obstacles here work, so I must discover it by"
b347829f,probe_a_mh,MiniHack-River-Narrow-v0,17,71,E,0.0,False,"A|belief={'layout': 'The goal is likely to be downwards, but the current path is blocked  | mech=unknown; I do not yet know how the obstacles here work, so I must discover it by | EXPERIMENT"
b347829f,probe_a_mh,MiniHack-River-Narrow-v0,17,72,S,-0.01,False,"A|belief={'layout': 'The goal is likely to be downwards, but the current path is blocked  | mech=unknown; I do not yet know how the obstacles here work, so I must discover it by"
b347829f,probe_a_mh,MiniHack-River-Narrow-v0,17,73,E,0.0,False,"A|belief={'layout': 'The goal is likely to be downwards, but the current path is blocked  | mech=unknown; I do not yet know how the obstacles here work, so I must discover it by"
b347829f,probe_a_mh,MiniHack-River-Narrow-v0,17,74,S,-0.01,False,"A|belief={'layout': 'The goal is likely to be downwards, but the current path is blocked  | mech=unknown; I do not yet know how the obstacles here work, so I must discover it by"
b347829f,probe_a_mh,MiniHack-River-Narrow-v0,17,75,E,0.0,False,"A|belief={'layout': 'The goal is likely to be downwards, but the current path is blocked  | mech=unknown; I do not yet know how the obstacles here work, so I must discover it by"
b347829f,probe_a_mh,MiniHack-River-Narrow-v0,17,76,E,0.0,False,"A|belief={'layout': 'The goal is likely to be downwards, but the current path is blocked  | mech=unknown; I do not yet know how the obstacles here work, so I must discover it by"
b347829f,probe_a_mh,MiniHack-River-Narrow-v0,17,77,S,-0.01,False,"A|belief={'layout': 'The goal is likely to be downwards, but the current path is blocked  | mech=unknown; I do not yet know how the obstacles here work, so I must discover it by"
b347829f,probe_a_mh,MiniHack-River-Narrow-v0,17,78,E,0.0,False,"A|belief={'layout': 'The goal is likely to be downwards, but the current path is blocked  | mech=unknown; I do not yet know how the obstacles here work, so I must discover it by"
b347829f,probe_a_mh,MiniHack-River-Narrow-v0,17,79,S,-0.01,False,"A|belief={'layout': 'The goal is likely to be downwards, but the current path is blocked  | mech=unknown; I do not yet know how the obstacles here work, so I must discover it by"
b347829f,probe_a_mh,MiniHack-River-Narrow-v0,17,80,E,0.0,False,"A|belief={'layout': 'The goal is likely to be downwards, but the current path is blocked  | mech=unknown; I do not yet know how the obstacles here work, so I must discover it by"
b347829f,probe_a_mh,MiniHack-River-Narrow-v0,17,81,S,-0.01,False,"A|belief={'layout': 'The goal is likely to be downwards, but the current path is blocked  | mech=unknown; I do not yet know how the obstacles here work, so I must discover it by"
b347829f,probe_a_mh,MiniHack-River-Narrow-v0,17,82,E,0.0,False,"A|belief={'layout': 'The goal is likely to be downwards, but the current path is blocked  | mech=unknown; I do not yet know how the obstacles here work, so I must discover it by"
b347829f,probe_a_mh,MiniHack-River-Narrow-v0,17,83,S,-0.01,False,"A|belief={'layout': 'The goal is likely to be downwards, but the current path is blocked  | mech=unknown; I do not yet know how the obstacles here work, so I must discover it by | EXPERIMENT"
b347829f,probe_a_mh,MiniHack-River-Narrow-v0,17,84,E,0.0,False,"A|belief={'layout': 'The goal is likely to be downwards, but the current path is blocked  | mech=unknown; I do not yet know how the obstacles here work, so I must discover it by"
b347829f,probe_a_mh,MiniHack-River-Narrow-v0,17,85,S,-0.01,False,"A|belief={'layout': 'The goal is likely to be downwards, but the current path is blocked  | mech=unknown; I do not yet know how the obstacles here work, so I must discover it by"
b347829f,probe_a_mh,MiniHack-River-Narrow-v0,17,86,E,0.0,False,"A|belief={'layout': 'The goal is likely to be downwards, but the current path is blocked  | mech=unknown; I do not yet know how the obstacles here work, so I must discover it by"
b347829f,probe_a_mh,MiniHack-River-Narrow-v0,17,87,S,-0.01,False,"A|belief={'layout': 'The goal is likely to be downwards, but the current path is blocked  | mech=unknown; I do not yet know how the obstacles here work, so I must discover it by"
b347829f,probe_a_mh,MiniHack-River-Narrow-v0,17,88,E,0.0,False,"A|belief={'layout': 'The goal is likely to be downwards, but the current path is blocked  | mech=unknown; I do not yet know how the obstacles here work, so I must discover it by"
b347829f,probe_a_mh,MiniHack-River-Narrow-v0,17,89,S,0.0,False,"A|belief={'layout': 'The goal is likely to be downwards, but the current path is blocked  | mech=unknown; I do not yet know how the obstacles here work, so I must discover it by"
b347829f,probe_a_mh,MiniHack-River-Narrow-v0,17,90,S,-0.01,False,"A|belief={'layout': 'The goal is likely to be downwards, but the current path is blocked  | mech=unknown; I do not yet know how the obstacles here work, so I must discover it by"
b347829f,probe_a_mh,MiniHack-River-Narrow-v0,17,91,E,0.0,False,"A|belief={'layout': 'The goal is likely to be downwards, but the current path is blocked  | mech=unknown; I do not yet know how the obstacles here work, so I must discover it by"
b347829f,probe_a_mh,MiniHack-River-Narrow-v0,17,92,SE,0.0,False,"A|belief={'layout': 'The goal is likely to be downwards, but the current path is blocked  | mech=unknown; I do not yet know how the obstacles here work, so I must discover it by | EXPERIMENT"
b347829f,probe_a_mh,MiniHack-River-Narrow-v0,17,93,S,-0.01,False,"A|belief={'layout': 'The goal is likely to be downwards, but the current path is blocked  | mech=unknown; I do not yet know how the obstacles here work, so I must discover it by | EXPERIMENT"
b347829f,probe_a_mh,MiniHack-River-Narrow-v0,17,94,E,0.0,False,"A|belief={'layout': 'The goal is likely to be downwards, but the current path is blocked  | mech=unknown; I do not yet know how the obstacles here work, so I must discover it by | EXPERIMENT"
b347829f,probe_a_mh,MiniHack-River-Narrow-v0,17,95,S,0.0,False,"A|belief={'layout': 'The goal is likely to be downwards, but the current path is blocked  | mech=unknown; I do not yet know how the obstacles here work, so I must discover it by | EXPERIMENT"
b347829f,probe_a_mh,MiniHack-River-Narrow-v0,17,96,E,0.0,False,"A|belief={'layout': 'The goal is likely to be downwards, but the current path is blocked  | mech=unknown; I do not yet know how the obstacles here work, so I must discover it by | EXPERIMENT"
b347829f,probe_a_mh,MiniHack-River-Narrow-v0,17,97,S,0.0,False,"A|belief={'layout': 'The goal is likely to be downwards, but the current path is blocked  | mech=unknown; I do not yet know how the obstacles here work, so I must discover it by | EXPERIMENT"
b347829f,probe_a_mh,MiniHack-River-Narrow-v0,17,98,E,0.0,False,"A|belief={'layout': 'The goal is likely to be downwards, but the current path is blocked  | mech=unknown; I do not yet know how the obstacles here work, so I must discover it by | EXPERIMENT"
b347829f,probe_a_mh,MiniHack-River-Narrow-v0,17,99,S,0.0,False,"A|belief={'layout': 'The goal is likely to be downwards, but the current path is blocked  | mech=unknown; I do not yet know how the obstacles here work, so I must discover it by | EXPERIMENT"
b347829f,probe_a_mh,MiniHack-River-Narrow-v0,17,100,E,0.0,False,"A|belief={'layout': 'The goal is likely to be downwards, but the current path is blocked  | mech=unknown; I do not yet know how the obstacles here work, so I must discover it by | EXPERIMENT"
b347829f,probe_a_mh,MiniHack-River-Narrow-v0,17,101,S,-0.01,False,"A|belief={'layout': 'The goal is likely to be downwards, but the current path is blocked  | mech=unknown; I do not yet know how the obstacles here work, so I must discover it by | EXPERIMENT"
b347829f,probe_a_mh,MiniHack-River-Narrow-v0,17,102,E,0.0,False,"A|belief={'layout': 'The goal is likely to be downwards, but the current path is blocked  | mech=I hypothesize that the lava or water may be traversable by finding a way to cool | EXPERIMENT"
b347829f,probe_a_mh,MiniHack-River-Narrow-v0,17,103,S,-0.01,False,"A|belief={'layout': 'The goal is likely to be downwards, but the current path is blocked  | mech=I hypothesize that the lava or water may be traversable by finding a way to cool | EXPERIMENT"
b347829f,probe_a_mh,MiniHack-River-Narrow-v0,17,104,E,0.0,False,"A|belief={'layout': 'The goal is likely to be downwards, but the current path is blocked  | mech=I hypothesize that the lava or water may be traversable by finding a way to cool | EXPERIMENT"
b347829f,probe_a_mh,MiniHack-River-Narrow-v0,17,105,S,-0.01,False,"A|belief={'layout': 'The goal is likely to be downwards, but the current path is blocked  | mech=I hypothesize that the lava or water may be traversable by finding a way to cool | EXPERIMENT"
b347829f,probe_a_mh,MiniHack-River-Narrow-v0,17,106,E,0.0,False,"A|belief={'layout': 'The goal is likely to be downwards, but the current path is blocked. | mech=I hypothesize that the lava or water may be traversable by finding a way to cool | EXPERIMENT"
b347829f,probe_a_mh,MiniHack-River-Narrow-v0,17,107,S,-0.01,False,"A|belief={'layout': 'The goal is likely to be downwards, but the current path is blocked. | mech=I hypothesize that the lava or water may be traversable by using an item to cros | EXPERIMENT"
b347829f,probe_a_mh,MiniHack-River-Narrow-v0,17,108,E,0.0,False,"A|belief={'layout': 'The goal is likely to be downwards, but the current path is blocked  | mech=I hypothesize that the lava or water may be traversable by using an item to cros | EXPERIMENT"
b347829f,probe_a_mh,MiniHack-River-Narrow-v0,17,109,S,-0.01,False,"A|belief={'layout': 'The goal is likely to be downwards, but the current path is blocked  | mech=I hypothesize that the lava or water may be traversable by using an item to cros | EXPERIMENT"
b347829f,probe_a_mh,MiniHack-River-Narrow-v0,17,110,S,-0.01,False,"A|belief={'layout': 'The goal is likely to be downwards, but the current path is blocked  | mech=I hypothesize that the lava or water may be traversable by using an item to cros | EXPERIMENT"
b347829f,probe_a_mh,MiniHack-River-Narrow-v0,17,111,E,0.0,False,"A|belief={'layout': 'The goal is likely to be downwards, but the current path is blocked  | mech=I hypothesize that the lava or water may be affected by nearby objects or action | EXPERIMENT"
b347829f,probe_a_mh,MiniHack-River-Narrow-v0,17,112,S,-0.01,False,"A|belief={'layout': 'The goal is likely to be downwards, but the current path is blocked  | mech=I hypothesize that the lava or water may be affected by nearby objects or action | EXPERIMENT"
b347829f,probe_a_mh,MiniHack-River-Narrow-v0,17,113,E,0.0,False,"A|belief={'layout': 'The goal is likely to be downwards, but the current path is blocked  | mech=I hypothesize that the lava or water may be affected by nearby objects or action | EXPERIMENT"
b347829f,probe_a_mh,MiniHack-River-Narrow-v0,17,114,S,0.0,False,"A|belief={'layout': 'The goal is likely to be downwards, but the current path is blocked  | mech=I hypothesize that the lava or water may be affected by nearby objects or action | EXPERIMENT"
b347829f,probe_a_mh,MiniHack-River-Narrow-v0,17,115,E,0.0,False,"A|belief={'layout': 'The goal is likely to be downwards, but the current path is blocked  | mech=I hypothesize that the lava or water may be affected by nearby objects or action | EXPERIMENT"
b347829f,probe_a_mh,MiniHack-River-Narrow-v0,17,116,S,-0.01,False,"A|belief={'layout': 'The goal is likely to be downwards, but the current path is blocked  | mech=I hypothesize that the lava or water may be affected by nearby objects or action | EXPERIMENT"
b347829f,probe_a_mh,MiniHack-River-Narrow-v0,17,117,E,0.0,False,"A|belief={'layout': 'The goal is likely to be downwards, but the current path is blocked  | mech=I hypothesize that the lava or water may be affected by nearby objects or action | EXPERIMENT"
b347829f,probe_a_mh,MiniHack-River-Narrow-v0,17,118,S,0.0,False,"A|belief={'layout': 'The goal is likely to be downwards, but the current path is blocked  | mech=I hypothesize that the lava or water may be traversable by finding a suitable ob | EXPERIMENT"
b347829f,probe_a_mh,MiniHack-River-Narrow-v0,17,119,S,-0.01,False,"A|belief={'layout': 'The goal is likely to be downwards, but the current path is blocked  | mech=I hypothesize that the lava or water may be traversable by finding a suitable ob | EXPERIMENT"
b347829f,probe_a_mh,MiniHack-River-Narrow-v0,18,0,E,0.0,False,"A|belief={'layout': 'unknown, need to explore', 'plan': 'move east to gather more informa | mech=unknown; I do not yet know how the obstacles here work, so I must discover it by"
b347829f,probe_a_mh,MiniHack-River-Narrow-v0,18,1,E,0.0,False,"A|belief={'layout': 'unknown, need to explore', 'plan': 'move east to gather more informa | mech=unknown; I do not yet know how the obstacles here work, so I must discover it by"
b347829f,probe_a_mh,MiniHack-River-Narrow-v0,18,2,S,0.0,False,"A|belief={'layout': 'unknown, need to explore', 'plan': 'move south to gather more inform | mech=unknown; I do not yet know how the obstacles here work, so I must discover it by"
b347829f,probe_a_mh,MiniHack-River-Narrow-v0,18,3,E,0.0,False,"A|belief={'layout': 'unknown, need to explore', 'plan': 'move east to gather more informa | mech=unknown; I do not yet know how the obstacles here work, so I must discover it by"
b347829f,probe_a_mh,MiniHack-River-Narrow-v0,18,4,E,0.0,False,"A|belief={'layout': 'unknown, need to explore', 'plan': 'move east to gather more informa | mech=unknown; I do not yet know how the obstacles here work, so I must discover it by"
b347829f,probe_a_mh,MiniHack-River-Narrow-v0,18,5,E,0.0,False,"A|belief={'layout': 'unknown, need to explore', 'plan': 'move east to gather more informa | mech=unknown; I do not yet know how the obstacles here work, so I must discover it by"
b347829f,probe_a_mh,MiniHack-River-Narrow-v0,18,6,E,0.0,False,"A|belief={'layout': 'unknown, need to explore', 'plan': 'move east to gather more informa | mech=unknown; I do not yet know how the obstacles here work, so I must discover it by"
b347829f,probe_a_mh,MiniHack-River-Narrow-v0,18,7,E,0.0,False,"A|belief={'layout': 'unknown, need to explore', 'plan': 'move east to gather more informa | mech=unknown; I do not yet know how the obstacles here work, so I must discover it by"
b347829f,probe_a_mh,MiniHack-River-Narrow-v0,18,8,E,0.0,False,"A|belief={'layout': 'unknown, need to explore', 'plan': 'move east to gather more informa | mech=unknown; I do not yet know how the obstacles here work, so I must discover it by"
b347829f,probe_a_mh,MiniHack-River-Narrow-v0,18,9,N,0.0,False,"A|belief={'layout': 'unknown, need to explore', 'plan': 'move north to gather more inform | mech=unknown; I do not yet know how the obstacles here work, so I must discover it by"
b347829f,probe_a_mh,MiniHack-River-Narrow-v0,18,10,N,-0.01,False,"A|belief={'layout': 'unknown, need to explore', 'plan': 'move north to gather more inform | mech=unknown; I do not yet know how the obstacles here work, so I must discover it by"
b347829f,probe_a_mh,MiniHack-River-Narrow-v0,18,11,SE,0.0,False,"A|belief={'layout': 'unknown, need to explore and consider alternative paths', 'plan': 't | mech=unknown; I do not yet know how the obstacles here work, so I must discover it by | EXPERIMENT"
b347829f,probe_a_mh,MiniHack-River-Narrow-v0,18,12,N,0.0,False,"A|belief={'layout': 'unknown, need to explore and consider alternative paths', 'plan': 'm | mech=unknown; I do not yet know how the obstacles here work, so I must discover it by"
b347829f,probe_a_mh,MiniHack-River-Narrow-v0,18,13,N,-0.01,False,"A|belief={'layout': 'unknown, need to explore and consider alternative paths', 'plan': 'm | mech=unknown; I do not yet know how the obstacles here work, so I must discover it by"
b347829f,probe_a_mh,MiniHack-River-Narrow-v0,18,14,N,-0.01,False,"A|belief={'layout': 'unknown, need to explore and consider alternative paths', 'plan': 'm | mech=unknown; I do not yet know how the obstacles here work, so I must discover it by"
b347829f,probe_a_mh,MiniHack-River-Narrow-v0,18,15,E,0.0,False,"A|belief={'layout': 'unknown, need to explore and consider alternative paths', 'plan': 'm | mech=unknown; I do not yet know how the obstacles here work, so I must discover it by"
b347829f,probe_a_mh,MiniHack-River-Narrow-v0,18,16,E,0.0,False,"A|belief={'layout': 'unknown, need to explore and consider alternative paths', 'plan': 'm | mech=unknown; I do not yet know how the obstacles here work, so I must discover it by"
b347829f,probe_a_mh,MiniHack-River-Narrow-v0,18,17,S,0.0,False,"A|belief={'layout': 'unknown, need to explore and consider alternative paths', 'plan': 'm | mech=unknown; I do not yet know how the obstacles here work, so I must discover it by"
b347829f,probe_a_mh,MiniHack-River-Narrow-v0,18,18,S,0.0,False,"A|belief={'layout': 'unknown, need to explore and consider alternative paths', 'plan': 'm | mech=unknown; I do not yet know how the obstacles here work, so I must discover it by"
b347829f,probe_a_mh,MiniHack-River-Narrow-v0,18,19,S,0.0,False,"A|belief={'layout': 'unknown, need to explore and consider alternative paths', 'plan': 'm | mech=unknown; I do not yet know how the obstacles here work, so I must discover it by"
b347829f,probe_a_mh,MiniHack-River-Narrow-v0,18,20,S,0.0,False,"A|belief={'layout': 'unknown, need to explore and consider alternative paths', 'plan': 'm | mech=unknown; I do not yet know how the obstacles here work, so I must discover it by"
b347829f,probe_a_mh,MiniHack-River-Narrow-v0,18,21,S,0.0,False,"A|belief={'layout': 'unknown, need to explore and consider alternative paths', 'plan': 'm | mech=unknown; I do not yet know how the obstacles here work, so I must discover it by"
b347829f,probe_a_mh,MiniHack-River-Narrow-v0,18,22,S,0.0,False,"A|belief={'layout': 'unknown, need to explore and consider alternative paths', 'plan': 'm | mech=unknown; I do not yet know how the obstacles here work, so I must discover it by"
b347829f,probe_a_mh,MiniHack-River-Narrow-v0,18,23,SE,-0.01,False,"A|belief={'layout': 'unknown, but there may be a path through the water or lava', 'plan': | mech=unknown; I do not yet know how the obstacles here work, so I must discover it by | EXPERIMENT"
b347829f,probe_a_mh,MiniHack-River-Narrow-v0,18,24,SE,-0.01,False,"A|belief={'layout': 'unknown, but there may be a path through the water or lava', 'plan': | mech=unknown; I do not yet know how the obstacles here work, so I must discover it by"
b347829f,probe_a_mh,MiniHack-River-Narrow-v0,18,25,N,0.0,False,"A|belief={'layout': 'unknown, but there may be a path through the water or lava', 'plan': | mech=unknown; I do not yet know how the obstacles here work, so I must discover it by"
b347829f,probe_a_mh,MiniHack-River-Narrow-v0,18,26,N,0.0,False,"A|belief={'layout': 'unknown, but there may be a path through the water or lava', 'plan': | mech=unknown; I do not yet know how the obstacles here work, so I must discover it by"
b347829f,probe_a_mh,MiniHack-River-Narrow-v0,18,27,N,0.0,False,"A|belief={'layout': 'unknown, but there may be a path through the water or lava', 'plan': | mech=unknown; I do not yet know how the obstacles here work, so I must discover it by"
b347829f,probe_a_mh,MiniHack-River-Narrow-v0,18,28,N,0.0,False,"A|belief={'layout': 'unknown, but there may be a path through the water or lava', 'plan': | mech=unknown; I do not yet know how the obstacles here work, so I must discover it by"
b347829f,probe_a_mh,MiniHack-River-Narrow-v0,18,29,N,0.0,False,"A|belief={'layout': 'unknown, but there may be a path through the water or lava', 'next_m | mech=unknown; I do not yet know how the obstacles here work, so I must discover it by"
b347829f,probe_a_mh,MiniHack-River-Narrow-v0,18,30,N,0.0,False,"A|belief={'layout': 'unknown, but there may be a path through the water or lava', 'next_m | mech=unknown; I do not yet know how the obstacles here work, so I must discover it by"
b347829f,probe_a_mh,MiniHack-River-Narrow-v0,18,31,N,-0.01,False,"A|belief={'layout': 'unknown, but there may be a path through the water or lava', 'next_m | mech=unknown; I do not yet know how the obstacles here work, so I must discover it by"
b347829f,probe_a_mh,MiniHack-River-Narrow-v0,18,32,E,0.0,False,"A|belief={'layout': 'unknown, but there may be a path through the water or lava', 'next_m | mech=unknown; I do not yet know how the obstacles here work, so I must discover it by"
b347829f,probe_a_mh,MiniHack-River-Narrow-v0,18,33,E,0.0,False,"A|belief={'layout': 'unknown, but there may be a path through the water or lava', 'next_m | mech=unknown; I do not yet know how the obstacles here work, so I must discover it by"
b347829f,probe_a_mh,MiniHack-River-Narrow-v0,18,34,S,0.0,False,"A|belief={'layout': 'unknown, but there may be a path through the water or lava', 'next_m | mech=unknown; I do not yet know how the obstacles here work, so I must discover it by"
b347829f,probe_a_mh,MiniHack-River-Narrow-v0,18,35,S,0.0,False,"A|belief={'layout': 'unknown, but there may be a path through the southern water', 'next_ | mech=unknown; I do not yet know how the obstacles here work, so I must discover it by | EXPERIMENT"
b347829f,probe_a_mh,MiniHack-River-Narrow-v0,18,36,S,0.0,False,"A|belief={'layout': 'unknown, but there may be a path through the southern water', 'next_ | mech=unknown; I do not yet know how the obstacles here work, so I must discover it by"
b347829f,probe_a_mh,MiniHack-River-Narrow-v0,18,37,S,0.0,False,"A|belief={'layout': 'unknown, but there may be a path through the southern water', 'next_ | mech=unknown; I do not yet know how the obstacles here work, so I must discover it by"
b347829f,probe_a_mh,MiniHack-River-Narrow-v0,18,38,S,0.0,False,"A|belief={'layout': 'unknown, but there may be a path through the southern water', 'next_ | mech=unknown; I do not yet know how the obstacles here work, so I must discover it by"
b347829f,probe_a_mh,MiniHack-River-Narrow-v0,18,39,S,-0.01,False,"A|belief={'layout': 'unknown, but there may be a path through the southern water', 'next_ | mech=unknown; I do not yet know how the obstacles here work, so I must discover it by"
b347829f,probe_a_mh,MiniHack-River-Narrow-v0,18,40,S,-0.01,False,"A|belief={'layout': 'unknown, but there may be a path through the southern water', 'next_ | mech=unknown; I do not yet know how the obstacles here work, so I must discover it by"
b347829f,probe_a_mh,MiniHack-River-Narrow-v0,18,41,E,0.0,False,"A|belief={'layout': 'unknown, but there may be a path through the eastern or northern are | mech=unknown; I do not yet know how the obstacles here work, so I must discover it by"
b347829f,probe_a_mh,MiniHack-River-Narrow-v0,18,42,E,0.0,False,"A|belief={'layout': 'unknown, but there may be a path through the eastern or northern are | mech=unknown; I do not yet know how the obstacles here work, so I must discover it by"
b347829f,probe_a_mh,MiniHack-River-Narrow-v0,18,43,N,0.0,False,"A|belief={'layout': 'unknown, but there may be a path through the northern area, as easte | mech=unknown; I do not yet know how the obstacles here work, so I must discover it by"
b347829f,probe_a_mh,MiniHack-River-Narrow-v0,18,44,N,0.0,False,"A|belief={'layout': 'unknown, but there may be a path through the northern area, as easte | mech=unknown; I do not yet know how the obstacles here work, so I must discover it by"
b347829f,probe_a_mh,MiniHack-River-Narrow-v0,18,45,N,0.0,False,"A|belief={'layout': 'unknown, but there may be a path through the northern area, as easte | mech=unknown; I do not yet know how the obstacles here work, so I must discover it by"
b347829f,probe_a_mh,MiniHack-River-Narrow-v0,18,46,N,0.0,False,"A|belief={'layout': 'unknown, but there may be a path through the northern area, as easte | mech=unknown; I do not yet know how the obstacles here work, so I must discover it by"
b347829f,probe_a_mh,MiniHack-River-Narrow-v0,18,47,N,0.0,False,"A|belief={'layout': 'unknown, but there may be a path through the northern area or by int | mech=unknown; I do not yet know how the obstacles here work, so I must discover it by | EXPERIMENT"
b347829f,probe_a_mh,MiniHack-River-Narrow-v0,18,48,N,0.0,False,"A|belief={'layout': 'unknown, but there may be a path through the northern area or by int | mech=unknown; I do not yet know how the obstacles here work, so I must discover it by"
b347829f,probe_a_mh,MiniHack-River-Narrow-v0,18,49,N,-0.01,False,"A|belief={'layout': 'unknown, but there may be a path through the northern area or by int | mech=unknown; I do not yet know how the obstacles here work, so I must discover it by"
b347829f,probe_a_mh,MiniHack-River-Narrow-v0,18,50,N,-0.01,False,"A|belief={'layout': 'unknown, but there may be a path through the northern area or by int | mech=unknown; I do not yet know how the obstacles here work, so I must discover it by"
b347829f,probe_a_mh,MiniHack-River-Narrow-v0,18,51,S,0.0,False,"A|belief={'layout': 'unknown, but there may be a path through the southern area or by int | mech=unknown; I do not yet know how the obstacles here work, so I must discover it by"
b347829f,probe_a_mh,MiniHack-River-Narrow-v0,18,52,S,0.0,False,"A|belief={'layout': 'unknown, but there may be a path through the southern area or by int | mech=unknown; I do not yet know how the obstacles here work, so I must discover it by"
b347829f,probe_a_mh,MiniHack-River-Narrow-v0,18,53,S,0.0,False,"A|belief={'layout': 'unknown, but there may be a path through the southern area or by int | mech=unknown; I do not yet know how the obstacles here work, so I must discover it by"
b347829f,probe_a_mh,MiniHack-River-Narrow-v0,18,54,S,0.0,False,"A|belief={'layout': 'unknown, but there may be a path through the southern area or by int | mech=unknown; I do not yet know how the obstacles here work, so I must discover it by"
b347829f,probe_a_mh,MiniHack-River-Narrow-v0,18,55,S,0.0,False,"A|belief={'layout': 'unknown, but there may be a path through the southern area or by int | mech=unknown; I do not yet know how the obstacles here work, so I must discover it by"
b347829f,probe_a_mh,MiniHack-River-Narrow-v0,18,56,S,0.0,False,"A|belief={'layout': 'unknown, but there may be a path through the southern area or by int | mech=unknown; I do not yet know how the obstacles here work, so I must discover it by"
b347829f,probe_a_mh,MiniHack-River-Narrow-v0,18,57,S,-0.01,False,"A|belief={'layout': 'unknown, but there may be a path through the southern area or by int | mech=unknown; I do not yet know how the obstacles here work, so I must discover it by"
b347829f,probe_a_mh,MiniHack-River-Narrow-v0,18,58,S,-0.01,False,"A|belief={'layout': 'unknown, but there may be a path through the southern area or by int | mech=unknown; I do not yet know how the obstacles here work, so I must discover it by"
b347829f,probe_a_mh,MiniHack-River-Narrow-v0,18,59,E,0.0,False,"A|belief={'layout': 'unknown, but there may be a path through the eastern area or by inte | mech=I hypothesize that the lava/water may be crossable or that the walls may be brea | EXPERIMENT"
b347829f,probe_a_mh,MiniHack-River-Narrow-v0,18,60,N,0.0,False,"A|belief={'layout': 'unknown, but there may be a path through the southern area or by int | mech=I hypothesize that the lava/water may be crossable or that the walls may be brea"
b347829f,probe_a_mh,MiniHack-River-Narrow-v0,18,61,N,0.0,False,"A|belief={'layout': 'unknown, but there may be a path through the southern area or by int | mech=I hypothesize that the lava/water may be crossable or that the walls may be brea"
b347829f,probe_a_mh,MiniHack-River-Narrow-v0,18,62,S,0.0,False,"A|belief={'layout': 'unknown, but there may be a path through the southern area or by int | mech=I hypothesize that the lava/water may be crossable or that the walls may be brea"
b347829f,probe_a_mh,MiniHack-River-Narrow-v0,18,63,S,0.0,False,"A|belief={'layout': 'unknown, but there may be a path through the southern area or by int | mech=I hypothesize that the lava/water may be crossable or that the walls may be brea"
b347829f,probe_a_mh,MiniHack-River-Narrow-v0,18,64,S,-0.01,False,"A|belief={'layout': 'unknown, but there may be a path through the southern area or by int | mech=I hypothesize that the lava/water may be crossable or that the walls may be brea"
b347829f,probe_a_mh,MiniHack-River-Narrow-v0,18,65,E,0.0,False,"A|belief={'layout': 'unknown, but there may be a path through the eastern area or by inte | mech=I hypothesize that the lava/water may be crossable or that the walls may be brea"
b347829f,probe_a_mh,MiniHack-River-Narrow-v0,18,66,E,0.0,False,"A|belief={'layout': 'unknown, but there may be a path through the eastern area or by inte | mech=I hypothesize that the lava/water may be crossable or that the walls may be brea"
b347829f,probe_a_mh,MiniHack-River-Narrow-v0,18,67,E,0.0,False,"A|belief={'layout': 'unknown, but there may be a path through the eastern area or by inte | mech=I hypothesize that the lava/water may be crossable or that the walls may be brea"
b347829f,probe_a_mh,MiniHack-River-Narrow-v0,18,68,S,-0.01,False,"A|belief={'layout': 'unknown, but there may be a path through the eastern area or by inte | mech=I hypothesize that the lava/water may be crossable or that the walls may be brea"
b347829f,probe_a_mh,MiniHack-River-Narrow-v0,18,69,SE,-0.01,False,"A|belief={'layout': 'unknown, but there may be a path through the eastern area or by inte | mech=I hypothesize that the lava/water may be crossable or that the walls may be brea"
b347829f,probe_a_mh,MiniHack-River-Narrow-v0,18,70,N,0.0,False,"A|belief={'layout': 'unknown, but there may be a path through the eastern area or by inte | mech=I hypothesize that the lava/water may be crossable or that the walls may be brea"
b347829f,probe_a_mh,MiniHack-River-Narrow-v0,18,71,N,0.0,False,"A|belief={'layout': 'unknown, but there may be a path through the eastern area or by inte | mech=I hypothesize that the lava/water may be crossable or that the walls may be brea"
b347829f,probe_a_mh,MiniHack-River-Narrow-v0,18,72,N,0.0,False,"A|belief={'layout': 'unknown, but there may be a path through the eastern area or by inte | mech=I hypothesize that the lava/water may be crossable or that the walls may be brea"
b347829f,probe_a_mh,MiniHack-River-Narrow-v0,18,73,N,0.0,False,"A|belief={'layout': 'unknown, but there may be a path through the eastern area or by inte | mech=I hypothesize that the lava/water may be crossable or that the walls may be brea"
b347829f,probe_a_mh,MiniHack-River-Narrow-v0,18,74,E,0.0,False,"A|belief={'layout': 'unknown, but there may be a path through the eastern area or by inte | mech=I hypothesize that the lava/water may be crossable or that the walls may be brea"
b347829f,probe_a_mh,MiniHack-River-Narrow-v0,18,75,E,0.0,False,"A|belief={'layout': 'unknown, but there may be a path through the eastern area or by inte | mech=I hypothesize that the lava/water may be crossable or that the walls may be brea"
b347829f,probe_a_mh,MiniHack-River-Narrow-v0,18,76,S,0.0,False,"A|belief={'layout': 'unknown, but there may be a path through the southern area or by int | mech=I hypothesize that the lava/water may be crossable or that the walls may be brea"
b347829f,probe_a_mh,MiniHack-River-Narrow-v0,18,77,S,0.0,False,"A|belief={'layout': 'unknown, but there may be a path through the southern area or by int | mech=I hypothesize that the lava/water may be crossable or that the walls may be brea"
b347829f,probe_a_mh,MiniHack-River-Narrow-v0,18,78,S,0.0,False,"A|belief={'layout': 'unknown, but there may be a path through the southern area or by int | mech=I hypothesize that the lava/water may be crossable or that the walls may be brea"
b347829f,probe_a_mh,MiniHack-River-Narrow-v0,18,79,S,0.0,False,"A|belief={'layout': 'unknown, but there may be a path through the southern area or by int | mech=I hypothesize that the lava/water may be crossable or that the walls may be brea"
b347829f,probe_a_mh,MiniHack-River-Narrow-v0,18,80,S,-0.01,False,"A|belief={'layout': 'unknown, but there may be a path through the southern area or by int | mech=I hypothesize that the lava/water may be crossable or that the walls may be brea"
b347829f,probe_a_mh,MiniHack-River-Narrow-v0,18,81,S,-0.01,False,"A|belief={'layout': 'unknown, but there may be a path through the southern area or by int | mech=I hypothesize that the lava/water may be crossable or that the walls may be brea"
b347829f,probe_a_mh,MiniHack-River-Narrow-v0,18,82,E,0.0,False,"A|belief={'layout': 'unknown, but there may be a path through the eastern area or by inte | mech=I hypothesize that the lava/water may be crossable or that the walls may be brea"
b347829f,probe_a_mh,MiniHack-River-Narrow-v0,18,83,E,0.0,False,"A|belief={'layout': 'unknown, but there may be a path through the eastern area or by inte | mech=I hypothesize that the lava/water may be crossable or that the walls may be brea"
b347829f,probe_a_mh,MiniHack-River-Narrow-v0,18,84,N,0.0,False,"A|belief={'layout': 'unknown, but there may be a path through the southern area or by int | mech=I hypothesize that the lava/water may be crossable or that the walls may be brea"
b347829f,probe_a_mh,MiniHack-River-Narrow-v0,18,85,S,0.0,False,"A|belief={'layout': 'unknown, but there may be a path through the southern area or by int | mech=I hypothesize that the lava/water may be crossable or that the walls may be brea"
b347829f,probe_a_mh,MiniHack-River-Narrow-v0,18,86,S,-0.01,False,"A|belief={'layout': 'unknown, but there may be a path through the southern area or by int | mech=I hypothesize that the lava/water may be crossable or that the walls may be brea"
b347829f,probe_a_mh,MiniHack-River-Narrow-v0,18,87,E,0.0,False,"A|belief={'layout': 'unknown, but there may be a path through the eastern area or by inte | mech=I hypothesize that the lava/water may be crossable or that the walls may be brea"
b347829f,probe_a_mh,MiniHack-River-Narrow-v0,18,88,E,0.0,False,"A|belief={'layout': 'unknown, but there may be a path through the eastern area or by inte | mech=I hypothesize that the lava/water may be crossable or that the walls may be brea"
b347829f,probe_a_mh,MiniHack-River-Narrow-v0,18,89,S,0.0,False,"A|belief={'layout': 'unknown, but there may be a path through the southern area or by int | mech=I hypothesize that the lava/water may be crossable or that the walls may be brea"
b347829f,probe_a_mh,MiniHack-River-Narrow-v0,18,90,S,-0.01,False,"A|belief={'layout': 'unknown, but there may be a path through the southern area or by int | mech=I hypothesize that the lava/water may be crossable or that the walls may be brea"
b347829f,probe_a_mh,MiniHack-River-Narrow-v0,18,91,N,0.0,False,"A|belief={'layout': 'unknown, but there may be a path through the eastern area or by inte | mech=I hypothesize that the lava/water may be crossable or that the walls may be brea"
b347829f,probe_a_mh,MiniHack-River-Narrow-v0,18,92,E,0.0,False,"A|belief={'layout': 'unknown, but there may be a path through the eastern area or by inte | mech=I hypothesize that the lava/water may be crossable or that the walls may be brea"
b347829f,probe_a_mh,MiniHack-River-Narrow-v0,18,93,S,-0.01,False,"A|belief={'layout': 'unknown, but there may be a path through the southern area', 'next_m | mech=I hypothesize that the lava/water may be crossable or that the walls may be brea"
b347829f,probe_a_mh,MiniHack-River-Narrow-v0,18,94,E,0.0,False,"A|belief={'layout': 'unknown, but there may be a path through the eastern area', 'next_mo | mech=I hypothesize that the lava/water may be crossable or that the walls may be brea"
b347829f,probe_a_mh,MiniHack-River-Narrow-v0,18,95,S,-0.01,False,"A|belief={'layout': 'unknown, but there may be a path through the southern area', 'next_m | mech=I hypothesize that the lava/water may be crossable or that the walls may be brea"
b347829f,probe_a_mh,MiniHack-River-Narrow-v0,18,96,E,0.0,False,"A|belief={'layout': 'unknown, but there may be a path through the eastern area', 'next_mo | mech=I hypothesize that the lava/water may be crossable or that the walls may be brea"
b347829f,probe_a_mh,MiniHack-River-Narrow-v0,18,97,S,-0.01,False,"A|belief={'layout': 'unknown, but there may be a path through the southern area', 'next_m | mech=I hypothesize that the lava/water may be crossable or that the walls may be brea"
b347829f,probe_a_mh,MiniHack-River-Narrow-v0,18,98,E,0.0,False,"A|belief={'layout': 'unknown, but there may be a path through the eastern area', 'next_mo | mech=I hypothesize that the lava/water may be crossable or that the walls may be brea"
b347829f,probe_a_mh,MiniHack-River-Narrow-v0,18,99,S,-0.01,False,"A|belief={'layout': 'unknown, but there may be a path through the southern area', 'next_m | mech=I hypothesize that the lava/water may be crossable or that the walls may be brea"
b347829f,probe_a_mh,MiniHack-River-Narrow-v0,18,100,E,0.0,False,"A|belief={'layout': 'unknown, but there may be a path through the eastern area', 'next_mo | mech=I hypothesize that the lava/water may be crossable or that the walls may be brea"
b347829f,probe_a_mh,MiniHack-River-Narrow-v0,18,101,S,0.0,False,"A|belief={'layout': 'unknown, but there may be a path through the southern area', 'next_m | mech=I hypothesize that the lava/water may be crossable or that the walls may be brea"
b347829f,probe_a_mh,MiniHack-River-Narrow-v0,18,102,S,-0.01,False,"A|belief={'layout': 'unknown, but there may be a path through the southern area', 'next_m | mech=I hypothesize that the lava/water may be crossable or that the walls may be brea"
b347829f,probe_a_mh,MiniHack-River-Narrow-v0,18,103,E,0.0,False,"A|belief={'layout': 'unknown, but there may be a path through the eastern area', 'next_mo | mech=I hypothesize that the lava/water may be crossable or that the walls may be brea"
b347829f,probe_a_mh,MiniHack-River-Narrow-v0,18,104,S,-0.01,False,"A|belief={'layout': 'unknown, but there may be a path through the southern area', 'next_m | mech=I hypothesize that the lava/water may be crossable by finding a way to fill it o | EXPERIMENT"
b347829f,probe_a_mh,MiniHack-River-Narrow-v0,18,105,E,0.0,False,"A|belief={'layout': 'unknown, but there may be a hidden passage or alternative route', 'n | mech=I hypothesize that the lava/water may be crossable by finding a way to fill it o | EXPERIMENT"
b347829f,probe_a_mh,MiniHack-River-Narrow-v0,18,106,S,0.0,False,"A|belief={'layout': 'unknown, but there may be a hidden passage or alternative route, and | mech=I hypothesize that the lava/water may be crossable by finding a way to fill it o | EXPERIMENT"
b347829f,probe_a_mh,MiniHack-River-Narrow-v0,18,107,E,0.0,False,"A|belief={'layout': 'there may be a hidden passage or alternative route, and the current  | mech=I hypothesize that the lava/water may be crossable by finding a way to fill it o | EXPERIMENT"
b347829f,probe_a_mh,MiniHack-River-Narrow-v0,18,108,E,0.0,False,"A|belief={'layout': 'there may be a hidden passage or alternative route, and the current  | mech=I hypothesize that the lava/water may be crossable by finding a way to fill it o | EXPERIMENT"
b347829f,probe_a_mh,MiniHack-River-Narrow-v0,18,109,W,0.0,False,"A|belief={'layout': 'there may be a hidden passage or alternative route, and the current  | mech=I hypothesize that the lava/water may be crossable by finding a way to fill it o | EXPERIMENT"
b347829f,probe_a_mh,MiniHack-River-Narrow-v0,18,110,E,0.0,False,"A|belief={'layout': 'there may be a hidden passage or alternative route, and the current  | mech=I hypothesize that the lava/water may be crossable by finding a way to fill it o"
b347829f,probe_a_mh,MiniHack-River-Narrow-v0,18,111,E,0.0,False,"A|belief={'layout': 'there may be a hidden passage or alternative route, and the current  | mech=I hypothesize that the lava/water may be crossable by finding a way to fill it o"
b347829f,probe_a_mh,MiniHack-River-Narrow-v0,18,112,N,0.0,False,"A|belief={'layout': 'there may be a hidden passage or alternative route, and the current  | mech=I hypothesize that the lava/water may be crossable by finding a way to fill it o"
b347829f,probe_a_mh,MiniHack-River-Narrow-v0,18,113,N,0.0,False,"A|belief={'layout': 'there may be a hidden passage or alternative route, and the current  | mech=I hypothesize that the lava/water may be crossable by finding a way to fill it o"
b347829f,probe_a_mh,MiniHack-River-Narrow-v0,18,114,N,0.0,False,"A|belief={'layout': 'there may be a hidden passage or alternative route, and the current  | mech=I hypothesize that the lava/water may be crossable by finding a way to fill it o"
b347829f,probe_a_mh,MiniHack-River-Narrow-v0,18,115,N,0.0,False,"A|belief={'layout': 'there may be a hidden passage or alternative route, and the current  | mech=I hypothesize that the lava/water may be crossable by finding a way to fill it o"
b347829f,probe_a_mh,MiniHack-River-Narrow-v0,18,116,N,0.0,False,"A|belief={'layout': 'there may be a hidden passage or alternative route, and the current  | mech=I hypothesize that the lava/water may be crossable by finding a way to fill it o"
b347829f,probe_a_mh,MiniHack-River-Narrow-v0,18,117,N,0.0,False,"A|belief={'layout': 'there may be a hidden passage or alternative route, and the current  | mech=I hypothesize that the lava/water may be crossable by finding a way to fill it o"
b347829f,probe_a_mh,MiniHack-River-Narrow-v0,18,118,N,-0.01,False,"A|belief={'layout': 'there may be a hidden passage or alternative route, and the current  | mech=I hypothesize that the lava/water may be crossable by finding a way to fill it o"
b347829f,probe_a_mh,MiniHack-River-Narrow-v0,18,119,S,0.0,False,"A|belief={'layout': 'there may be a hidden passage or alternative route, and the current  | mech=I hypothesize that the lava/water may be crossable by finding a way to fill it o"
b347829f,probe_a_mh,MiniHack-River-Narrow-v0,19,0,N,0.0,False,"A|belief={'layout': ""I am in a room with lava or water to the east and south, my goal is  | mech=unknown; I do not yet know how the obstacles here work, so I must discover it by"
b347829f,probe_a_mh,MiniHack-River-Narrow-v0,19,1,N,0.0,False,"A|belief={'layout': ""I am in a room with lava or water to the east and south, my goal is  | mech=unknown; I do not yet know how the obstacles here work, so I must discover it by"
b347829f,probe_a_mh,MiniHack-River-Narrow-v0,19,2,W,0.0,False,"A|belief={'layout': ""I am in a room with lava or water to the east and south, my goal is  | mech=unknown; I do not yet know how the obstacles here work, so I must discover it by"
b347829f,probe_a_mh,MiniHack-River-Narrow-v0,19,3,W,0.0,False,"A|belief={'layout': ""I am in a room with lava or water to the east and south, my goal is  | mech=unknown; I do not yet know how the obstacles here work, so I must discover it by"
b347829f,probe_a_mh,MiniHack-River-Narrow-v0,19,4,N,0.0,False,"A|belief={'layout': ""I am in a room with lava or water to the east and south, my goal is  | mech=I have tried moving west and did not hit a wall, but I still do not know how the"
b347829f,probe_a_mh,MiniHack-River-Narrow-v0,19,5,W,0.0,False,"A|belief={'layout': ""I am in a room with lava or water to the east and south, my goal is  | mech=I have tried moving in different directions and did not hit a wall to the west o"
b347829f,probe_a_mh,MiniHack-River-Narrow-v0,19,6,N,-0.01,False,"A|belief={'layout': ""I am in a room with lava or water to the east and south, my goal is  | mech=I have tried moving in different directions and did not hit a wall to the west o"
b347829f,probe_a_mh,MiniHack-River-Narrow-v0,19,7,N,-0.01,False,"A|belief={'layout': ""I am in a room with lava or water to the east and south, my goal is  | mech=I have tried moving in different directions and did not hit a wall to the west o"
b347829f,probe_a_mh,MiniHack-River-Narrow-v0,19,8,W,0.0,False,"A|belief={'layout': ""I am in a room with lava or water to the east and south, my goal is  | mech=I have tried moving in different directions and did not hit a wall to the west o"
b347829f,probe_a_mh,MiniHack-River-Narrow-v0,19,9,W,0.0,False,"A|belief={'layout': ""I am in a room with lava or water to the east and south, my goal is  | mech=I have tried moving in different directions and did not hit a wall to the west o"
b347829f,probe_a_mh,MiniHack-River-Narrow-v0,19,10,W,0.0,False,"A|belief={'layout': ""I am in a room with lava or water to the east and south, my goal is  | mech=I have tried moving in different directions and did not hit a wall to the west o"
b347829f,probe_a_mh,MiniHack-River-Narrow-v0,19,11,W,0.0,False,"A|belief={'layout': ""I am in a room with lava or water to the east and south, my goal is  | mech=I have tried moving in different directions and did not hit a wall to the west o"
b347829f,probe_a_mh,MiniHack-River-Narrow-v0,19,12,W,0.0,False,"A|belief={'layout': ""I am in a room with lava or water to the east and south, my goal is  | mech=I have tried moving in different directions and did not hit a wall to the west o"
b347829f,probe_a_mh,MiniHack-River-Narrow-v0,19,13,W,0.0,False,"A|belief={'layout': ""I am in a room with lava or water to the east and south, my goal is  | mech=I have tried moving in different directions and did not hit a wall to the west o"
b347829f,probe_a_mh,MiniHack-River-Narrow-v0,19,14,W,0.0,False,"A|belief={'layout': ""I am in a room with lava or water to the east and south, my goal is  | mech=I have tried moving in different directions and did not hit a wall to the west o"
b347829f,probe_a_mh,MiniHack-River-Narrow-v0,19,15,W,0.0,False,"A|belief={'layout': ""I am in a room with lava or water to the east and south, my goal is  | mech=I have tried moving in different directions and did not hit a wall to the west o"
b347829f,probe_a_mh,MiniHack-River-Narrow-v0,19,16,W,0.0,False,"A|belief={'layout': ""I am in a room with lava or water to the east and south, my goal is  | mech=I have tried moving in different directions and did not hit a wall to the west o"
b347829f,probe_a_mh,MiniHack-River-Narrow-v0,19,17,W,-0.01,False,"A|belief={'layout': ""I am in a room with lava or water to the east and south, my goal is  | mech=I have tried moving in different directions and did not hit a wall to the west o"
b347829f,probe_a_mh,MiniHack-River-Narrow-v0,19,18,W,-0.01,False,"A|belief={'layout': ""I am in a room with lava or water to the east and south, my goal is  | mech=I have tried moving in different directions and did not hit a wall to the west, "
b347829f,probe_a_mh,MiniHack-River-Narrow-v0,19,19,S,0.0,False,"A|belief={'layout': ""I am in a room with lava or water to the east and south, my goal is  | mech=I have tried moving in different directions and hit a wall to the west and north"
b347829f,probe_a_mh,MiniHack-River-Narrow-v0,19,20,S,0.0,False,"A|belief={'layout': ""I am in a room with lava or water to the east and south, my goal is  | mech=I have tried moving in different directions and hit a wall to the west and north"
b347829f,probe_a_mh,MiniHack-River-Narrow-v0,19,21,S,0.0,False,"A|belief={'layout': ""I am in a room with lava or water to the east and south, my goal is  | mech=I have tried moving in different directions and hit a wall to the west and north"
b347829f,probe_a_mh,MiniHack-River-Narrow-v0,19,22,S,0.0,False,"A|belief={'layout': ""I am in a room with lava or water to the east and south, my goal is  | mech=I have tried moving in different directions and hit a wall to the west and north"
b347829f,probe_a_mh,MiniHack-River-Narrow-v0,19,23,S,0.0,False,"A|belief={'layout': ""I am in a room with lava or water to the east and south, my goal is  | mech=I have tried moving in different directions and hit a wall to the west and north"
b347829f,probe_a_mh,MiniHack-River-Narrow-v0,19,24,S,0.0,False,"A|belief={'layout': ""I am in a room with lava or water to the east and south, my goal is  | mech=I have tried moving in different directions and hit a wall to the west and north"
b347829f,probe_a_mh,MiniHack-River-Narrow-v0,19,25,S,-0.01,False,"A|belief={'layout': ""I am in a room with lava or water to the east and south, my goal is  | mech=I have tried moving in different directions and hit a wall to the west and north"
b347829f,probe_a_mh,MiniHack-River-Narrow-v0,19,26,S,-0.01,False,"A|belief={'layout': ""I am in a room with lava or water to the east and south, my goal is  | mech=I have tried moving in different directions and hit a wall to the west and north"
b347829f,probe_a_mh,MiniHack-River-Narrow-v0,19,27,E,0.0,False,"A|belief={'layout': ""I am in a room with lava or water to the east and south, my goal is  | mech=I have tried moving in different directions and hit a wall to the west, north, a"
b347829f,probe_a_mh,MiniHack-River-Narrow-v0,19,28,E,0.0,False,"A|belief={'layout': ""I am in a room with lava or water to the east and south, my goal is  | mech=I have tried moving in different directions and hit a wall to the west, north, a"
b347829f,probe_a_mh,MiniHack-River-Narrow-v0,19,29,E,0.0,False,"A|belief={'layout': ""I am in a room with lava or water to the east and south, my goal is  | mech=I have tried moving in different directions and hit a wall to the west, north, a"
b347829f,probe_a_mh,MiniHack-River-Narrow-v0,19,30,E,0.0,False,"A|belief={'layout': ""I am in a room with lava or water to the east and south, my goal is  | mech=I have tried moving in different directions and hit a wall to the west, north, a"
b347829f,probe_a_mh,MiniHack-River-Narrow-v0,19,31,E,0.0,False,"A|belief={'layout': ""I am in a room with lava or water to the east and south, my goal is  | mech=I have tried moving in different directions and hit a wall to the west, north, a"
b347829f,probe_a_mh,MiniHack-River-Narrow-v0,19,32,E,0.0,False,"A|belief={'layout': ""I am in a room with lava or water to the east and south, my goal is  | mech=I have tried moving in different directions and hit a wall to the west, north, a"
b347829f,probe_a_mh,MiniHack-River-Narrow-v0,19,33,E,0.0,False,"A|belief={'layout': ""I am in a room with lava or water to the east and south, my goal is  | mech=I have tried moving in different directions and hit a wall to the west, north, a"
b347829f,probe_a_mh,MiniHack-River-Narrow-v0,19,34,E,0.0,False,"A|belief={'layout': ""I am in a room with lava or water to the east and south, my goal is  | mech=I have tried moving in different directions and hit a wall to the west, north, a"
b347829f,probe_a_mh,MiniHack-River-Narrow-v0,19,35,E,0.0,False,"A|belief={'layout': ""I am in a room with lava or water to the east and south, my goal is  | mech=I have tried moving in different directions and hit a wall to the west, north, a"
b347829f,probe_a_mh,MiniHack-River-Narrow-v0,19,36,E,0.0,False,"A|belief={'layout': ""I am in a room with lava or water to the east and south, my goal is  | mech=I have tried moving in different directions and hit a wall to the west, north, a"
b347829f,probe_a_mh,MiniHack-River-Narrow-v0,19,37,E,0.0,False,"A|belief={'layout': ""I am in a room with lava or water to the east and south, my goal is  | mech=I have tried moving in different directions and hit a wall to the west, north, a"
b347829f,probe_a_mh,MiniHack-River-Narrow-v0,19,38,E,0.0,False,"A|belief={'layout': ""I am in a room with lava or water to the east and south, my goal is  | mech=I have tried moving in different directions and hit a wall to the west, north, a"
b347829f,probe_a_mh,MiniHack-River-Narrow-v0,19,39,E,0.0,False,"A|belief={'layout': ""I am in a room with lava or water to the east and south, my goal is  | mech=I have tried moving in different directions and hit a wall to the west, north, a"
b347829f,probe_a_mh,MiniHack-River-Narrow-v0,19,40,E,0.0,False,"A|belief={'layout': ""I am in a room with lava or water to the east and south, my goal is  | mech=I have tried moving in different directions and hit a wall to the west, north, a"
b347829f,probe_a_mh,MiniHack-River-Narrow-v0,19,41,E,0.0,False,"A|belief={'layout': ""I am in a room with lava or water to the east and south, my goal is  | mech=I have tried moving in different directions and hit a wall to the west, north, a"
b347829f,probe_a_mh,MiniHack-River-Narrow-v0,19,42,E,0.0,False,"A|belief={'layout': ""I am in a room with lava or water to the east and south, my goal is  | mech=I have tried moving in different directions and hit a wall to the west, north, a"
b347829f,probe_a_mh,MiniHack-River-Narrow-v0,19,43,E,0.0,False,"A|belief={'layout': ""I am in a room with lava or water to the east and south, my goal is  | mech=I have tried moving in different directions and hit a wall to the west, north, a"
b347829f,probe_a_mh,MiniHack-River-Narrow-v0,19,44,E,0.0,False,"A|belief={'layout': ""I am in a room with lava or water to the east and south, my goal is  | mech=I have tried moving in different directions and hit a wall to the west, north, a"
b347829f,probe_a_mh,MiniHack-River-Narrow-v0,19,45,E,0.0,False,"A|belief={'layout': ""I am in a room with lava or water to the east and south, my goal is  | mech=I have tried moving in different directions and hit a wall to the west, north, a"
b347829f,probe_a_mh,MiniHack-River-Narrow-v0,19,46,E,0.0,False,"A|belief={'layout': ""I am in a room with lava or water to the east and south, my goal is  | mech=I have tried moving in different directions and hit a wall to the west, north, a"
b347829f,probe_a_mh,MiniHack-River-Narrow-v0,19,47,E,0.0,False,"A|belief={'layout': ""I am in a room with lava or water to the east and south, my goal is  | mech=I have tried moving in different directions and hit a wall to the west, north, a"
b347829f,probe_a_mh,MiniHack-River-Narrow-v0,19,48,SE,0.0,False,"A|belief={'layout': ""I am in a room with lava or water to the east and south, my goal is  | mech=I have tried moving in different directions and hit a wall to the west, north, s"
b347829f,probe_a_mh,MiniHack-River-Narrow-v0,19,49,NW,0.0,False,"A|belief={'layout': ""I am in a room with lava or water to the east and south, my goal is  | mech=I have tried moving in different directions and hit a wall to the west, north, s"
b347829f,probe_a_mh,MiniHack-River-Narrow-v0,19,50,NE,0.0,False,"A|belief={'layout': ""I am in a room with lava or water to the east and south, my goal is  | mech=I have tried moving in different directions and hit a wall to the west, north, s"
b347829f,probe_a_mh,MiniHack-River-Narrow-v0,19,51,SW,0.0,False,"A|belief={'layout': ""I am in a room with lava or water to the east and south, my goal is  | mech=I have tried moving in different directions and hit a wall to the west, north, s"
b347829f,probe_a_mh,MiniHack-River-Narrow-v0,19,52,SE,0.0,False,"A|belief={'layout': ""I am in a room with lava or water to the east and south, my goal is  | mech=I have tried moving in different directions and hit a wall to the west, north, s"
b347829f,probe_a_mh,MiniHack-River-Narrow-v0,19,53,NW,0.0,False,"A|belief={'layout': ""I am in a room with lava or water to the east and south, my goal is  | mech=I have tried moving in different directions and hit a wall to the west, north, s"
b347829f,probe_a_mh,MiniHack-River-Narrow-v0,19,54,NW,0.0,False,"A|belief={'layout': ""I am in a room with lava or water to the east and south, my goal is  | mech=I have tried moving in different directions and hit a wall to the west, north, s"
b347829f,probe_a_mh,MiniHack-River-Narrow-v0,19,55,NE,0.0,False,"A|belief={'layout': ""I am in a room with lava or water to the east and south, my goal is  | mech=I have tried moving in different directions and hit a wall to the west, north, s"
b347829f,probe_a_mh,MiniHack-River-Narrow-v0,19,56,NE,0.0,False,"A|belief={'layout': ""I am in a room with lava or water to the east and south, my goal is  | mech=I have tried moving in different directions and hit a wall to the west, north, s"
b347829f,probe_a_mh,MiniHack-River-Narrow-v0,19,57,NE,0.0,False,"A|belief={'layout': ""I am in a room with lava or water to the east and south, my goal is  | mech=I have tried moving in different directions and hit a wall to the west, north, s"
b347829f,probe_a_mh,MiniHack-River-Narrow-v0,19,58,NE,0.0,False,"A|belief={'layout': ""I am in a room with lava or water to the east and south, my goal is  | mech=I have tried moving in different directions and hit a wall to the west, north, s"
b347829f,probe_a_mh,MiniHack-River-Narrow-v0,19,59,NW,-0.01,False,"A|belief={'layout': ""I am in a room with lava or water to the east and south, my goal is  | mech=I have tried moving in different directions and hit a wall to the west, north, s"
b347829f,probe_a_mh,MiniHack-River-Narrow-v0,19,60,NE,-0.01,False,"A|belief={'layout': ""I am in a room with lava or water to the east and south, my goal is  | mech=I have tried moving in different directions and hit a wall to the west, north, s"
b347829f,probe_a_mh,MiniHack-River-Narrow-v0,19,61,NW,-0.01,False,"A|belief={'layout': ""I am in a room with lava or water to the east and south, my goal is  | mech=I have tried moving in different directions and hit a wall to the west, north, s"
b347829f,probe_a_mh,MiniHack-River-Narrow-v0,19,62,SE,0.0,False,"A|belief={'layout': ""I am in a room with lava or water to the east and south, my goal is  | mech=I have tried moving in different directions and hit a wall to the west, north, s"
b347829f,probe_a_mh,MiniHack-River-Narrow-v0,19,63,SE,0.0,False,"A|belief={'layout': ""I am in a room with lava or water to the east and south, my goal is  | mech=I have tried moving in different directions and hit a wall to the west, north, s"
b347829f,probe_a_mh,MiniHack-River-Narrow-v0,19,64,N,-0.01,False,"A|belief={'layout': ""I am in a room with lava or water to the east and south, my goal is  | mech=I have tried moving in different directions and hit a wall to the west, north, s"
b347829f,probe_a_mh,MiniHack-River-Narrow-v0,19,65,NW,-0.01,False,"A|belief={'layout': ""I am in a room with lava or water to the east and south, my goal is  | mech=I have tried moving in different directions and hit a wall to the west, north, s"
b347829f,probe_a_mh,MiniHack-River-Narrow-v0,19,66,SW,0.0,False,"A|belief={'layout': ""I am in a room with lava or water to the east and south, my goal is  | mech=I have tried moving in different directions and hit a wall to the west, north, s"
b347829f,probe_a_mh,MiniHack-River-Narrow-v0,19,67,SW,0.0,False,"A|belief={'layout': ""I am in a room with lava or water to the east and south, my goal is  | mech=I have tried moving in different directions and hit a wall to the west, north, s"
b347829f,probe_a_mh,MiniHack-River-Narrow-v0,19,68,SE,0.0,False,"A|belief={'layout': ""I am in a room with lava or water to the east and south, my goal is  | mech=I have tried moving in different directions and hit a wall to the west, north, s"
b347829f,probe_a_mh,MiniHack-River-Narrow-v0,19,69,NE,0.0,False,"A|belief={'layout': ""I am in a room with lava or water to the east and south, my goal is  | mech=I have tried moving in different directions and hit a wall to the west, north, s"
b347829f,probe_a_mh,MiniHack-River-Narrow-v0,19,70,E,0.0,False,"A|belief={'layout': ""I am in a room with lava or water to the east and south, my goal is  | mech=I have tried moving in different directions and hit a wall to the west, north, s"
b347829f,probe_a_mh,MiniHack-River-Narrow-v0,19,71,NW,0.0,False,"A|belief={'layout': ""I am in a room with lava or water to the east and south, my goal is  | mech=I have tried moving in different directions and hit a wall to the west, north, s"
b347829f,probe_a_mh,MiniHack-River-Narrow-v0,19,72,NW,-0.01,False,"A|belief={'layout': ""I am in a room with lava or water to the east and south, my goal is  | mech=I have tried moving in different directions and hit a wall to the west, north, s"
b347829f,probe_a_mh,MiniHack-River-Narrow-v0,19,73,NE,-0.01,False,"A|belief={'layout': ""I am in a room with lava or water to the east and south, my goal is  | mech=I have tried moving in different directions and hit a wall to the west, north, s"
b347829f,probe_a_mh,MiniHack-River-Narrow-v0,19,74,NW,-0.01,False,"A|belief={'layout': ""I am in a room with lava or water to the east and south, my goal is  | mech=I have tried moving in different directions and hit a wall to the west, north, s"
b347829f,probe_a_mh,MiniHack-River-Narrow-v0,19,75,SW,0.0,False,"A|belief={'layout': ""I am in a room with lava or water to the east and south, my goal is  | mech=I have tried moving in different directions and hit a wall to the west, north, s"
b347829f,probe_a_mh,MiniHack-River-Narrow-v0,19,76,SW,0.0,False,"A|belief={'layout': ""I am in a room with lava or water to the east and south, my goal is  | mech=I have tried moving in different directions and hit a wall to the west, north, s"
b347829f,probe_a_mh,MiniHack-River-Narrow-v0,19,77,N,0.0,False,"A|belief={'layout': ""I am in a room with lava or water to the east and south, my goal is  | mech=I have tried moving in different directions and hit a wall to the west, north, s"
b347829f,probe_a_mh,MiniHack-River-Narrow-v0,19,78,NE,0.0,False,"A|belief={'layout': ""I am in a room with lava or water to the east and south, my goal is  | mech=I have tried moving in different directions and hit a wall to the west, north, s"
b347829f,probe_a_mh,MiniHack-River-Narrow-v0,19,79,NE,-0.01,False,"A|belief={'layout': ""I am in a room with lava or water to the east and south, my goal is  | mech=I have tried moving in different directions and hit a wall to the west, north, s"
b347829f,probe_a_mh,MiniHack-River-Narrow-v0,19,80,NE,-0.01,False,"A|belief={'layout': ""I am in a room with lava or water to the east and south, my goal is  | mech=I have tried moving in different directions and hit a wall to the west, north, s"
b347829f,probe_a_mh,MiniHack-River-Narrow-v0,19,81,NW,-0.01,False,"A|belief={'layout': ""I am in a room with lava or water to the east and south, my goal is  | mech=I have tried moving in different directions and hit a wall to the west, north, s"
b347829f,probe_a_mh,MiniHack-River-Narrow-v0,19,82,SE,0.0,False,"A|belief={'layout': ""I am in a room with lava or water to the east and south, my goal is  | mech=I have tried moving in different directions and hit a wall to the west, north, s"
b347829f,probe_a_mh,MiniHack-River-Narrow-v0,19,83,SE,0.0,False,"A|belief={'layout': ""I am in a room with lava or water to the east and south, my goal is  | mech=I have tried moving in different directions and hit a wall to the west, north, s"
b347829f,probe_a_mh,MiniHack-River-Narrow-v0,19,84,SE,0.0,False,"A|belief={'layout': ""I am in a room with lava or water to the east and south, my goal is  | mech=I have tried moving in different directions and hit a wall to the west, north, s"
b347829f,probe_a_mh,MiniHack-River-Narrow-v0,19,85,SW,0.0,False,"A|belief={'layout': ""I am in a room with lava or water to the east and south, my goal is  | mech=I have tried moving in different directions and hit a wall to the west, north, s"
b347829f,probe_a_mh,MiniHack-River-Narrow-v0,19,86,SW,0.0,False,"A|belief={'layout': ""I am in a room with lava or water to the east and south, my goal is  | mech=I have tried moving in different directions and hit a wall to the west, north, s"
b347829f,probe_a_mh,MiniHack-River-Narrow-v0,19,87,SW,0.0,False,"A|belief={'layout': ""I am in a room with lava or water to the east and south, my goal is  | mech=I have tried moving in different directions and hit a wall to the west, north, s"
b347829f,probe_a_mh,MiniHack-River-Narrow-v0,19,88,SW,-0.01,False,"A|belief={'layout': ""I am in a room with lava or water to the east and south, my goal is  | mech=I have tried moving in different directions and hit a wall to the west, north, s"
b347829f,probe_a_mh,MiniHack-River-Narrow-v0,19,89,NW,0.0,False,"A|belief={'layout': ""I am in a room with lava or water to the east and possibly other sid | mech=I have tried moving in different directions and hit a wall to the west, north, s"
b347829f,probe_a_mh,MiniHack-River-Narrow-v0,19,90,NW,0.0,False,"A|belief={'layout': ""I am in a room with lava or water to the east and possibly other sid | mech=I have tried moving in different directions and hit a wall to the west, north, s"
b347829f,probe_a_mh,MiniHack-River-Narrow-v0,19,91,NW,0.0,False,"A|belief={'layout': ""I am in a room with lava or water to the east and possibly other sid | mech=I have tried moving in different directions and hit a wall to the west, north, s"
b347829f,probe_a_mh,MiniHack-River-Narrow-v0,19,92,NW,0.0,False,"A|belief={'layout': ""I am in a room with lava or water to the east and possibly other sid | mech=I have tried moving in different directions and hit a wall to the west, north, s"
b347829f,probe_a_mh,MiniHack-River-Narrow-v0,19,93,NW,0.0,False,"A|belief={'layout': ""I am in a room with lava or water to the east and possibly other sid | mech=I have tried moving in different directions and hit a wall to the west, north, s"
b347829f,probe_a_mh,MiniHack-River-Narrow-v0,19,94,NW,0.0,False,"A|belief={'layout': ""I am in a room with lava or water to the east and possibly other sid | mech=I have tried moving in different directions and hit a wall to the west, north, s"
b347829f,probe_a_mh,MiniHack-River-Narrow-v0,19,95,NW,-0.01,False,"A|belief={'layout': ""I am in a room with lava or water to the east and possibly other sid | mech=I have tried moving in different directions and hit a wall to the west, north, s"
b347829f,probe_a_mh,MiniHack-River-Narrow-v0,19,96,NE,-0.01,False,"A|belief={'layout': ""I am in a room with lava or water to the east and possibly other sid | mech=I have tried moving in different directions and hit a wall to the west, north, s"
b347829f,probe_a_mh,MiniHack-River-Narrow-v0,19,97,NW,-0.01,False,"A|belief={'layout': ""I am in a room with lava or water to the east and possibly other sid | mech=I have tried moving in different directions and hit a wall to the west, north, s"
b347829f,probe_a_mh,MiniHack-River-Narrow-v0,19,98,SW,0.0,False,"A|belief={'layout': ""I am in a room with lava or water to the east and possibly other sid | mech=I have tried moving in different directions and hit a wall to the west, north, s"
b347829f,probe_a_mh,MiniHack-River-Narrow-v0,19,99,SW,0.0,False,"A|belief={'layout': ""I am in a room with lava or water to the east and possibly other sid | mech=I have tried moving in different directions and hit a wall to the west, north, s"
b347829f,probe_a_mh,MiniHack-River-Narrow-v0,19,100,SW,0.0,False,"A|belief={'layout': ""I am in a room with lava or water to the east and possibly other sid | mech=I have tried moving in different directions and hit a wall to the west, north, s"
b347829f,probe_a_mh,MiniHack-River-Narrow-v0,19,101,SE,0.0,False,"A|belief={'layout': ""I am in a room with lava or water to the east and possibly other sid | mech=I have tried moving in different directions and hit a wall to the west, north, s"
b347829f,probe_a_mh,MiniHack-River-Narrow-v0,19,102,SE,0.0,False,"A|belief={'layout': ""I am in a room with lava or water to the east and possibly other sid | mech=I have tried moving in different directions and hit a wall to the west, north, s"
b347829f,probe_a_mh,MiniHack-River-Narrow-v0,19,103,SE,0.0,False,"A|belief={'layout': ""I am in a room with lava or water to the east and possibly other sid | mech=I have tried moving in different directions and hit a wall to the west, north, s"
b347829f,probe_a_mh,MiniHack-River-Narrow-v0,19,104,SW,-0.01,False,"A|belief={'layout': ""I am in a room with lava or water to the east and possibly other sid | mech=I have tried moving in different directions and hit a wall to the west, north, s"
b347829f,probe_a_mh,MiniHack-River-Narrow-v0,19,105,SW,-0.01,False,"A|belief=I am in a room with lava or water to the east and possibly other sides, my goal  | mech=I have tried moving in different directions and hit a wall to the west, north, s"
b347829f,probe_a_mh,MiniHack-River-Narrow-v0,19,106,SE,-0.01,False,"A|belief=I am in a room with lava or water to the east and possibly other sides, my goal  | mech=I have tried moving in different directions and hit a wall to the west, north, s"
b347829f,probe_a_mh,MiniHack-River-Narrow-v0,19,107,NW,0.0,False,"A|belief=I am in a room with lava or water to the east and possibly other sides, my goal  | mech=I have tried moving in different directions and hit a wall to the west, north, s"
b347829f,probe_a_mh,MiniHack-River-Narrow-v0,19,108,NW,0.0,False,"A|belief=I am in a room with lava or water to the east and possibly other sides, my goal  | mech=I have tried moving in different directions and hit a wall to the west, north, s"
b347829f,probe_a_mh,MiniHack-River-Narrow-v0,19,109,NW,0.0,False,"A|belief=I am in a room with lava or water to the east and possibly other sides, my goal  | mech=I have tried moving in different directions and hit a wall to the west, north, s"
b347829f,probe_a_mh,MiniHack-River-Narrow-v0,19,110,NE,0.0,False,"A|belief=I am in a room with lava or water to the east and possibly other sides, my goal  | mech=I have tried moving in different directions and hit a wall to the west, north, s"
b347829f,probe_a_mh,MiniHack-River-Narrow-v0,19,111,N,0.0,False,"A|belief=I am in a room with lava or water to the east and possibly other sides, my goal  | mech=I have tried moving in different directions and hit a wall to the west, north, s"
b347829f,probe_a_mh,MiniHack-River-Narrow-v0,19,112,N,0.0,False,"A|belief=I am in a room with lava or water to the east and possibly other sides, my goal  | mech=I have tried moving in different directions and hit a wall to the west, north, s"
b347829f,probe_a_mh,MiniHack-River-Narrow-v0,19,113,N,-0.01,False,"A|belief=I am in a room with lava or water to the east and possibly other sides, my goal  | mech=I have tried moving in different directions and hit a wall to the west, north, s"
b347829f,probe_a_mh,MiniHack-River-Narrow-v0,19,114,S,0.0,False,"A|belief=I am in a room with lava or water to the east and possibly other sides, my goal  | mech=I have tried moving in different directions and hit a wall to the west, north, s"
b347829f,probe_a_mh,MiniHack-River-Narrow-v0,19,115,S,0.0,False,"A|belief=I am in a room with lava or water to the east and possibly other sides, my goal  | mech=I have tried moving in different directions and hit a wall to the west, north, s"
b347829f,probe_a_mh,MiniHack-River-Narrow-v0,19,116,S,0.0,False,"A|belief=I am in a room with lava or water to the east and possibly other sides, my goal  | mech=I have tried moving in different directions and hit a wall to the west, north, s"
b347829f,probe_a_mh,MiniHack-River-Narrow-v0,19,117,SE,0.0,False,"A|belief=I am in a room with lava or water to the east, my goal is likely downstairs, but | mech=I have tried moving in different directions and hit a wall to the west, north, s"
b347829f,probe_a_mh,MiniHack-River-Narrow-v0,19,118,SE,0.0,False,"A|belief=I am in a room with lava or water to the east, my goal is likely downstairs, but | mech=I have tried moving in different directions and hit a wall to the west, north, s"
b347829f,probe_a_mh,MiniHack-River-Narrow-v0,19,119,SE,0.0,False,"A|belief=I am in a room with lava or water to the east, my goal is likely downstairs, but | mech=I have tried moving in different directions and hit a wall to the west, north, s"
