run_id,variant,env_id,seed,step,action,reward,done,note
bd9c7915,reflexion_mh,MiniHack-River-Narrow-v0,30,0,N,0.0,False,"reflection=The level appears to have a large open area with a body of water or lava to the east, and I am currently standing on the floor."
bd9c7915,reflexion_mh,MiniHack-River-Narrow-v0,30,1,E,0.0,False,"reflection=The level has a large open area with a body of water or lava to the east, and I need to explore this area while being cautious of potential hazards su"
bd9c7915,reflexion_mh,MiniHack-River-Narrow-v0,30,2,N,0.0,False,"reflection=The level has a large open area with a body of water or lava to the east, and I need to explore this area while being cautious of potential hazards su"
bd9c7915,reflexion_mh,MiniHack-River-Narrow-v0,30,3,N,0.0,False,"reflection=The level has a large open area with a body of water or lava to the east, and I've found that moving north allows me to explore this area without hitt"
bd9c7915,reflexion_mh,MiniHack-River-Narrow-v0,30,4,N,0.0,False,"reflection=The level has a large open area with a body of water or lava to the east, and moving north continues to be a viable option for exploration."
bd9c7915,reflexion_mh,MiniHack-River-Narrow-v0,30,5,N,-0.01,False,"reflection=The level's open area to the east, which appears to be a body of water or lava, suggests a potential boundary or hazard. Continuing north may reveal m"
bd9c7915,reflexion_mh,MiniHack-River-Narrow-v0,30,6,W,0.0,False,"reflection=The level's open area to the east is likely a hazard, and exploring north did not yield any new information, so west might provide a new path or items"
bd9c7915,reflexion_mh,MiniHack-River-Narrow-v0,30,7,W,-0.01,False,"reflection=The level's open area to the east is likely a hazard, and exploring north did not yield any new information, so west might provide a new path or items"
bd9c7915,reflexion_mh,MiniHack-River-Narrow-v0,30,8,W,-0.01,False,"reflection=The level's open area to the east is likely a hazard, and exploring north did not yield any new information, so west might provide a new path or items"
bd9c7915,reflexion_mh,MiniHack-River-Narrow-v0,30,9,S,0.0,False,"reflection=The level's layout suggests that the western path is blocked, and the eastern hazard necessitates careful movement; the southern direction, despite po"
bd9c7915,reflexion_mh,MiniHack-River-Narrow-v0,30,10,S,0.0,False,"reflection=The level's layout suggests that the western path is blocked, and the eastern hazard necessitates careful movement; the southern direction, despite po"
bd9c7915,reflexion_mh,MiniHack-River-Narrow-v0,30,11,S,0.0,False,"reflection=The level's layout suggests that the western path is blocked, and the eastern hazard necessitates careful movement; the southern direction, despite po"
bd9c7915,reflexion_mh,MiniHack-River-Narrow-v0,30,12,S,0.0,False,"reflection=The level's structure suggests a potential need to navigate around the eastern hazard, and exploring south could provide more insights into the level'"
bd9c7915,reflexion_mh,MiniHack-River-Narrow-v0,30,13,S,0.0,False,"reflection=The level's structure suggests a potential need to navigate around the eastern hazard, and exploring south could provide more insights into the level'"
bd9c7915,reflexion_mh,MiniHack-River-Narrow-v0,30,14,S,0.0,False,"reflection=The level's structure suggests a potential need to navigate around hazards, and exploring south could provide more insights into the level's overall l"
bd9c7915,reflexion_mh,MiniHack-River-Narrow-v0,30,15,S,-0.01,False,"reflection=The level's structure suggests a potential need to navigate around hazards, and exploring south could provide more insights into the level's overall l"
bd9c7915,reflexion_mh,MiniHack-River-Narrow-v0,30,16,S,-0.01,False,"reflection=The level's structure suggests a potential need to navigate around hazards, and exploring south could provide more insights into the level's overall l"
bd9c7915,reflexion_mh,MiniHack-River-Narrow-v0,30,17,E,0.0,False,"reflection=The level's structure suggests a potential need to navigate around hazards, and exploring east could provide more insights into the level's overall la"
bd9c7915,reflexion_mh,MiniHack-River-Narrow-v0,30,18,E,0.0,False,"reflection=The level's structure suggests a potential need to navigate around hazards, and exploring east could provide more insights into the level's overall la"
bd9c7915,reflexion_mh,MiniHack-River-Narrow-v0,30,19,E,0.0,False,"reflection=The level's structure suggests a potential need to navigate around hazards, and exploring east could provide more insights into the level's overall la"
bd9c7915,reflexion_mh,MiniHack-River-Narrow-v0,30,20,E,0.0,False,"reflection=The level's structure suggests a potential need to navigate around hazards, and exploring east could provide more insights into the level's overall la"
bd9c7915,reflexion_mh,MiniHack-River-Narrow-v0,30,21,E,0.0,False,"reflection=The level's structure suggests a potential need to navigate around hazards, and exploring east could provide more insights into the level's overall la"
bd9c7915,reflexion_mh,MiniHack-River-Narrow-v0,30,22,E,0.0,False,"reflection=The level's structure suggests a potential need to navigate around hazards, and exploring east could provide more insights into the level's overall la"
bd9c7915,reflexion_mh,MiniHack-River-Narrow-v0,30,23,E,0.0,False,"reflection=The level's structure suggests a potential need to navigate around hazards, and exploring east could provide more insights into the level's overall la"
bd9c7915,reflexion_mh,MiniHack-River-Narrow-v0,30,24,E,0.0,False,"reflection=The level's openness to the east suggests a potential for finding important features or items in that direction, and it's crucial to keep exploring th"
bd9c7915,reflexion_mh,MiniHack-River-Narrow-v0,30,25,E,0.0,False,"reflection=The level's eastern path remains open, suggesting it may lead to significant features, items, or the staircase down. Continuing east may reveal more a"
bd9c7915,reflexion_mh,MiniHack-River-Narrow-v0,30,26,E,0.0,False,"reflection=The level's eastern path continues to be a viable route for exploration, and it may lead to important discoveries such as items, the staircase down, o"
bd9c7915,reflexion_mh,MiniHack-River-Narrow-v0,30,27,E,0.0,False,"reflection=The level's eastern path remains a viable route for exploration, and it may lead to important discoveries such as items, the staircase down, or other "
bd9c7915,reflexion_mh,MiniHack-River-Narrow-v0,30,28,E,0.0,False,"reflection=The level's eastern path continues to be a viable route for exploration, and it may lead to important discoveries such as items, the staircase down, o"
bd9c7915,reflexion_mh,MiniHack-River-Narrow-v0,30,29,E,0.0,False,"reflection=The level's eastern path continues to be a viable route for exploration, and it may lead to important discoveries such as items, the staircase down, o"
bd9c7915,reflexion_mh,MiniHack-River-Narrow-v0,30,30,E,0.0,False,"reflection=The level's eastern path continues to be a viable route for exploration, and it may lead to important discoveries such as items, the staircase down, o"
bd9c7915,reflexion_mh,MiniHack-River-Narrow-v0,30,31,E,0.0,False,"reflection=The level's eastern path remains a viable route for exploration, potentially leading to significant discoveries such as items, the staircase down, or "
bd9c7915,reflexion_mh,MiniHack-River-Narrow-v0,30,32,N,0.0,False,"reflection=The level's eastern path is clear, but the northern, southern, and western areas remain unexplored and could contain crucial elements for progression,"
bd9c7915,reflexion_mh,MiniHack-River-Narrow-v0,30,33,W,0.0,False,"reflection=The level's eastern path is clear, but the northern, southern, and western areas remain unexplored. Moving west will help uncover more of the map and "
bd9c7915,reflexion_mh,MiniHack-River-Narrow-v0,30,34,W,0.0,False,"reflection=The level's eastern path is clear, but the northern, southern, and western areas remain unexplored. Moving west will help uncover more of the map and "
bd9c7915,reflexion_mh,MiniHack-River-Narrow-v0,30,35,W,0.0,False,"reflection=The level's eastern path is clear, but the northern, southern, and western areas remain unexplored. The western path is being explored, and it's neces"
bd9c7915,reflexion_mh,MiniHack-River-Narrow-v0,30,36,W,0.0,False,"reflection=The level's western path contains water or lava, which may require finding a way around or a means to cross it safely. The northern, southern, and par"
bd9c7915,reflexion_mh,MiniHack-River-Narrow-v0,30,37,N,0.0,False,"reflection=The level's western path contains water or lava, which may require finding a way around or a means to cross it safely. The northern area is now being "
bd9c7915,reflexion_mh,MiniHack-River-Narrow-v0,30,38,N,0.0,False,"reflection=The level's western path contains water or lava, which may require finding a way around or a means to cross it safely. The northern area is being expl"
bd9c7915,reflexion_mh,MiniHack-River-Narrow-v0,30,39,N,0.0,False,"reflection=The level's northern area is open, suggesting potential for exploration or item discovery. The western path's water or lava necessitates finding a saf"
bd9c7915,reflexion_mh,MiniHack-River-Narrow-v0,30,40,N,0.0,False,"reflection=The level's northern area is open, suggesting potential for exploration or item discovery. The western path's water or lava necessitates finding a saf"
bd9c7915,reflexion_mh,MiniHack-River-Narrow-v0,30,41,N,0.0,False,"reflection=The level's northern area is open, suggesting potential for exploration or item discovery. The western path's water or lava necessitates finding a saf"
bd9c7915,reflexion_mh,MiniHack-River-Narrow-v0,30,42,N,-0.01,False,"reflection=The level's northern area is open, suggesting potential for exploration or item discovery. The western path's water or lava necessitates finding a saf"
bd9c7915,reflexion_mh,MiniHack-River-Narrow-v0,30,43,N,-0.01,False,"reflection=The level's northern area is open, suggesting potential for exploration or item discovery. The western path's water or lava necessitates finding a saf"
bd9c7915,reflexion_mh,MiniHack-River-Narrow-v0,30,44,E,0.0,False,"reflection=The level's northern area is bounded, suggesting a potential room or enclosure. The eastern path remains unexplored and could lead to items, stairs, o"
bd9c7915,reflexion_mh,MiniHack-River-Narrow-v0,30,45,E,0.0,False,"reflection=The level's eastern path is now being explored, which may lead to discoveries about the layout, items, or stairs, and it's also possible that the boun"
bd9c7915,reflexion_mh,MiniHack-River-Narrow-v0,30,46,E,0.0,False,"reflection=The level's eastern path continues without immediate obstruction, suggesting a possible larger open area or corridor in this direction, which may be w"
bd9c7915,reflexion_mh,MiniHack-River-Narrow-v0,30,47,E,0.0,False,"reflection=The level's eastern path continues without immediate obstruction, suggesting a possible larger open area or corridor in this direction, which may be w"
bd9c7915,reflexion_mh,MiniHack-River-Narrow-v0,30,48,E,0.0,False,"reflection=The level's eastern path continues without immediate obstruction, suggesting a possible larger open area or corridor in this direction. No creatures o"
bd9c7915,reflexion_mh,MiniHack-River-Narrow-v0,30,49,E,0.0,False,"reflection=The level's eastern path appears to be open, suggesting a larger area or corridor in this direction. The lack of encounters implies a potentially safe"
bd9c7915,reflexion_mh,MiniHack-River-Narrow-v0,30,50,E,0.0,False,"reflection=The level's eastern path continues to be open, suggesting a larger area or corridor in this direction, and the absence of encounters implies a potenti"
bd9c7915,reflexion_mh,MiniHack-River-Narrow-v0,30,51,E,0.0,False,"reflection=The level's eastern path continues to be open, suggesting a larger area or corridor in this direction. The presence of water or lava (represented by '"
bd9c7915,reflexion_mh,MiniHack-River-Narrow-v0,30,52,E,0.0,False,"reflection=The level's eastern path continues to be open, suggesting a larger area or corridor in this direction. The presence of water or lava to the south indi"
bd9c7915,reflexion_mh,MiniHack-River-Narrow-v0,30,53,E,0.0,False,"reflection=The level's eastern path remains open, suggesting a larger area or corridor. The presence of water or lava to the south is a notable hazard. Continuin"
bd9c7915,reflexion_mh,MiniHack-River-Narrow-v0,30,54,E,0.0,False,"reflection=The level's eastern path remains open, suggesting a larger area or corridor. The presence of water or lava to the south is a notable hazard. Continuin"
bd9c7915,reflexion_mh,MiniHack-River-Narrow-v0,30,55,E,0.0,False,"reflection=The level's eastern path remains open, suggesting a larger area or corridor. The presence of water or lava to the south is a notable hazard. Continuin"
bd9c7915,reflexion_mh,MiniHack-River-Narrow-v0,30,56,E,0.0,False,"reflection=The level's eastern path remains open, suggesting a larger area or corridor. The presence of water or lava to the south is a notable hazard. Continuin"
bd9c7915,reflexion_mh,MiniHack-River-Narrow-v0,30,57,E,0.0,False,"reflection=The level's eastern path continues to be a viable route for exploration, with the potential for discovering new areas, items, or creatures. The lack o"
bd9c7915,reflexion_mh,MiniHack-River-Narrow-v0,30,58,N,0.0,False,"reflection=The level's eastern path is relatively safe, and exploring other directions may lead to new discoveries. The northern direction is now being explored."
bd9c7915,reflexion_mh,MiniHack-River-Narrow-v0,30,59,N,0.0,False,"reflection=The level's northern path is being explored, and it's still unclear what lies ahead, but so far, it seems navigable."
bd9c7915,reflexion_mh,MiniHack-River-Narrow-v0,30,60,E,0.0,False,"reflection=The level's northern path is being explored, and it's still unclear what lies ahead, but so far, it seems navigable. Trying a different direction may "
bd9c7915,reflexion_mh,MiniHack-River-Narrow-v0,30,61,S,0.0,False,"reflection=The level's northern and eastern paths are somewhat navigable, but the southern path remains unexplored and may hold new discoveries or challenges."
bd9c7915,reflexion_mh,MiniHack-River-Narrow-v0,30,62,S,0.0,False,"reflection=The level's southern path is now being explored, which may reveal new features, items, or enemies."
bd9c7915,reflexion_mh,MiniHack-River-Narrow-v0,30,63,E,0.0,False,"reflection=The level's eastern path is now being explored, which may reveal new features, items, or enemies, and it seems that the initial area is surrounded by "
bd9c7915,reflexion_mh,MiniHack-River-Narrow-v0,30,64,N,0.0,False,"reflection=The level's eastern path appears to be bounded by lava or water, suggesting a need to explore alternative routes, such as moving north or west, to unc"
bd9c7915,reflexion_mh,MiniHack-River-Narrow-v0,30,65,N,0.0,False,"reflection=The level's eastern path is bounded by lava or water, suggesting a need to explore north or west for safer routes and potential items or staircases. I"
bd9c7915,reflexion_mh,MiniHack-River-Narrow-v0,30,66,W,0.0,False,"reflection=The level's eastern path is bounded by lava or water, suggesting a need to explore north or west for safer routes and potential items or staircases. I"
bd9c7915,reflexion_mh,MiniHack-River-Narrow-v0,30,67,W,0.0,False,"reflection=The level's eastern path is hazardous, initial north exploration was unfruitful, so western exploration is the current best approach for progression."
bd9c7915,reflexion_mh,MiniHack-River-Narrow-v0,30,68,W,0.0,False,"reflection=The level's western area is still unexplored and might contain useful items or a safer route, while the eastern path and initial northern exploration "
bd9c7915,reflexion_mh,MiniHack-River-Narrow-v0,30,69,W,0.0,False,reflection=The level's western area is still unexplored and might contain useful items or a safer route. Initial northern and eastern explorations were not fruit
bd9c7915,reflexion_mh,MiniHack-River-Narrow-v0,30,70,W,0.0,False,reflection=The level's western area is still unexplored and might contain useful items or a safer route. Initial northern and eastern explorations were not fruit
bd9c7915,reflexion_mh,MiniHack-River-Narrow-v0,30,71,W,0.0,False,reflection=The level's western area is still unexplored and might contain useful items or a safer route. Initial northern and eastern explorations were not fruit
bd9c7915,reflexion_mh,MiniHack-River-Narrow-v0,30,72,W,0.0,False,reflection=The level's western area is still unexplored and might contain useful items or a safer route. Initial northern and eastern explorations were not fruit
bd9c7915,reflexion_mh,MiniHack-River-Narrow-v0,30,73,W,0.0,False,"reflection=The level's western area is still largely unexplored, with potential for useful items or safer routes, and the lack of walls in any direction from the"
bd9c7915,reflexion_mh,MiniHack-River-Narrow-v0,30,74,W,0.0,False,"reflection=The level's western area remains a priority for exploration due to its unknown contents, and the absence of walls in all directions suggests a relativ"
bd9c7915,reflexion_mh,MiniHack-River-Narrow-v0,30,75,W,0.0,False,"reflection=The level's openness in all directions from the starting point suggests a need to explore methodically to uncover hidden dangers or objectives, with a"
bd9c7915,reflexion_mh,MiniHack-River-Narrow-v0,30,76,W,0.0,False,"reflection=The level's openness in all directions from the starting point suggests a need to explore methodically to uncover hidden dangers or objectives, with a"
bd9c7915,reflexion_mh,MiniHack-River-Narrow-v0,30,77,W,0.0,False,"reflection=The level's openness in all directions from the starting point suggests a need to explore methodically to uncover hidden dangers or objectives, with a"
bd9c7915,reflexion_mh,MiniHack-River-Narrow-v0,30,78,W,0.0,False,"reflection=The level's openness in all directions from the starting point suggests a need to explore methodically to uncover hidden dangers or objectives, with a"
bd9c7915,reflexion_mh,MiniHack-River-Narrow-v0,30,79,W,0.0,False,"reflection=The level's openness in all directions from the starting point suggests a need to explore methodically to uncover hidden dangers or objectives, with a"
bd9c7915,reflexion_mh,MiniHack-River-Narrow-v0,30,80,W,0.0,False,"reflection=The level's western path continues to be clear of immediate obstacles, suggesting it may be a viable route for further exploration to uncover hidden d"
bd9c7915,reflexion_mh,MiniHack-River-Narrow-v0,30,81,W,0.0,False,"reflection=The level's western path continues to be clear of immediate obstacles, suggesting it may be a viable route for further exploration to uncover hidden d"
bd9c7915,reflexion_mh,MiniHack-River-Narrow-v0,30,82,W,0.0,False,"reflection=The level's western path continues to be clear of immediate obstacles, suggesting it may be a viable route for further exploration to uncover hidden d"
bd9c7915,reflexion_mh,MiniHack-River-Narrow-v0,30,83,W,-0.01,False,"reflection=The level's western path continues to be clear of immediate obstacles, suggesting it may be a viable route for further exploration to uncover hidden d"
bd9c7915,reflexion_mh,MiniHack-River-Narrow-v0,30,84,W,-0.01,False,"reflection=The level's western path continues to be clear of immediate obstacles, suggesting it may be a viable route for further exploration to uncover hidden d"
bd9c7915,reflexion_mh,MiniHack-River-Narrow-v0,30,85,N,-0.01,False,"reflection=The level's western boundary has been reached, indicating a need to explore north, east, south, or diagonals to uncover more of the level's layout and"
bd9c7915,reflexion_mh,MiniHack-River-Narrow-v0,30,86,E,0.0,False,"reflection=The level's western and northern boundaries have been reached, indicating a need to explore east, south, or diagonals to uncover more of the level's l"
bd9c7915,reflexion_mh,MiniHack-River-Narrow-v0,30,87,E,0.0,False,"reflection=The level's western and northern boundaries have been reached, indicating a need to explore east, south, or diagonals to uncover more of the level's l"
bd9c7915,reflexion_mh,MiniHack-River-Narrow-v0,30,88,E,0.0,False,"reflection=The level's eastern boundary has not been reached yet, and exploring this direction may reveal more about the level's layout, including potential item"
bd9c7915,reflexion_mh,MiniHack-River-Narrow-v0,30,89,E,0.0,False,"reflection=The level's eastern boundary is likely to contain more features such as items, creatures, or the staircase, and navigating through or around the lava "
bd9c7915,reflexion_mh,MiniHack-River-Narrow-v0,30,90,E,0.0,False,"reflection=The level's eastern boundary is likely to contain more features such as items, creatures, or the staircase, and navigating through or around the lava "
bd9c7915,reflexion_mh,MiniHack-River-Narrow-v0,30,91,E,0.0,False,"reflection=The level's eastern boundary is likely to contain more features such as items, creatures, or the staircase, and navigating through or around the lava "
bd9c7915,reflexion_mh,MiniHack-River-Narrow-v0,30,92,E,0.0,False,"reflection=The level's eastern boundary is likely to contain more features such as items, creatures, or the staircase, and navigating through or around the lava "
bd9c7915,reflexion_mh,MiniHack-River-Narrow-v0,30,93,S,0.0,False,"reflection=The level's eastern boundary is likely to contain more features, and navigating through or around the lava or water will be necessary. The southern ar"
bd9c7915,reflexion_mh,MiniHack-River-Narrow-v0,30,94,E,0.0,False,"reflection=The level's eastern boundary is likely to contain more features, and navigating through or around the lava or water will be necessary. The southern ar"
bd9c7915,reflexion_mh,MiniHack-River-Narrow-v0,30,95,E,0.0,False,"reflection=The level's eastern boundary is likely to contain more features, and navigating through or around the lava or water will be necessary. The southern ar"
bd9c7915,reflexion_mh,MiniHack-River-Narrow-v0,30,96,E,0.0,False,"reflection=The level's eastern boundary is likely to contain more features, and navigating through or around the lava or water will be necessary. The southern ar"
bd9c7915,reflexion_mh,MiniHack-River-Narrow-v0,30,97,E,0.0,False,"reflection=The level's eastern area is more likely to have significant features, and moving east is a viable direction for exploration. The southern area remains"
bd9c7915,reflexion_mh,MiniHack-River-Narrow-v0,30,98,E,0.0,False,"reflection=The level's eastern area is more likely to have significant features, and moving east is a viable direction for exploration. The southern area remains"
bd9c7915,reflexion_mh,MiniHack-River-Narrow-v0,30,99,S,0.0,False,"reflection=The level's eastern area is more likely to have significant features, and moving east is a viable direction for exploration. The southern area remains"
bd9c7915,reflexion_mh,MiniHack-River-Narrow-v0,30,100,E,0.0,False,"reflection=The level's eastern area is more likely to have significant features, and moving east is a viable direction for exploration. The southern area remains"
bd9c7915,reflexion_mh,MiniHack-River-Narrow-v0,30,101,S,0.0,False,"reflection=The level's eastern area is more likely to have significant features, and moving east is a viable direction for exploration. The southern area remains"
bd9c7915,reflexion_mh,MiniHack-River-Narrow-v0,30,102,E,0.0,False,"reflection=The level's eastern area is more likely to have significant features, and moving east is a viable direction for exploration. The southern area remains"
bd9c7915,reflexion_mh,MiniHack-River-Narrow-v0,30,103,S,0.0,False,"reflection=The level's eastern area is more likely to have significant features, and moving east is a viable direction for exploration. The southern area remains"
bd9c7915,reflexion_mh,MiniHack-River-Narrow-v0,30,104,S,0.0,False,"reflection=The level's eastern area is more likely to have significant features, and moving east is a viable direction for exploration. The southern area remains"
bd9c7915,reflexion_mh,MiniHack-River-Narrow-v0,30,105,S,0.0,False,"reflection=The level's eastern area is more likely to have significant features, and moving east is a viable direction for exploration. The southern area remains"
bd9c7915,reflexion_mh,MiniHack-River-Narrow-v0,30,106,S,-0.01,False,"reflection=The level's southern area is still unexplored, and moving south from the current position may reveal new insights into the level's layout, such as the"
bd9c7915,reflexion_mh,MiniHack-River-Narrow-v0,30,107,S,-0.01,False,"reflection=The level's southern area continues to be unexplored, and moving south may reveal the location of the staircase or other significant features. The pre"
bd9c7915,reflexion_mh,MiniHack-River-Narrow-v0,30,108,W,0.0,False,"reflection=The level's southern area is bounded by solid stone, and the eastern area has obstacles, so exploring west or northwest is the most promising directio"
bd9c7915,reflexion_mh,MiniHack-River-Narrow-v0,30,109,NW,0.0,False,reflection=The level's northern area is still unexplored and could contain the staircase or other important features. Exploring this area could reveal new inform
bd9c7915,reflexion_mh,MiniHack-River-Narrow-v0,30,110,N,0.0,False,reflection=The level's northern area is still unexplored and could contain the staircase or other important features. Exploring this area could reveal new inform
bd9c7915,reflexion_mh,MiniHack-River-Narrow-v0,30,111,N,0.0,False,reflection=The level's northern area is still unexplored and could contain the staircase or other important features. Trying to move north will help determine if
bd9c7915,reflexion_mh,MiniHack-River-Narrow-v0,30,112,N,0.0,False,reflection=The level's northern area is still unexplored and could contain the staircase or other important features. Trying to move north will help determine if
bd9c7915,reflexion_mh,MiniHack-River-Narrow-v0,30,113,N,0.0,False,reflection=The level's northern area is still unexplored and could contain the staircase or other important features. Trying to move north will help determine if
bd9c7915,reflexion_mh,MiniHack-River-Narrow-v0,30,114,N,0.0,False,reflection=The level's northern area is still unexplored and could contain the staircase or other important features. Moving north will help determine if there a
bd9c7915,reflexion_mh,MiniHack-River-Narrow-v0,30,115,N,-0.01,False,"reflection=The level's northern area is larger than initially thought, and continuing to move north may reveal more of the level's layout and potentially the sta"
bd9c7915,reflexion_mh,MiniHack-River-Narrow-v0,30,116,N,-0.01,False,"reflection=The level's northern area is larger than initially thought, and there may be more to discover by continuing to move north, potentially revealing the s"
bd9c7915,reflexion_mh,MiniHack-River-Narrow-v0,30,117,E,0.0,False,"reflection=The level's northern boundary is solid stone, so further exploration should focus on other directions to uncover more of the level's layout and featur"
bd9c7915,reflexion_mh,MiniHack-River-Narrow-v0,30,118,S,0.0,False,"reflection=The level's northern boundary is solid stone, and initial exploration of the eastern direction did not reveal the downstairs or any notable features. "
bd9c7915,reflexion_mh,MiniHack-River-Narrow-v0,30,119,S,0.0,False,"reflection=The level's southern direction is being explored to uncover more of the level's layout, and so far, no walls have been hit from the current spot, indi"
bd9c7915,reflexion_mh,MiniHack-River-Narrow-v0,31,0,NW,0.0,False,"reflection=The level seems to have a mix of floor (.) and water or lava (}) tiles. I'm currently standing on a floor tile, and there are no visible obstacles or "
bd9c7915,reflexion_mh,MiniHack-River-Narrow-v0,31,1,E,0.0,False,"reflection=The level seems to have a mix of floor and water or lava tiles, and I'm currently standing on a floor tile. I've tried moving northwest, and now I'll "
bd9c7915,reflexion_mh,MiniHack-River-Narrow-v0,31,2,E,0.0,False,"reflection=The level seems to have a mix of floor and water or lava tiles, and I've started exploring by moving northwest and now will try moving east to see if "
bd9c7915,reflexion_mh,MiniHack-River-Narrow-v0,31,3,E,0.0,False,"reflection=The level seems to have a mix of floor and water or lava tiles, and I've started exploring by moving northwest and then east. Continuing east may reve"
bd9c7915,reflexion_mh,MiniHack-River-Narrow-v0,31,4,S,0.0,False,"reflection=The level seems to have a mix of floor and water or lava tiles, and moving east has not revealed any obvious dangers or goals, so I should try moving "
bd9c7915,reflexion_mh,MiniHack-River-Narrow-v0,31,5,S,0.0,False,"reflection=The level has a mix of floor and water or lava tiles, and initial eastward movement did not reveal obvious dangers or goals. Moving south may provide "
bd9c7915,reflexion_mh,MiniHack-River-Narrow-v0,31,6,S,0.0,False,"reflection=The level has a mix of floor and water or lava tiles, and initial eastward and southward movement did not reveal obvious dangers or goals, but continu"
bd9c7915,reflexion_mh,MiniHack-River-Narrow-v0,31,7,S,0.0,False,"reflection=The level has a mix of floor and water or lava tiles, and initial eastward and southward movement did not reveal obvious dangers or goals. Continuing "
bd9c7915,reflexion_mh,MiniHack-River-Narrow-v0,31,8,E,0.0,False,"reflection=The level's layout is still largely unknown, but it appears that moving in different directions can reveal varied terrain features. Continuing to expl"
bd9c7915,reflexion_mh,MiniHack-River-Narrow-v0,31,9,N,0.0,False,"reflection=The level's layout is still largely unknown, but it appears that moving in different directions can reveal varied terrain features. Continuing to expl"
bd9c7915,reflexion_mh,MiniHack-River-Narrow-v0,31,10,E,0.0,False,"reflection=The level contains water or lava, which could be hazardous. It's crucial to explore carefully to avoid these areas and find safer paths or important l"
bd9c7915,reflexion_mh,MiniHack-River-Narrow-v0,31,11,E,0.0,False,"reflection=The level contains hazardous areas like lava or water that need to be avoided. Exploring eastward may reveal more of the level's layout, potentially u"
bd9c7915,reflexion_mh,MiniHack-River-Narrow-v0,31,12,N,0.0,False,"reflection=The level contains hazardous areas like lava or water that need to be avoided. Exploring eastward may reveal more of the level's layout, potentially u"
bd9c7915,reflexion_mh,MiniHack-River-Narrow-v0,31,13,E,0.0,False,"reflection=The level contains hazardous areas like lava or water that need to be avoided. Exploring eastward may reveal more of the level's layout, potentially u"
bd9c7915,reflexion_mh,MiniHack-River-Narrow-v0,31,14,E,0.0,False,"reflection=The level contains hazardous areas like lava or water that need to be avoided. Exploring eastward may reveal more of the level's layout, potentially u"
bd9c7915,reflexion_mh,MiniHack-River-Narrow-v0,31,15,E,0.0,False,"reflection=The level contains hazardous areas like lava or water that need to be avoided. Exploring eastward may reveal more of the level's layout, potentially u"
bd9c7915,reflexion_mh,MiniHack-River-Narrow-v0,31,16,E,0.0,False,"reflection=The level contains hazardous areas like lava or water that need to be avoided. Exploring eastward may reveal more of the level's layout, potentially u"
bd9c7915,reflexion_mh,MiniHack-River-Narrow-v0,31,17,SE,0.0,False,"reflection=The level contains hazardous areas like water that need to be avoided, and exploring eastward or southeast might reveal more of the level's layout and"
bd9c7915,reflexion_mh,MiniHack-River-Narrow-v0,31,18,N,0.0,False,"reflection=The level contains hazardous areas like water that need to be avoided, and exploring eastward or southeast might reveal more of the level's layout and"
bd9c7915,reflexion_mh,MiniHack-River-Narrow-v0,31,19,E,0.0,False,"reflection=The level's layout is gradually being revealed, and moving eastward continues to be a viable option for exploration. The absence of walls to the east "
bd9c7915,reflexion_mh,MiniHack-River-Narrow-v0,31,20,E,0.0,False,"reflection=The level's layout is gradually being revealed, and moving eastward continues to be a viable option for exploration. The absence of walls to the east "
bd9c7915,reflexion_mh,MiniHack-River-Narrow-v0,31,21,N,0.0,False,"reflection=The level's eastern boundary has been reached from the current position, indicating a need to explore north, south, or diagonals to find stairs, items"
bd9c7915,reflexion_mh,MiniHack-River-Narrow-v0,31,22,N,0.0,False,"reflection=The level's eastern boundary has been reached from the current position, indicating a need to explore north, south, or diagonals to find stairs, items"
bd9c7915,reflexion_mh,MiniHack-River-Narrow-v0,31,23,N,-0.01,False,"reflection=The level's layout suggests that northward exploration could reveal important elements for progression, such as stairs or useful items, while avoiding"
bd9c7915,reflexion_mh,MiniHack-River-Narrow-v0,31,24,N,-0.01,False,"reflection=The level's northward path appears to be the most promising for progression without immediate danger, suggesting a need to continue exploring in this "
bd9c7915,reflexion_mh,MiniHack-River-Narrow-v0,31,25,E,0.0,False,"reflection=The level's layout suggests that there might be a need to explore sideways or diagonally to find a viable path forward, as direct northward progressio"
bd9c7915,reflexion_mh,MiniHack-River-Narrow-v0,31,26,SE,0.0,False,"reflection=The level's layout suggests that there might be a need to explore sideways or diagonally to find a viable path forward, and the presence of lava or wa"
bd9c7915,reflexion_mh,MiniHack-River-Narrow-v0,31,27,N,0.0,False,"reflection=The level's layout suggests that there might be a need to explore sideways or diagonally to find a viable path forward, and the presence of lava or wa"
bd9c7915,reflexion_mh,MiniHack-River-Narrow-v0,31,28,N,0.0,False,"reflection=The level's layout suggests that there might be a need to explore sideways or diagonally to find a viable path forward, and the presence of lava or wa"
bd9c7915,reflexion_mh,MiniHack-River-Narrow-v0,31,29,N,-0.01,False,"reflection=The level's design suggests a potential need to navigate around hazards, and northward progression may reveal more about the level's structure and pot"
bd9c7915,reflexion_mh,MiniHack-River-Narrow-v0,31,30,NE,-0.01,False,"reflection=The level's design may incorporate diagonal paths or hidden areas, and exploring these directions could provide more insight into the level's layout a"
bd9c7915,reflexion_mh,MiniHack-River-Narrow-v0,31,31,S,0.0,False,"reflection=The level's design may incorporate diagonal paths or hidden areas, and exploring these directions could provide more insight into the level's layout a"
bd9c7915,reflexion_mh,MiniHack-River-Narrow-v0,31,32,N,0.0,False,"reflection=The level's design may incorporate diagonal paths or hidden areas, and exploring these directions could provide more insight into the level's layout a"
bd9c7915,reflexion_mh,MiniHack-River-Narrow-v0,31,33,N,-0.01,False,"reflection=The level's design incorporates natural barriers like lava or water, which can be used to guide movement and decision-making. Exploring northwards may"
bd9c7915,reflexion_mh,MiniHack-River-Narrow-v0,31,34,E,0.0,False,"reflection=The level's design incorporates natural barriers like lava or water, and exploring different directions reveals more about the level's structure. Movi"
bd9c7915,reflexion_mh,MiniHack-River-Narrow-v0,31,35,E,0.0,False,"reflection=The level's design incorporates natural barriers like lava or water, and exploring different directions, especially east, reveals more about the level"
bd9c7915,reflexion_mh,MiniHack-River-Narrow-v0,31,36,NW,0.0,False,"reflection=The level's design incorporates natural barriers like lava or water, and exploring different directions reveals more about the level's structure and p"
bd9c7915,reflexion_mh,MiniHack-River-Narrow-v0,31,37,N,-0.01,False,"reflection=The level's design incorporates natural barriers like lava or water, and exploring different directions reveals more about the level's structure and p"
bd9c7915,reflexion_mh,MiniHack-River-Narrow-v0,31,38,N,-0.01,False,"reflection=The level's design incorporates natural barriers like lava or water, and exploring different directions reveals more about the level's structure and p"
bd9c7915,reflexion_mh,MiniHack-River-Narrow-v0,31,39,W,0.0,False,"reflection=The level's design incorporates natural barriers like lava or water, and exploring different directions reveals more about the level's structure and p"
bd9c7915,reflexion_mh,MiniHack-River-Narrow-v0,31,40,W,0.0,False,"reflection=The level's design incorporates natural barriers, and exploring different directions reveals more about the level's structure. Noting the lava or wate"
bd9c7915,reflexion_mh,MiniHack-River-Narrow-v0,31,41,W,0.0,False,"reflection=The level's design incorporates natural barriers, and exploring different directions reveals more about the level's structure. Westward exploration mi"
bd9c7915,reflexion_mh,MiniHack-River-Narrow-v0,31,42,S,0.0,False,"reflection=The level's design incorporates natural barriers, and exploring different directions reveals more about the level's structure. Southward exploration m"
bd9c7915,reflexion_mh,MiniHack-River-Narrow-v0,31,43,S,0.0,False,"reflection=The level's design incorporates natural barriers, and exploring different directions reveals more about the level's structure. Southward exploration m"
bd9c7915,reflexion_mh,MiniHack-River-Narrow-v0,31,44,S,0.0,False,"reflection=The level's design incorporates natural barriers, and exploring different directions reveals more about the level's structure. Southward exploration m"
bd9c7915,reflexion_mh,MiniHack-River-Narrow-v0,31,45,S,0.0,False,"reflection=The level's design incorporates natural barriers, and exploring different directions reveals more about the level's structure. Southward exploration m"
bd9c7915,reflexion_mh,MiniHack-River-Narrow-v0,31,46,S,0.0,False,"reflection=The level's design incorporates natural barriers, and exploring different directions reveals more about the level's structure. Southward exploration m"
bd9c7915,reflexion_mh,MiniHack-River-Narrow-v0,31,47,S,0.0,False,"reflection=The level's design incorporates natural barriers, and exploring different directions reveals more about the level's structure. Southward exploration h"
bd9c7915,reflexion_mh,MiniHack-River-Narrow-v0,31,48,S,-0.01,False,"reflection=The level's design incorporates natural barriers, and exploring different directions reveals more about the level's structure. Southward exploration h"
bd9c7915,reflexion_mh,MiniHack-River-Narrow-v0,31,49,S,-0.01,False,"reflection=The level's design incorporates natural barriers, and exploring different directions reveals more about the level's structure. Southward exploration h"
bd9c7915,reflexion_mh,MiniHack-River-Narrow-v0,31,50,E,0.0,False,"reflection=The level's design incorporates natural barriers, and exploring different directions reveals more about the level's structure. Southward exploration h"
bd9c7915,reflexion_mh,MiniHack-River-Narrow-v0,31,51,N,0.0,False,"reflection=The level's design incorporates natural barriers, and exploring different directions reveals more about the level's structure. Southward exploration h"
bd9c7915,reflexion_mh,MiniHack-River-Narrow-v0,31,52,W,0.0,False,"reflection=The level's design incorporates natural barriers, and exploring different directions reveals more about the level's structure. Southward exploration i"
bd9c7915,reflexion_mh,MiniHack-River-Narrow-v0,31,53,N,0.0,False,"reflection=The level's design incorporates natural barriers, and exploring different directions reveals more about the level's structure. Southward exploration i"
bd9c7915,reflexion_mh,MiniHack-River-Narrow-v0,31,54,W,0.0,False,"reflection=The level's design incorporates natural barriers, and exploring different directions reveals more about the level's structure. Northward and westward "
bd9c7915,reflexion_mh,MiniHack-River-Narrow-v0,31,55,E,0.0,False,"reflection=The level's design incorporates natural barriers like water or lava, which should be avoided. Exploring different directions, especially those that ha"
bd9c7915,reflexion_mh,MiniHack-River-Narrow-v0,31,56,E,0.0,False,reflection=The level's design suggests that exploring in different directions can reveal new paths or locations. Noticing the lava or water (represented by '}') 
bd9c7915,reflexion_mh,MiniHack-River-Narrow-v0,31,57,E,0.0,False,reflection=The level's design suggests that exploring in different directions can reveal new paths or locations. Noticing the lava or water to the north and west
bd9c7915,reflexion_mh,MiniHack-River-Narrow-v0,31,58,E,0.0,False,"reflection=The level's design suggests that open paths, like the one to the east, are worth exploring first to uncover more of the map and potentially find stair"
bd9c7915,reflexion_mh,MiniHack-River-Narrow-v0,31,59,E,0.0,False,"reflection=The level's design suggests that open paths, like the one to the east, are worth exploring first to uncover more of the map and potentially find stair"
bd9c7915,reflexion_mh,MiniHack-River-Narrow-v0,31,60,E,0.0,False,"reflection=The level's design suggests that open paths, like the one to the east, are worth exploring first to uncover more of the map and potentially find stair"
bd9c7915,reflexion_mh,MiniHack-River-Narrow-v0,31,61,E,0.0,False,"reflection=The level's design suggests that open paths, like the one to the east, are worth exploring first to uncover more of the map and potentially find stair"
bd9c7915,reflexion_mh,MiniHack-River-Narrow-v0,31,62,S,0.0,False,"reflection=The level's design suggests that when a path is blocked, such as the eastern path now, exploring alternative directions like south can reveal new area"
bd9c7915,reflexion_mh,MiniHack-River-Narrow-v0,31,63,E,0.0,False,"reflection=The level's design suggests that obstacles like boulders can be moved to reveal new paths, and exploring these paths can lead to new discoveries. The "
bd9c7915,reflexion_mh,MiniHack-River-Narrow-v0,31,64,E,0.0,False,"reflection=The level's design suggests that obstacles like boulders can be moved to reveal new paths, and exploring these paths can lead to new discoveries. The "
bd9c7915,reflexion_mh,MiniHack-River-Narrow-v0,31,65,S,-0.01,False,"reflection=The level's design suggests that obstacles like boulders can be moved to reveal new paths, and exploring these paths can lead to new discoveries. The "
bd9c7915,reflexion_mh,MiniHack-River-Narrow-v0,31,66,S,-0.01,False,"reflection=The level's design suggests that obstacles like boulders can be moved to reveal new paths, and exploring these paths can lead to new discoveries. The "
bd9c7915,reflexion_mh,MiniHack-River-Narrow-v0,31,67,N,0.0,False,"reflection=The level's design suggests that some obstacles require specific items or actions to overcome, and exploring all possible directions is crucial for di"
bd9c7915,reflexion_mh,MiniHack-River-Narrow-v0,31,68,N,0.0,False,"reflection=The level's design suggests that some areas may be inaccessible without proper items or actions, and exploring all possible directions is crucial for "
bd9c7915,reflexion_mh,MiniHack-River-Narrow-v0,31,69,N,0.0,False,"reflection=The level's design suggests that some areas may be inaccessible without proper items or actions, and exploring all possible directions is crucial for "
bd9c7915,reflexion_mh,MiniHack-River-Narrow-v0,31,70,E,0.0,False,"reflection=The level's design suggests that some areas may be inaccessible without proper items or actions, and exploring all possible directions is crucial for "
bd9c7915,reflexion_mh,MiniHack-River-Narrow-v0,31,71,W,0.0,False,"reflection=The level's design suggests that some areas may be inaccessible without proper items or actions, and exploring all possible directions is crucial for "
bd9c7915,reflexion_mh,MiniHack-River-Narrow-v0,31,72,E,0.0,False,"reflection=The level's design suggests that some areas may be inaccessible without proper items or actions, and exploring all possible directions is crucial for "
bd9c7915,reflexion_mh,MiniHack-River-Narrow-v0,31,73,E,0.0,False,"reflection=The level's design suggests that some areas may be inaccessible without proper items or actions, and exploring all possible directions is crucial for "
bd9c7915,reflexion_mh,MiniHack-River-Narrow-v0,31,74,N,0.0,False,"reflection=The level's design suggests that some areas may be inaccessible without proper items or actions, and exploring all possible directions is crucial for "
bd9c7915,reflexion_mh,MiniHack-River-Narrow-v0,31,75,S,0.0,False,"reflection=The level's design suggests that some areas may be inaccessible without proper items or actions, and exploring all possible directions is crucial for "
bd9c7915,reflexion_mh,MiniHack-River-Narrow-v0,31,76,S,0.0,False,"reflection=The level's design suggests that some areas may be inaccessible without proper items or actions, and exploring all possible directions is crucial for "
bd9c7915,reflexion_mh,MiniHack-River-Narrow-v0,31,77,N,0.0,False,"reflection=The level's design suggests that some areas may be inaccessible without proper items or actions, and exploring all possible directions is crucial for "
bd9c7915,reflexion_mh,MiniHack-River-Narrow-v0,31,78,N,0.0,False,"reflection=The level's design suggests that some areas may be inaccessible without proper items or actions, and exploring all possible directions is crucial for "
bd9c7915,reflexion_mh,MiniHack-River-Narrow-v0,31,79,E,0.0,False,"reflection=The level's design suggests that some areas may be inaccessible without proper items or actions, and exploring all possible directions is crucial for "
bd9c7915,reflexion_mh,MiniHack-River-Narrow-v0,31,80,W,0.0,False,"reflection=The level's design suggests that some areas may be inaccessible without proper items or actions, and exploring all possible directions is crucial for "
bd9c7915,reflexion_mh,MiniHack-River-Narrow-v0,31,81,E,0.0,False,"reflection=The level's design suggests that some areas may be inaccessible without proper items or actions, and exploring all possible directions is crucial for "
bd9c7915,reflexion_mh,MiniHack-River-Narrow-v0,31,82,E,0.0,False,"reflection=The level's design suggests that some areas may be inaccessible without proper items or actions, and exploring all possible directions is crucial for "
bd9c7915,reflexion_mh,MiniHack-River-Narrow-v0,31,83,E,0.0,False,"reflection=The level's design suggests that some areas may be inaccessible without proper items or actions, and exploring all possible directions is crucial for "
bd9c7915,reflexion_mh,MiniHack-River-Narrow-v0,31,84,E,0.0,False,"reflection=The level's design suggests that some areas may be inaccessible without proper items or actions, and exploring all possible directions is crucial for "
bd9c7915,reflexion_mh,MiniHack-River-Narrow-v0,31,85,S,0.0,False,"reflection=The level's design suggests that some areas may be inaccessible without proper items or actions, and exploring all possible directions is crucial for "
bd9c7915,reflexion_mh,MiniHack-River-Narrow-v0,31,86,N,0.0,False,"reflection=The level's design suggests that some areas may be inaccessible without proper items or actions, and exploring all possible directions is crucial for "
bd9c7915,reflexion_mh,MiniHack-River-Narrow-v0,31,87,E,0.0,False,"reflection=The level's design suggests that some areas may be inaccessible without proper items or actions, and exploring all possible directions is crucial for "
bd9c7915,reflexion_mh,MiniHack-River-Narrow-v0,31,88,NW,0.0,False,"reflection=The level's design suggests that some areas may be inaccessible without proper items or actions, and exploring all possible directions is crucial for "
bd9c7915,reflexion_mh,MiniHack-River-Narrow-v0,31,89,NE,-0.01,False,"reflection=The level's design suggests that some areas may be inaccessible without proper items or actions, and exploring all possible directions is crucial for "
bd9c7915,reflexion_mh,MiniHack-River-Narrow-v0,31,90,N,-0.01,False,"reflection=The level's design suggests that some areas may be inaccessible without proper items or actions, and exploring all possible directions is crucial for "
bd9c7915,reflexion_mh,MiniHack-River-Narrow-v0,31,91,E,0.0,False,"reflection=The level's design suggests that some areas may be inaccessible without proper items or actions, and exploring all possible directions is crucial for "
bd9c7915,reflexion_mh,MiniHack-River-Narrow-v0,31,92,E,0.0,False,"reflection=The level's design suggests that some areas may be inaccessible without proper items or actions, and exploring all possible directions is crucial for "
bd9c7915,reflexion_mh,MiniHack-River-Narrow-v0,31,93,NE,0.0,False,"reflection=The level's design suggests that some areas may be inaccessible without proper items or actions, and exploring all possible directions is crucial for "
bd9c7915,reflexion_mh,MiniHack-River-Narrow-v0,31,94,N,0.0,False,"reflection=The level's design suggests that some areas may be inaccessible without proper items or actions, and exploring all possible directions is crucial for "
bd9c7915,reflexion_mh,MiniHack-River-Narrow-v0,31,95,SW,-0.01,False,"reflection=The level's design suggests that some areas may be inaccessible without proper items or actions, and exploring all possible directions is crucial for "
bd9c7915,reflexion_mh,MiniHack-River-Narrow-v0,31,96,E,0.0,False,"reflection=The level's design suggests that some areas may be inaccessible without proper items or actions, and exploring all possible directions is crucial for "
bd9c7915,reflexion_mh,MiniHack-River-Narrow-v0,31,97,N,0.0,False,"reflection=The level's design suggests that some areas may be inaccessible without proper items or actions, and exploring all possible directions is crucial for "
bd9c7915,reflexion_mh,MiniHack-River-Narrow-v0,31,98,NW,-0.01,False,"reflection=The level's design suggests that some areas may be inaccessible without proper items or actions, and exploring all possible directions is crucial for "
bd9c7915,reflexion_mh,MiniHack-River-Narrow-v0,31,99,NW,-0.01,False,"reflection=The level's design suggests that some areas may be inaccessible without proper items or actions, and exploring all possible directions is crucial for "
bd9c7915,reflexion_mh,MiniHack-River-Narrow-v0,31,100,NE,-0.01,False,"reflection=The level's design suggests that some areas may be inaccessible without proper items or actions, and exploring all possible directions is crucial for "
bd9c7915,reflexion_mh,MiniHack-River-Narrow-v0,31,101,S,0.0,False,"reflection=The level's design suggests that some areas may be inaccessible without proper items or actions, and exploring all possible directions is crucial for "
bd9c7915,reflexion_mh,MiniHack-River-Narrow-v0,31,102,N,0.0,False,"reflection=The level's design suggests that some areas may be inaccessible without proper items or actions, and exploring all possible directions is crucial for "
bd9c7915,reflexion_mh,MiniHack-River-Narrow-v0,31,103,N,-0.01,False,"reflection=The level's design suggests that some areas may be inaccessible without proper items or actions, and exploring all possible directions is crucial for "
bd9c7915,reflexion_mh,MiniHack-River-Narrow-v0,31,104,S,0.0,False,"reflection=The level's design suggests that some areas may be inaccessible without proper items or actions, and exploring all possible directions is crucial for "
bd9c7915,reflexion_mh,MiniHack-River-Narrow-v0,31,105,NW,0.0,False,"reflection=The level's design suggests that some areas may be inaccessible without proper items or actions, and exploring all possible directions is crucial for "
bd9c7915,reflexion_mh,MiniHack-River-Narrow-v0,31,106,NW,-0.01,False,"reflection=The level's design suggests that some areas may be inaccessible without proper items or actions, and exploring all possible directions is crucial for "
bd9c7915,reflexion_mh,MiniHack-River-Narrow-v0,31,107,E,0.0,False,"reflection=The level's design suggests that some areas may be inaccessible without proper items or actions, and exploring all possible directions is crucial for "
bd9c7915,reflexion_mh,MiniHack-River-Narrow-v0,31,108,N,-0.01,False,"reflection=The level's design suggests that some areas may be inaccessible without proper items or actions, and exploring all possible directions is crucial for "
bd9c7915,reflexion_mh,MiniHack-River-Narrow-v0,31,109,S,0.0,False,"reflection=The level's design suggests that some areas may be inaccessible without proper items or actions, and exploring all possible directions is crucial for "
bd9c7915,reflexion_mh,MiniHack-River-Narrow-v0,31,110,S,0.0,False,"reflection=The level's design suggests that some areas may be inaccessible without proper items or actions, and exploring all possible directions is crucial for "
bd9c7915,reflexion_mh,MiniHack-River-Narrow-v0,31,111,S,0.0,False,"reflection=The level's design suggests that some areas may be inaccessible without proper items or actions, and exploring all possible directions is crucial for "
bd9c7915,reflexion_mh,MiniHack-River-Narrow-v0,31,112,S,0.0,False,"reflection=The level's design suggests that some areas may be inaccessible without proper items or actions, and exploring all possible directions is crucial for "
bd9c7915,reflexion_mh,MiniHack-River-Narrow-v0,31,113,S,0.0,False,"reflection=The level's design suggests that some areas may be inaccessible without proper items or actions, and exploring all possible directions is crucial for "
bd9c7915,reflexion_mh,MiniHack-River-Narrow-v0,31,114,S,-0.01,False,"reflection=The level's design suggests that some areas may be inaccessible without proper items or actions, and exploring all possible directions is crucial for "
bd9c7915,reflexion_mh,MiniHack-River-Narrow-v0,31,115,E,0.0,False,"reflection=The level's design suggests that some areas may be inaccessible without proper items or actions, and exploring all possible directions is crucial for "
bd9c7915,reflexion_mh,MiniHack-River-Narrow-v0,31,116,S,-0.01,False,"reflection=The level's design suggests that some areas may be inaccessible without proper items or actions, and exploring all possible directions is crucial for "
bd9c7915,reflexion_mh,MiniHack-River-Narrow-v0,31,117,N,0.0,False,"reflection=The level's design suggests that some areas may be inaccessible without proper items or actions, and exploring all possible directions is crucial for "
bd9c7915,reflexion_mh,MiniHack-River-Narrow-v0,31,118,N,0.0,False,"reflection=The level's design suggests that some areas may be inaccessible without proper items or actions, and exploring all possible directions is crucial for "
bd9c7915,reflexion_mh,MiniHack-River-Narrow-v0,31,119,N,0.0,False,"reflection=The level's design suggests that some areas may be inaccessible without proper items or actions, and exploring all possible directions is crucial for "
bd9c7915,reflexion_mh,MiniHack-River-Narrow-v0,32,0,E,0.0,False,"reflection=The level contains a staircase up and a boulder, and there is water or lava to the east and southeast. The current position is near the western edge o"
bd9c7915,reflexion_mh,MiniHack-River-Narrow-v0,32,1,E,0.0,False,"reflection=The level contains a staircase up and a boulder, and there is water or lava to the east and southeast. The current position is near the western edge o"
bd9c7915,reflexion_mh,MiniHack-River-Narrow-v0,32,2,E,0.0,False,"reflection=The level contains a staircase up and a boulder, and there is water or lava to the east and southeast. The current position is near the western edge o"
bd9c7915,reflexion_mh,MiniHack-River-Narrow-v0,32,3,E,0.0,False,"reflection=The level contains a staircase up and a boulder, and there is water or lava to the east and southeast. The current position is near the western edge o"
bd9c7915,reflexion_mh,MiniHack-River-Narrow-v0,32,4,E,0.0,False,"reflection=The level contains a staircase up and a boulder, and there is water or lava to the east and southeast. The current position is near the western edge o"
bd9c7915,reflexion_mh,MiniHack-River-Narrow-v0,32,5,E,0.0,False,"reflection=The level's eastern part remains unexplored, and continuing east may reveal more of its layout, including the staircase down or other features. The pr"
bd9c7915,reflexion_mh,MiniHack-River-Narrow-v0,32,6,E,0.0,False,"reflection=The level's eastern part is larger than initially explored, with lava or water to the east and southeast, suggesting the need for cautious movement to"
bd9c7915,reflexion_mh,MiniHack-River-Narrow-v0,32,7,N,0.0,False,"reflection=The level's eastern boundary is solid, indicating a need to explore north, south, or west to uncover more of the map and find a path forward, possibly"
bd9c7915,reflexion_mh,MiniHack-River-Narrow-v0,32,8,N,0.0,False,"reflection=The level's eastern boundary is solid, and initial attempts to move east were unsuccessful, indicating a need to prioritize north, south, or west expl"
bd9c7915,reflexion_mh,MiniHack-River-Narrow-v0,32,9,W,0.0,False,"reflection=The level's eastern boundary is solid, and initial attempts to move east were unsuccessful. The decision to move west is based on the need to explore "
bd9c7915,reflexion_mh,MiniHack-River-Narrow-v0,32,10,S,0.0,False,"reflection=The level's eastern boundary is solid, and initial attempts to move east were unsuccessful. Moving north and then west has started to reveal more of t"
bd9c7915,reflexion_mh,MiniHack-River-Narrow-v0,32,11,S,0.0,False,"reflection=The level's eastern boundary is solid, and initial attempts to move east were unsuccessful. Moving north and then west has started to reveal more of t"
bd9c7915,reflexion_mh,MiniHack-River-Narrow-v0,32,12,S,-0.01,False,"reflection=The level's eastern boundary is solid, and initial attempts to move east were unsuccessful. Moving north and then west has started to reveal more of t"
bd9c7915,reflexion_mh,MiniHack-River-Narrow-v0,32,13,S,-0.01,False,"reflection=The level's eastern boundary is solid stone, and initial exploration has revealed lava or water to the east and southeast. The southern area remains l"
bd9c7915,reflexion_mh,MiniHack-River-Narrow-v0,32,14,N,0.0,False,"reflection=The level's eastern boundary is solid stone, and initial exploration has revealed lava or water to the east and southeast. The southern area is bounde"
bd9c7915,reflexion_mh,MiniHack-River-Narrow-v0,32,15,N,0.0,False,"reflection=The level's eastern boundary is solid stone, and initial exploration has revealed lava or water to the east and southeast. The southern area is bounde"
bd9c7915,reflexion_mh,MiniHack-River-Narrow-v0,32,16,N,0.0,False,"reflection=The level's eastern boundary is solid stone, and initial exploration has revealed lava or water to the east and southeast. The southern area is bounde"
bd9c7915,reflexion_mh,MiniHack-River-Narrow-v0,32,17,N,0.0,False,"reflection=The level's eastern boundary is solid stone, and initial exploration has revealed lava or water to the east and southeast. The southern area is bounde"
bd9c7915,reflexion_mh,MiniHack-River-Narrow-v0,32,18,N,0.0,False,"reflection=The level's eastern boundary is solid stone, and initial exploration has revealed lava or water to the east and southeast. The southern area is bounde"
bd9c7915,reflexion_mh,MiniHack-River-Narrow-v0,32,19,N,0.0,False,"reflection=The level's northern area remains unexplored and may contain the staircase or other important features, while the eastern and southern areas are bound"
bd9c7915,reflexion_mh,MiniHack-River-Narrow-v0,32,20,N,-0.01,False,"reflection=The level's northern area remains unexplored and may contain the staircase or other important features, while the eastern and southern areas are bound"
bd9c7915,reflexion_mh,MiniHack-River-Narrow-v0,32,21,N,-0.01,False,"reflection=The level's northern area remains largely unexplored, and since I can still move north without hitting a wall, it suggests there might be more floor o"
bd9c7915,reflexion_mh,MiniHack-River-Narrow-v0,32,22,E,0.0,False,"reflection=The level's northern boundary has been reached, so further exploration needs to occur in other directions. The eastern path is now the focus to see if"
bd9c7915,reflexion_mh,MiniHack-River-Narrow-v0,32,23,E,0.0,False,"reflection=The level's eastern path is being explored to uncover any significant elements, and so far, no obstacles or items have been encountered in this direct"
bd9c7915,reflexion_mh,MiniHack-River-Narrow-v0,32,24,NE,0.0,False,"reflection=The level's eastern path seems to be clear of immediate dangers or items, suggesting a need to explore other directions to find stairs, items, or chal"
bd9c7915,reflexion_mh,MiniHack-River-Narrow-v0,32,25,W,0.0,False,"reflection=The level's layout suggests that there might be more to explore towards the west or south, potentially finding items, stairs, or other paths."
bd9c7915,reflexion_mh,MiniHack-River-Narrow-v0,32,26,S,0.0,False,"reflection=The level's layout suggests that there might be more to explore towards the west, south, or potentially other unexplored directions, and moving south "
bd9c7915,reflexion_mh,MiniHack-River-Narrow-v0,32,27,S,0.0,False,"reflection=The level's layout suggests a potential for more exploration towards the west, south, or other unexplored directions. Moving south will help determine"
bd9c7915,reflexion_mh,MiniHack-River-Narrow-v0,32,28,W,0.0,False,"reflection=The level's western area remains unexplored and could contain important items, staircases, or other features crucial for progression."
bd9c7915,reflexion_mh,MiniHack-River-Narrow-v0,32,29,W,0.0,False,"reflection=The level's western area remains unexplored and could contain important items, staircases, or other features crucial for progression. The current posi"
bd9c7915,reflexion_mh,MiniHack-River-Narrow-v0,32,30,W,0.0,False,reflection=The level's western area remains a priority for exploration due to its potential for holding crucial items or the staircase to the next level. The cur
bd9c7915,reflexion_mh,MiniHack-River-Narrow-v0,32,31,W,0.0,False,"reflection=The level's western area remains a priority for exploration, and moving west has not yet been fully explored from this position, offering potential fo"
bd9c7915,reflexion_mh,MiniHack-River-Narrow-v0,32,32,W,0.0,False,"reflection=The western area of the level remains a priority for exploration, and continuing west may reveal new features, items, or paths."
bd9c7915,reflexion_mh,MiniHack-River-Narrow-v0,32,33,W,0.0,False,"reflection=The western area of the level remains a priority for exploration, and continuing west may reveal new features, items, or paths. So far, there are no o"
bd9c7915,reflexion_mh,MiniHack-River-Narrow-v0,32,34,W,0.0,False,"reflection=The western area of the level remains a priority for exploration, and so far, it appears to be a large open space with no immediate dangers or items."
bd9c7915,reflexion_mh,MiniHack-River-Narrow-v0,32,35,E,0.0,False,"reflection=The western area of the level is a large open space with no immediate dangers or items, and boulders can be moved with effort."
bd9c7915,reflexion_mh,MiniHack-River-Narrow-v0,32,36,E,0.0,False,"reflection=The western area of the level is a large open space with no immediate dangers or items, and boulders can be moved with effort. The eastern area is sti"
bd9c7915,reflexion_mh,MiniHack-River-Narrow-v0,32,37,E,0.0,False,"reflection=The western area of the level is a large open space with no immediate dangers or items, and boulders can be moved with effort. The eastern area is sti"
bd9c7915,reflexion_mh,MiniHack-River-Narrow-v0,32,38,E,0.0,False,"reflection=The western area of the level is a large open space with no immediate dangers or items, and boulders can be moved with effort. The eastern area is sti"
bd9c7915,reflexion_mh,MiniHack-River-Narrow-v0,32,39,E,0.0,False,"reflection=The western area of the level is a large open space with no immediate dangers or items, and boulders can be moved with effort. The eastern area has a "
bd9c7915,reflexion_mh,MiniHack-River-Narrow-v0,32,40,E,0.0,False,"reflection=The eastern area has a mix of open space and unknown terrain, and continuing east may reveal more of the level's layout, potential objectives, and pos"
bd9c7915,reflexion_mh,MiniHack-River-Narrow-v0,32,41,E,0.0,False,"reflection=The eastern area has a mix of open space and unknown terrain, and continuing east may reveal more of the level's layout, potential objectives, and pos"
bd9c7915,reflexion_mh,MiniHack-River-Narrow-v0,32,42,E,0.0,False,"reflection=The eastern area has a mix of open space and unknown terrain, and continuing east may reveal more of the level's layout, potential objectives, and pos"
bd9c7915,reflexion_mh,MiniHack-River-Narrow-v0,32,43,E,0.0,False,"reflection=The eastern area appears to be open, with a mix of floor and lava or water, suggesting a possible path or area of interest in this direction. Continui"
bd9c7915,reflexion_mh,MiniHack-River-Narrow-v0,32,44,E,0.0,False,"reflection=The eastern area appears to be open, with a mix of floor and lava or water, suggesting a possible path or area of interest in this direction. I've esc"
bd9c7915,reflexion_mh,MiniHack-River-Narrow-v0,32,45,E,0.0,False,"reflection=The eastern area is still open, and I haven't encountered any obstacles or creatures yet, suggesting that this direction might be a good path to follo"
bd9c7915,reflexion_mh,MiniHack-River-Narrow-v0,32,46,E,0.0,False,"reflection=The eastern path remains unobstructed, suggesting potential for further exploration or discovery of level features."
bd9c7915,reflexion_mh,MiniHack-River-Narrow-v0,32,47,N,0.0,False,"reflection=The level's eastern boundary has been reached, indicating a need to explore north, south, or west to uncover more of the level's layout and objectives"
bd9c7915,reflexion_mh,MiniHack-River-Narrow-v0,32,48,N,0.0,False,"reflection=The level's eastern boundary is solid, indicating a need to focus exploration on the northern, southern, and western areas to find the downstairs or o"
bd9c7915,reflexion_mh,MiniHack-River-Narrow-v0,32,49,S,0.0,False,"reflection=The level's eastern boundary is solid, and initial northern exploration did not reveal the downstairs, suggesting a need to explore southern and weste"
bd9c7915,reflexion_mh,MiniHack-River-Narrow-v0,32,50,S,0.0,False,"reflection=The level's eastern boundary is solid, and initial northern exploration did not reveal the downstairs, suggesting a need to explore southern and weste"
bd9c7915,reflexion_mh,MiniHack-River-Narrow-v0,32,51,S,-0.01,False,"reflection=The level's eastern boundary is solid, initial northern exploration was unsuccessful, and now southern exploration is the priority; will update after "
bd9c7915,reflexion_mh,MiniHack-River-Narrow-v0,32,52,S,-0.01,False,"reflection=The level's eastern boundary is solid, initial northern exploration was unsuccessful, and southern exploration is ongoing; will update after attemptin"
bd9c7915,reflexion_mh,MiniHack-River-Narrow-v0,32,53,W,0.0,False,"reflection=The level's eastern boundary is solid, initial northern exploration was unsuccessful, southern exploration is bounded by a wall, and western explorati"
bd9c7915,reflexion_mh,MiniHack-River-Narrow-v0,32,54,W,0.0,False,"reflection=The level's eastern boundary is solid, initial northern exploration was unsuccessful, southern exploration is bounded by a wall, and western explorati"
bd9c7915,reflexion_mh,MiniHack-River-Narrow-v0,32,55,W,0.0,False,"reflection=The level's western boundary and its features are still unknown and require further exploration to understand the layout and potential paths forward, "
bd9c7915,reflexion_mh,MiniHack-River-Narrow-v0,32,56,W,0.0,False,"reflection=The level's western boundary and its features are still unknown and require further exploration to understand the layout and potential paths forward, "
bd9c7915,reflexion_mh,MiniHack-River-Narrow-v0,32,57,W,0.0,False,"reflection=The level's western boundary and its features are still largely unknown, but continuing west may reveal stairs, items, or other important features. Th"
bd9c7915,reflexion_mh,MiniHack-River-Narrow-v0,32,58,W,0.0,False,"reflection=The level's western boundary and its features are still largely unknown, but continuing west may reveal stairs, items, or other important features. Th"
bd9c7915,reflexion_mh,MiniHack-River-Narrow-v0,32,59,W,0.0,False,"reflection=The level's western area appears to be open, suggesting a possible large room or significant feature in this direction, and continued exploration in t"
bd9c7915,reflexion_mh,MiniHack-River-Narrow-v0,32,60,W,0.0,False,"reflection=The level's western area is expansive and open, suggesting a possible large room or significant feature, and continued exploration in this direction m"
bd9c7915,reflexion_mh,MiniHack-River-Narrow-v0,32,61,W,0.0,False,"reflection=The level's western area is expansive and open, suggesting a possible large room or significant feature, and continued exploration in this direction m"
bd9c7915,reflexion_mh,MiniHack-River-Narrow-v0,32,62,W,0.0,False,"reflection=The level's western area remains open with no signs of walls or obstacles, suggesting a potential large room or significant feature to the west, and t"
bd9c7915,reflexion_mh,MiniHack-River-Narrow-v0,32,63,W,0.0,False,"reflection=The level's western area remains open with no signs of walls or obstacles, suggesting a potential large room or significant feature to the west, and t"
bd9c7915,reflexion_mh,MiniHack-River-Narrow-v0,32,64,W,0.0,False,"reflection=The level's western area appears to be a large, open space with no immediate threats or items, suggesting a need to explore further west or consider a"
bd9c7915,reflexion_mh,MiniHack-River-Narrow-v0,32,65,E,0.0,False,"reflection=The level's western area is a large, open space with no immediate threats or items, suggesting a need to explore alternative directions to find stairs"
bd9c7915,reflexion_mh,MiniHack-River-Narrow-v0,32,66,E,0.0,False,"reflection=The level's eastern area is still unexplored and may contain useful items or the staircase, while the western area is a large, open space with no imme"
bd9c7915,reflexion_mh,MiniHack-River-Narrow-v0,32,67,E,0.0,False,"reflection=The level's eastern area is still unexplored and may contain useful items or the staircase, while the western area is a large, open space with no imme"
bd9c7915,reflexion_mh,MiniHack-River-Narrow-v0,32,68,E,0.0,False,"reflection=The level's eastern area has a mix of open spaces and potential obstacles like lava or water, and it may be worth exploring further to find the stairc"
bd9c7915,reflexion_mh,MiniHack-River-Narrow-v0,32,69,E,0.0,False,"reflection=The level's eastern area has a mix of open spaces and potential obstacles like lava or water, and exploring eastward may reveal the staircase or other"
bd9c7915,reflexion_mh,MiniHack-River-Narrow-v0,32,70,E,0.0,False,"reflection=The level's eastern area has a mix of open spaces and potential obstacles like lava or water, and exploring eastward may reveal the staircase or other"
bd9c7915,reflexion_mh,MiniHack-River-Narrow-v0,32,71,E,0.0,False,"reflection=The level's eastern area continues to be a priority for exploration, and moving in this direction may help uncover important elements such as the stai"
bd9c7915,reflexion_mh,MiniHack-River-Narrow-v0,32,72,E,0.0,False,"reflection=The level's eastern area remains a priority for exploration, and since the last actions did not reveal any obstacles, it's reasonable to continue in t"
bd9c7915,reflexion_mh,MiniHack-River-Narrow-v0,32,73,E,0.0,False,"reflection=The level's eastern area continues to be a priority for exploration, and the absence of obstacles in this direction suggests it may lead to significan"
bd9c7915,reflexion_mh,MiniHack-River-Narrow-v0,32,74,E,0.0,False,"reflection=The level's eastern area remains a priority for exploration, and the lack of obstacles suggests a potential path to the exit or significant discoverie"
bd9c7915,reflexion_mh,MiniHack-River-Narrow-v0,32,75,E,0.0,False,"reflection=The level's eastern area remains a priority for exploration, and the lack of obstacles suggests a potential path to the exit or significant discoverie"
bd9c7915,reflexion_mh,MiniHack-River-Narrow-v0,32,76,E,0.0,False,"reflection=The level's eastern area remains a priority for exploration, and the lack of obstacles suggests a potential path to the exit or significant discoverie"
bd9c7915,reflexion_mh,MiniHack-River-Narrow-v0,32,77,E,0.0,False,"reflection=The level's eastern area remains a priority for exploration, and the lack of obstacles suggests a potential path to the exit or significant discoverie"
bd9c7915,reflexion_mh,MiniHack-River-Narrow-v0,32,78,E,0.0,False,"reflection=The level's eastern area continues to be a priority for exploration. The consistent floor layout suggests a potential for finding significant objects,"
bd9c7915,reflexion_mh,MiniHack-River-Narrow-v0,32,79,E,0.0,False,"reflection=The level's eastern area continues to be a priority for exploration. The consistent floor layout suggests a potential for finding significant objects,"
bd9c7915,reflexion_mh,MiniHack-River-Narrow-v0,32,80,E,0.0,False,"reflection=The level's eastern area continues to yield floor spaces without encountering walls, suggesting a possible large open area or a corridor that could le"
bd9c7915,reflexion_mh,MiniHack-River-Narrow-v0,32,81,N,0.0,False,"reflection=The level's eastern area appears to be part of a larger open space, and exploring north may reveal more about the level's layout and potential exits o"
bd9c7915,reflexion_mh,MiniHack-River-Narrow-v0,32,82,W,0.0,False,"reflection=The level's eastern area appears to be part of a larger open space, and exploring north may reveal more about the level's layout and potential exits o"
bd9c7915,reflexion_mh,MiniHack-River-Narrow-v0,32,83,N,0.0,False,"reflection=The level's eastern area is part of a larger open space, and exploring north may reveal more about the level's layout and potential exits or features."
bd9c7915,reflexion_mh,MiniHack-River-Narrow-v0,32,84,N,0.0,False,"reflection=The level's northern area is accessible and may contain important features or items, continuing to explore this direction may lead to discoveries abou"
bd9c7915,reflexion_mh,MiniHack-River-Narrow-v0,32,85,N,0.0,False,"reflection=The level's northern area is accessible and may contain important features or items, continuing to explore this direction may lead to discoveries abou"
bd9c7915,reflexion_mh,MiniHack-River-Narrow-v0,32,86,N,0.0,False,"reflection=The level's northern area is accessible and may contain important features or items, and there is a body of water or lava to the east, which could be "
bd9c7915,reflexion_mh,MiniHack-River-Narrow-v0,32,87,N,-0.01,False,"reflection=The level's northern area is accessible and may contain important features or items, and there is a body of water or lava to the east, which could be "
bd9c7915,reflexion_mh,MiniHack-River-Narrow-v0,32,88,N,-0.01,False,"reflection=The level's northern area is accessible and may contain important features or items, and there is a body of water or lava to the east, which could be "
bd9c7915,reflexion_mh,MiniHack-River-Narrow-v0,32,89,W,0.0,False,"reflection=The level's northern area is bounded by solid stone, suggesting a potential dead end or a need to find an alternative route, and exploring other direc"
bd9c7915,reflexion_mh,MiniHack-River-Narrow-v0,32,90,W,0.0,False,"reflection=The level's northern area is bounded by solid stone, and initial exploration suggests that moving west may be a good starting point to discover more a"
bd9c7915,reflexion_mh,MiniHack-River-Narrow-v0,32,91,S,0.0,False,"reflection=The level's northern area is bounded by solid stone, and initial exploration suggests that moving west may be a good starting point, but now it's nece"
bd9c7915,reflexion_mh,MiniHack-River-Narrow-v0,32,92,E,0.0,False,"reflection=The level's northern area is bounded by solid stone, and initial exploration suggests that moving west may not be the most fruitful direction; now exp"
bd9c7915,reflexion_mh,MiniHack-River-Narrow-v0,32,93,E,0.0,False,"reflection=The level's eastern area is still unexplored and may contain the staircase or other important features, such as items, creatures, or doors."
bd9c7915,reflexion_mh,MiniHack-River-Narrow-v0,32,94,E,0.0,False,"reflection=The level's eastern area is still unexplored and may contain the staircase or other important features, such as items, creatures, or doors. I have now"
bd9c7915,reflexion_mh,MiniHack-River-Narrow-v0,32,95,E,0.0,False,"reflection=The level's eastern area remains largely unexplored, and moving east may reveal the staircase, items, or other significant elements."
bd9c7915,reflexion_mh,MiniHack-River-Narrow-v0,32,96,E,0.0,False,"reflection=The level's eastern area remains largely unexplored, and moving east may reveal the staircase, items, or other significant elements. It's also possibl"
bd9c7915,reflexion_mh,MiniHack-River-Narrow-v0,32,97,E,0.0,False,"reflection=The level's eastern area is still largely unexplored, and continuing east may lead to significant discoveries, including the staircase, items, or crea"
bd9c7915,reflexion_mh,MiniHack-River-Narrow-v0,32,98,S,0.0,False,"reflection=The level's eastern boundary has been reached, indicating a need to explore other directions. Moving south could uncover more of the level's layout, p"
bd9c7915,reflexion_mh,MiniHack-River-Narrow-v0,32,99,S,0.0,False,"reflection=The level's eastern boundary has been reached, indicating a need to explore other directions. Moving south could uncover more of the level's layout, p"
bd9c7915,reflexion_mh,MiniHack-River-Narrow-v0,32,100,W,0.0,False,"reflection=The level's eastern boundary is lava or water, which might be a common boundary for this level, suggesting a need to focus on north, west, or northwes"
bd9c7915,reflexion_mh,MiniHack-River-Narrow-v0,32,101,N,0.0,False,"reflection=The level's eastern boundary is indeed lava or water, confirming the initial suspicion. The need to explore north, west, or northwest directions for s"
bd9c7915,reflexion_mh,MiniHack-River-Narrow-v0,32,102,NW,0.0,False,"reflection=The level's eastern boundary is indeed hazardous, and exploring north, west, or northwest directions is necessary for safer progression. The current p"
bd9c7915,reflexion_mh,MiniHack-River-Narrow-v0,32,103,NW,0.0,False,"reflection=The level's layout is still largely unknown, but initial movements suggest that there's more space to explore towards the northwest, which could poten"
bd9c7915,reflexion_mh,MiniHack-River-Narrow-v0,32,104,NW,-0.01,False,"reflection=The level's layout is still largely unknown, but initial movements suggest that there's more space to explore towards the northwest, which could poten"
bd9c7915,reflexion_mh,MiniHack-River-Narrow-v0,32,105,NW,-0.01,False,"reflection=The level's layout is still largely unknown, but initial movements suggest that there's more space to explore towards the northwest, which could poten"
bd9c7915,reflexion_mh,MiniHack-River-Narrow-v0,32,106,N,-0.01,False,"reflection=The level's northwest boundary has been found, suggesting that further exploration should focus on other directions. The presence of solid stone to th"
bd9c7915,reflexion_mh,MiniHack-River-Narrow-v0,32,107,E,0.0,False,"reflection=The level's northwest and north boundaries have been found, indicating that exploration should focus on the east, south, and southwest directions to u"
bd9c7915,reflexion_mh,MiniHack-River-Narrow-v0,32,108,E,0.0,False,"reflection=The level's northwest and north boundaries have been found, indicating that exploration should focus on the east, south, and southwest directions to u"
bd9c7915,reflexion_mh,MiniHack-River-Narrow-v0,32,109,E,0.0,False,"reflection=The level's eastern boundary has not been found yet, and exploring this direction may reveal the staircase or other important features. The presence o"
bd9c7915,reflexion_mh,MiniHack-River-Narrow-v0,32,110,E,0.0,False,"reflection=The level's eastern boundary remains unexplored, and the presence of lava or water to the east and southeast suggests a significant water feature, pot"
bd9c7915,reflexion_mh,MiniHack-River-Narrow-v0,32,111,N,-0.01,False,"reflection=The level's northern area remains unexplored, and moving north could reveal more about the level's structure, potentially uncovering corridors, rooms,"
bd9c7915,reflexion_mh,MiniHack-River-Narrow-v0,32,112,N,-0.01,False,"reflection=The level's northern area is still largely unexplored, and continuing to move north may reveal corridors, rooms, or other features that could aid in n"
bd9c7915,reflexion_mh,MiniHack-River-Narrow-v0,32,113,S,0.0,False,"reflection=The level's northern area is blocked by solid stone, and caution is advised when approaching the eastern and southeastern regions due to the presence "
bd9c7915,reflexion_mh,MiniHack-River-Narrow-v0,32,114,S,0.0,False,"reflection=The level's northern area is blocked by solid stone, and caution is advised when approaching the eastern and southeastern regions due to the presence "
bd9c7915,reflexion_mh,MiniHack-River-Narrow-v0,32,115,W,0.0,False,"reflection=The level's layout suggests that moving west might be a good starting point for exploration, as it doesn't immediately hit a wall or lava/water, and c"
bd9c7915,reflexion_mh,MiniHack-River-Narrow-v0,32,116,W,0.0,False,"reflection=The level's western path remains a viable option for exploration, potentially leading to useful items or a staircase."
bd9c7915,reflexion_mh,MiniHack-River-Narrow-v0,32,117,W,0.0,False,"reflection=The level's western path remains a viable option for exploration, potentially leading to useful items or a staircase, and it appears to extend further"
bd9c7915,reflexion_mh,MiniHack-River-Narrow-v0,32,118,W,0.0,False,reflection=The western path on this level extends further without immediate danger and is a priority for exploration to uncover more of the level's layout and po
bd9c7915,reflexion_mh,MiniHack-River-Narrow-v0,32,119,N,0.0,False,"reflection=The western path on this level extends further without immediate danger, and now it's time to explore the northern direction to see if it yields any u"
bd9c7915,reflexion_mh,MiniHack-River-Narrow-v0,33,0,N,0.0,False,"reflection=The level seems to have a large open area with water or lava to the east, and I'm not sure what's to the north, south, or west yet. I'll need to explo"
bd9c7915,reflexion_mh,MiniHack-River-Narrow-v0,33,1,N,0.0,False,"reflection=The level seems to have a large open area with water or lava to the east, and I'll start exploring north to find the downstairs, items, or creatures."
bd9c7915,reflexion_mh,MiniHack-River-Narrow-v0,33,2,N,-0.01,False,"reflection=The level seems to have a large open area with water or lava to the east, and so far, the north direction is open. I'll keep exploring north to find t"
bd9c7915,reflexion_mh,MiniHack-River-Narrow-v0,33,3,N,-0.01,False,"reflection=The level's open area to the east, likely water or lava, and the continuous north path suggest a potential boundary to the east and an open area to th"
bd9c7915,reflexion_mh,MiniHack-River-Narrow-v0,33,4,S,0.0,False,"reflection=The level's north path is bounded, and the east is likely water or lava, suggesting a need to explore west or south for progression or useful items."
bd9c7915,reflexion_mh,MiniHack-River-Narrow-v0,33,5,W,0.0,False,"reflection=The level's layout suggests that westward exploration could reveal more of the map, potentially uncovering stairs, items, or other paths. The presence"
bd9c7915,reflexion_mh,MiniHack-River-Narrow-v0,33,6,W,0.0,False,"reflection=The level's western area remains unexplored and could contain necessary items, stairs, or additional paths, while the eastern part is blocked by lava "
bd9c7915,reflexion_mh,MiniHack-River-Narrow-v0,33,7,W,-0.01,False,"reflection=The level's western area is a priority for exploration due to the eastern blockage, and each step west may reveal more of the level's layout and neces"
bd9c7915,reflexion_mh,MiniHack-River-Narrow-v0,33,8,W,-0.01,False,"reflection=The level's western area is a priority for exploration due to the eastern blockage, and each step west may reveal more of the level's layout and neces"
bd9c7915,reflexion_mh,MiniHack-River-Narrow-v0,33,9,S,0.0,False,"reflection=The level's western boundary has been reached, indicating a need to explore other directions. The southern path is now a priority for exploration to r"
bd9c7915,reflexion_mh,MiniHack-River-Narrow-v0,33,10,S,0.0,False,"reflection=The level's western boundary is solid, and initial exploration suggests a need to head south to uncover more of the level's layout and objectives."
bd9c7915,reflexion_mh,MiniHack-River-Narrow-v0,33,11,E,0.0,False,"reflection=The level's western boundary is solid, initial exploration to the south didn't reveal much, so now exploring east might uncover corridors, stairs, or "
bd9c7915,reflexion_mh,MiniHack-River-Narrow-v0,33,12,E,0.0,False,"reflection=The level's eastern part is still unexplored, and since moving west is restricted by a solid boundary, eastward exploration is the priority. The prese"
bd9c7915,reflexion_mh,MiniHack-River-Narrow-v0,33,13,E,0.0,False,"reflection=The level's eastern part contains lava or water, which may require finding a path around or a way to cross, and further exploration is needed to under"
bd9c7915,reflexion_mh,MiniHack-River-Narrow-v0,33,14,N,0.0,False,"reflection=The level's eastern part contains lava or water, which may require finding a path around or a way to cross. Exploring north may provide more informati"
bd9c7915,reflexion_mh,MiniHack-River-Narrow-v0,33,15,N,0.0,False,"reflection=The level's eastern part contains lava or water, which may require finding a path around or a way to cross. Exploring north may provide more informati"
bd9c7915,reflexion_mh,MiniHack-River-Narrow-v0,33,16,N,0.0,False,"reflection=The level's eastern part contains lava or water, which may require finding a path around or a way to cross. Exploring north may provide more informati"
bd9c7915,reflexion_mh,MiniHack-River-Narrow-v0,33,17,N,-0.01,False,"reflection=The level's eastern part contains lava or water, which may require finding a path around or a way to cross. Exploring north may provide more informati"
bd9c7915,reflexion_mh,MiniHack-River-Narrow-v0,33,18,N,-0.01,False,"reflection=The level's eastern part is confirmed to contain lava or water, which may require finding a path around or a way to cross. Exploring north may provide"
bd9c7915,reflexion_mh,MiniHack-River-Narrow-v0,33,19,W,0.0,False,"reflection=The level's northern part is blocked by a wall, and the eastern part contains lava or water. Exploring west may reveal more about the level's layout, "
bd9c7915,reflexion_mh,MiniHack-River-Narrow-v0,33,20,W,0.0,False,"reflection=The level's northern part is blocked by a wall, and the eastern part contains lava or water. Exploring west may reveal more about the level's layout, "
bd9c7915,reflexion_mh,MiniHack-River-Narrow-v0,33,21,W,0.0,False,"reflection=The level's northern part is blocked by a wall, and the eastern part contains lava or water. Exploring west may reveal more about the level's layout, "
bd9c7915,reflexion_mh,MiniHack-River-Narrow-v0,33,22,S,0.0,False,"reflection=The level's northern part is blocked by a wall, and the eastern part contains lava or water. Exploring west may reveal more about the level's layout, "
bd9c7915,reflexion_mh,MiniHack-River-Narrow-v0,33,23,S,0.0,False,"reflection=The level's southern part continues to be explored, and it's possible that a path or items could be found by moving further south. The western part re"
bd9c7915,reflexion_mh,MiniHack-River-Narrow-v0,33,24,W,-0.01,False,"reflection=The level's western part is now being explored, which may lead to discoveries of items, paths, or stairs, adding to the knowledge of the level's layou"
bd9c7915,reflexion_mh,MiniHack-River-Narrow-v0,33,25,E,0.0,False,"reflection=The western part of the level is bounded by solid stone, indicating a need to explore other directions to uncover the level's layout and objectives."
bd9c7915,reflexion_mh,MiniHack-River-Narrow-v0,33,26,E,0.0,False,"reflection=The level's western boundary is solid stone, suggesting a need to explore north, east, or south to find the downstairs or other objectives. The presen"
bd9c7915,reflexion_mh,MiniHack-River-Narrow-v0,33,27,N,0.0,False,"reflection=The level's western boundary is solid stone, and there are potential hazards to the east and south, making north the primary direction to explore for "
bd9c7915,reflexion_mh,MiniHack-River-Narrow-v0,33,28,N,0.0,False,"reflection=The level's western boundary is solid stone, and there are potential hazards to the east and south, making north the primary direction to explore for "
bd9c7915,reflexion_mh,MiniHack-River-Narrow-v0,33,29,N,-0.01,False,"reflection=The level's northern area remains unexplored, and initial movements have not revealed any immediate threats or goals, suggesting a need to explore fur"
bd9c7915,reflexion_mh,MiniHack-River-Narrow-v0,33,30,N,-0.01,False,"reflection=The level's northern area is still unexplored, and initial movements suggest a need for further exploration to understand the layout and find the down"
bd9c7915,reflexion_mh,MiniHack-River-Narrow-v0,33,31,E,0.0,False,"reflection=The level's northern area is blocked by a wall, suggesting a need to explore east, south, or west to find a path forward or the downstairs, with the c"
bd9c7915,reflexion_mh,MiniHack-River-Narrow-v0,33,32,E,0.0,False,"reflection=The level's northern area is blocked, suggesting a need to explore east, south, or west to find a path forward or the downstairs. The presence of wate"
bd9c7915,reflexion_mh,MiniHack-River-Narrow-v0,33,33,S,0.0,False,"reflection=The level's design suggests that moving south may provide a safer initial exploration route compared to east or north, potentially uncovering stairs, "
bd9c7915,reflexion_mh,MiniHack-River-Narrow-v0,33,34,S,0.0,False,"reflection=The level's design suggests that moving south may provide a safer initial exploration route, and since moving south from the current position is possi"
bd9c7915,reflexion_mh,MiniHack-River-Narrow-v0,33,35,S,0.0,False,"reflection=The level's design suggests that moving south may provide a safer initial exploration route, and since moving south from the current position is possi"
bd9c7915,reflexion_mh,MiniHack-River-Narrow-v0,33,36,S,0.0,False,"reflection=The level's design suggests that moving south may provide a safer initial exploration route, and since moving south from the current position is possi"
bd9c7915,reflexion_mh,MiniHack-River-Narrow-v0,33,37,S,0.0,False,"reflection=The level's design suggests that moving south may provide a safer initial exploration route, and since moving south from the current position is possi"
bd9c7915,reflexion_mh,MiniHack-River-Narrow-v0,33,38,S,0.0,False,"reflection=The level's design suggests that moving south may provide a safer initial exploration route, and since moving south from the current position is possi"
bd9c7915,reflexion_mh,MiniHack-River-Narrow-v0,33,39,S,-0.01,False,"reflection=The level's design suggests that moving south may provide a safer initial exploration route, and since moving south from the current position is possi"
bd9c7915,reflexion_mh,MiniHack-River-Narrow-v0,33,40,S,-0.01,False,"reflection=The level's design suggests that moving south may provide a safer initial exploration route. So far, no walls have been hit when moving south, indicat"
bd9c7915,reflexion_mh,MiniHack-River-Narrow-v0,33,41,N,0.0,False,"reflection=The level's design suggests that moving south may provide a safer initial exploration route, but since it's now blocked, exploring other directions li"
bd9c7915,reflexion_mh,MiniHack-River-Narrow-v0,33,42,N,0.0,False,"reflection=The level's design suggests that exploring north may provide a safer route for initial exploration, potentially revealing new paths, items, or stairs "
bd9c7915,reflexion_mh,MiniHack-River-Narrow-v0,33,43,N,0.0,False,"reflection=The level's design suggests that exploring north may provide a safer route for initial exploration, potentially revealing new paths, items, or stairs "
bd9c7915,reflexion_mh,MiniHack-River-Narrow-v0,33,44,N,0.0,False,"reflection=The level's design suggests that exploring north may provide a safer route for initial exploration, potentially revealing new paths, items, or stairs "
bd9c7915,reflexion_mh,MiniHack-River-Narrow-v0,33,45,N,0.0,False,"reflection=The level's design suggests that exploring north may provide a safer route for initial exploration, potentially revealing new paths, items, or stairs "
bd9c7915,reflexion_mh,MiniHack-River-Narrow-v0,33,46,N,0.0,False,"reflection=The level's design suggests that exploring north may provide a safer route for initial exploration, potentially revealing new paths, items, or stairs "
bd9c7915,reflexion_mh,MiniHack-River-Narrow-v0,33,47,N,-0.01,False,"reflection=The level's design suggests that exploring north may provide a safer route for initial exploration, potentially revealing new paths, items, or stairs "
bd9c7915,reflexion_mh,MiniHack-River-Narrow-v0,33,48,N,-0.01,False,"reflection=The level's design suggests that exploring north may provide a safer route for initial exploration, potentially revealing new paths, items, or stairs "
bd9c7915,reflexion_mh,MiniHack-River-Narrow-v0,33,49,E,0.0,False,"reflection=The level's design suggests that exploring north may provide a safer route for initial exploration, but since it's blocked, trying east or other direc"
bd9c7915,reflexion_mh,MiniHack-River-Narrow-v0,33,50,E,0.0,False,"reflection=The level's design suggests that initial exploration should consider multiple directions due to potential blockages, emphasizing the need for adaptabi"
bd9c7915,reflexion_mh,MiniHack-River-Narrow-v0,33,51,NE,-0.01,False,"reflection=The level's design suggests that initial exploration should consider multiple directions due to potential blockages, emphasizing the need for adaptabi"
bd9c7915,reflexion_mh,MiniHack-River-Narrow-v0,33,52,E,0.0,False,"reflection=The level's design suggests that initial exploration should consider multiple directions due to potential blockages, emphasizing the need for adaptabi"
bd9c7915,reflexion_mh,MiniHack-River-Narrow-v0,33,53,E,0.0,False,"reflection=The level's design suggests that initial exploration should consider multiple directions due to potential blockages, emphasizing the need for adaptabi"
bd9c7915,reflexion_mh,MiniHack-River-Narrow-v0,33,54,E,0.0,False,"reflection=The level's design suggests that initial exploration should consider multiple directions due to potential blockages, emphasizing the need for adaptabi"
bd9c7915,reflexion_mh,MiniHack-River-Narrow-v0,33,55,N,-0.01,False,"reflection=The level's design suggests that initial exploration should consider multiple directions due to potential blockages, emphasizing the need for adaptabi"
bd9c7915,reflexion_mh,MiniHack-River-Narrow-v0,33,56,N,-0.01,False,"reflection=The level's design suggests that initial exploration should consider multiple directions due to potential blockages, emphasizing the need for adaptabi"
bd9c7915,reflexion_mh,MiniHack-River-Narrow-v0,33,57,E,0.0,False,"reflection=The level's design suggests that initial exploration should consider multiple directions due to potential blockages, emphasizing the need for adaptabi"
bd9c7915,reflexion_mh,MiniHack-River-Narrow-v0,33,58,S,0.0,False,"reflection=The level's design suggests that initial exploration should consider multiple directions due to potential blockages, emphasizing the need for adaptabi"
bd9c7915,reflexion_mh,MiniHack-River-Narrow-v0,33,59,S,0.0,False,"reflection=The level's design suggests that initial exploration should consider multiple directions due to potential blockages, emphasizing the need for adaptabi"
bd9c7915,reflexion_mh,MiniHack-River-Narrow-v0,33,60,N,0.0,False,"reflection=The level's design suggests that initial exploration should consider multiple directions due to potential blockages, emphasizing the need for adaptabi"
bd9c7915,reflexion_mh,MiniHack-River-Narrow-v0,33,61,N,0.0,False,"reflection=The level's design suggests that initial exploration should consider multiple directions due to potential blockages, emphasizing the need for adaptabi"
bd9c7915,reflexion_mh,MiniHack-River-Narrow-v0,33,62,N,-0.01,False,"reflection=The level's design suggests that initial exploration should consider multiple directions due to potential blockages, emphasizing the need for adaptabi"
bd9c7915,reflexion_mh,MiniHack-River-Narrow-v0,33,63,N,-0.01,False,"reflection=The level's design suggests that initial exploration should consider multiple directions due to potential blockages, emphasizing the need for adaptabi"
bd9c7915,reflexion_mh,MiniHack-River-Narrow-v0,33,64,W,0.0,False,"reflection=The level's design suggests that initial exploration should consider multiple directions due to potential blockages, emphasizing the need for adaptabi"
bd9c7915,reflexion_mh,MiniHack-River-Narrow-v0,33,65,W,0.0,False,"reflection=The level's design suggests that initial exploration should consider multiple directions due to potential blockages, emphasizing the need for adaptabi"
bd9c7915,reflexion_mh,MiniHack-River-Narrow-v0,33,66,W,0.0,False,reflection=The level's design emphasizes the importance of scouting ahead and considering the limitations imposed by terrain features like lava or water. The lac
bd9c7915,reflexion_mh,MiniHack-River-Narrow-v0,33,67,W,0.0,False,"reflection=The level's design emphasizes the importance of scouting ahead and considering the limitations imposed by terrain features like lava or water, and exp"
bd9c7915,reflexion_mh,MiniHack-River-Narrow-v0,33,68,S,0.0,False,"reflection=The level's design so far suggests that there might be more open spaces or corridors to the south, and exploring this direction could reveal important"
bd9c7915,reflexion_mh,MiniHack-River-Narrow-v0,33,69,S,0.0,False,"reflection=The level's design so far suggests that there might be more open spaces or corridors to the south, and exploring this direction could reveal important"
bd9c7915,reflexion_mh,MiniHack-River-Narrow-v0,33,70,S,0.0,False,"reflection=The level's design so far suggests that there might be more open spaces or corridors to the south, and exploring this direction could reveal important"
bd9c7915,reflexion_mh,MiniHack-River-Narrow-v0,33,71,S,0.0,False,"reflection=The level's design so far suggests a potential pattern of open spaces or corridors to the south, with lava or water forming boundaries to the east and"
bd9c7915,reflexion_mh,MiniHack-River-Narrow-v0,33,72,S,0.0,False,"reflection=The level's design continues to suggest a pattern of open spaces to the south, potentially bounded by lava or water to the east and west, and explorin"
bd9c7915,reflexion_mh,MiniHack-River-Narrow-v0,33,73,S,0.0,False,"reflection=The level's design continues to suggest a pattern of open spaces to the south, potentially bounded by lava or water to the east and west, and explorin"
bd9c7915,reflexion_mh,MiniHack-River-Narrow-v0,33,74,S,-0.01,False,"reflection=The level's design continues to suggest a pattern of open spaces to the south, potentially bounded by lava or water to the east and west, and explorin"
bd9c7915,reflexion_mh,MiniHack-River-Narrow-v0,33,75,S,-0.01,False,"reflection=The level's open spaces to the south continue, suggesting a possible large room or area in this direction, which could contain important items, creatu"
bd9c7915,reflexion_mh,MiniHack-River-Narrow-v0,33,76,E,0.0,False,"reflection=The level's open spaces to the south are bounded by a wall, suggesting a possible large room or area to the east or west, which could contain importan"
bd9c7915,reflexion_mh,MiniHack-River-Narrow-v0,33,77,E,0.0,False,"reflection=The level's open spaces to the south are bounded by a wall, and initial southward movement did not yield significant discoveries, indicating that east"
bd9c7915,reflexion_mh,MiniHack-River-Narrow-v0,33,78,W,0.0,False,"reflection=The level's open spaces to the south are bounded by a wall, and initial southward movement did not yield significant discoveries. Eastward movement al"
bd9c7915,reflexion_mh,MiniHack-River-Narrow-v0,33,79,W,0.0,False,"reflection=The level's open spaces to the south are bounded by a wall, and initial southward and eastward movements did not yield significant discoveries, sugges"
bd9c7915,reflexion_mh,MiniHack-River-Narrow-v0,33,80,W,0.0,False,"reflection=The level's open spaces to the south are bounded by a wall, and initial movements did not yield significant discoveries, suggesting westward explorati"
bd9c7915,reflexion_mh,MiniHack-River-Narrow-v0,33,81,W,0.0,False,"reflection=The level's open spaces to the south are bounded by a wall, and initial movements suggest that westward exploration may reveal important features such"
bd9c7915,reflexion_mh,MiniHack-River-Narrow-v0,33,82,N,0.0,False,"reflection=The level's open spaces to the south and west are bounded by walls, initial movements suggest that northward exploration may reveal important features"
bd9c7915,reflexion_mh,MiniHack-River-Narrow-v0,33,83,N,0.0,False,"reflection=The level's layout suggests a possible corridor or room structure to the north, which could contain items, stairs, or other important features for pro"
bd9c7915,reflexion_mh,MiniHack-River-Narrow-v0,33,84,N,0.0,False,"reflection=The level's layout suggests a possible corridor or room structure to the north, which could contain items, stairs, or other important features for pro"
bd9c7915,reflexion_mh,MiniHack-River-Narrow-v0,33,85,N,0.0,False,"reflection=The level's layout suggests a possible corridor or room structure to the north, which could contain items, stairs, or other important features for pro"
bd9c7915,reflexion_mh,MiniHack-River-Narrow-v0,33,86,N,0.0,False,"reflection=The level's structure suggests that moving north could reveal more of the dungeon's layout, potentially uncovering stairs, items, or other features ne"
bd9c7915,reflexion_mh,MiniHack-River-Narrow-v0,33,87,N,0.0,False,"reflection=The level's structure suggests that moving north could reveal more of the dungeon's layout, potentially uncovering stairs, items, or other features ne"
bd9c7915,reflexion_mh,MiniHack-River-Narrow-v0,33,88,N,-0.01,False,"reflection=The level's structure suggests that moving north could reveal more of the dungeon's layout, potentially uncovering stairs, items, or other features ne"
bd9c7915,reflexion_mh,MiniHack-River-Narrow-v0,33,89,N,-0.01,False,"reflection=The level's structure suggests that moving north could reveal more of the dungeon's layout, potentially uncovering stairs, items, or other features ne"
bd9c7915,reflexion_mh,MiniHack-River-Narrow-v0,33,90,W,0.0,False,"reflection=The level's structure suggests that moving north is blocked, indicating a need to explore other directions to uncover the dungeon's layout and find ne"
bd9c7915,reflexion_mh,MiniHack-River-Narrow-v0,33,91,W,0.0,False,"reflection=The level's structure suggests that moving north is blocked, and eastward movement is risky due to lava or water, indicating that westward or southwes"
bd9c7915,reflexion_mh,MiniHack-River-Narrow-v0,33,92,W,0.0,False,reflection=The level's structure indicates that initial movement should focus on westward or southwest directions to safely explore and uncover more of the dunge
bd9c7915,reflexion_mh,MiniHack-River-Narrow-v0,33,93,SW,0.0,False,reflection=The level's structure suggests that water or lava (represented by '}') may be a boundary or obstacle. Initial exploration should prioritize avoiding t
bd9c7915,reflexion_mh,MiniHack-River-Narrow-v0,33,94,E,0.0,False,reflection=The level's structure suggests that water or lava (represented by '}') may be a boundary or obstacle. Initial exploration should prioritize avoiding t
bd9c7915,reflexion_mh,MiniHack-River-Narrow-v0,33,95,E,0.0,False,reflection=The level's structure suggests that water or lava may be a boundary or obstacle. Initial exploration should prioritize avoiding these areas until more
bd9c7915,reflexion_mh,MiniHack-River-Narrow-v0,33,96,E,0.0,False,reflection=The level's structure suggests that water or lava may be a boundary or obstacle. Initial exploration should prioritize avoiding these areas until more
bd9c7915,reflexion_mh,MiniHack-River-Narrow-v0,33,97,E,0.0,False,reflection=The level's structure suggests that water or lava may indeed be a significant boundary. Exploring east may help in identifying potential paths or item
bd9c7915,reflexion_mh,MiniHack-River-Narrow-v0,33,98,E,0.0,False,reflection=The level's structure suggests that water or lava may indeed be a significant boundary. Exploring east may help in identifying potential paths or item
bd9c7915,reflexion_mh,MiniHack-River-Narrow-v0,33,99,E,0.0,False,reflection=The level's structure suggests that water or lava may indeed be a significant boundary. Exploring east may help in identifying potential paths or item
bd9c7915,reflexion_mh,MiniHack-River-Narrow-v0,33,100,E,0.0,False,reflection=The level's structure suggests that water or lava may indeed be a significant boundary. Exploring east may help in identifying potential paths or item
bd9c7915,reflexion_mh,MiniHack-River-Narrow-v0,33,101,E,0.0,False,reflection=The level's structure suggests that water or lava may indeed be a significant boundary. Exploring east may help in identifying potential paths or item
bd9c7915,reflexion_mh,MiniHack-River-Narrow-v0,33,102,N,0.0,False,reflection=The level's structure suggests that water or lava may indeed be a significant boundary. Exploring different directions may help in identifying potenti
bd9c7915,reflexion_mh,MiniHack-River-Narrow-v0,33,103,NW,-0.01,False,reflection=The level's structure suggests that exploring different directions is crucial for identifying potential paths or items. The presence of lava or water 
bd9c7915,reflexion_mh,MiniHack-River-Narrow-v0,33,104,N,-0.01,False,reflection=The level's structure suggests that exploring different directions is crucial for identifying potential paths or items. The presence of lava or water 
bd9c7915,reflexion_mh,MiniHack-River-Narrow-v0,33,105,S,0.0,False,reflection=The level's structure suggests that exploring different directions is crucial for identifying potential paths or items. The presence of lava or water 
bd9c7915,reflexion_mh,MiniHack-River-Narrow-v0,33,106,W,0.0,False,"reflection=The level's structure suggests that exploring different directions is crucial for identifying potential paths or items, and moving in directions other"
bd9c7915,reflexion_mh,MiniHack-River-Narrow-v0,33,107,NW,0.0,False,reflection=The level seems to require exploration in multiple directions to uncover its layout and necessary items for progression. The presence of lava or water
bd9c7915,reflexion_mh,MiniHack-River-Narrow-v0,33,108,N,-0.01,False,"reflection=The level seems to require careful exploration around the lava or water to the east, and exploring north might reveal more of the level's layout or ne"
bd9c7915,reflexion_mh,MiniHack-River-Narrow-v0,33,109,W,0.0,False,"reflection=The level seems to require careful exploration around the lava or water to the east, and exploring other directions like west or southwest might revea"
bd9c7915,reflexion_mh,MiniHack-River-Narrow-v0,33,110,NW,-0.01,False,"reflection=The level seems to require careful exploration around the lava or water to the east, and exploring other directions like west or southwest might revea"
bd9c7915,reflexion_mh,MiniHack-River-Narrow-v0,33,111,W,0.0,False,"reflection=The level seems to require careful exploration around the lava or water to the east, and exploring other directions like west, southwest, or southeast"
bd9c7915,reflexion_mh,MiniHack-River-Narrow-v0,33,112,SE,0.0,False,reflection=The level's layout suggests that exploring directions away from the lava or water might yield necessary items or paths. The southeast direction is a n
bd9c7915,reflexion_mh,MiniHack-River-Narrow-v0,33,113,SE,0.0,False,"reflection=The level's layout suggests that exploring new paths, especially those that have not been tried before like southeast, could lead to discoveries of it"
bd9c7915,reflexion_mh,MiniHack-River-Narrow-v0,33,114,N,0.0,False,"reflection=The level's layout suggests that exploring new paths, especially those that have not been tried before like southeast, could lead to discoveries of it"
bd9c7915,reflexion_mh,MiniHack-River-Narrow-v0,33,115,SE,0.0,False,"reflection=The level's layout suggests that exploring new paths, especially those that have not been tried before like southeast, could lead to discoveries of it"
bd9c7915,reflexion_mh,MiniHack-River-Narrow-v0,33,116,SE,0.0,False,"reflection=The level's layout suggests that exploring new paths, especially those that have not been tried before like southeast, could lead to discoveries of it"
bd9c7915,reflexion_mh,MiniHack-River-Narrow-v0,33,117,SE,0.0,False,"reflection=The level's layout suggests that exploring new paths, especially those that have not been tried before like southeast, could lead to discoveries of it"
bd9c7915,reflexion_mh,MiniHack-River-Narrow-v0,33,118,NE,0.0,False,"reflection=The level's layout suggests that exploring new paths, especially those that have not been tried before like northeast, could lead to discoveries of it"
bd9c7915,reflexion_mh,MiniHack-River-Narrow-v0,33,119,NE,0.0,False,"reflection=The level's layout suggests that exploring diagonally, especially towards unexplored corners like northeast, can be an efficient way to discover new a"
bd9c7915,reflexion_mh,MiniHack-River-Narrow-v0,34,0,NW,0.0,False,"reflection=The level seems to be surrounded by water or lava (}) on the right side, and there's a lot of empty floor (.). I don't see any creatures or corridors "
bd9c7915,reflexion_mh,MiniHack-River-Narrow-v0,34,1,N,0.0,False,"reflection=The level seems to be surrounded by water or lava (}) on the right side, and there's a lot of empty floor (.). I don't see any creatures or corridors "
bd9c7915,reflexion_mh,MiniHack-River-Narrow-v0,34,2,N,-0.01,False,"reflection=The level seems to be surrounded by water or lava on the right side, and there's a lot of empty floor. I don't see any creatures or corridors yet. Mov"
bd9c7915,reflexion_mh,MiniHack-River-Narrow-v0,34,3,E,0.0,False,"reflection=The level seems to be surrounded by water or lava on the right side, and there's a lot of empty floor. I don't see any creatures or corridors yet. Mov"
bd9c7915,reflexion_mh,MiniHack-River-Narrow-v0,34,4,N,-0.01,False,"reflection=The level seems to have a large open area on the left side, and the right side is bounded by water or lava, I should explore north and east to find co"
bd9c7915,reflexion_mh,MiniHack-River-Narrow-v0,34,5,E,0.0,False,"reflection=The level seems to have a large open area on the left side, and the right side is bounded by water or lava. Exploring east may reveal corridors, stair"
bd9c7915,reflexion_mh,MiniHack-River-Narrow-v0,34,6,E,0.0,False,"reflection=The level's open area on the left suggests a potential for finding items or encountering creatures, while the bounded area on the right indicates a ne"
bd9c7915,reflexion_mh,MiniHack-River-Narrow-v0,34,7,E,0.0,False,"reflection=The level's open area on the left suggests a potential for finding items or encountering creatures, while the bounded area on the right indicates a ne"
bd9c7915,reflexion_mh,MiniHack-River-Narrow-v0,34,8,E,0.0,False,"reflection=The level's open area on the left suggests a potential for finding items or encountering creatures, while the bounded area on the right indicates a ne"
bd9c7915,reflexion_mh,MiniHack-River-Narrow-v0,34,9,E,0.0,False,"reflection=The level's design suggests that open areas may contain items or creatures, and bounded areas could pose risks such as water or lava, emphasizing the "
bd9c7915,reflexion_mh,MiniHack-River-Narrow-v0,34,10,N,-0.01,False,"reflection=The level's design suggests that open areas may contain items or creatures, and bounded areas could pose risks. Exploring north may reveal more about "
bd9c7915,reflexion_mh,MiniHack-River-Narrow-v0,34,11,N,-0.01,False,"reflection=The level's design suggests that open areas may contain items or creatures, and bounded areas could pose risks. Exploring north may reveal more about "
bd9c7915,reflexion_mh,MiniHack-River-Narrow-v0,34,12,S,0.0,False,"reflection=The level's design suggests that open areas may contain items or creatures, and bounded areas could pose risks. Exploring different directions from th"
bd9c7915,reflexion_mh,MiniHack-River-Narrow-v0,34,13,N,0.0,False,"reflection=The level's design suggests that open areas may contain items or creatures, and bounded areas could pose risks. Exploring different directions from th"
bd9c7915,reflexion_mh,MiniHack-River-Narrow-v0,34,14,N,-0.01,False,"reflection=The level's design suggests that open areas may contain items or creatures, and bounded areas could pose risks. Exploring different directions from th"
bd9c7915,reflexion_mh,MiniHack-River-Narrow-v0,34,15,S,0.0,False,"reflection=The level's design suggests that open areas may contain items or creatures, and bounded areas could pose risks. Exploring different directions from th"
bd9c7915,reflexion_mh,MiniHack-River-Narrow-v0,34,16,W,0.0,False,"reflection=The level's design suggests that open areas may contain items or creatures, and bounded areas could pose risks. Exploring different directions from th"
bd9c7915,reflexion_mh,MiniHack-River-Narrow-v0,34,17,W,0.0,False,"reflection=The level's design suggests that open areas may contain items or creatures, and bounded areas could pose risks. Exploring different directions from th"
bd9c7915,reflexion_mh,MiniHack-River-Narrow-v0,34,18,W,0.0,False,"reflection=The level's design suggests that open areas may contain items or creatures, and bounded areas could pose risks. Exploring different directions from th"
bd9c7915,reflexion_mh,MiniHack-River-Narrow-v0,34,19,W,0.0,False,"reflection=The level's design suggests that open areas may contain items or creatures, and bounded areas could pose risks. Exploring different directions from th"
bd9c7915,reflexion_mh,MiniHack-River-Narrow-v0,34,20,W,0.0,False,"reflection=The level's design suggests that open areas may contain items or creatures, and bounded areas could pose risks. Exploring different directions from th"
bd9c7915,reflexion_mh,MiniHack-River-Narrow-v0,34,21,S,0.0,False,"reflection=The level's design suggests that open areas may contain items or creatures, and bounded areas could pose risks. Exploring different directions from th"
bd9c7915,reflexion_mh,MiniHack-River-Narrow-v0,34,22,S,0.0,False,"reflection=The level's design suggests that open areas may contain items or creatures, and bounded areas could pose risks. Exploring different directions from th"
bd9c7915,reflexion_mh,MiniHack-River-Narrow-v0,34,23,S,0.0,False,"reflection=The level's design suggests that open areas may contain items or creatures, and bounded areas could pose risks. Exploring different directions from th"
bd9c7915,reflexion_mh,MiniHack-River-Narrow-v0,34,24,W,0.0,False,"reflection=The level's design suggests that open areas may contain items or creatures, and bounded areas could pose risks. Exploring different directions from th"
bd9c7915,reflexion_mh,MiniHack-River-Narrow-v0,34,25,E,0.0,False,"reflection=The level's design suggests that open areas may contain items or creatures, and bounded areas could pose risks. Exploring different directions from th"
bd9c7915,reflexion_mh,MiniHack-River-Narrow-v0,34,26,W,0.0,False,"reflection=The level's design suggests that open areas may contain items or creatures, and bounded areas could pose risks. Exploring different directions from th"
bd9c7915,reflexion_mh,MiniHack-River-Narrow-v0,34,27,N,0.0,False,"reflection=The level's design suggests that open areas may contain items or creatures, and bounded areas could pose risks. Exploring different directions from th"
bd9c7915,reflexion_mh,MiniHack-River-Narrow-v0,34,28,N,0.0,False,"reflection=The level's design suggests that open areas may contain items or creatures, and bounded areas could pose risks. Exploring different directions from th"
bd9c7915,reflexion_mh,MiniHack-River-Narrow-v0,34,29,N,0.0,False,"reflection=The level's design suggests that open areas may contain items or creatures, and bounded areas could pose risks. Exploring different directions from th"
bd9c7915,reflexion_mh,MiniHack-River-Narrow-v0,34,30,N,0.0,False,"reflection=The level's design suggests that open areas may contain items or creatures, and bounded areas could pose risks. Exploring different directions from th"
bd9c7915,reflexion_mh,MiniHack-River-Narrow-v0,34,31,N,-0.01,False,"reflection=The level's design suggests that open areas may contain items or creatures, and bounded areas could pose risks. Exploring different directions from th"
bd9c7915,reflexion_mh,MiniHack-River-Narrow-v0,34,32,N,-0.01,False,"reflection=The level's design suggests that open areas may contain items or creatures, and bounded areas could pose risks. Exploring different directions from th"
bd9c7915,reflexion_mh,MiniHack-River-Narrow-v0,34,33,E,0.0,False,"reflection=The level's design suggests that open areas may contain items or creatures, and bounded areas could pose risks. Exploring different directions from th"
bd9c7915,reflexion_mh,MiniHack-River-Narrow-v0,34,34,N,-0.01,False,"reflection=The level's design suggests that open areas may contain items or creatures, and bounded areas could pose risks. Exploring different directions from th"
bd9c7915,reflexion_mh,MiniHack-River-Narrow-v0,34,35,N,-0.01,False,"reflection=The level's design suggests that open areas may contain items or creatures, and bounded areas could pose risks. Exploring different directions from th"
bd9c7915,reflexion_mh,MiniHack-River-Narrow-v0,34,36,W,0.0,False,"reflection=The level's design suggests that open areas may contain items or creatures, and bounded areas could pose risks. Exploring different directions from th"
bd9c7915,reflexion_mh,MiniHack-River-Narrow-v0,34,37,E,0.0,False,"reflection=The level's design suggests that open areas may contain items or creatures, and bounded areas could pose risks. Exploring different directions from th"
bd9c7915,reflexion_mh,MiniHack-River-Narrow-v0,34,38,E,0.0,False,"reflection=The level's design suggests that open areas may contain items or creatures, and bounded areas could pose risks. Exploring different directions from th"
bd9c7915,reflexion_mh,MiniHack-River-Narrow-v0,34,39,E,0.0,False,"reflection=The level's design suggests that open areas may contain items or creatures, and bounded areas could pose risks. Exploring different directions from th"
bd9c7915,reflexion_mh,MiniHack-River-Narrow-v0,34,40,E,0.0,False,"reflection=The level's design suggests that open areas may contain items or creatures, and bounded areas could pose risks. Exploring different directions from th"
bd9c7915,reflexion_mh,MiniHack-River-Narrow-v0,34,41,S,0.0,False,"reflection=The level's design suggests that open areas may contain items or creatures, and bounded areas could pose risks. Exploring different directions from th"
bd9c7915,reflexion_mh,MiniHack-River-Narrow-v0,34,42,S,0.0,False,"reflection=The level's design suggests that open areas may contain items or creatures, and bounded areas could pose risks. Exploring different directions from th"
bd9c7915,reflexion_mh,MiniHack-River-Narrow-v0,34,43,S,0.0,False,"reflection=The level's design suggests that open areas may contain items or creatures, and bounded areas could pose risks. Exploring different directions from th"
bd9c7915,reflexion_mh,MiniHack-River-Narrow-v0,34,44,W,0.0,False,"reflection=The level's design suggests that open areas may contain items or creatures, and bounded areas could pose risks. Exploring different directions from th"
bd9c7915,reflexion_mh,MiniHack-River-Narrow-v0,34,45,N,0.0,False,"reflection=The level's design suggests that open areas may contain items or creatures, and bounded areas could pose risks. Exploring different directions from th"
bd9c7915,reflexion_mh,MiniHack-River-Narrow-v0,34,46,W,0.0,False,"reflection=The level's design suggests that open areas may contain items or creatures, and bounded areas could pose risks. Exploring different directions from th"
bd9c7915,reflexion_mh,MiniHack-River-Narrow-v0,34,47,S,0.0,False,"reflection=The level's design suggests that open areas may contain items or creatures, and bounded areas could pose risks. The presence of lava or water to the r"
bd9c7915,reflexion_mh,MiniHack-River-Narrow-v0,34,48,S,0.0,False,"reflection=The level's design suggests that open areas may contain items or creatures, and bounded areas could pose risks. Exploring south may reveal more about "
bd9c7915,reflexion_mh,MiniHack-River-Narrow-v0,34,49,E,0.0,False,"reflection=The level's design suggests that open areas may contain items or creatures, and bounded areas could pose risks. Exploring in different directions may "
bd9c7915,reflexion_mh,MiniHack-River-Narrow-v0,34,50,E,0.0,False,"reflection=The level's design suggests that open areas may contain items or creatures, and bounded areas could pose risks. Exploring in different directions may "
bd9c7915,reflexion_mh,MiniHack-River-Narrow-v0,34,51,N,0.0,False,"reflection=The level's design suggests that open areas may contain items or creatures, and bounded areas could pose risks. Exploring in different directions may "
bd9c7915,reflexion_mh,MiniHack-River-Narrow-v0,34,52,E,0.0,False,"reflection=The level's open areas may contain items or creatures, and it's essential to explore in different directions to reveal more about the level's structur"
bd9c7915,reflexion_mh,MiniHack-River-Narrow-v0,34,53,E,0.0,False,"reflection=The level's open areas may contain items or creatures, and exploring eastward continues to reveal more of the level's structure without encountering w"
bd9c7915,reflexion_mh,MiniHack-River-Narrow-v0,34,54,E,0.0,False,"reflection=The level's open areas may contain items or creatures, and exploring eastward continues to reveal more of the level's structure without encountering w"
bd9c7915,reflexion_mh,MiniHack-River-Narrow-v0,34,55,E,0.0,False,"reflection=The level's open areas may contain items or creatures, and exploring eastward continues to reveal more of the level's structure without encountering w"
bd9c7915,reflexion_mh,MiniHack-River-Narrow-v0,34,56,E,0.0,False,"reflection=The level's open areas to the east continue to expand, suggesting this direction may be particularly fruitful for exploration and potentially lead to "
bd9c7915,reflexion_mh,MiniHack-River-Narrow-v0,34,57,E,0.0,False,"reflection=The level's open areas to the east continue to expand, suggesting this direction may be particularly fruitful for exploration and potentially lead to "
bd9c7915,reflexion_mh,MiniHack-River-Narrow-v0,34,58,E,0.0,False,"reflection=The level's open areas to the east continue to expand, suggesting this direction may be particularly fruitful for exploration and potentially lead to "
bd9c7915,reflexion_mh,MiniHack-River-Narrow-v0,34,59,E,0.0,False,"reflection=The level's open areas to the east continue to expand, suggesting this direction may be particularly fruitful for exploration and potentially lead to "
bd9c7915,reflexion_mh,MiniHack-River-Narrow-v0,34,60,E,0.0,False,"reflection=The level's eastern corridor or open space appears to be extensive, suggesting that this direction may be a primary path for progression. No obstacles"
bd9c7915,reflexion_mh,MiniHack-River-Narrow-v0,34,61,E,-0.01,False,"reflection=The level's eastern area is open and potentially a main route, but it's also important to consider the presence of lava or water (}) to the south, whi"
bd9c7915,reflexion_mh,MiniHack-River-Narrow-v0,34,62,N,0.0,False,"reflection=The level's eastern area is open and potentially a main route, but it's also important to consider the presence of lava or water (}) to the south, whi"
bd9c7915,reflexion_mh,MiniHack-River-Narrow-v0,34,63,E,0.0,False,reflection=The level's eastern area is open and potentially a main route. The presence of lava or water to the south could limit movement or create hazards. No w
bd9c7915,reflexion_mh,MiniHack-River-Narrow-v0,34,64,E,0.0,False,reflection=The level's eastern area is open and potentially a main route. The presence of lava or water to the south could limit movement or create hazards. Cont
bd9c7915,reflexion_mh,MiniHack-River-Narrow-v0,34,65,E,0.0,False,reflection=The level's eastern area is open and potentially a main route. The presence of lava or water to the south could limit movement or create hazards. Cont
bd9c7915,reflexion_mh,MiniHack-River-Narrow-v0,34,66,E,0.0,False,reflection=The level's eastern area is open and potentially a main route. The presence of lava or water to the south could limit movement or create hazards. Cont
bd9c7915,reflexion_mh,MiniHack-River-Narrow-v0,34,67,E,0.0,False,reflection=The level's eastern area is open and potentially a main route. The presence of lava or water to the south could limit movement or create hazards. Cont
bd9c7915,reflexion_mh,MiniHack-River-Narrow-v0,34,68,E,0.0,False,"reflection=The level's eastern area continues to be open, suggesting it may be a primary route. The lack of obstacles moving east implies that this path could le"
bd9c7915,reflexion_mh,MiniHack-River-Narrow-v0,34,69,E,0.0,False,"reflection=The level's eastern area continues to be open and obstacle-free, suggesting it may lead to significant areas such as the staircase or treasure rooms. "
bd9c7915,reflexion_mh,MiniHack-River-Narrow-v0,34,70,E,0.0,False,"reflection=The level's eastern area continues to be open and obstacle-free, suggesting it may lead to significant areas such as the staircase or treasure rooms. "
bd9c7915,reflexion_mh,MiniHack-River-Narrow-v0,34,71,N,0.0,False,"reflection=The eastern path is bounded, suggesting the need to explore north or south to find the staircase or other important locations, and the presence of lav"
bd9c7915,reflexion_mh,MiniHack-River-Narrow-v0,34,72,N,0.0,False,"reflection=The eastern path is bounded, and the southern path is hazardous due to lava or water, so exploring north or finding an alternative route is crucial."
bd9c7915,reflexion_mh,MiniHack-River-Narrow-v0,34,73,N,0.0,False,"reflection=The eastern path is bounded, the southern path is hazardous, and moving north may reveal new paths or items, so I'll proceed with caution and explore "
bd9c7915,reflexion_mh,MiniHack-River-Narrow-v0,34,74,N,-0.01,False,"reflection=The northern path remains a viable option for exploration, and I should proceed with caution to uncover more of the level's layout and potential items"
bd9c7915,reflexion_mh,MiniHack-River-Narrow-v0,34,75,E,0.0,False,"reflection=The northern path is clear, and now I should focus on exploring the eastern path to gain a better understanding of the level's geography and potential"
bd9c7915,reflexion_mh,MiniHack-River-Narrow-v0,34,76,E,0.0,False,"reflection=The eastern path seems to be extending further, and I need to be cautious of the lava or water (}) to the east and south, suggesting a potential bound"
bd9c7915,reflexion_mh,MiniHack-River-Narrow-v0,34,77,N,-0.01,False,"reflection=The eastern path is bounded by lava or water, suggesting a need to explore north or west for progression. The level's layout might be more open in tho"
bd9c7915,reflexion_mh,MiniHack-River-Narrow-v0,34,78,N,-0.01,False,"reflection=The level's layout seems to be more restricted in the eastern direction, suggesting that progression might require exploring the northern or western a"
bd9c7915,reflexion_mh,MiniHack-River-Narrow-v0,34,79,W,0.0,False,"reflection=The level's layout seems to be more restricted in the eastern direction, and the northern path is blocked, suggesting that progression might require e"
bd9c7915,reflexion_mh,MiniHack-River-Narrow-v0,34,80,S,0.0,False,"reflection=The level's layout suggests that key areas or the staircase might be located in the western or southern parts of the level, and exploring these areas "
bd9c7915,reflexion_mh,MiniHack-River-Narrow-v0,34,81,S,0.0,False,"reflection=The level's western and southern areas remain as potential locations for important features, and exploring southward may reveal more about the level's"
bd9c7915,reflexion_mh,MiniHack-River-Narrow-v0,34,82,S,0.0,False,reflection=The level's southern area is a priority for exploration to uncover its structure and potential staircase location.
bd9c7915,reflexion_mh,MiniHack-River-Narrow-v0,34,83,S,0.0,False,"reflection=The level's southern area is a priority for exploration to uncover its structure and potential staircase location, and moving boulders can reveal new "
bd9c7915,reflexion_mh,MiniHack-River-Narrow-v0,34,84,S,0.0,False,"reflection=The level's southern area is still a priority, and I've learned that there are no immediate obstacles or walls blocking my path directly south from my"
bd9c7915,reflexion_mh,MiniHack-River-Narrow-v0,34,85,S,-0.01,False,"reflection=The level's southern area remains a priority, and I've confirmed that moving south from my current position is possible."
bd9c7915,reflexion_mh,MiniHack-River-Narrow-v0,34,86,E,0.0,False,"reflection=The level's southern area remains a priority, and I've confirmed that moving south from my current position is possible, but there's a boulder blockin"
bd9c7915,reflexion_mh,MiniHack-River-Narrow-v0,34,87,SE,0.0,False,"reflection=The level's southern area remains a priority, and I've confirmed that moving south from my current position is possible but blocked by a boulder; now "
bd9c7915,reflexion_mh,MiniHack-River-Narrow-v0,34,88,E,0.0,False,"reflection=The level's southern area remains a priority, and I've confirmed that moving south from my current position is blocked by a boulder; now I'm trying to"
bd9c7915,reflexion_mh,MiniHack-River-Narrow-v0,34,89,E,0.0,False,"reflection=The level's southern area remains a priority, and I've confirmed that moving south from my current position is blocked by a boulder; I'm exploring eas"
bd9c7915,reflexion_mh,MiniHack-River-Narrow-v0,34,90,E,0.0,False,"reflection=The level's eastern area is now a priority, as I'm trying to find a way around the boulder blocking the southern path, and I've confirmed that the eas"
bd9c7915,reflexion_mh,MiniHack-River-Narrow-v0,34,91,N,0.0,False,"reflection=The level's eastern area is blocked, and the southern path is obstructed by a boulder. The northern area becomes the next priority for exploration to "
bd9c7915,reflexion_mh,MiniHack-River-Narrow-v0,34,92,N,0.0,False,"reflection=The level's eastern area is blocked, the southern path is obstructed by a boulder, and the northern area is the next priority for exploration to find "
bd9c7915,reflexion_mh,MiniHack-River-Narrow-v0,34,93,W,0.0,False,"reflection=The level's eastern area is blocked, the southern path is obstructed by a boulder, and the northern area has been partially explored. The western area"
bd9c7915,reflexion_mh,MiniHack-River-Narrow-v0,34,94,W,0.0,False,"reflection=The level's eastern area is blocked, the southern path is obstructed by a boulder, and the northern area has been partially explored. The western area"
bd9c7915,reflexion_mh,MiniHack-River-Narrow-v0,34,95,W,0.0,False,reflection=The level's western area is being explored to find a way around the boulder or to discover other paths or items. The northern area has been partially 
bd9c7915,reflexion_mh,MiniHack-River-Narrow-v0,34,96,W,0.0,False,"reflection=The level's western area continues to be explored for alternative paths or items, with the goal of finding a way forward or around obstacles."
bd9c7915,reflexion_mh,MiniHack-River-Narrow-v0,34,97,N,0.0,False,"reflection=The level's northern area is the next target for exploration, aiming to find a path forward, items, or stairs."
bd9c7915,reflexion_mh,MiniHack-River-Narrow-v0,34,98,N,0.0,False,"reflection=The level's northern area is still the next target for exploration, and moving north will help determine if there are any obstacles or items of intere"
bd9c7915,reflexion_mh,MiniHack-River-Narrow-v0,34,99,N,-0.01,False,"reflection=The level's northern area is still the next target for exploration, and moving north will help determine if there are any obstacles or items of intere"
bd9c7915,reflexion_mh,MiniHack-River-Narrow-v0,34,100,N,-0.01,False,"reflection=The level's northern area remains the next target for exploration, and moving north will help determine if there are any obstacles or items of interes"
bd9c7915,reflexion_mh,MiniHack-River-Narrow-v0,34,101,E,0.0,False,"reflection=The level's northern area is blocked by a wall, so alternative paths must be considered. The eastern direction is now the focus for exploration to see"
bd9c7915,reflexion_mh,MiniHack-River-Narrow-v0,34,102,E,0.0,False,"reflection=The level's eastern area is now being explored, and it's necessary to keep moving in this direction until a significant feature like stairs, items, or"
bd9c7915,reflexion_mh,MiniHack-River-Narrow-v0,34,103,E,0.0,False,"reflection=The level's eastern area continues to be explored without encountering any significant features, suggesting the need to keep moving in this direction "
bd9c7915,reflexion_mh,MiniHack-River-Narrow-v0,34,104,E,0.0,False,"reflection=The level's eastern area continues to be explored without encountering any significant features, suggesting the need to keep moving in this direction "
bd9c7915,reflexion_mh,MiniHack-River-Narrow-v0,34,105,N,-0.01,False,"reflection=The level's layout suggests that moving north might reveal more of the dungeon's structure or lead to a staircase, and it's also possible that the lav"
bd9c7915,reflexion_mh,MiniHack-River-Narrow-v0,34,106,N,-0.01,False,reflection=The level's layout suggests that moving north might reveal more of the dungeon's structure or lead to a staircase. The large body of lava or water to 
bd9c7915,reflexion_mh,MiniHack-River-Narrow-v0,34,107,W,0.0,False,"reflection=The level's layout suggests that moving north is blocked, and the large body of lava or water to the east and south could be part of a larger obstacle"
bd9c7915,reflexion_mh,MiniHack-River-Narrow-v0,34,108,W,0.0,False,"reflection=The level's layout suggests that moving north is blocked, and the large body of lava or water to the east and south could be part of a larger obstacle"
bd9c7915,reflexion_mh,MiniHack-River-Narrow-v0,34,109,W,0.0,False,"reflection=The level's layout suggests that moving north is blocked, and the large body of lava or water to the east and south could be part of a larger obstacle"
bd9c7915,reflexion_mh,MiniHack-River-Narrow-v0,34,110,W,0.0,False,"reflection=The level's layout suggests that moving north is blocked, and the large body of lava or water to the east and south could be part of a larger obstacle"
bd9c7915,reflexion_mh,MiniHack-River-Narrow-v0,34,111,W,0.0,False,"reflection=The level's layout suggests that moving north is blocked, and the large body of lava or water to the east and south could be part of a larger obstacle"
bd9c7915,reflexion_mh,MiniHack-River-Narrow-v0,34,112,W,0.0,False,"reflection=The level's western area remains unexplored and could potentially hold items, stairs, or other features crucial for advancing. The presence of lava or"
bd9c7915,reflexion_mh,MiniHack-River-Narrow-v0,34,113,W,0.0,False,reflection=The level's western area remains a priority for exploration due to its potential for holding crucial items or features. The eastern and southern areas
bd9c7915,reflexion_mh,MiniHack-River-Narrow-v0,34,114,W,0.0,False,"reflection=The level's western area remains a priority for exploration, and moving west does not seem to be blocked by any walls, which could indicate a potentia"
bd9c7915,reflexion_mh,MiniHack-River-Narrow-v0,34,115,W,0.0,False,"reflection=The level's western area is accessible and potentially expansive, suggesting that further westward movement could reveal important features or items."
bd9c7915,reflexion_mh,MiniHack-River-Narrow-v0,34,116,W,0.0,False,"reflection=The level's western area is not only accessible but also seems to stretch out further without immediate boundaries, suggesting potential for discovery"
bd9c7915,reflexion_mh,MiniHack-River-Narrow-v0,34,117,E,0.0,False,"reflection=The level's western area stretches out without immediate boundaries, but exploring other directions may reveal necessary elements for progression."
bd9c7915,reflexion_mh,MiniHack-River-Narrow-v0,34,118,N,-0.01,False,"reflection=The level's western area seems to stretch out without immediate boundaries, but exploring north or south may reveal the downstairs or other necessary "
bd9c7915,reflexion_mh,MiniHack-River-Narrow-v0,34,119,N,-0.01,False,"reflection=The level's western area seems to stretch out without immediate boundaries, but exploring north or south may reveal the downstairs or other necessary "
bd9c7915,reflexion_mh,MiniHack-River-Narrow-v0,35,0,S,0.0,False,"reflection=The level appears to have a body of water or lava to the east, and open space to the south. The character's stats and equipment are default for a star"
bd9c7915,reflexion_mh,MiniHack-River-Narrow-v0,35,1,S,0.0,False,"reflection=The level appears to have a body of water or lava to the east, and open space to the south. The character's stats and equipment are default for a star"
bd9c7915,reflexion_mh,MiniHack-River-Narrow-v0,35,2,S,0.0,False,"reflection=The level appears to have a body of water or lava to the east, and open space to the south. The character's stats and equipment are default for a star"
bd9c7915,reflexion_mh,MiniHack-River-Narrow-v0,35,3,S,0.0,False,"reflection=The level appears to have a body of water or lava to the east, and open space to the south. The character's stats and equipment are default for a star"
bd9c7915,reflexion_mh,MiniHack-River-Narrow-v0,35,4,S,0.0,False,"reflection=The level's open space to the south continues without immediate obstacles, suggesting a large area for potential exploration and discovery of items or"
bd9c7915,reflexion_mh,MiniHack-River-Narrow-v0,35,5,S,-0.01,False,"reflection=The level's open space to the south continues without immediate obstacles, suggesting a large area for potential exploration and discovery of items or"
bd9c7915,reflexion_mh,MiniHack-River-Narrow-v0,35,6,E,0.0,False,"reflection=The level's open space to the south continues without immediate obstacles, suggesting a need to explore the edges for boundaries or objects of interes"
bd9c7915,reflexion_mh,MiniHack-River-Narrow-v0,35,7,E,0.0,False,"reflection=The level's open space to the south and east suggests a large, open area, but the presence of lava or water to the east and south indicates a need to "
bd9c7915,reflexion_mh,MiniHack-River-Narrow-v0,35,8,E,0.0,False,"reflection=The level's open space to the south and east suggests a large area, but caution is needed due to potential lava or water; exploring east may reveal mo"
bd9c7915,reflexion_mh,MiniHack-River-Narrow-v0,35,9,E,0.0,False,"reflection=The level has water or lava to the north, so it's essential to be cautious when moving in that direction. Exploring east may reveal more about the lev"
bd9c7915,reflexion_mh,MiniHack-River-Narrow-v0,35,10,S,0.0,False,"reflection=The level has water or lava to the north, and exploring east has not revealed any boundaries or paths yet, so it's essential to try other directions t"
bd9c7915,reflexion_mh,MiniHack-River-Narrow-v0,35,11,W,0.0,False,"reflection=The level has water or lava to the north, and exploring east and south has not revealed any boundaries, stairs, or paths yet, so trying west and other"
bd9c7915,reflexion_mh,MiniHack-River-Narrow-v0,35,12,W,0.0,False,"reflection=The level's boundaries and notable features are still largely unknown, with water or lava to the north, and the need to explore west and possibly nort"
bd9c7915,reflexion_mh,MiniHack-River-Narrow-v0,35,13,W,0.0,False,"reflection=The level has water or lava to the north, suggesting caution is needed in that direction. Exploring west may reveal more about the level's layout and "
bd9c7915,reflexion_mh,MiniHack-River-Narrow-v0,35,14,NW,0.0,False,"reflection=The level has water or lava to the north, suggesting caution is needed in that direction. Exploring west may reveal more about the level's layout and "
bd9c7915,reflexion_mh,MiniHack-River-Narrow-v0,35,15,W,0.0,False,"reflection=The level has a body of water or lava to the north, which is a significant obstacle. Exploring in other directions, particularly west, may reveal more"
bd9c7915,reflexion_mh,MiniHack-River-Narrow-v0,35,16,W,0.0,False,"reflection=The level has a significant obstacle to the north, and initial exploration suggests a need to explore other directions, particularly west, to understa"
bd9c7915,reflexion_mh,MiniHack-River-Narrow-v0,35,17,E,0.0,False,"reflection=The level has a significant obstacle to the north, and initial exploration to the west did not reveal a path forward, suggesting that exploring east m"
bd9c7915,reflexion_mh,MiniHack-River-Narrow-v0,35,18,E,0.0,False,"reflection=The level's layout suggests that eastward exploration may yield important discoveries or a route downward, and it's crucial to avoid the lava or water"
bd9c7915,reflexion_mh,MiniHack-River-Narrow-v0,35,19,E,0.0,False,"reflection=The level's eastern area remains unexplored and could contain important items, stairs, or other features crucial for progression. The absence of immed"
bd9c7915,reflexion_mh,MiniHack-River-Narrow-v0,35,20,E,0.0,False,"reflection=The level's eastern area is still unexplored, and moving east has not revealed any immediate dangers, suggesting it's a viable path for progression an"
bd9c7915,reflexion_mh,MiniHack-River-Narrow-v0,35,21,E,0.0,False,"reflection=The level's eastern area remains largely unexplored, and continued movement eastward may reveal new features, dangers, or objectives, such as stairs, "
bd9c7915,reflexion_mh,MiniHack-River-Narrow-v0,35,22,E,0.0,False,"reflection=The level's eastern area remains largely unexplored, and continued movement eastward may reveal new features, dangers, or objectives, such as stairs, "
bd9c7915,reflexion_mh,MiniHack-River-Narrow-v0,35,23,N,0.0,False,"reflection=The level's eastern area remains largely unexplored, but initial movement should prioritize safety, such as avoiding lava or water, to gather more inf"
bd9c7915,reflexion_mh,MiniHack-River-Narrow-v0,35,24,E,0.0,False,"reflection=The level's eastern area remains largely unexplored, and initial movement has not revealed any immediate threats or objectives, suggesting a need to c"
bd9c7915,reflexion_mh,MiniHack-River-Narrow-v0,35,25,E,0.0,False,"reflection=The level's eastern area remains largely unexplored, and initial movement has not revealed any immediate threats or objectives, suggesting a need to c"
bd9c7915,reflexion_mh,MiniHack-River-Narrow-v0,35,26,N,0.0,False,"reflection=The level's eastern area remains largely unexplored, and initial movement has not revealed any immediate threats or objectives, suggesting a need to c"
bd9c7915,reflexion_mh,MiniHack-River-Narrow-v0,35,27,N,0.0,False,"reflection=The level's layout suggests that the northern area might provide more insights or useful items without the immediate risk of drowning or burning, whic"
bd9c7915,reflexion_mh,MiniHack-River-Narrow-v0,35,28,N,0.0,False,"reflection=The level's northern area appears to be the safest path for initial exploration, potentially offering items or clues for further progression without t"
bd9c7915,reflexion_mh,MiniHack-River-Narrow-v0,35,29,N,0.0,False,"reflection=The level's northern area appears to be the safest path for initial exploration, potentially offering items or clues for further progression without t"
bd9c7915,reflexion_mh,MiniHack-River-Narrow-v0,35,30,N,-0.01,False,"reflection=The level's northern area continues to appear as the safest path for initial exploration, and it's crucial to keep exploring this direction to uncover"
bd9c7915,reflexion_mh,MiniHack-River-Narrow-v0,35,31,N,-0.01,False,"reflection=The level's northern area continues to appear as the safest path for initial exploration, and it's crucial to keep exploring this direction to uncover"
bd9c7915,reflexion_mh,MiniHack-River-Narrow-v0,35,32,E,0.0,False,"reflection=The level's northern boundary has been reached, indicating a need to explore east or west to uncover more of the level's layout and potential items or"
bd9c7915,reflexion_mh,MiniHack-River-Narrow-v0,35,33,E,0.0,False,"reflection=The level's northern boundary has been reached, indicating a need to explore east or west to uncover more of the level's layout and potential items or"
bd9c7915,reflexion_mh,MiniHack-River-Narrow-v0,35,34,E,0.0,False,"reflection=The level's northern boundary has been reached, indicating a need to explore east or west to uncover more of the level's layout and potential items or"
bd9c7915,reflexion_mh,MiniHack-River-Narrow-v0,35,35,S,0.0,False,"reflection=The level's eastern boundary has been found to be limited by a wall or body of water, indicating a need to focus exploration on southern and western d"
bd9c7915,reflexion_mh,MiniHack-River-Narrow-v0,35,36,S,0.0,False,"reflection=The level's eastern boundary has been found to be limited by a wall or body of water, indicating a need to focus exploration on southern and western d"
bd9c7915,reflexion_mh,MiniHack-River-Narrow-v0,35,37,S,0.0,False,"reflection=The level's eastern boundary has been found to be limited by a wall or body of water, indicating a need to focus exploration on southern and western d"
bd9c7915,reflexion_mh,MiniHack-River-Narrow-v0,35,38,S,0.0,False,"reflection=The level's eastern boundary has been found to be limited by a wall or body of water, indicating a need to focus exploration on southern and western d"
bd9c7915,reflexion_mh,MiniHack-River-Narrow-v0,35,39,S,-0.01,False,"reflection=The level's eastern boundary has been found to be limited by a wall or body of water, indicating a need to focus exploration on southern and western d"
bd9c7915,reflexion_mh,MiniHack-River-Narrow-v0,35,40,S,-0.01,False,"reflection=The level's eastern boundary has been found to be limited by a wall, indicating a need to focus exploration on southern and western directions to find"
bd9c7915,reflexion_mh,MiniHack-River-Narrow-v0,35,41,W,0.0,False,"reflection=The level's southern boundary has been found to be limited by a wall, and initial exploration suggests the area is safe, but proceeding with caution i"
bd9c7915,reflexion_mh,MiniHack-River-Narrow-v0,35,42,W,0.0,False,"reflection=The level's southern boundary is limited by a wall, and initial exploration suggests the area is safe. Proceeding with caution is prudent as more of t"
bd9c7915,reflexion_mh,MiniHack-River-Narrow-v0,35,43,W,0.0,False,"reflection=The level's western direction is being explored, and so far, it has not presented any immediate dangers, suggesting it might be a viable path to the s"
bd9c7915,reflexion_mh,MiniHack-River-Narrow-v0,35,44,W,0.0,False,"reflection=The western path remains a viable option, and further exploration in this direction may yield valuable discoveries or access to new areas."
bd9c7915,reflexion_mh,MiniHack-River-Narrow-v0,35,45,W,0.0,False,"reflection=The western path continues to be a viable option, and it's possible that further exploration in this direction may yield valuable discoveries or acces"
bd9c7915,reflexion_mh,MiniHack-River-Narrow-v0,35,46,W,0.0,False,"reflection=The western path continues to be open and potentially rewarding for further exploration, suggesting that this direction may lead to important discover"
bd9c7915,reflexion_mh,MiniHack-River-Narrow-v0,35,47,W,0.0,False,"reflection=The western path continues to be open, suggesting a possible route to the staircase or other significant features, and it's necessary to keep explorin"
bd9c7915,reflexion_mh,MiniHack-River-Narrow-v0,35,48,E,0.0,False,"reflection=The level's western path, while open, is bounded by lava or water, suggesting a need to explore other directions to fully understand the level's layou"
bd9c7915,reflexion_mh,MiniHack-River-Narrow-v0,35,49,N,0.0,False,"reflection=The level's western path is bounded, and the northern path is open and worthy of exploration to find the staircase or other important features."
bd9c7915,reflexion_mh,MiniHack-River-Narrow-v0,35,50,N,0.0,False,"reflection=The level's western path is bounded, and the northern path is open and worthy of exploration to find the staircase or other important features. The ea"
bd9c7915,reflexion_mh,MiniHack-River-Narrow-v0,35,51,N,0.0,False,"reflection=The level's western path is bounded, and the northern path is open and worthy of exploration to find the staircase or other important features. The ea"
bd9c7915,reflexion_mh,MiniHack-River-Narrow-v0,35,52,N,0.0,False,"reflection=The level's western path is bounded, and the northern path is open and worthy of exploration to find the staircase or other important features. The ea"
bd9c7915,reflexion_mh,MiniHack-River-Narrow-v0,35,53,N,0.0,False,"reflection=The level's western path is bounded, and the northern path is open and worthy of exploration to find the staircase or other important features. The ea"
bd9c7915,reflexion_mh,MiniHack-River-Narrow-v0,35,54,N,-0.01,False,"reflection=The level's northern path continues to be open and promising, with no obstacles or creatures found so far. The eastern and western paths are still not"
bd9c7915,reflexion_mh,MiniHack-River-Narrow-v0,35,55,N,-0.01,False,"reflection=The level's northern path continues to be open and promising, with no obstacles or creatures found so far, but boulders may be permanent obstacles tha"
bd9c7915,reflexion_mh,MiniHack-River-Narrow-v0,35,56,E,0.0,False,"reflection=The level's northern path is blocked by a wall, and boulders cannot be moved, so I need to explore other directions to find a way down or other featur"
bd9c7915,reflexion_mh,MiniHack-River-Narrow-v0,35,57,W,0.0,False,"reflection=The level's northern path is blocked, and initial eastern exploration did not reveal a way down or significant features, so western exploration is the"
bd9c7915,reflexion_mh,MiniHack-River-Narrow-v0,35,58,W,0.0,False,"reflection=The level's northern path is blocked, initial eastern exploration was unsuccessful, and now western exploration is underway to find a way down or sign"
bd9c7915,reflexion_mh,MiniHack-River-Narrow-v0,35,59,W,0.0,False,"reflection=The level's northern path is blocked, initial eastern exploration was unsuccessful, and western exploration is ongoing to find a staircase or notable "
bd9c7915,reflexion_mh,MiniHack-River-Narrow-v0,35,60,W,0.0,False,"reflection=The level's northern path is blocked, initial eastern exploration was unsuccessful, and western exploration is ongoing to find a staircase or notable "
bd9c7915,reflexion_mh,MiniHack-River-Narrow-v0,35,61,W,0.0,False,"reflection=The level's northern path is blocked, initial eastern exploration was unsuccessful, and western exploration is ongoing to find a staircase or notable "
bd9c7915,reflexion_mh,MiniHack-River-Narrow-v0,35,62,W,0.0,False,"reflection=The level's northern path is blocked, initial eastern exploration was unsuccessful, western exploration is ongoing and has not hit any walls yet, indi"
bd9c7915,reflexion_mh,MiniHack-River-Narrow-v0,35,63,W,0.0,False,"reflection=The level's western path remains open and unexplored beyond the current view, suggesting potential for further discovery or the location of the downst"
bd9c7915,reflexion_mh,MiniHack-River-Narrow-v0,35,64,W,0.0,False,"reflection=The level's western path extends further than initially visible, suggesting a larger area to explore for the downstairs staircase or other key element"
bd9c7915,reflexion_mh,MiniHack-River-Narrow-v0,35,65,E,0.0,False,"reflection=The level's western path does not immediately lead to the downstairs staircase, suggesting the need to explore other directions for key elements."
bd9c7915,reflexion_mh,MiniHack-River-Narrow-v0,35,66,N,0.0,False,"reflection=The level's western path does not immediately lead to the downstairs staircase, and initial northern exploration may provide more insight into the lev"
bd9c7915,reflexion_mh,MiniHack-River-Narrow-v0,35,67,N,-0.01,False,"reflection=The level's western path does not immediately lead to the downstairs staircase, and initial northern exploration may provide more insight into the lev"
bd9c7915,reflexion_mh,MiniHack-River-Narrow-v0,35,68,E,0.0,False,"reflection=The level's western path is blocked by solid stone, and initial northern exploration did not yield the staircase, suggesting that eastern or southern "
bd9c7915,reflexion_mh,MiniHack-River-Narrow-v0,35,69,E,0.0,False,"reflection=The level's western path is blocked, and initial northern exploration did not yield the staircase. Eastern exploration has begun, and it may be necess"
bd9c7915,reflexion_mh,MiniHack-River-Narrow-v0,35,70,E,0.0,False,"reflection=The level's western path is blocked, initial northern exploration did not yield the staircase, and eastern exploration has begun with no immediate sig"
bd9c7915,reflexion_mh,MiniHack-River-Narrow-v0,35,71,E,0.0,False,"reflection=The level's eastern path continues beyond the current view, suggesting that further exploration in this direction may yield the staircase or other imp"
bd9c7915,reflexion_mh,MiniHack-River-Narrow-v0,35,72,E,0.0,False,"reflection=The level's eastern path continues beyond the current view, suggesting that further exploration in this direction may yield the staircase or other imp"
bd9c7915,reflexion_mh,MiniHack-River-Narrow-v0,35,73,E,0.0,False,"reflection=The level's eastern path remains a priority for exploration due to its potential to reveal the staircase or other important features, and the absence "
bd9c7915,reflexion_mh,MiniHack-River-Narrow-v0,35,74,E,0.0,False,reflection=The level's eastern path remains a priority for exploration due to its potential to reveal the staircase or other important features. The recent movem
bd9c7915,reflexion_mh,MiniHack-River-Narrow-v0,35,75,E,0.0,False,reflection=The level's eastern path remains a priority for exploration due to its potential to reveal the staircase or other important features. The layout of la
bd9c7915,reflexion_mh,MiniHack-River-Narrow-v0,35,76,E,0.0,False,reflection=The level's eastern path remains a priority for exploration. The presence of lava or water to the south and east suggests a potential need for a bridg
bd9c7915,reflexion_mh,MiniHack-River-Narrow-v0,35,77,E,0.0,False,reflection=The level's eastern path remains a priority for exploration. The presence of lava or water to the south and east suggests a potential need for a bridg
bd9c7915,reflexion_mh,MiniHack-River-Narrow-v0,35,78,E,0.0,False,reflection=The level's eastern path remains a priority for exploration. The presence of lava or water to the south and east suggests a potential need for a bridg
bd9c7915,reflexion_mh,MiniHack-River-Narrow-v0,35,79,E,0.0,False,"reflection=The level's eastern path remains a priority for exploration, and it's likely that continuing east will provide more insights into navigating the obsta"
bd9c7915,reflexion_mh,MiniHack-River-Narrow-v0,35,80,E,0.0,False,"reflection=The level's eastern path continues to be a viable route for exploration, suggesting that this direction may lead to significant discoveries or the sta"
bd9c7915,reflexion_mh,MiniHack-River-Narrow-v0,35,81,E,0.0,False,"reflection=The level's eastern path continues to be a viable route for exploration, suggesting that this direction may lead to significant discoveries or the sta"
bd9c7915,reflexion_mh,MiniHack-River-Narrow-v0,35,82,N,0.0,False,"reflection=The eastern path, while initially promising, is bounded by a wall, indicating the need to explore alternative routes, possibly uncovering new paths or"
bd9c7915,reflexion_mh,MiniHack-River-Narrow-v0,35,83,N,-0.01,False,"reflection=The eastern path is bounded, suggesting the level may require exploring in other directions to find the downstairs or other points of interest. The no"
bd9c7915,reflexion_mh,MiniHack-River-Narrow-v0,35,84,N,-0.01,False,"reflection=The northern path is a potential route to explore for the downstairs or other points of interest, and its boundaries and contents are still being disc"
bd9c7915,reflexion_mh,MiniHack-River-Narrow-v0,35,85,E,0.0,False,"reflection=The northern path is blocked, so I need to explore other directions to find a way forward or discover new features of the level."
bd9c7915,reflexion_mh,MiniHack-River-Narrow-v0,35,86,S,0.0,False,"reflection=The northern path is blocked, the eastern path hits a wall, so I need to explore southern, western, or diagonal directions to find a way forward or di"
bd9c7915,reflexion_mh,MiniHack-River-Narrow-v0,35,87,S,0.0,False,"reflection=The southern path is a potential route to explore, and I should be cautious of the lava or water (}) to the east."
bd9c7915,reflexion_mh,MiniHack-River-Narrow-v0,35,88,S,0.0,False,"reflection=The southern path is a potential route to explore, and I should be cautious of the lava or water (}) to the east. I have also found that moving north "
bd9c7915,reflexion_mh,MiniHack-River-Narrow-v0,35,89,N,0.0,False,"reflection=The southern path is a potential route to explore, and I should be cautious of the lava or water (}) to the east. I have also found that moving north "
bd9c7915,reflexion_mh,MiniHack-River-Narrow-v0,35,90,W,0.0,False,"reflection=The southern path is a potential route to explore, and I should be cautious of the lava or water (}) to the east. I have also found that moving north "
bd9c7915,reflexion_mh,MiniHack-River-Narrow-v0,35,91,W,0.0,False,"reflection=The southern path is a potential route to explore, and I should be cautious of the lava or water to the east. The western path is now a point of inter"
bd9c7915,reflexion_mh,MiniHack-River-Narrow-v0,35,92,W,0.0,False,"reflection=The western path continues to be a point of interest, and it's necessary to explore it further to understand its layout and potential contents or exit"
bd9c7915,reflexion_mh,MiniHack-River-Narrow-v0,35,93,W,0.0,False,"reflection=The western path continues to be a point of interest, and exploring it further is necessary to understand its layout and potential contents or exits. "
bd9c7915,reflexion_mh,MiniHack-River-Narrow-v0,35,94,W,0.0,False,reflection=The western path remains unobstructed and worthy of further exploration to uncover its secrets and possible exits or items.
bd9c7915,reflexion_mh,MiniHack-River-Narrow-v0,35,95,N,0.0,False,"reflection=The western path appears to be a safe route, but further exploration in other directions is needed to understand the level's layout and find the goal."
bd9c7915,reflexion_mh,MiniHack-River-Narrow-v0,35,96,E,0.0,False,"reflection=The level has a mix of open spaces and obstacles like boulders, and exploring different directions is crucial to understanding the layout and finding "
bd9c7915,reflexion_mh,MiniHack-River-Narrow-v0,35,97,E,0.0,False,"reflection=The level has a mix of open spaces and obstacles like boulders, and exploring different directions is crucial to understanding the layout and finding "
bd9c7915,reflexion_mh,MiniHack-River-Narrow-v0,35,98,S,0.0,False,"reflection=The level's layout seems to be partially revealed, but there's still a need to explore southward and possibly northwest or southwest to ensure all are"
bd9c7915,reflexion_mh,MiniHack-River-Narrow-v0,35,99,S,0.0,False,"reflection=The level's layout is still partially unknown, especially to the south, and exploring this direction may reveal important features such as the downsta"
bd9c7915,reflexion_mh,MiniHack-River-Narrow-v0,35,100,S,0.0,False,"reflection=The level's southern area remains unexplored and could contain crucial elements for progression, such as the staircase or items. The current position "
bd9c7915,reflexion_mh,MiniHack-River-Narrow-v0,35,101,S,0.0,False,"reflection=The level's southern area is still unexplored and could contain crucial elements for progression, such as the staircase or items. The current position"
bd9c7915,reflexion_mh,MiniHack-River-Narrow-v0,35,102,S,-0.01,False,"reflection=The level's southern area is still unexplored and could contain crucial elements for progression, such as the staircase or items. The current position"
bd9c7915,reflexion_mh,MiniHack-River-Narrow-v0,35,103,S,-0.01,False,reflection=The level's southern area continues to be a priority for exploration. Each step south that doesn't hit a wall indicates a potential path towards the s
bd9c7915,reflexion_mh,MiniHack-River-Narrow-v0,35,104,E,0.0,False,"reflection=The level's southern area is bounded by a wall, so exploration should focus on other directions to uncover more of the map and find crucial elements f"
bd9c7915,reflexion_mh,MiniHack-River-Narrow-v0,35,105,E,0.0,False,"reflection=The level's southern area is bounded by a wall, so exploration should focus on other directions, particularly east and north, to uncover more of the m"
bd9c7915,reflexion_mh,MiniHack-River-Narrow-v0,35,106,N,0.0,False,"reflection=The level's southern area is bounded by a wall, and initial eastward exploration did not reveal any immediate dangers or objectives, suggesting a need"
bd9c7915,reflexion_mh,MiniHack-River-Narrow-v0,35,107,N,0.0,False,"reflection=The level's southern area is bounded by a wall, and initial eastward exploration did not reveal any immediate dangers or objectives, suggesting a need"
bd9c7915,reflexion_mh,MiniHack-River-Narrow-v0,35,108,N,0.0,False,"reflection=The level's southern and eastern areas are bounded by walls or do not offer immediate progression, suggesting that northward exploration is the most p"
bd9c7915,reflexion_mh,MiniHack-River-Narrow-v0,35,109,N,0.0,False,"reflection=The level's design suggests that significant features or paths may be located towards the north, as initial movements south and east were restricted b"
bd9c7915,reflexion_mh,MiniHack-River-Narrow-v0,35,110,N,0.0,False,"reflection=The level's design suggests that significant features or paths may be located towards the north, and initial movements indicate boundaries to the sout"
bd9c7915,reflexion_mh,MiniHack-River-Narrow-v0,35,111,N,0.0,False,"reflection=The level's design suggests that significant features or paths may be located towards the north, and initial movements indicate boundaries to the sout"
bd9c7915,reflexion_mh,MiniHack-River-Narrow-v0,35,112,N,-0.01,False,"reflection=The level's design suggests that significant features or paths may be located towards the north, and the absence of obstacles or items in this directi"
bd9c7915,reflexion_mh,MiniHack-River-Narrow-v0,35,113,W,0.0,False,"reflection=The level's design suggests that significant features or paths may be located towards the north, but the western boundary, which has not been fully ex"
bd9c7915,reflexion_mh,MiniHack-River-Narrow-v0,35,114,N,-0.01,False,"reflection=The level's design suggests that significant features or paths may be located towards the north, and since moving north has not been restricted by a w"
bd9c7915,reflexion_mh,MiniHack-River-Narrow-v0,35,115,N,-0.01,False,"reflection=The level's design suggests a potential path or significant features towards the north, and the absence of walls in this direction supports continued "
bd9c7915,reflexion_mh,MiniHack-River-Narrow-v0,35,116,W,0.0,False,"reflection=The level's design suggests a potential path or significant features towards the west, with the northern boundary being solid stone and the eastern ar"
bd9c7915,reflexion_mh,MiniHack-River-Narrow-v0,35,117,W,0.0,False,"reflection=The level's western area appears to be the most promising for progression, with the need to avoid or find a way around the lava or water to the east. "
bd9c7915,reflexion_mh,MiniHack-River-Narrow-v0,35,118,W,0.0,False,"reflection=The level's western area appears to be the most promising for progression, with the need to avoid or find a way around the lava or water to the east. "
bd9c7915,reflexion_mh,MiniHack-River-Narrow-v0,35,119,S,0.0,False,"reflection=The level's western area appears to be the most promising for progression, with the need to avoid or find a way around the lava or water to the east. "
bd9c7915,reflexion_mh,MiniHack-River-Narrow-v0,36,0,E,0.0,False,"reflection=The level has a staircase up, a boulder, and a large open room. The room appears to be surrounded by water or lava."
bd9c7915,reflexion_mh,MiniHack-River-Narrow-v0,36,1,N,0.0,False,"reflection=The level has a staircase up, a boulder, and a large open room surrounded by water or lava. Initial exploration will focus on the room's edges to find"
bd9c7915,reflexion_mh,MiniHack-River-Narrow-v0,36,2,N,-0.01,False,"reflection=The level has a staircase up, a boulder, and a large open room surrounded by water or lava. Initial exploration suggests that moving north or east doe"
bd9c7915,reflexion_mh,MiniHack-River-Narrow-v0,36,3,E,0.0,False,"reflection=The level has a staircase up, a boulder, and a large open room surrounded by water or lava. Initial exploration suggests that moving north or east doe"
bd9c7915,reflexion_mh,MiniHack-River-Narrow-v0,36,4,E,0.0,False,"reflection=The level has a staircase up, a boulder, and a large open room surrounded by water or lava. Initial exploration suggests that moving north or east doe"
bd9c7915,reflexion_mh,MiniHack-River-Narrow-v0,36,5,NE,-0.01,False,"reflection=The level has a staircase up, a boulder, and a large open room surrounded by water or lava. Initial exploration suggests that moving north or east doe"
bd9c7915,reflexion_mh,MiniHack-River-Narrow-v0,36,6,E,0.0,False,"reflection=The level has a staircase up, a boulder, and a large open room surrounded by water or lava. Initial exploration suggests that moving north or east doe"
bd9c7915,reflexion_mh,MiniHack-River-Narrow-v0,36,7,N,-0.01,False,"reflection=The level's open area to the east remains promising for exploration, and moving north may reveal additional paths or features. The absence of walls to"
bd9c7915,reflexion_mh,MiniHack-River-Narrow-v0,36,8,N,-0.01,False,"reflection=The level's open area to the east and the lack of walls to the north suggest a larger open space or corridors in these directions, and exploring north"
bd9c7915,reflexion_mh,MiniHack-River-Narrow-v0,36,9,E,0.0,False,"reflection=The level's open area to the east and the lack of walls to the north suggest a larger open space or corridors in these directions, and exploring east "
bd9c7915,reflexion_mh,MiniHack-River-Narrow-v0,36,10,E,0.0,False,"reflection=The level's layout suggests a larger open space or corridors to the east, and exploring this direction may reveal important landmarks, items, or the s"
bd9c7915,reflexion_mh,MiniHack-River-Narrow-v0,36,11,E,0.0,False,"reflection=The level's layout suggests a larger open space or corridors to the east, and exploring this direction may reveal important landmarks, items, or the s"
bd9c7915,reflexion_mh,MiniHack-River-Narrow-v0,36,12,E,0.0,False,"reflection=The level's layout suggests a larger open space or corridors to the east, and exploring this direction may reveal important landmarks, items, or the s"
bd9c7915,reflexion_mh,MiniHack-River-Narrow-v0,36,13,E,0.0,False,"reflection=The level's layout suggests a larger open space or corridors to the east, and exploring this direction may reveal important landmarks, items, or the s"
bd9c7915,reflexion_mh,MiniHack-River-Narrow-v0,36,14,E,0.0,False,"reflection=The level's open space to the east may contain items, stairs, or other significant elements, and exploring this direction is a priority. The lack of c"
bd9c7915,reflexion_mh,MiniHack-River-Narrow-v0,36,15,E,0.0,False,"reflection=The level's eastern area remains a priority for exploration due to its potential for containing significant elements such as items, stairs, or other f"
bd9c7915,reflexion_mh,MiniHack-River-Narrow-v0,36,16,E,0.0,False,"reflection=The level's eastern area continues to be a priority for exploration, and moving eastward has not yet revealed any significant obstacles or features, s"
bd9c7915,reflexion_mh,MiniHack-River-Narrow-v0,36,17,E,0.0,False,"reflection=The eastern area of the level appears to be open and unobstructed, suggesting that I may be able to explore a significant portion of the level by cont"
bd9c7915,reflexion_mh,MiniHack-River-Narrow-v0,36,18,E,0.0,False,"reflection=The eastern area of the level appears to be open and unobstructed for a significant distance, suggesting a potential path or large room."
bd9c7915,reflexion_mh,MiniHack-River-Narrow-v0,36,19,E,0.0,False,"reflection=The eastern area of the level appears to be open and unobstructed for a significant distance, suggesting a potential path or large room. No obstacles "
bd9c7915,reflexion_mh,MiniHack-River-Narrow-v0,36,20,E,0.0,False,"reflection=The eastern area of the level appears to be open and unobstructed for a significant distance, suggesting a potential path or large room. I have also i"
bd9c7915,reflexion_mh,MiniHack-River-Narrow-v0,36,21,NE,0.0,False,"reflection=The level has a large body of water to the west, and the eastern area appears to be open. I should continue to explore and map out the level to find t"
bd9c7915,reflexion_mh,MiniHack-River-Narrow-v0,36,22,E,0.0,False,"reflection=The level has a large body of water to the west, and the eastern area appears to be open. I've found that the western edge of the map has water, so I "
bd9c7915,reflexion_mh,MiniHack-River-Narrow-v0,36,23,E,0.0,False,"reflection=The level has a large body of water to the west, and the eastern area appears to be open. I've found that the western edge of the map has water, so I "
bd9c7915,reflexion_mh,MiniHack-River-Narrow-v0,36,24,E,0.0,False,"reflection=The level has a large body of water to the west, and the eastern area appears to be open. I've found that the western edge of the map has water, so I "
bd9c7915,reflexion_mh,MiniHack-River-Narrow-v0,36,25,E,0.0,False,"reflection=The level has a large body of water to the west, and the eastern area appears to be open. I've made progress moving east and should continue to do so,"
bd9c7915,reflexion_mh,MiniHack-River-Narrow-v0,36,26,N,-0.01,False,"reflection=The level has a large body of water to the west, and the eastern area appears to be blocked. I should explore other directions, possibly finding a way"
bd9c7915,reflexion_mh,MiniHack-River-Narrow-v0,36,27,NW,-0.01,False,"reflection=The level has a large body of water to the west, and the eastern area appears to be blocked. I should continue to explore other directions to find a w"
bd9c7915,reflexion_mh,MiniHack-River-Narrow-v0,36,28,N,-0.01,False,"reflection=The level has a large body of water to the west, the eastern area is blocked, and northwest direction from the current spot is a wall. I will continue"
bd9c7915,reflexion_mh,MiniHack-River-Narrow-v0,36,29,S,0.0,False,"reflection=The level has a large body of water to the west, the eastern area is blocked, the northern and northwest directions from the current spot are walls, a"
bd9c7915,reflexion_mh,MiniHack-River-Narrow-v0,36,30,S,0.0,False,"reflection=The level has a large body of water to the west, the eastern area is blocked, the northern and northwest directions from the current spot are walls, a"
bd9c7915,reflexion_mh,MiniHack-River-Narrow-v0,36,31,S,0.0,False,"reflection=The level has a large body of water to the west, the eastern area is blocked, the northern and northwest directions from the current spot are walls, a"
bd9c7915,reflexion_mh,MiniHack-River-Narrow-v0,36,32,S,0.0,False,"reflection=The level has a large body of water to the west, the eastern area is blocked, the northern and northwest directions from the current spot are walls, a"
bd9c7915,reflexion_mh,MiniHack-River-Narrow-v0,36,33,S,0.0,False,"reflection=The level has a large body of water to the west, the eastern area is blocked, the northern and northwest directions from the current spot are walls, a"
bd9c7915,reflexion_mh,MiniHack-River-Narrow-v0,36,34,S,0.0,False,"reflection=The level has a large body of water to the west, the eastern area is blocked, the northern and northwest directions from the current spot are walls, a"
bd9c7915,reflexion_mh,MiniHack-River-Narrow-v0,36,35,S,-0.01,False,"reflection=The level has a large body of water to the west, the eastern area is blocked, the northern and northwest directions from the current spot are walls, a"
bd9c7915,reflexion_mh,MiniHack-River-Narrow-v0,36,36,S,-0.01,False,"reflection=The level has a large body of water to the west, the eastern area is blocked, the northern and northwest directions from the current spot are walls, a"
bd9c7915,reflexion_mh,MiniHack-River-Narrow-v0,36,37,E,0.0,False,"reflection=The level has a large body of water to the west, the eastern area is blocked, the northern and northwest directions from the current spot are walls, m"
bd9c7915,reflexion_mh,MiniHack-River-Narrow-v0,36,38,NW,0.0,False,"reflection=The level has a large body of water to the west, the eastern area is blocked, the northern and northwest directions from the current spot were not ful"
bd9c7915,reflexion_mh,MiniHack-River-Narrow-v0,36,39,NW,0.0,False,"reflection=The level has a large body of water to the west, the eastern area is blocked, the northern direction from the current spot was not fully explored, mov"
bd9c7915,reflexion_mh,MiniHack-River-Narrow-v0,36,40,NW,0.0,False,"reflection=The level has a large body of water to the west, the eastern area is blocked, the northern direction from the current spot was not fully explored, mov"
bd9c7915,reflexion_mh,MiniHack-River-Narrow-v0,36,41,NW,0.0,False,"reflection=The level has a large body of water to the west, the eastern area is blocked, the northern direction from the current spot was not fully explored, mov"
bd9c7915,reflexion_mh,MiniHack-River-Narrow-v0,36,42,N,0.0,False,"reflection=The level has a large body of water to the west, the eastern area is blocked, the northern direction from the current spot was not fully explored, mov"
bd9c7915,reflexion_mh,MiniHack-River-Narrow-v0,36,43,N,-0.01,False,"reflection=The level has a large body of water to the west, the eastern area is blocked, the northern direction from the current spot is being explored for poten"
bd9c7915,reflexion_mh,MiniHack-River-Narrow-v0,36,44,N,-0.01,False,"reflection=The level has a large body of water to the west, the eastern area is blocked, the northern direction from the current spot is being explored for poten"
bd9c7915,reflexion_mh,MiniHack-River-Narrow-v0,36,45,S,0.0,False,"reflection=The level has a large body of water to the west, the eastern area is blocked, the northern direction from the current spot is a wall, and the southern"
bd9c7915,reflexion_mh,MiniHack-River-Narrow-v0,36,46,S,0.0,False,"reflection=The level has a large body of water to the west, the eastern area is blocked, the northern direction from the current spot is a wall, and the southern"
bd9c7915,reflexion_mh,MiniHack-River-Narrow-v0,36,47,S,0.0,False,"reflection=The level has a large body of water to the west, the eastern area is blocked, the northern direction from the current spot is a wall, and the southern"
bd9c7915,reflexion_mh,MiniHack-River-Narrow-v0,36,48,S,0.0,False,"reflection=The level has a large body of water to the west, the eastern area is blocked, the northern direction from the current spot is a wall, and the southern"
bd9c7915,reflexion_mh,MiniHack-River-Narrow-v0,36,49,S,0.0,False,reflection=The level's water body to the west and blocked eastern area suggest that the southern path may be the primary route for progression. Continuing south 
bd9c7915,reflexion_mh,MiniHack-River-Narrow-v0,36,50,S,0.0,False,"reflection=The level's layout suggests that the southern path is the primary route for finding items, creatures, or the staircase, and exploring this direction m"
bd9c7915,reflexion_mh,MiniHack-River-Narrow-v0,36,51,S,-0.01,False,"reflection=The level's layout suggests that the southern path is the primary route for finding items, creatures, or the staircase, and exploring this direction m"
bd9c7915,reflexion_mh,MiniHack-River-Narrow-v0,36,52,S,-0.01,False,"reflection=The level's layout suggests that the southern path is the primary route for finding items, creatures, or the staircase, and exploring this direction m"
bd9c7915,reflexion_mh,MiniHack-River-Narrow-v0,36,53,N,0.0,False,"reflection=The level's structure suggests that primary paths may be flanked by hazardous areas, and exploring safely requires testing directions carefully to avo"
bd9c7915,reflexion_mh,MiniHack-River-Narrow-v0,36,54,E,0.0,False,"reflection=The level's structure suggests that primary paths may be flanked by hazardous areas, and exploring safely requires testing directions carefully to avo"
bd9c7915,reflexion_mh,MiniHack-River-Narrow-v0,36,55,N,0.0,False,"reflection=The level's structure suggests that primary paths may be flanked by hazardous areas, and exploring safely requires testing directions carefully to avo"
bd9c7915,reflexion_mh,MiniHack-River-Narrow-v0,36,56,S,0.0,False,"reflection=The level's structure suggests that primary paths may be flanked by hazardous areas, and exploring safely requires testing directions carefully to avo"
bd9c7915,reflexion_mh,MiniHack-River-Narrow-v0,36,57,E,0.0,False,"reflection=The level's structure suggests that primary paths may be flanked by hazardous areas, and exploring safely requires testing directions carefully to avo"
bd9c7915,reflexion_mh,MiniHack-River-Narrow-v0,36,58,E,0.0,False,"reflection=The level's structure suggests that primary paths may be flanked by hazardous areas, and exploring safely requires testing directions carefully to avo"
bd9c7915,reflexion_mh,MiniHack-River-Narrow-v0,36,59,S,0.0,False,"reflection=The level's structure suggests that primary paths may be flanked by hazardous areas, and exploring safely requires testing directions carefully to avo"
bd9c7915,reflexion_mh,MiniHack-River-Narrow-v0,36,60,N,0.0,False,"reflection=The level's structure suggests that primary paths may be flanked by hazardous areas, and exploring safely requires testing directions carefully to avo"
bd9c7915,reflexion_mh,MiniHack-River-Narrow-v0,36,61,N,0.0,False,"reflection=The level's structure suggests that primary paths may be flanked by hazardous areas, and exploring safely requires testing directions carefully to avo"
bd9c7915,reflexion_mh,MiniHack-River-Narrow-v0,36,62,N,0.0,False,"reflection=The level's structure suggests that primary paths may be flanked by hazardous areas, and exploring safely requires testing directions carefully to avo"
bd9c7915,reflexion_mh,MiniHack-River-Narrow-v0,36,63,N,0.0,False,"reflection=The level's structure suggests primary paths are flanked by hazardous areas, and initial movements indicate the north-south axis may be more open. The"
bd9c7915,reflexion_mh,MiniHack-River-Narrow-v0,36,64,N,0.0,False,"reflection=The level's structure suggests primary paths are flanked by hazardous areas, and initial movements indicate the north-south axis may be more open. The"
bd9c7915,reflexion_mh,MiniHack-River-Narrow-v0,36,65,N,0.0,False,"reflection=The level's structure suggests primary paths are flanked by hazardous areas, and initial movements indicate the north-south axis may be more open. The"
bd9c7915,reflexion_mh,MiniHack-River-Narrow-v0,36,66,N,-0.01,False,"reflection=The level's structure suggests primary paths are flanked by hazardous areas, and initial movements indicate the north-south axis may be more open. The"
bd9c7915,reflexion_mh,MiniHack-River-Narrow-v0,36,67,N,-0.01,False,"reflection=The level's structure suggests primary paths are flanked by hazardous areas, and initial movements indicate the north-south axis may be more open. Con"
bd9c7915,reflexion_mh,MiniHack-River-Narrow-v0,36,68,E,0.0,False,"reflection=The level's structure suggests primary paths are flanked by hazardous areas, and initial movements indicate the north-south axis may be more open, but"
bd9c7915,reflexion_mh,MiniHack-River-Narrow-v0,36,69,W,0.0,False,"reflection=The level's structure suggests primary paths are flanked by hazardous areas, and initial movements indicate the north-south axis may be more open, but"
bd9c7915,reflexion_mh,MiniHack-River-Narrow-v0,36,70,W,0.0,False,"reflection=The level's structure suggests primary paths are flanked by hazardous areas, initial movements indicate the north-south axis may be more open but with"
bd9c7915,reflexion_mh,MiniHack-River-Narrow-v0,36,71,N,-0.01,False,"reflection=The level's structure suggests primary paths are flanked by hazardous areas, initial movements indicate the north-south axis may be more open but with"
bd9c7915,reflexion_mh,MiniHack-River-Narrow-v0,36,72,W,0.0,False,"reflection=The level seems to funnel movement towards certain paths, with natural barriers like lava or water limiting direct access to some areas. Exploring wes"
bd9c7915,reflexion_mh,MiniHack-River-Narrow-v0,36,73,N,-0.01,False,reflection=The level's design suggests that careful exploration around barriers can lead to discoveries. The presence of lava or water indicates a need to find s
bd9c7915,reflexion_mh,MiniHack-River-Narrow-v0,36,74,E,0.0,False,"reflection=The level's design suggests that careful exploration around barriers can lead to discoveries, and it's also important to avoid repeating actions that "
bd9c7915,reflexion_mh,MiniHack-River-Narrow-v0,36,75,S,0.0,False,"reflection=The level's design suggests that careful exploration around barriers can lead to discoveries, and it's also important to avoid repeating actions that "
bd9c7915,reflexion_mh,MiniHack-River-Narrow-v0,36,76,S,0.0,False,"reflection=The level's design suggests that careful exploration around barriers can lead to discoveries, and it's also important to avoid repeating actions that "
bd9c7915,reflexion_mh,MiniHack-River-Narrow-v0,36,77,N,0.0,False,"reflection=The level's design suggests that careful exploration around barriers can lead to discoveries, and it's also important to avoid repeating actions that "
bd9c7915,reflexion_mh,MiniHack-River-Narrow-v0,36,78,N,0.0,False,"reflection=The level's design suggests that careful exploration around barriers can lead to discoveries, and it's also important to avoid repeating actions that "
bd9c7915,reflexion_mh,MiniHack-River-Narrow-v0,36,79,E,0.0,False,"reflection=The level's design suggests that careful exploration around barriers can lead to discoveries, and it's also important to avoid repeating actions that "
bd9c7915,reflexion_mh,MiniHack-River-Narrow-v0,36,80,E,0.0,False,"reflection=The level's design suggests that careful exploration around barriers can lead to discoveries, and it's also important to avoid repeating actions that "
bd9c7915,reflexion_mh,MiniHack-River-Narrow-v0,36,81,W,0.0,False,"reflection=The level's design suggests that careful exploration around barriers can lead to discoveries, and it's also important to avoid repeating actions that "
bd9c7915,reflexion_mh,MiniHack-River-Narrow-v0,36,82,N,-0.01,False,"reflection=The level's design suggests that careful exploration around barriers can lead to discoveries, and it's also important to avoid repeating actions that "
bd9c7915,reflexion_mh,MiniHack-River-Narrow-v0,36,83,E,0.0,False,"reflection=The level's design suggests that careful exploration around barriers can lead to discoveries, and it's also important to avoid repeating actions that "
bd9c7915,reflexion_mh,MiniHack-River-Narrow-v0,36,84,S,0.0,False,"reflection=The level's design suggests that careful exploration around barriers can lead to discoveries, and it's also important to avoid repeating actions that "
bd9c7915,reflexion_mh,MiniHack-River-Narrow-v0,36,85,E,0.0,False,"reflection=The level's design suggests that careful exploration around barriers can lead to discoveries, and it's also important to avoid repeating actions that "
bd9c7915,reflexion_mh,MiniHack-River-Narrow-v0,36,86,N,-0.01,False,"reflection=The level's design suggests that careful exploration around barriers can lead to discoveries, and it's also important to avoid repeating actions that "
bd9c7915,reflexion_mh,MiniHack-River-Narrow-v0,36,87,E,0.0,False,"reflection=The level's design suggests that careful exploration around barriers can lead to discoveries, and it's also important to avoid repeating actions that "
bd9c7915,reflexion_mh,MiniHack-River-Narrow-v0,36,88,S,0.0,False,"reflection=The level's design suggests that careful exploration around barriers can lead to discoveries, and it's also important to avoid repeating actions that "
bd9c7915,reflexion_mh,MiniHack-River-Narrow-v0,36,89,N,0.0,False,"reflection=The level's design suggests careful exploration around barriers can lead to discoveries. Exploring different directions, especially towards unexplored"
bd9c7915,reflexion_mh,MiniHack-River-Narrow-v0,36,90,W,0.0,False,"reflection=The level's design suggests careful exploration around barriers can lead to discoveries. Exploring different directions, especially towards unexplored"
bd9c7915,reflexion_mh,MiniHack-River-Narrow-v0,36,91,S,0.0,False,"reflection=The level's design suggests careful exploration around barriers can lead to discoveries. Exploring different directions, especially towards unexplored"
bd9c7915,reflexion_mh,MiniHack-River-Narrow-v0,36,92,S,0.0,False,"reflection=The level's design suggests careful exploration around barriers can lead to discoveries. Exploring different directions, especially towards unexplored"
bd9c7915,reflexion_mh,MiniHack-River-Narrow-v0,36,93,E,0.0,False,"reflection=The level's design suggests careful exploration around barriers can lead to discoveries, and trying less recently used directions may yield new inform"
bd9c7915,reflexion_mh,MiniHack-River-Narrow-v0,36,94,NE,0.0,False,"reflection=The level's design suggests careful exploration around barriers can lead to discoveries, and trying less recently used directions may yield new inform"
bd9c7915,reflexion_mh,MiniHack-River-Narrow-v0,36,95,N,0.0,False,"reflection=The level's design suggests careful exploration around barriers can lead to discoveries, and trying less recently used directions may yield new inform"
bd9c7915,reflexion_mh,MiniHack-River-Narrow-v0,36,96,N,0.0,False,"reflection=The level's design suggests careful exploration around barriers can lead to discoveries, and trying less recently used directions may yield new inform"
bd9c7915,reflexion_mh,MiniHack-River-Narrow-v0,36,97,N,-0.01,False,"reflection=The level's design suggests careful exploration around barriers can lead to discoveries, and trying less recently used directions may yield new inform"
bd9c7915,reflexion_mh,MiniHack-River-Narrow-v0,36,98,N,-0.01,False,"reflection=The level's design suggests careful exploration around barriers can lead to discoveries, and trying less recently used directions may yield new inform"
bd9c7915,reflexion_mh,MiniHack-River-Narrow-v0,36,99,E,0.0,False,"reflection=The level's design suggests that walls can completely block movement in certain directions, emphasizing the need to methodically explore available pat"
bd9c7915,reflexion_mh,MiniHack-River-Narrow-v0,36,100,N,0.0,False,"reflection=The level's design suggests that walls can completely block movement in certain directions, emphasizing the need to methodically explore available pat"
bd9c7915,reflexion_mh,MiniHack-River-Narrow-v0,36,101,N,-0.01,False,"reflection=The level's design suggests that walls can completely block movement in certain directions, emphasizing the need to methodically explore available pat"
bd9c7915,reflexion_mh,MiniHack-River-Narrow-v0,36,102,W,0.0,False,reflection=The level's design emphasizes the importance of careful exploration and avoiding immediate dangers like lava or water. The presence of walls in certai
bd9c7915,reflexion_mh,MiniHack-River-Narrow-v0,36,103,E,0.0,False,"reflection=The level's design emphasizes the importance of careful exploration and avoiding immediate dangers, and it seems that moving in directions that do not"
bd9c7915,reflexion_mh,MiniHack-River-Narrow-v0,36,104,E,0.0,False,reflection=The level's design emphasizes exploration and cautious movement. Moving in directions that do not hit walls can help uncover paths and potentially rev
bd9c7915,reflexion_mh,MiniHack-River-Narrow-v0,36,105,E,0.0,False,reflection=The level's design emphasizes exploration and cautious movement. Moving in directions that do not hit walls can help uncover paths and potentially rev
bd9c7915,reflexion_mh,MiniHack-River-Narrow-v0,36,106,S,0.0,False,reflection=The level's design emphasizes exploration and cautious movement. Moving in directions that do not hit walls can help uncover paths and potentially rev
bd9c7915,reflexion_mh,MiniHack-River-Narrow-v0,36,107,SE,0.0,False,reflection=The level's design seems to encourage exploration in multiple directions. The absence of immediate walls in all directions suggests that the initial a
bd9c7915,reflexion_mh,MiniHack-River-Narrow-v0,36,108,N,0.0,False,"reflection=The level's design seems to encourage exploration in multiple directions, with the initial area being somewhat open. The presence of water or lava to "
bd9c7915,reflexion_mh,MiniHack-River-Narrow-v0,36,109,N,0.0,False,"reflection=The level's design seems to encourage exploration in multiple directions, with the initial area being somewhat open. The presence of water or lava to "
bd9c7915,reflexion_mh,MiniHack-River-Narrow-v0,36,110,N,-0.01,False,"reflection=The level's design seems to encourage exploration in multiple directions, with the initial area being somewhat open. The presence of water or lava to "
bd9c7915,reflexion_mh,MiniHack-River-Narrow-v0,36,111,W,0.0,False,"reflection=The level's design seems to encourage exploration in multiple directions, with the initial area being somewhat open. The presence of water or lava to "
bd9c7915,reflexion_mh,MiniHack-River-Narrow-v0,36,112,NW,-0.01,False,"reflection=The level's design seems to encourage exploration in multiple directions, with the initial area being somewhat open. The presence of water or lava to "
bd9c7915,reflexion_mh,MiniHack-River-Narrow-v0,36,113,NW,-0.01,False,"reflection=The level's design seems to encourage exploration in multiple directions, with the initial area being somewhat open. The presence of water or lava to "
bd9c7915,reflexion_mh,MiniHack-River-Narrow-v0,36,114,E,0.0,False,"reflection=The level's design seems to encourage exploration in multiple directions, with the initial area being somewhat open. The presence of water or lava to "
bd9c7915,reflexion_mh,MiniHack-River-Narrow-v0,36,115,W,0.0,False,"reflection=The level's design seems to encourage exploration in multiple directions, with the initial area being somewhat open. The presence of water or lava to "
bd9c7915,reflexion_mh,MiniHack-River-Narrow-v0,36,116,SW,0.0,False,"reflection=The level's design seems to encourage exploration in multiple directions, with the initial area being somewhat open. The presence of water or lava to "
bd9c7915,reflexion_mh,MiniHack-River-Narrow-v0,36,117,SW,0.0,False,"reflection=The level's design seems to encourage exploration in multiple directions, with the initial area being somewhat open. The presence of water or lava to "
bd9c7915,reflexion_mh,MiniHack-River-Narrow-v0,36,118,SW,0.0,False,"reflection=The level's design seems to encourage exploration in multiple directions, with the initial area being somewhat open. The presence of water or lava to "
bd9c7915,reflexion_mh,MiniHack-River-Narrow-v0,36,119,W,0.0,False,"reflection=The level's design seems to encourage exploration in multiple directions, with the initial area being somewhat open. The presence of water or lava to "
bd9c7915,reflexion_mh,MiniHack-River-Narrow-v0,37,0,N,-0.01,False,"reflection=The level appears to have a large body of water or lava to the east, which could potentially be hazardous or limit my movement. I'll need to be cautio"
bd9c7915,reflexion_mh,MiniHack-River-Narrow-v0,37,1,W,0.0,False,"reflection=The level appears to have a large body of water or lava to the east, which could potentially be hazardous or limit my movement. The north direction fr"
bd9c7915,reflexion_mh,MiniHack-River-Narrow-v0,37,2,S,0.0,False,"reflection=The level has a significant water or lava body to the east, and the north is blocked. Exploring south may reveal more about the level's layout and pot"
bd9c7915,reflexion_mh,MiniHack-River-Narrow-v0,37,3,S,0.0,False,"reflection=The level has a significant water or lava body to the east, the north is blocked, and initial exploration suggests that moving south could provide mor"
bd9c7915,reflexion_mh,MiniHack-River-Narrow-v0,37,4,S,0.0,False,"reflection=The level has a significant water or lava body to the east, the north is blocked, and initial exploration suggests that moving south could provide mor"
bd9c7915,reflexion_mh,MiniHack-River-Narrow-v0,37,5,S,0.0,False,"reflection=The level's layout suggests a significant body of water or lava to the east, which might require caution or specific items to cross. Moving south coul"
bd9c7915,reflexion_mh,MiniHack-River-Narrow-v0,37,6,S,0.0,False,"reflection=The level's layout suggests a significant body of water or lava to the east, which might require caution or specific items to cross. Moving south coul"
bd9c7915,reflexion_mh,MiniHack-River-Narrow-v0,37,7,S,0.0,False,"reflection=The level's structure suggests that moving south could reveal more about the layout, including potential paths, items, or stairs, while avoiding the i"
bd9c7915,reflexion_mh,MiniHack-River-Narrow-v0,37,8,S,-0.01,False,"reflection=The level's structure suggests that moving south could reveal more about the layout, including potential paths, items, or stairs. So far, the southern"
bd9c7915,reflexion_mh,MiniHack-River-Narrow-v0,37,9,S,-0.01,False,"reflection=The level's structure appears to be relatively open in the southern direction, with no immediate threats or obstacles observed. Continuing south may l"
bd9c7915,reflexion_mh,MiniHack-River-Narrow-v0,37,10,E,0.0,False,"reflection=The level has a solid stone wall to the south, indicating a boundary. Exploration in other directions may reveal more about the level's layout and obj"
bd9c7915,reflexion_mh,MiniHack-River-Narrow-v0,37,11,N,0.0,False,"reflection=The level has a solid stone wall to the south and possibly other boundaries, exploration in other directions may reveal more about the level's layout "
bd9c7915,reflexion_mh,MiniHack-River-Narrow-v0,37,12,N,0.0,False,"reflection=The level has a solid stone wall to the south, and exploration in other directions may reveal more about the level's layout and objectives, such as fi"
bd9c7915,reflexion_mh,MiniHack-River-Narrow-v0,37,13,N,0.0,False,"reflection=The level has a solid stone wall to the south, and initial exploration suggests trying north or east may be fruitful as they have not been tried yet, "
bd9c7915,reflexion_mh,MiniHack-River-Narrow-v0,37,14,N,0.0,False,"reflection=The level has a solid stone wall to the south, initial exploration suggests trying north or east may be fruitful, and it's confirmed that repeating ac"
bd9c7915,reflexion_mh,MiniHack-River-Narrow-v0,37,15,E,0.0,False,"reflection=The level has a solid stone wall to the south, initial exploration suggests trying north or east may be fruitful. Noting the presence of lava or water"
bd9c7915,reflexion_mh,MiniHack-River-Narrow-v0,37,16,E,0.0,False,"reflection=The level's eastern area remains unexplored, and considering the presence of lava or water, it's crucial to proceed with caution to avoid unnecessary "
bd9c7915,reflexion_mh,MiniHack-River-Narrow-v0,37,17,E,0.0,False,"reflection=The level's eastern area remains largely unexplored, and proceeding east may reveal new paths, items, or the downstairs. The presence of lava or water"
bd9c7915,reflexion_mh,MiniHack-River-Narrow-v0,37,18,E,0.0,False,"reflection=The level's eastern area remains largely unexplored, and proceeding east may reveal new paths, items, or the downstairs. The presence of lava or water"
bd9c7915,reflexion_mh,MiniHack-River-Narrow-v0,37,19,E,0.0,False,"reflection=The level's eastern area remains largely unexplored, and proceeding east may reveal new paths, items, or the downstairs. The presence of lava or water"
bd9c7915,reflexion_mh,MiniHack-River-Narrow-v0,37,20,E,0.0,False,"reflection=The level's eastern area remains largely unexplored, and proceeding east may reveal new paths, items, or the downstairs. The presence of lava or water"
bd9c7915,reflexion_mh,MiniHack-River-Narrow-v0,37,21,E,0.0,False,"reflection=The level's eastern area continues to be accessible, suggesting a potential path or open space in that direction. The lack of obstacles or creatures e"
bd9c7915,reflexion_mh,MiniHack-River-Narrow-v0,37,22,E,0.0,False,"reflection=The level's eastern area continues to be accessible and safe, suggesting a potential open space or path in that direction, with no encountered obstacl"
bd9c7915,reflexion_mh,MiniHack-River-Narrow-v0,37,23,E,0.0,False,"reflection=The level's eastern area continues to be accessible and safe, suggesting a potential open space or path in that direction, with no encountered obstacl"
bd9c7915,reflexion_mh,MiniHack-River-Narrow-v0,37,24,E,0.0,False,"reflection=The level's eastern area continues to be accessible and safe, suggesting a potential open space or path in that direction. The presence of lava or wat"
bd9c7915,reflexion_mh,MiniHack-River-Narrow-v0,37,25,E,0.0,False,"reflection=The level's eastern area continues to be accessible and safe, and the ability to cross the water suggests a potential path or open space in that direc"
bd9c7915,reflexion_mh,MiniHack-River-Narrow-v0,37,26,E,0.0,False,"reflection=The level's eastern area continues to be accessible and safe, and the ability to cross the water suggests a potential path or open space in that direc"
bd9c7915,reflexion_mh,MiniHack-River-Narrow-v0,37,27,E,0.0,False,"reflection=The level's eastern area continues to be accessible and safe, and the ability to cross the water suggests a potential path or open space in that direc"
bd9c7915,reflexion_mh,MiniHack-River-Narrow-v0,37,28,E,0.0,False,"reflection=The level's eastern area continues to be accessible and safe, with the ability to cross the water suggesting a potential path or open space in that di"
bd9c7915,reflexion_mh,MiniHack-River-Narrow-v0,37,29,E,0.0,False,"reflection=The level's eastern area continues to be accessible and safe, with the ability to cross the water suggesting a potential path or open space in that di"
bd9c7915,reflexion_mh,MiniHack-River-Narrow-v0,37,30,E,0.0,False,reflection=The level's eastern area continues to be accessible and safe. The presence of water or lava to the east might require finding a way to cross it or nav
bd9c7915,reflexion_mh,MiniHack-River-Narrow-v0,37,31,E,-0.01,False,"reflection=The level's eastern area continues to be accessible and safe, with lava or water present but no immediate threats from creatures. The need to find a c"
bd9c7915,reflexion_mh,MiniHack-River-Narrow-v0,37,32,E,-0.01,False,"reflection=The level's eastern area continues to be accessible and safe, with lava or water present but no immediate threats from creatures. The need to find a c"
bd9c7915,reflexion_mh,MiniHack-River-Narrow-v0,37,33,N,1.0,True,"reflection=The level's eastern boundary is solid stone, indicating a need to explore other directions to find a path forward or around the lava/water, suggesting"
bd9c7915,reflexion_mh,MiniHack-River-Narrow-v0,38,0,E,0.0,False,"reflection=The level seems to have a body of water or lava (}) to the east and south, which could be a boundary or obstacle. I should be cautious when approachin"
bd9c7915,reflexion_mh,MiniHack-River-Narrow-v0,38,1,E,0.0,False,"reflection=The level seems to have a body of water or lava to the east and south, which could be a boundary or obstacle. I've found that moving east from my star"
bd9c7915,reflexion_mh,MiniHack-River-Narrow-v0,38,2,N,0.0,False,"reflection=The level has a body of water or lava to the east and south, and moving east from the starting position is possible. Now, I will test moving north."
bd9c7915,reflexion_mh,MiniHack-River-Narrow-v0,38,3,W,0.0,False,"reflection=The level has a body of water or lava to the east and south, and moving east and north from the starting position is possible. Now, I will test moving"
bd9c7915,reflexion_mh,MiniHack-River-Narrow-v0,38,4,W,0.0,False,"reflection=The level has a body of water or lava to the east and south, and moving east, north, and west from the starting position is possible. The western boun"
bd9c7915,reflexion_mh,MiniHack-River-Narrow-v0,38,5,N,-0.01,False,"reflection=The level has a body of water or lava to the east and south, and moving east, north, and west from the starting position is possible. The western boun"
bd9c7915,reflexion_mh,MiniHack-River-Narrow-v0,38,6,N,-0.01,False,"reflection=The level has a body of water or lava to the east and south, and moving east, north, and west from the starting position is possible. The western boun"
bd9c7915,reflexion_mh,MiniHack-River-Narrow-v0,38,7,W,0.0,False,"reflection=The level has a body of water or lava to the east and south, and moving east, north, and west from the starting position is possible. The northern bou"
bd9c7915,reflexion_mh,MiniHack-River-Narrow-v0,38,8,W,0.0,False,"reflection=The level has a body of water or lava to the east and south, and the northern boundary has been reached. The western part of the level remains to be f"
bd9c7915,reflexion_mh,MiniHack-River-Narrow-v0,38,9,W,0.0,False,"reflection=The level has a body of water or lava to the east and south, the northern boundary is solid, and the western part remains to be fully explored for lay"
bd9c7915,reflexion_mh,MiniHack-River-Narrow-v0,38,10,W,0.0,False,"reflection=The level has a body of water or lava to the east and south, the northern boundary is solid, and the western part remains to be fully explored for lay"
bd9c7915,reflexion_mh,MiniHack-River-Narrow-v0,38,11,W,0.0,False,"reflection=The level has a body of water or lava to the east and south, the northern boundary is solid, and the western part remains to be fully explored for lay"
bd9c7915,reflexion_mh,MiniHack-River-Narrow-v0,38,12,W,0.0,False,"reflection=The level's western part remains to be fully explored for layout, paths, and items, and it's likely where I'll find exits or useful objects. The prese"
bd9c7915,reflexion_mh,MiniHack-River-Narrow-v0,38,13,W,0.0,False,"reflection=The level's western part remains to be fully explored for layout, paths, and items, and it's likely where I'll find exits or useful objects. The prese"
bd9c7915,reflexion_mh,MiniHack-River-Narrow-v0,38,14,W,0.0,False,reflection=The level's western part continues to be the primary direction for exploration due to the limitations posed by water or lava to the east and south. No
bd9c7915,reflexion_mh,MiniHack-River-Narrow-v0,38,15,W,0.0,False,"reflection=The level's western part continues to be the primary direction for exploration. No obstacles have been encountered when moving west, suggesting it's a"
bd9c7915,reflexion_mh,MiniHack-River-Narrow-v0,38,16,W,0.0,False,"reflection=The level's western part continues to be the primary direction for exploration. No obstacles have been encountered when moving west, suggesting it's a"
bd9c7915,reflexion_mh,MiniHack-River-Narrow-v0,38,17,W,0.0,False,"reflection=The level's western part continues to be a viable path for exploration without any encountered obstacles, suggesting further westward movement may rev"
bd9c7915,reflexion_mh,MiniHack-River-Narrow-v0,38,18,W,0.0,False,"reflection=The level's western part continues to be a viable path for exploration without any encountered obstacles, suggesting further westward movement may rev"
bd9c7915,reflexion_mh,MiniHack-River-Narrow-v0,38,19,W,-0.01,False,"reflection=The level's western part continues to be a viable path for exploration without any encountered obstacles, suggesting further westward movement may rev"
bd9c7915,reflexion_mh,MiniHack-River-Narrow-v0,38,20,W,-0.01,False,"reflection=The western path continues to be clear of obstacles, suggesting that further exploration in this direction may yield important discoveries. The lack o"
bd9c7915,reflexion_mh,MiniHack-River-Narrow-v0,38,21,E,0.0,False,"reflection=The western path is blocked, suggesting the need to explore other directions to find a way forward or downstairs. The eastern direction is now a point"
bd9c7915,reflexion_mh,MiniHack-River-Narrow-v0,38,22,N,-0.01,False,"reflection=The western path is blocked, and the eastern direction has been partially explored. Now, exploring the northern direction could reveal new paths or ob"
bd9c7915,reflexion_mh,MiniHack-River-Narrow-v0,38,23,N,-0.01,False,"reflection=The western path is blocked, the eastern direction has been partially explored, and now the northern direction is being explored. This could potential"
bd9c7915,reflexion_mh,MiniHack-River-Narrow-v0,38,24,E,0.0,False,"reflection=The northern direction is blocked, so further exploration will focus on the eastern and southern paths to potentially find stairs, objects, or other p"
bd9c7915,reflexion_mh,MiniHack-River-Narrow-v0,38,25,S,0.0,False,"reflection=The northern direction is blocked, so further exploration will focus on the eastern and southern paths to potentially find stairs, objects, or other p"
bd9c7915,reflexion_mh,MiniHack-River-Narrow-v0,38,26,S,0.0,False,"reflection=The southern path is now being explored, and I will update my knowledge of the level based on what I find. So far, no walls have been hit from this ex"
bd9c7915,reflexion_mh,MiniHack-River-Narrow-v0,38,27,S,0.0,False,"reflection=The southern path continues beyond my current position without any immediate walls, suggesting a potential open area or corridor."
bd9c7915,reflexion_mh,MiniHack-River-Narrow-v0,38,28,S,0.0,False,"reflection=The southern path continues beyond my current position without any immediate walls, suggesting a potential open area or corridor. I will explore this "
bd9c7915,reflexion_mh,MiniHack-River-Narrow-v0,38,29,S,0.0,False,"reflection=The southern path continues beyond my current position without any immediate walls, suggesting a potential open area or corridor. I have now moved fur"
bd9c7915,reflexion_mh,MiniHack-River-Narrow-v0,38,30,S,0.0,False,"reflection=The southern path appears to be open, potentially leading to a larger area or important features like stairs or items. I've moved several steps south "
bd9c7915,reflexion_mh,MiniHack-River-Narrow-v0,38,31,S,-0.01,False,"reflection=The southern path remains open after several steps, suggesting a potentially large area or important features like stairs or items in that direction."
bd9c7915,reflexion_mh,MiniHack-River-Narrow-v0,38,32,S,-0.01,False,"reflection=The southern path continues to be open after several steps, suggesting a potentially large area or important features like stairs or items in that dir"
bd9c7915,reflexion_mh,MiniHack-River-Narrow-v0,38,33,E,0.0,False,"reflection=The southern path, which was open for several steps, has ended, suggesting either the edge of the map or a boundary of a large room. This indicates a "
bd9c7915,reflexion_mh,MiniHack-River-Narrow-v0,38,34,N,0.0,False,"reflection=The level may have a larger room or more paths to the north, given the sudden end of the southern path. Exploring north could reveal more about the le"
bd9c7915,reflexion_mh,MiniHack-River-Narrow-v0,38,35,N,0.0,False,"reflection=The level may have a larger room or more paths to the north, and there might be a body of water or lava to the east that could be an obstacle or a bou"
bd9c7915,reflexion_mh,MiniHack-River-Narrow-v0,38,36,N,0.0,False,"reflection=The level may have a larger room or more paths to the north, and there might be a body of water or lava to the east that could be an obstacle or a bou"
bd9c7915,reflexion_mh,MiniHack-River-Narrow-v0,38,37,N,0.0,False,"reflection=The level may have a larger room or more paths to the north, and there might be a body of water or lava to the east that could be an obstacle or a bou"
bd9c7915,reflexion_mh,MiniHack-River-Narrow-v0,38,38,N,0.0,False,"reflection=The level may have a larger room or more paths to the north, and there might be a body of water or lava to the east that could be an obstacle or a bou"
bd9c7915,reflexion_mh,MiniHack-River-Narrow-v0,38,39,N,0.0,False,"reflection=The level may have a larger room or more paths to the north, and there might be a body of water or lava to the east that could be an obstacle or a bou"
bd9c7915,reflexion_mh,MiniHack-River-Narrow-v0,38,40,N,-0.01,False,"reflection=The level may have a larger room or more paths to the north, and there might be a body of water or lava to the east that could be an obstacle or a bou"
bd9c7915,reflexion_mh,MiniHack-River-Narrow-v0,38,41,N,-0.01,False,"reflection=The level may have a larger room or more paths to the north, and there might be a body of water or lava to the east that could be an obstacle or a bou"
bd9c7915,reflexion_mh,MiniHack-River-Narrow-v0,38,42,E,0.0,False,"reflection=The level has a solid stone wall to the north, indicating a boundary or a potential room. Exploring east or west may reveal more about the level's lay"
bd9c7915,reflexion_mh,MiniHack-River-Narrow-v0,38,43,W,0.0,False,"reflection=The level has a solid stone wall to the north and possibly to the east since moving east did not change the view significantly, indicating a need to e"
bd9c7915,reflexion_mh,MiniHack-River-Narrow-v0,38,44,S,0.0,False,"reflection=The level has a solid stone wall to the north and possibly to the east, indicating a need to explore south and other directions to understand the layo"
bd9c7915,reflexion_mh,MiniHack-River-Narrow-v0,38,45,S,0.0,False,"reflection=The level has solid stone walls to the north and possibly to the east, indicating a need to explore south and other directions to understand the layou"
bd9c7915,reflexion_mh,MiniHack-River-Narrow-v0,38,46,S,0.0,False,"reflection=The level has solid stone walls to the north and possibly to the east, indicating a need to explore south and other directions to understand the layou"
bd9c7915,reflexion_mh,MiniHack-River-Narrow-v0,38,47,S,0.0,False,"reflection=The level's southern part is open, suggesting a potential path or area to explore. Will continue southward to gather more information about the level'"
bd9c7915,reflexion_mh,MiniHack-River-Narrow-v0,38,48,S,0.0,False,"reflection=The level's southern part is open, suggesting a potential path or area to explore. Continuing southward has not yet revealed any obstacles or goals, b"
bd9c7915,reflexion_mh,MiniHack-River-Narrow-v0,38,49,S,0.0,False,"reflection=The level's southern part remains open, suggesting a potential path or area to explore, with no obstacles or goals found yet in this direction."
bd9c7915,reflexion_mh,MiniHack-River-Narrow-v0,38,50,S,-0.01,False,"reflection=The level's southern part remains open, suggesting a potential path or area to explore, with no obstacles or goals found yet in this direction. The ea"
bd9c7915,reflexion_mh,MiniHack-River-Narrow-v0,38,51,S,-0.01,False,"reflection=The southern path continues to yield open space, suggesting a larger area or potential staircase downwards might be located in this direction, with th"
bd9c7915,reflexion_mh,MiniHack-River-Narrow-v0,38,52,E,0.0,False,"reflection=The southern path is bounded by a wall, suggesting the need to explore east or west to find a larger area or staircase, with the possibility of findin"
bd9c7915,reflexion_mh,MiniHack-River-Narrow-v0,38,53,E,0.0,False,"reflection=The level appears to be designed with walls limiting direct southward progression, indicating that significant features or paths may lie to the east o"
bd9c7915,reflexion_mh,MiniHack-River-Narrow-v0,38,54,W,0.0,False,"reflection=The level's design suggests that exploration in both east and west directions is necessary to find the staircase or other important features, and it's"
bd9c7915,reflexion_mh,MiniHack-River-Narrow-v0,38,55,N,0.0,False,"reflection=The level's design suggests that exploration in both east and west directions is necessary to find the staircase or other important features, and init"
bd9c7915,reflexion_mh,MiniHack-River-Narrow-v0,38,56,N,0.0,False,"reflection=The level's design suggests that exploration in both east and west directions is necessary to find the staircase or other important features, and init"
bd9c7915,reflexion_mh,MiniHack-River-Narrow-v0,38,57,N,0.0,False,"reflection=The level's design suggests that exploration in both east and west directions is necessary to find the staircase or other important features, and init"
bd9c7915,reflexion_mh,MiniHack-River-Narrow-v0,38,58,N,0.0,False,"reflection=The level's design suggests that exploration in both east and west directions is necessary to find the staircase or other important features, and init"
bd9c7915,reflexion_mh,MiniHack-River-Narrow-v0,38,59,N,0.0,False,"reflection=The level's design suggests that exploration in both east and west directions is necessary to find the staircase or other important features, and init"
bd9c7915,reflexion_mh,MiniHack-River-Narrow-v0,38,60,N,0.0,False,"reflection=The level's design suggests that exploration in both east and west directions is necessary to find the staircase or other important features, and init"
bd9c7915,reflexion_mh,MiniHack-River-Narrow-v0,38,61,N,-0.01,False,"reflection=The level's design suggests that exploration in both east and west directions is necessary to find the staircase or other important features, and init"
bd9c7915,reflexion_mh,MiniHack-River-Narrow-v0,38,62,N,-0.01,False,"reflection=The level's design suggests that exploration in both east and west directions is necessary to find the staircase or other important features, and init"
bd9c7915,reflexion_mh,MiniHack-River-Narrow-v0,38,63,NW,-0.01,False,reflection=The level's design suggests that exploration in both east and west directions is necessary to find the staircase or other important features. The nort
bd9c7915,reflexion_mh,MiniHack-River-Narrow-v0,38,64,E,0.0,False,"reflection=The level's boundaries to the north and northwest are established, indicating the need to focus on east and west exploration to progress. The presence"
bd9c7915,reflexion_mh,MiniHack-River-Narrow-v0,38,65,W,0.0,False,"reflection=The level's boundaries to the north and northwest are established, indicating the need to focus on east and west exploration to progress, with caution"
bd9c7915,reflexion_mh,MiniHack-River-Narrow-v0,38,66,W,0.0,False,"reflection=The level's boundaries to the north and northwest are established, indicating the need to focus on east and west exploration to progress, with caution"
bd9c7915,reflexion_mh,MiniHack-River-Narrow-v0,38,67,W,0.0,False,"reflection=The level's initial layout suggests prioritizing westward exploration for safety and potential discovery of items, stairs, or other important features"
bd9c7915,reflexion_mh,MiniHack-River-Narrow-v0,38,68,W,0.0,False,"reflection=The level's initial layout suggests prioritizing westward exploration for safety and potential discovery of items, stairs, or other important features"
bd9c7915,reflexion_mh,MiniHack-River-Narrow-v0,38,69,W,0.0,False,reflection=The level's westward area seems to be a priority for initial exploration due to its apparent safety and potential for discoveries. Continuing west may
bd9c7915,reflexion_mh,MiniHack-River-Narrow-v0,38,70,W,-0.01,False,"reflection=The level's westward area continues to be a safe and promising direction for exploration, with no immediate dangers or obstacles encountered so far."
bd9c7915,reflexion_mh,MiniHack-River-Narrow-v0,38,71,N,-0.01,False,"reflection=The level's westward boundary has been reached, indicating a need to explore other directions for further progress. The north direction appears to be "
bd9c7915,reflexion_mh,MiniHack-River-Narrow-v0,38,72,S,0.0,False,"reflection=The level's boundaries have been partially mapped, with solid stone to the west and north; further exploration is needed to the south and east to unco"
bd9c7915,reflexion_mh,MiniHack-River-Narrow-v0,38,73,E,0.0,False,"reflection=The level's boundaries have been partially mapped, with solid stone to the west and north; further exploration is needed to the south and east to unco"
bd9c7915,reflexion_mh,MiniHack-River-Narrow-v0,38,74,E,0.0,False,"reflection=The level's boundaries have been partially mapped, with solid stone to the west and north; initial eastward movement has shown potential for further e"
bd9c7915,reflexion_mh,MiniHack-River-Narrow-v0,38,75,E,0.0,False,"reflection=The level's boundaries have been partially mapped, with solid stone to the west and north; initial eastward movement has shown potential for further e"
bd9c7915,reflexion_mh,MiniHack-River-Narrow-v0,38,76,E,0.0,False,"reflection=The level's boundaries have been partially mapped, with solid stone to the west and north; initial eastward movement has shown potential for further e"
bd9c7915,reflexion_mh,MiniHack-River-Narrow-v0,38,77,E,0.0,False,"reflection=The level's eastward path continues to be the primary direction for exploration, with the need to find the downstairs or other significant features su"
bd9c7915,reflexion_mh,MiniHack-River-Narrow-v0,38,78,E,0.0,False,"reflection=The level's eastward path continues to be the primary direction for exploration, with the need to find the downstairs or other significant features su"
bd9c7915,reflexion_mh,MiniHack-River-Narrow-v0,38,79,E,0.0,False,"reflection=The level's eastward path continues to be the primary direction for exploration, with the need to find the downstairs or other significant features su"
bd9c7915,reflexion_mh,MiniHack-River-Narrow-v0,38,80,E,0.0,False,"reflection=The level's eastward path remains the primary direction for exploration, with the goal of finding the downstairs, rooms, corridors, or items, and so f"
bd9c7915,reflexion_mh,MiniHack-River-Narrow-v0,38,81,N,0.0,False,"reflection=The level's eastward path is clear, but the north, south, and west directions remain unexplored and could contain important features or items."
bd9c7915,reflexion_mh,MiniHack-River-Narrow-v0,38,82,N,-0.01,False,"reflection=The level's eastward path is clear, but the north, south, and west directions remain unexplored and could contain important features or items. Trying "
bd9c7915,reflexion_mh,MiniHack-River-Narrow-v0,38,83,N,-0.01,False,"reflection=The level's eastward path is clear, but the north, south, and west directions remain unexplored and could contain important features or items. Trying "
bd9c7915,reflexion_mh,MiniHack-River-Narrow-v0,38,84,S,0.0,False,"reflection=The level's eastward path is clear, but the north direction is blocked. The south and west directions remain unexplored and could contain important fe"
bd9c7915,reflexion_mh,MiniHack-River-Narrow-v0,38,85,S,0.0,False,"reflection=The level's layout suggests that there might be a larger open area or additional paths to the south or west, which could contain useful items or stair"
bd9c7915,reflexion_mh,MiniHack-River-Narrow-v0,38,86,S,0.0,False,"reflection=The level's layout suggests that there might be a larger open area or additional paths to the south or west, which could contain useful items or stair"
bd9c7915,reflexion_mh,MiniHack-River-Narrow-v0,38,87,S,0.0,False,"reflection=The level's layout suggests that there might be a larger open area or additional paths to the south or west, which could contain useful items or stair"
bd9c7915,reflexion_mh,MiniHack-River-Narrow-v0,38,88,S,0.0,False,"reflection=The level's open area to the south could potentially contain useful items or the downstairs, and further exploration in this direction may reveal more"
bd9c7915,reflexion_mh,MiniHack-River-Narrow-v0,38,89,S,0.0,False,"reflection=The level's open area to the south could potentially contain useful items or the downstairs, and further exploration in this direction may reveal more"
bd9c7915,reflexion_mh,MiniHack-River-Narrow-v0,38,90,S,-0.01,False,"reflection=The level's open area to the south could potentially contain useful items or the downstairs, and further exploration in this direction may reveal more"
bd9c7915,reflexion_mh,MiniHack-River-Narrow-v0,38,91,S,-0.01,False,"reflection=The level's open area to the south continues without immediate obstacles or creatures, suggesting that further exploration in this direction may still"
bd9c7915,reflexion_mh,MiniHack-River-Narrow-v0,38,92,E,0.0,False,"reflection=The level's open area to the south is bounded by a wall, suggesting the need to explore east or west for potential paths or items."
bd9c7915,reflexion_mh,MiniHack-River-Narrow-v0,38,93,W,0.0,False,"reflection=The level's open area to the south is bounded by a wall, suggesting the need to explore east or west for potential paths or items. Trying west might y"
bd9c7915,reflexion_mh,MiniHack-River-Narrow-v0,38,94,W,0.0,False,"reflection=The level's open area to the south is bounded by a wall, suggesting the need to explore east or west for potential paths or items. Trying west might y"
bd9c7915,reflexion_mh,MiniHack-River-Narrow-v0,38,95,W,0.0,False,"reflection=The level's layout suggests that exploring west may yield more results than repeating the eastern path, and it's crucial to keep exploring to find the"
bd9c7915,reflexion_mh,MiniHack-River-Narrow-v0,38,96,W,0.0,False,"reflection=The level's layout suggests that exploring west may yield more results than repeating the eastern path, and it's crucial to keep exploring to find the"
bd9c7915,reflexion_mh,MiniHack-River-Narrow-v0,38,97,N,0.0,False,"reflection=The level's layout suggests that exploring west may yield more results than repeating the eastern path, and it's crucial to keep exploring to find the"
bd9c7915,reflexion_mh,MiniHack-River-Narrow-v0,38,98,N,0.0,False,"reflection=The level's layout suggests that exploring west may yield more results than repeating the eastern path, and it's crucial to keep exploring to find the"
bd9c7915,reflexion_mh,MiniHack-River-Narrow-v0,38,99,N,0.0,False,"reflection=The level's layout suggests that exploring west may yield more results than repeating the eastern path, and it's crucial to keep exploring to find the"
bd9c7915,reflexion_mh,MiniHack-River-Narrow-v0,38,100,N,0.0,False,"reflection=The level's layout suggests prioritizing northward exploration to uncover potential new paths or objectives, and it's crucial to continue exploring in"
bd9c7915,reflexion_mh,MiniHack-River-Narrow-v0,38,101,N,0.0,False,"reflection=The level's layout suggests prioritizing exploration in the northern direction to uncover potential new paths or objectives, and it's crucial to conti"
bd9c7915,reflexion_mh,MiniHack-River-Narrow-v0,38,102,N,0.0,False,"reflection=The level's layout suggests prioritizing exploration in the northern direction to uncover potential new paths or objectives, and it's crucial to conti"
bd9c7915,reflexion_mh,MiniHack-River-Narrow-v0,38,103,N,-0.01,False,"reflection=The level's layout suggests prioritizing exploration in the northern direction to uncover potential new paths or objectives, and it's crucial to conti"
bd9c7915,reflexion_mh,MiniHack-River-Narrow-v0,38,104,E,0.0,False,"reflection=The level's layout suggests that exploring in different directions is crucial, and the northern path, while open, does not immediately reveal new obje"
bd9c7915,reflexion_mh,MiniHack-River-Narrow-v0,38,105,E,0.0,False,"reflection=The level's layout suggests that exploring in different directions is crucial, and the northern path, while open, does not immediately reveal new obje"
bd9c7915,reflexion_mh,MiniHack-River-Narrow-v0,38,106,E,0.0,False,"reflection=The level's layout suggests that exploring in different directions is crucial, and the northern path, while open, does not immediately reveal new obje"
bd9c7915,reflexion_mh,MiniHack-River-Narrow-v0,38,107,S,0.0,False,"reflection=The level's layout suggests that exploring in different directions is crucial, and now it's clear that not all directions immediately yield new inform"
bd9c7915,reflexion_mh,MiniHack-River-Narrow-v0,38,108,W,0.0,False,"reflection=The level's layout suggests that exploring in different directions is crucial, and now it's clear that not all directions immediately yield new inform"
bd9c7915,reflexion_mh,MiniHack-River-Narrow-v0,38,109,W,0.0,False,"reflection=The level's design suggests that exploring in different directions systematically is key, and it's important to keep track of which directions have be"
bd9c7915,reflexion_mh,MiniHack-River-Narrow-v0,38,110,N,0.0,False,"reflection=The level's design suggests that exploring in different directions systematically is key, and it's also important to balance exploration between diffe"
bd9c7915,reflexion_mh,MiniHack-River-Narrow-v0,38,111,N,-0.01,False,"reflection=The level's design suggests that exploring in different directions systematically, including vertical movement, is key to efficiently discovering new "
bd9c7915,reflexion_mh,MiniHack-River-Narrow-v0,38,112,NE,-0.01,False,"reflection=The level's design suggests that exploring in different directions systematically, including vertical and diagonal movement, is key to efficiently dis"
bd9c7915,reflexion_mh,MiniHack-River-Narrow-v0,38,113,NW,-0.01,False,"reflection=The level's design suggests that exploring in different directions systematically, including vertical and diagonal movement, is key to efficiently dis"
bd9c7915,reflexion_mh,MiniHack-River-Narrow-v0,38,114,E,0.0,False,"reflection=The level's design suggests that exploring in different directions systematically is key, and it's confirmed that hitting a wall indicates a need to c"
bd9c7915,reflexion_mh,MiniHack-River-Narrow-v0,38,115,E,0.0,False,"reflection=The level's design suggests that exploring in different directions systematically is key, and it's confirmed that hitting a wall indicates a need to c"
bd9c7915,reflexion_mh,MiniHack-River-Narrow-v0,38,116,E,0.0,False,"reflection=The level's design suggests that exploring in different directions systematically is key, and it's confirmed that hitting a wall indicates a need to c"
bd9c7915,reflexion_mh,MiniHack-River-Narrow-v0,38,117,E,0.0,False,"reflection=The level's design suggests that exploring in different directions systematically is key, and it's confirmed that hitting a wall indicates a need to c"
bd9c7915,reflexion_mh,MiniHack-River-Narrow-v0,38,118,E,0.0,False,"reflection=The level's design suggests that exploring in different directions systematically is key, and it's confirmed that hitting a wall indicates a need to c"
bd9c7915,reflexion_mh,MiniHack-River-Narrow-v0,38,119,E,0.0,False,"reflection=The level's design suggests that exploring in different directions systematically is key, and it's confirmed that hitting a wall indicates a need to c"
bd9c7915,reflexion_mh,MiniHack-River-Narrow-v0,39,0,NW,0.0,False,"reflection=The level seems to have a body of water or lava (}) to the east and southeast, which might limit my movement in those directions. I should try moving "
bd9c7915,reflexion_mh,MiniHack-River-Narrow-v0,39,1,NW,0.0,False,"reflection=The level seems to have a body of water or lava to the east and southeast, which might limit my movement in those directions. Northwest direction seem"
bd9c7915,reflexion_mh,MiniHack-River-Narrow-v0,39,2,NW,0.0,False,"reflection=The level seems to have a body of water or lava to the east and southeast, which might limit my movement in those directions. Northwest direction seem"
bd9c7915,reflexion_mh,MiniHack-River-Narrow-v0,39,3,NW,0.0,False,"reflection=The level seems to have a body of water or lava to the east and southeast, which might limit my movement in those directions. Northwest direction seem"
bd9c7915,reflexion_mh,MiniHack-River-Narrow-v0,39,4,NW,0.0,False,"reflection=The level seems to have a body of water or lava to the east and southeast, which might limit my movement in those directions. The northwest direction "
bd9c7915,reflexion_mh,MiniHack-River-Narrow-v0,39,5,NW,0.0,False,"reflection=The level seems to have a body of water or lava to the east and southeast, which might limit my movement in those directions. The northwest direction "
bd9c7915,reflexion_mh,MiniHack-River-Narrow-v0,39,6,NW,-0.01,False,"reflection=The level's layout suggests that water or lava bodies may compartmentalize areas, making certain paths inaccessible without proper preparation or item"
bd9c7915,reflexion_mh,MiniHack-River-Narrow-v0,39,7,N,-0.01,False,"reflection=The level's layout suggests that water or lava bodies may compartmentalize areas, making certain paths inaccessible without proper preparation or item"
bd9c7915,reflexion_mh,MiniHack-River-Narrow-v0,39,8,E,0.0,False,"reflection=The level's boundaries and obstacles are becoming clearer, with north being a solid wall and the need to explore other directions like east to uncover"
bd9c7915,reflexion_mh,MiniHack-River-Narrow-v0,39,9,E,0.0,False,"reflection=The level's boundaries and obstacles are becoming clearer, with north being a solid wall and the need to explore other directions like east to uncover"
bd9c7915,reflexion_mh,MiniHack-River-Narrow-v0,39,10,E,0.0,False,"reflection=The level's boundaries and obstacles are becoming clearer, with north being a solid wall and the need to explore other directions like east to uncover"
bd9c7915,reflexion_mh,MiniHack-River-Narrow-v0,39,11,E,0.0,False,"reflection=The level's boundaries and obstacles are becoming clearer, with north being a solid wall and the need to explore other directions like east to uncover"
bd9c7915,reflexion_mh,MiniHack-River-Narrow-v0,39,12,E,0.0,False,"reflection=The level's east direction is partially explored, and continuing in this direction may reveal more about the level's layout, including potential items"
bd9c7915,reflexion_mh,MiniHack-River-Narrow-v0,39,13,E,0.0,False,"reflection=The level's east direction contains lava or water, which are hazards to be avoided. Continuing east may reveal more of the level's layout, including s"
bd9c7915,reflexion_mh,MiniHack-River-Narrow-v0,39,14,N,-0.01,False,"reflection=The level's east direction contains hazards, suggesting careful navigation is required. Exploring north, south, or west may reveal safer paths or impo"
bd9c7915,reflexion_mh,MiniHack-River-Narrow-v0,39,15,S,0.0,False,"reflection=The level's east direction contains hazards, suggesting careful navigation is required. Exploring north, south, or west may reveal safer paths or impo"
bd9c7915,reflexion_mh,MiniHack-River-Narrow-v0,39,16,S,0.0,False,"reflection=The level's east direction contains hazards, suggesting careful navigation is required. Exploring south may reveal safer paths or important items, and"
bd9c7915,reflexion_mh,MiniHack-River-Narrow-v0,39,17,S,0.0,False,"reflection=The level's south direction remains largely unexplored and may offer safer paths or important items, while the east direction is confirmed to contain "
bd9c7915,reflexion_mh,MiniHack-River-Narrow-v0,39,18,S,0.0,False,"reflection=The level's south direction is a priority for exploration due to its unknown content, which could include necessary items or safer routes, while the e"
bd9c7915,reflexion_mh,MiniHack-River-Narrow-v0,39,19,S,0.0,False,reflection=The level's south direction remains a priority for exploration. The presence of lava or water (}) to the east and southeast indicates a need for cauti
bd9c7915,reflexion_mh,MiniHack-River-Narrow-v0,39,20,W,0.0,False,"reflection=The level's south direction remains a priority for exploration, but the west direction is now being prioritized for safety and potential item discover"
bd9c7915,reflexion_mh,MiniHack-River-Narrow-v0,39,21,S,0.0,False,"reflection=The level's south direction remains a priority for exploration, and it's clear from the current view that moving south is feasible without immediate r"
bd9c7915,reflexion_mh,MiniHack-River-Narrow-v0,39,22,S,-0.01,False,"reflection=The level's south direction remains a priority for exploration, and so far, it's clear of immediate risks like lava or water, with the downstairs bein"
bd9c7915,reflexion_mh,MiniHack-River-Narrow-v0,39,23,S,-0.01,False,"reflection=The level's south direction remains a priority for exploration, and it continues to be clear of immediate risks like lava or water, with the downstair"
bd9c7915,reflexion_mh,MiniHack-River-Narrow-v0,39,24,N,0.0,False,"reflection=The level's south direction is blocked by a wall, indicating a need to explore other paths. The north direction is now a priority for exploration to g"
bd9c7915,reflexion_mh,MiniHack-River-Narrow-v0,39,25,E,0.0,False,"reflection=The level's south direction is blocked by a wall, and the north direction has been partially explored. Now, exploring the east direction is a priority"
bd9c7915,reflexion_mh,MiniHack-River-Narrow-v0,39,26,E,0.0,False,"reflection=The level's east direction is now being explored to find a path or useful items, and it's noted that the current position does not have immediate thre"
bd9c7915,reflexion_mh,MiniHack-River-Narrow-v0,39,27,E,0.0,False,"reflection=The level's east direction continues to be explored, and it's noted that the lava or water (represented by '}') is present to the east and south, indi"
bd9c7915,reflexion_mh,MiniHack-River-Narrow-v0,39,28,N,0.0,False,"reflection=The level's east and south directions are bounded by lava or water, suggesting a need to explore north or west for a path forward or to uncover more o"
bd9c7915,reflexion_mh,MiniHack-River-Narrow-v0,39,29,N,0.0,False,"reflection=The level's east and south directions are bounded by lava or water, suggesting a need to explore north or west for a path forward or to uncover more o"
bd9c7915,reflexion_mh,MiniHack-River-Narrow-v0,39,30,N,0.0,False,reflection=The level's initial layout suggests a focus on northward or westward exploration to find a staircase or other features. The current position does not 
bd9c7915,reflexion_mh,MiniHack-River-Narrow-v0,39,31,N,0.0,False,reflection=The level's initial layout suggests a focus on northward or westward exploration to find a staircase or other features. The current position does not 
bd9c7915,reflexion_mh,MiniHack-River-Narrow-v0,39,32,N,-0.01,False,reflection=The level's initial layout suggests a focus on northward or westward exploration to find a staircase or other features. The ability to move boulders i
bd9c7915,reflexion_mh,MiniHack-River-Narrow-v0,39,33,N,-0.01,False,reflection=The level's initial layout suggests a focus on northward or westward exploration to find a staircase or other features. The inability to move the boul
bd9c7915,reflexion_mh,MiniHack-River-Narrow-v0,39,34,W,0.0,False,reflection=The level's initial layout suggests a focus on northward or westward exploration to find a staircase or other features. The inability to move the boul
bd9c7915,reflexion_mh,MiniHack-River-Narrow-v0,39,35,N,0.0,False,"reflection=The level's initial layout suggests a focus on northward exploration to find a staircase or other features, and it's crucial to avoid the lava or wate"
bd9c7915,reflexion_mh,MiniHack-River-Narrow-v0,39,36,N,-0.01,False,"reflection=The level's initial layout suggests a focus on northward exploration to find a staircase or other features, and it's crucial to avoid the lava or wate"
bd9c7915,reflexion_mh,MiniHack-River-Narrow-v0,39,37,N,-0.01,False,"reflection=The level's initial layout suggests a focus on northward exploration to find a staircase or other features, and it's crucial to avoid the lava or wate"
bd9c7915,reflexion_mh,MiniHack-River-Narrow-v0,39,38,E,0.0,False,"reflection=The level's initial layout suggests a focus on exploring eastward or other available directions to find a staircase or other features, and it's crucia"
bd9c7915,reflexion_mh,MiniHack-River-Narrow-v0,39,39,E,0.0,False,"reflection=The level's design includes interactive elements like boulders that can be manipulated to create new paths, suggesting that problem-solving and enviro"
bd9c7915,reflexion_mh,MiniHack-River-Narrow-v0,39,40,E,0.0,False,"reflection=The level's design includes large open spaces and bodies of water or lava, indicating that navigation and possibly finding a way to cross these obstac"
bd9c7915,reflexion_mh,MiniHack-River-Narrow-v0,39,41,S,0.0,False,"reflection=The level's design includes large open spaces and bodies of water or lava, indicating that navigation and possibly finding a way to cross these obstac"
bd9c7915,reflexion_mh,MiniHack-River-Narrow-v0,39,42,E,0.0,False,"reflection=The level's design includes large open spaces and bodies of water or lava, indicating that navigation and possibly finding a way to cross these obstac"
bd9c7915,reflexion_mh,MiniHack-River-Narrow-v0,39,43,S,0.0,False,"reflection=The level's design includes large open spaces and bodies of water or lava, indicating that navigation and possibly finding a way to cross these obstac"
bd9c7915,reflexion_mh,MiniHack-River-Narrow-v0,39,44,E,0.0,False,"reflection=The level's design includes large open spaces and bodies of water or lava, indicating that navigation and possibly finding a way to cross these obstac"
bd9c7915,reflexion_mh,MiniHack-River-Narrow-v0,39,45,S,0.0,False,"reflection=The level's design includes large open spaces and bodies of water or lava, indicating that navigation and possibly finding a way to cross these obstac"
bd9c7915,reflexion_mh,MiniHack-River-Narrow-v0,39,46,S,0.0,False,"reflection=The level's design includes large open spaces and bodies of water or lava, indicating that navigation and possibly finding a way to cross these obstac"
bd9c7915,reflexion_mh,MiniHack-River-Narrow-v0,39,47,E,0.0,False,"reflection=The level's design includes large open spaces and bodies of water or lava, indicating that navigation and possibly finding a way to cross these obstac"
bd9c7915,reflexion_mh,MiniHack-River-Narrow-v0,39,48,N,0.0,False,"reflection=The level's design includes large open spaces and bodies of water or lava, indicating that navigation and possibly finding a way to cross these obstac"
bd9c7915,reflexion_mh,MiniHack-River-Narrow-v0,39,49,N,0.0,False,"reflection=The level's design includes large open spaces and bodies of water or lava, indicating that navigation and possibly finding a way to cross these obstac"
bd9c7915,reflexion_mh,MiniHack-River-Narrow-v0,39,50,N,0.0,False,"reflection=The level's design includes large open spaces and bodies of water or lava, indicating that navigation and possibly finding a way to cross these obstac"
bd9c7915,reflexion_mh,MiniHack-River-Narrow-v0,39,51,SE,0.0,False,"reflection=The level's design includes large open spaces and bodies of water or lava, indicating that navigation and possibly finding a way to cross these obstac"
bd9c7915,reflexion_mh,MiniHack-River-Narrow-v0,39,52,SE,0.0,False,"reflection=The level's design includes large open spaces and bodies of water or lava, indicating that navigation and possibly finding a way to cross these obstac"
bd9c7915,reflexion_mh,MiniHack-River-Narrow-v0,39,53,SE,0.0,False,"reflection=The level's design includes large open spaces and bodies of water or lava, indicating that navigation and possibly finding a way to cross these obstac"
bd9c7915,reflexion_mh,MiniHack-River-Narrow-v0,39,54,SE,0.0,False,"reflection=The level's design includes large open spaces and bodies of water or lava, indicating that navigation and possibly finding a way to cross these obstac"
bd9c7915,reflexion_mh,MiniHack-River-Narrow-v0,39,55,SE,0.0,False,"reflection=The level's design includes large open spaces and bodies of water or lava, indicating that navigation and possibly finding a way to cross these obstac"
bd9c7915,reflexion_mh,MiniHack-River-Narrow-v0,39,56,SE,0.0,False,"reflection=The level's design includes large open spaces and bodies of water or lava, indicating that navigation and possibly finding a way to cross these obstac"
bd9c7915,reflexion_mh,MiniHack-River-Narrow-v0,39,57,SE,0.0,False,"reflection=The level's design includes large open spaces and bodies of water or lava, indicating that navigation and possibly finding a way to cross these obstac"
bd9c7915,reflexion_mh,MiniHack-River-Narrow-v0,39,58,SE,-0.01,False,"reflection=The level's design includes large open spaces and bodies of water or lava, indicating that navigation and possibly finding a way to cross these obstac"
bd9c7915,reflexion_mh,MiniHack-River-Narrow-v0,39,59,SE,-0.01,False,"reflection=The level's design includes large open spaces and bodies of water or lava, indicating that navigation and possibly finding a way to cross these obstac"
bd9c7915,reflexion_mh,MiniHack-River-Narrow-v0,39,60,S,0.0,False,"reflection=The level's design includes large open spaces and bodies of water or lava, indicating that navigation and possibly finding a way to cross these obstac"
bd9c7915,reflexion_mh,MiniHack-River-Narrow-v0,39,61,E,-0.01,False,"reflection=The level's design includes large open spaces and bodies of water or lava, indicating that navigation and possibly finding a way to cross these obstac"
bd9c7915,reflexion_mh,MiniHack-River-Narrow-v0,39,62,E,-0.01,False,"reflection=The level's design includes large open spaces and bodies of water or lava, indicating that navigation and possibly finding a way to cross these obstac"
bd9c7915,reflexion_mh,MiniHack-River-Narrow-v0,39,63,S,0.0,False,"reflection=The level's design includes large open spaces and bodies of water or lava, indicating that navigation and possibly finding a way to cross these obstac"
bd9c7915,reflexion_mh,MiniHack-River-Narrow-v0,39,64,S,-0.01,False,"reflection=The level's design includes large open spaces and bodies of water or lava, indicating that navigation and possibly finding a way to cross these obstac"
bd9c7915,reflexion_mh,MiniHack-River-Narrow-v0,39,65,S,-0.01,False,"reflection=The level's design includes large open spaces and bodies of water or lava, indicating that navigation and possibly finding a way to cross these obstac"
bd9c7915,reflexion_mh,MiniHack-River-Narrow-v0,39,66,E,-0.01,False,"reflection=The level's design includes large open spaces and bodies of water or lava, indicating that navigation and possibly finding a way to cross these obstac"
bd9c7915,reflexion_mh,MiniHack-River-Narrow-v0,39,67,W,0.0,False,"reflection=The level's design includes large open spaces and bodies of water or lava, indicating that navigation and possibly finding a way to cross these obstac"
bd9c7915,reflexion_mh,MiniHack-River-Narrow-v0,39,68,N,0.0,False,"reflection=The level's design includes large open spaces and bodies of water or lava, indicating that navigation and possibly finding a way to cross these obstac"
bd9c7915,reflexion_mh,MiniHack-River-Narrow-v0,39,69,S,0.0,False,"reflection=The level's design includes large open spaces and bodies of water or lava, indicating that navigation and possibly finding a way to cross these obstac"
bd9c7915,reflexion_mh,MiniHack-River-Narrow-v0,39,70,E,0.0,False,"reflection=The level's design includes large open spaces and bodies of water or lava, indicating that navigation and possibly finding a way to cross these obstac"
bd9c7915,reflexion_mh,MiniHack-River-Narrow-v0,39,71,E,-0.01,False,"reflection=The level's design includes large open spaces and bodies of water or lava, indicating that navigation and possibly finding a way to cross these obstac"
bd9c7915,reflexion_mh,MiniHack-River-Narrow-v0,39,72,N,0.0,False,"reflection=The level's design includes large open spaces and bodies of water or lava, and it seems that direct paths may be blocked, requiring exploration of oth"
bd9c7915,reflexion_mh,MiniHack-River-Narrow-v0,39,73,S,0.0,False,"reflection=The level's design includes large open spaces and bodies of water or lava, and it seems that direct paths may be blocked, requiring exploration of oth"
bd9c7915,reflexion_mh,MiniHack-River-Narrow-v0,39,74,N,0.0,False,"reflection=The level's design includes large open spaces and bodies of water or lava, and it seems that direct paths may be blocked, requiring exploration of oth"
bd9c7915,reflexion_mh,MiniHack-River-Narrow-v0,39,75,E,-0.01,False,"reflection=The level's design includes large open spaces and bodies of water or lava, and it seems that direct paths may be blocked, requiring exploration of oth"
bd9c7915,reflexion_mh,MiniHack-River-Narrow-v0,39,76,S,0.0,False,"reflection=The level's design includes large open spaces and bodies of water or lava, and it seems that direct paths may be blocked, requiring exploration of oth"
bd9c7915,reflexion_mh,MiniHack-River-Narrow-v0,39,77,W,0.0,False,"reflection=The level's design includes large open spaces and bodies of water or lava, and it seems that direct paths may be blocked, requiring exploration of oth"
bd9c7915,reflexion_mh,MiniHack-River-Narrow-v0,39,78,W,0.0,False,"reflection=The level's design includes large open spaces and bodies of water or lava, and it seems that direct paths may be blocked, requiring exploration of oth"
bd9c7915,reflexion_mh,MiniHack-River-Narrow-v0,39,79,W,0.0,False,"reflection=The level's design includes large open spaces and bodies of water or lava, and it seems that direct paths may be blocked, requiring exploration of oth"
bd9c7915,reflexion_mh,MiniHack-River-Narrow-v0,39,80,S,-0.01,False,"reflection=The level's design includes large open spaces and bodies of water or lava, and it seems that direct paths may be blocked, requiring exploration of oth"
bd9c7915,reflexion_mh,MiniHack-River-Narrow-v0,39,81,E,0.0,False,"reflection=The level's design includes large open spaces and bodies of water or lava, and it seems that direct paths may be blocked, requiring exploration of oth"
bd9c7915,reflexion_mh,MiniHack-River-Narrow-v0,39,82,N,0.0,False,"reflection=The level's design includes large open spaces and bodies of water or lava, and it seems that direct paths may be blocked, requiring exploration of oth"
bd9c7915,reflexion_mh,MiniHack-River-Narrow-v0,39,83,E,0.0,False,"reflection=The level's design includes large open spaces and bodies of water or lava, and it seems that direct paths may be blocked, requiring exploration of oth"
bd9c7915,reflexion_mh,MiniHack-River-Narrow-v0,39,84,E,0.0,False,"reflection=The level's design includes large open spaces and bodies of water or lava, and it seems that direct paths may be blocked, requiring exploration of oth"
bd9c7915,reflexion_mh,MiniHack-River-Narrow-v0,39,85,S,0.0,False,"reflection=The level's design includes large open spaces and bodies of water or lava, with direct paths sometimes blocked, requiring exploration. Notably, the do"
bd9c7915,reflexion_mh,MiniHack-River-Narrow-v0,39,86,S,-0.01,False,"reflection=The level's design includes large open spaces and bodies of water or lava, with direct paths sometimes blocked, requiring exploration. Notably, the do"
bd9c7915,reflexion_mh,MiniHack-River-Narrow-v0,39,87,N,0.0,False,"reflection=The level's design includes large open spaces and bodies of water or lava, with direct paths sometimes blocked, requiring exploration. Notably, the do"
bd9c7915,reflexion_mh,MiniHack-River-Narrow-v0,39,88,N,0.0,False,"reflection=The level's design includes large open spaces and bodies of water or lava, with direct paths sometimes blocked, requiring exploration. Notably, the do"
bd9c7915,reflexion_mh,MiniHack-River-Narrow-v0,39,89,S,0.0,False,"reflection=The level's design includes large open spaces and bodies of water or lava, with direct paths sometimes blocked, requiring exploration. Notably, the do"
bd9c7915,reflexion_mh,MiniHack-River-Narrow-v0,39,90,E,-0.01,False,"reflection=The level's design includes large open spaces and bodies of water or lava, with direct paths sometimes blocked, requiring exploration. Notably, the do"
bd9c7915,reflexion_mh,MiniHack-River-Narrow-v0,39,91,S,0.0,False,"reflection=The level's design includes large open spaces and bodies of water or lava, with direct paths sometimes blocked, requiring exploration. Notably, the do"
bd9c7915,reflexion_mh,MiniHack-River-Narrow-v0,39,92,E,-0.01,False,"reflection=The level's design includes large open spaces and bodies of water or lava, with direct paths sometimes blocked, requiring exploration. Notably, the do"
bd9c7915,reflexion_mh,MiniHack-River-Narrow-v0,39,93,N,0.0,False,"reflection=The level's design includes large open spaces and bodies of water or lava, with direct paths sometimes blocked, requiring exploration. Notably, the do"
bd9c7915,reflexion_mh,MiniHack-River-Narrow-v0,39,94,E,-0.01,False,"reflection=The level's design includes large open spaces and bodies of water or lava, with direct paths sometimes blocked, requiring exploration. Notably, the do"
bd9c7915,reflexion_mh,MiniHack-River-Narrow-v0,39,95,N,0.0,False,"reflection=The level's design includes large open spaces and bodies of water or lava, with direct paths sometimes blocked, requiring exploration. Notably, the do"
bd9c7915,reflexion_mh,MiniHack-River-Narrow-v0,39,96,E,-0.01,False,"reflection=The level's design includes large open spaces and bodies of water or lava, with direct paths sometimes blocked, requiring exploration. Notably, the do"
bd9c7915,reflexion_mh,MiniHack-River-Narrow-v0,39,97,NW,0.0,False,"reflection=The level's design includes large open spaces and bodies of water or lava, with direct paths sometimes blocked, requiring exploration. Notably, the do"
bd9c7915,reflexion_mh,MiniHack-River-Narrow-v0,39,98,E,0.0,False,"reflection=The level's design includes large open spaces and bodies of water or lava, with direct paths sometimes blocked, requiring exploration. Notably, the do"
bd9c7915,reflexion_mh,MiniHack-River-Narrow-v0,39,99,N,1.0,True,"reflection=The level's design includes large open spaces and bodies of water or lava, with direct paths sometimes blocked, requiring exploration. Notably, the do"
