run_id,variant,env_id,seed,step,action,reward,done,note
2f5b3ccb,probe_mh,MiniHack-River-Narrow-v0,0,0,E,0.0,False,"belief=The goal is likely to be downstairs, but its location is unknown. My next move w | mech=I believe that moving into a wall or obstacle will prevent progress, and that ce"
2f5b3ccb,probe_mh,MiniHack-River-Narrow-v0,0,1,E,0.0,False,"belief=The goal is likely to be downstairs, but its location is unknown. My next move w | mech=I believe that moving into a wall or obstacle will prevent progress, and that ce"
2f5b3ccb,probe_mh,MiniHack-River-Narrow-v0,0,2,S,0.0,False,"belief=The goal is likely to be downstairs, but its location is unknown. My next move w | mech=I believe that moving into a wall or obstacle will prevent progress, and that ce"
2f5b3ccb,probe_mh,MiniHack-River-Narrow-v0,0,3,S,0.0,False,"belief=The goal is likely to be downstairs, but its location is unknown. My next move w | mech=I believe that moving into a wall or obstacle will prevent progress, and that ce"
2f5b3ccb,probe_mh,MiniHack-River-Narrow-v0,0,4,S,-0.01,False,"belief=The goal is likely to be downstairs, but its location is unknown. My next move w | mech=I believe that moving into a wall or obstacle will prevent progress, and that ce"
2f5b3ccb,probe_mh,MiniHack-River-Narrow-v0,0,5,E,0.0,False,"belief=The goal is likely to be downstairs, but its location is unknown. My next move w | mech=I believe that moving into a wall or obstacle will prevent progress, and that ce"
2f5b3ccb,probe_mh,MiniHack-River-Narrow-v0,0,6,E,0.0,False,"belief=The goal is likely to be downstairs, but its location is unknown. My next move w | mech=I believe that moving into a wall or obstacle will prevent progress, and that ce"
2f5b3ccb,probe_mh,MiniHack-River-Narrow-v0,0,7,E,0.0,False,"belief=The goal is likely to be downstairs, but its location is unknown. My next move w | mech=I believe that moving into a wall or obstacle will prevent progress, and that ce"
2f5b3ccb,probe_mh,MiniHack-River-Narrow-v0,0,8,E,0.0,False,"belief=The goal is likely to be downstairs, but its location is unknown. My next move w | mech=I believe that moving into a wall or obstacle will prevent progress, and that ce"
2f5b3ccb,probe_mh,MiniHack-River-Narrow-v0,0,9,E,0.0,False,"belief=The goal is likely to be downstairs, but its location is unknown. My next move w | mech=I believe that moving into a wall or obstacle will prevent progress, and that ce"
2f5b3ccb,probe_mh,MiniHack-River-Narrow-v0,0,10,E,0.0,False,"belief=The goal is likely to be downstairs, but its location is unknown. My next move w | mech=I believe that moving into a wall or obstacle will prevent progress, and that ce"
2f5b3ccb,probe_mh,MiniHack-River-Narrow-v0,0,11,E,0.0,False,"belief=The goal is likely to be downstairs, but its location is unknown. My next move w | mech=I believe that moving into a wall or obstacle will prevent progress, and that ce"
2f5b3ccb,probe_mh,MiniHack-River-Narrow-v0,0,12,S,0.0,False,"belief=The goal is likely to be downstairs, but its location is unknown. My next move w | mech=I believe that moving into a wall or obstacle will prevent progress, and that ce"
2f5b3ccb,probe_mh,MiniHack-River-Narrow-v0,0,13,S,-0.01,False,"belief=The goal is likely to be downstairs, but its location is unknown. My next move w | mech=I believe that moving into a wall or obstacle will prevent progress, and that ce"
2f5b3ccb,probe_mh,MiniHack-River-Narrow-v0,0,14,S,-0.01,False,"belief=The goal is likely to be downstairs, but its location is unknown. My next move w | mech=I believe that moving into a wall or obstacle will prevent progress, and that ce"
2f5b3ccb,probe_mh,MiniHack-River-Narrow-v0,0,15,E,0.0,False,"belief=The goal is likely to be downstairs, but its location is unknown. Since moving s | mech=I believe that moving into a wall or obstacle will prevent progress, and that ce"
2f5b3ccb,probe_mh,MiniHack-River-Narrow-v0,0,16,E,0.0,False,"belief=The goal is likely to be downstairs, but its location is unknown. My next move w | mech=I believe that moving into a wall or obstacle will prevent progress, and that ce"
2f5b3ccb,probe_mh,MiniHack-River-Narrow-v0,0,17,S,0.0,False,"belief=The goal is likely to be downstairs, but its location is unknown. Since moving e | mech=I still believe that moving into a wall or obstacle will prevent progress, and t"
2f5b3ccb,probe_mh,MiniHack-River-Narrow-v0,0,18,S,-0.01,False,"belief=The goal is likely to be downstairs, but its location is unknown. My next move w | mech=I still believe that moving into a wall or obstacle will prevent progress, and t"
2f5b3ccb,probe_mh,MiniHack-River-Narrow-v0,0,19,W,0.0,False,"belief=The goal is likely to be downstairs, but its location is unknown. Since moving s | mech=I still believe that moving into a wall or obstacle will prevent progress, and t"
2f5b3ccb,probe_mh,MiniHack-River-Narrow-v0,0,20,W,0.0,False,"belief=The goal is likely to be downstairs, but its location is unknown. My next move w | mech=I believe that moving into a wall or obstacle will prevent progress, and that ce"
2f5b3ccb,probe_mh,MiniHack-River-Narrow-v0,0,21,W,0.0,False,"belief=The goal is likely to be downstairs, but its location is unknown. My next move w | mech=I believe that moving into a wall or obstacle will prevent progress, and that ce"
2f5b3ccb,probe_mh,MiniHack-River-Narrow-v0,0,22,W,0.0,False,"belief=The goal is likely to be downstairs, but its location is unknown. My next move w | mech=I believe that moving into a wall or obstacle will prevent progress, and that ce"
2f5b3ccb,probe_mh,MiniHack-River-Narrow-v0,0,23,W,0.0,False,"belief=The goal is likely to be downstairs, but its location is unknown. My next move w | mech=I believe that moving into a wall or obstacle will prevent progress, and that ce"
2f5b3ccb,probe_mh,MiniHack-River-Narrow-v0,0,24,N,0.0,False,"belief=The goal is likely to be downstairs, but its location is unknown. My next move w | mech=I believe that moving into a wall or obstacle will prevent progress, and that ce"
2f5b3ccb,probe_mh,MiniHack-River-Narrow-v0,0,25,N,0.0,False,"belief=The goal is likely to be downstairs, but its location is unknown. My next move w | mech=I believe that moving into a wall or obstacle will prevent progress, and that ce"
2f5b3ccb,probe_mh,MiniHack-River-Narrow-v0,0,26,N,0.0,False,"belief=The goal is likely to be downstairs, but its location is unknown. My next move w | mech=I believe that moving into a wall or obstacle will prevent progress, and that ce"
2f5b3ccb,probe_mh,MiniHack-River-Narrow-v0,0,27,N,0.0,False,"belief=The goal is likely to be downstairs, but its location is unknown. My next move w | mech=I believe that moving into a wall or obstacle will prevent progress, and that ce"
2f5b3ccb,probe_mh,MiniHack-River-Narrow-v0,0,28,N,0.0,False,"belief=The goal is likely to be downstairs, but its location is unknown. My next move w | mech=I believe that moving into a wall or obstacle will prevent progress, and that ce"
2f5b3ccb,probe_mh,MiniHack-River-Narrow-v0,0,29,N,0.0,False,"belief=The goal is likely to be downstairs, but its location is unknown. My next move w | mech=I believe that moving into a wall or obstacle will prevent progress, and that ce"
2f5b3ccb,probe_mh,MiniHack-River-Narrow-v0,0,30,N,-0.01,False,"belief=The goal is likely to be downstairs, but its location is unknown. My next move w | mech=I believe that moving into a wall or obstacle will prevent progress, and that ce"
2f5b3ccb,probe_mh,MiniHack-River-Narrow-v0,0,31,E,0.0,False,"belief=The goal is likely to be downstairs, but its location is unknown. My next move w | mech=I believe that moving into a wall or obstacle will prevent progress, and that ce"
2f5b3ccb,probe_mh,MiniHack-River-Narrow-v0,0,32,E,0.0,False,"belief=The goal is likely to be downstairs, but its location is unknown. My next move w | mech=I believe that moving into a wall or obstacle will prevent progress, and that ce"
2f5b3ccb,probe_mh,MiniHack-River-Narrow-v0,0,33,E,0.0,False,"belief=The goal is likely to be downstairs, but its location is unknown. My next move w | mech=I believe that moving into a wall or obstacle will prevent progress, and that ce"
2f5b3ccb,probe_mh,MiniHack-River-Narrow-v0,0,34,E,0.0,False,"belief=The goal is likely to be downstairs, but its location is unknown. My next move w | mech=I believe that moving into a wall or obstacle will prevent progress, and that ce"
2f5b3ccb,probe_mh,MiniHack-River-Narrow-v0,0,35,N,-0.01,False,"belief=The goal is likely to be downstairs, but its location is unknown. My next move w | mech=I believe that moving into a wall or obstacle will prevent progress, and that ce"
2f5b3ccb,probe_mh,MiniHack-River-Narrow-v0,0,36,N,-0.01,False,"belief=The goal is likely to be downstairs, but its location is unknown. My next move w | mech=I believe that moving into a wall or obstacle will prevent progress, and that ce"
2f5b3ccb,probe_mh,MiniHack-River-Narrow-v0,0,37,S,0.0,False,"belief=The goal is likely to be downstairs, but its location is unknown. Since moving n | mech=I believe that moving into a wall or obstacle will prevent progress, and that ce"
2f5b3ccb,probe_mh,MiniHack-River-Narrow-v0,0,38,S,0.0,False,"belief=The goal is likely to be downstairs, but its location is unknown. My next move w | mech=I believe that moving into a wall or obstacle will prevent progress, and that ce"
2f5b3ccb,probe_mh,MiniHack-River-Narrow-v0,0,39,S,0.0,False,"belief=The goal is likely to be downstairs, but its location is unknown. My next move w | mech=I believe that moving into a wall or obstacle will prevent progress, and that ce"
2f5b3ccb,probe_mh,MiniHack-River-Narrow-v0,0,40,S,0.0,False,"belief=The goal is likely to be downstairs, but its location is unknown. My next move w | mech=I believe that moving into a wall or obstacle will prevent progress, and that ce"
2f5b3ccb,probe_mh,MiniHack-River-Narrow-v0,0,41,S,0.0,False,"belief=The goal is likely to be downstairs, but its location is unknown. My next move w | mech=I believe that moving into a wall or obstacle will prevent progress, and that ce"
2f5b3ccb,probe_mh,MiniHack-River-Narrow-v0,0,42,S,0.0,False,"belief=The goal is likely to be downstairs, but its location is unknown. My next move w | mech=I believe that moving into a wall or obstacle will prevent progress, and that ce"
2f5b3ccb,probe_mh,MiniHack-River-Narrow-v0,0,43,E,0.0,False,"belief=The goal is likely to be downstairs, but its location is unknown. My next move w | mech=I believe that moving into a wall or obstacle will prevent progress, and that ce"
2f5b3ccb,probe_mh,MiniHack-River-Narrow-v0,0,44,E,0.0,False,"belief=The goal is likely to be downstairs, but its location is unknown. My next move w | mech=I believe that moving into a wall or obstacle will prevent progress, and that ce"
2f5b3ccb,probe_mh,MiniHack-River-Narrow-v0,0,45,E,0.0,False,"belief=The goal is likely to be downstairs, but its location is unknown. My next move w | mech=I believe that moving into a wall or obstacle will prevent progress, and that ce"
2f5b3ccb,probe_mh,MiniHack-River-Narrow-v0,0,46,S,0.0,False,"belief=The goal is likely to be downstairs, but its location is unknown. Since moving e | mech=I believe that moving into a wall or obstacle will prevent progress, and that ce"
2f5b3ccb,probe_mh,MiniHack-River-Narrow-v0,0,47,S,-0.01,False,"belief=The goal is likely to be downstairs, but its location is unknown. My next move w | mech=I believe that moving into a wall or obstacle will prevent progress, and that ce"
2f5b3ccb,probe_mh,MiniHack-River-Narrow-v0,0,48,W,0.0,False,"belief=The goal is likely to be downstairs, but its location is unknown. My next move w | mech=I believe that moving into a wall or obstacle will prevent progress, and that ce"
2f5b3ccb,probe_mh,MiniHack-River-Narrow-v0,0,49,W,0.0,False,"belief=The goal is likely to be downstairs, but its location is unknown. My next move w | mech=I believe that moving into a wall or obstacle will prevent progress, and that ce"
2f5b3ccb,probe_mh,MiniHack-River-Narrow-v0,0,50,W,0.0,False,"belief=The goal is likely to be downstairs, but its location is unknown. My next move w | mech=I believe that moving into a wall or obstacle will prevent progress, and that ce"
2f5b3ccb,probe_mh,MiniHack-River-Narrow-v0,0,51,N,0.0,False,"belief=The goal is likely to be downstairs, but its location is unknown. My next move w | mech=I believe that moving into a wall or obstacle will prevent progress, and that ce"
2f5b3ccb,probe_mh,MiniHack-River-Narrow-v0,0,52,N,0.0,False,"belief=The goal is likely to be downstairs, but its location is unknown. My next move w | mech=I believe that moving into a wall or obstacle will prevent progress, and that ce"
2f5b3ccb,probe_mh,MiniHack-River-Narrow-v0,0,53,N,0.0,False,"belief=The goal is likely to be downstairs, but its location is unknown. My next move w | mech=I believe that moving into a wall or obstacle will prevent progress, and that ce"
2f5b3ccb,probe_mh,MiniHack-River-Narrow-v0,0,54,N,0.0,False,"belief=The goal is likely to be downstairs, but its location is unknown. My next move w | mech=I believe that moving into a wall or obstacle will prevent progress, and that ce"
2f5b3ccb,probe_mh,MiniHack-River-Narrow-v0,0,55,N,0.0,False,"belief=The goal is likely to be downstairs, but its location is unknown. My next move w | mech=I believe that moving into a wall or obstacle will prevent progress, and that ce"
2f5b3ccb,probe_mh,MiniHack-River-Narrow-v0,0,56,N,-0.01,False,"belief=The goal is likely to be downstairs, but its location is unknown. My next move w | mech=I believe that moving into a wall or obstacle will prevent progress, and that ce"
2f5b3ccb,probe_mh,MiniHack-River-Narrow-v0,0,57,S,0.0,False,"belief=The goal is likely to be downstairs, but its location is unknown. Since moving t | mech=I believe that moving into a wall or obstacle will prevent progress, and that ce"
2f5b3ccb,probe_mh,MiniHack-River-Narrow-v0,0,58,S,0.0,False,"belief=The goal is likely to be downstairs, and my next move will be to explore the sur | mech=I believe that moving into a wall or obstacle will prevent progress, and that ce"
2f5b3ccb,probe_mh,MiniHack-River-Narrow-v0,0,59,S,0.0,False,"belief=The goal is likely to be downstairs, and my next move will be to explore the sur | mech=I believe that moving into a wall or obstacle will prevent progress, and that ce"
2f5b3ccb,probe_mh,MiniHack-River-Narrow-v0,0,60,S,0.0,False,"belief=The goal is likely to be downstairs, and my next move will be to explore the sur | mech=I believe that moving into a wall or obstacle will prevent progress, and that ce"
2f5b3ccb,probe_mh,MiniHack-River-Narrow-v0,0,61,S,0.0,False,"belief=The goal is likely to be downstairs, and my next move will be to explore the sur | mech=I believe that moving into a wall or obstacle will prevent progress, and that ce"
2f5b3ccb,probe_mh,MiniHack-River-Narrow-v0,0,62,S,-0.01,False,"belief=The goal is likely to be downstairs, and my next move will be to explore the sur | mech=I believe that moving into a wall or obstacle will prevent progress, and that ce"
2f5b3ccb,probe_mh,MiniHack-River-Narrow-v0,0,63,E,0.0,False,"belief=The goal is likely to be downstairs, and my next move will be to explore the sur | mech=I believe that moving into a wall or obstacle will prevent progress, and that ce"
2f5b3ccb,probe_mh,MiniHack-River-Narrow-v0,0,64,E,0.0,False,"belief=The goal is likely to be downstairs, and my next move will be to explore the sur | mech=I believe that moving into a wall or obstacle will prevent progress, and that ce"
2f5b3ccb,probe_mh,MiniHack-River-Narrow-v0,0,65,E,0.0,False,"belief=The goal is likely to be downstairs, and my next move will be to explore the sur | mech=I believe that moving into a wall or obstacle will prevent progress, and that ce"
2f5b3ccb,probe_mh,MiniHack-River-Narrow-v0,0,66,E,0.0,False,"belief=The goal is likely to be downstairs, and my next move will be to explore the sur | mech=I believe that moving into a wall or obstacle will prevent progress, and that ce"
2f5b3ccb,probe_mh,MiniHack-River-Narrow-v0,0,67,E,0.0,False,"belief=The goal is likely to be downstairs, and my next move will be to explore the sur | mech=I believe that moving into a wall or obstacle will prevent progress, and that ce"
2f5b3ccb,probe_mh,MiniHack-River-Narrow-v0,0,68,N,0.0,False,"belief=The goal is likely to be downstairs, and my next move will be to explore the sur | mech=I believe that moving into a wall or obstacle will prevent progress, and that ce"
2f5b3ccb,probe_mh,MiniHack-River-Narrow-v0,0,69,N,0.0,False,"belief=The goal is likely to be downstairs, and my next move will be to explore the sur | mech=I believe that moving into a wall or obstacle will prevent progress, and that ce"
2f5b3ccb,probe_mh,MiniHack-River-Narrow-v0,0,70,N,0.0,False,"belief=The goal is likely to be downstairs, and my next move will be to explore the sur | mech=I believe that moving into a wall or obstacle will prevent progress, and that ce"
2f5b3ccb,probe_mh,MiniHack-River-Narrow-v0,0,71,N,0.0,False,"belief=The goal is likely to be downstairs, and my next move will be to explore the sur | mech=I believe that moving into a wall or obstacle will prevent progress, and that ce"
2f5b3ccb,probe_mh,MiniHack-River-Narrow-v0,0,72,N,-0.01,False,"belief=The goal is likely to be downstairs, and my next move will be to explore the sur | mech=I believe that moving into a wall or obstacle will prevent progress, and that ce"
2f5b3ccb,probe_mh,MiniHack-River-Narrow-v0,0,73,W,0.0,False,"belief=The goal is likely to be downstairs, and my next move will be to explore the sur | mech=I believe that moving into a wall or obstacle will prevent progress, and that ce"
2f5b3ccb,probe_mh,MiniHack-River-Narrow-v0,0,74,W,0.0,False,"belief=The goal is likely to be downstairs, and my next move will be to explore the sur | mech=I believe that moving into a wall or obstacle will prevent progress, and that ce"
2f5b3ccb,probe_mh,MiniHack-River-Narrow-v0,0,75,W,0.0,False,"belief=The goal is likely to be downstairs, and my next move will be to explore the sur | mech=I believe that moving into a wall or obstacle will prevent progress, and that ce"
2f5b3ccb,probe_mh,MiniHack-River-Narrow-v0,0,76,W,0.0,False,"belief=The goal is likely to be downstairs, and my next move will be to explore the sur | mech=I believe that moving into a wall or obstacle will prevent progress, and that ce"
2f5b3ccb,probe_mh,MiniHack-River-Narrow-v0,0,77,W,0.0,False,"belief=The goal is likely to be downstairs, and my next move will be to explore the sur | mech=I believe that moving into a wall or obstacle will prevent progress, and that ce"
2f5b3ccb,probe_mh,MiniHack-River-Narrow-v0,0,78,W,0.0,False,"belief=The goal is likely to be downstairs, and my next move will be to explore the sur | mech=I believe that moving into a wall or obstacle will prevent progress, and that ce"
2f5b3ccb,probe_mh,MiniHack-River-Narrow-v0,0,79,W,0.0,False,"belief=The goal is likely to be downstairs, and my next move will be to explore the sur | mech=I believe that moving into a wall or obstacle will prevent progress, and that ce"
2f5b3ccb,probe_mh,MiniHack-River-Narrow-v0,0,80,W,0.0,False,"belief=The goal is likely to be downstairs, and my next move will be to explore the sur | mech=I believe that moving into a wall or obstacle will prevent progress, and that ce"
2f5b3ccb,probe_mh,MiniHack-River-Narrow-v0,0,81,S,0.0,False,"belief=The goal is likely to be downstairs, and my next move will be to explore the sur | mech=I believe that moving into a wall or obstacle will prevent progress, and that ce"
2f5b3ccb,probe_mh,MiniHack-River-Narrow-v0,0,82,S,0.0,False,"belief=The goal is likely to be downstairs, and my next move will be to explore the sur | mech=I believe that moving into a wall or obstacle will prevent progress, and that ce"
2f5b3ccb,probe_mh,MiniHack-River-Narrow-v0,0,83,S,0.0,False,"belief=The goal is likely to be downstairs, and my next move will be to explore the sur | mech=I believe that moving into a wall or obstacle will prevent progress, and that ce"
2f5b3ccb,probe_mh,MiniHack-River-Narrow-v0,0,84,E,0.0,False,"belief=The goal is likely to be downstairs, and my next move will be to explore the sur | mech=I believe that moving into a wall or obstacle will prevent progress, and that ce"
2f5b3ccb,probe_mh,MiniHack-River-Narrow-v0,0,85,E,0.0,False,"belief=The goal is likely to be downstairs, and my next move will be to explore the sur | mech=I believe that moving into a wall or obstacle will prevent progress, and that ce"
2f5b3ccb,probe_mh,MiniHack-River-Narrow-v0,0,86,E,0.0,False,"belief=The goal is likely to be downstairs, and my next move will be to explore the sur | mech=I believe that moving into a wall or obstacle will prevent progress, and that ce"
2f5b3ccb,probe_mh,MiniHack-River-Narrow-v0,0,87,E,0.0,False,"belief=The goal is likely to be downstairs, and my next move will be to explore the sur | mech=I believe that moving into a wall or obstacle will prevent progress, and that ce"
2f5b3ccb,probe_mh,MiniHack-River-Narrow-v0,0,88,E,0.0,False,"belief=The goal is likely to be downstairs, and my next move will be to explore the sur | mech=I believe that moving into a wall or obstacle will prevent progress, and that ce"
2f5b3ccb,probe_mh,MiniHack-River-Narrow-v0,0,89,E,0.0,False,"belief=The goal is likely to be downstairs, and my next move will be to explore the sur | mech=I believe that moving into a wall or obstacle will prevent progress, and that ce"
2f5b3ccb,probe_mh,MiniHack-River-Narrow-v0,0,90,E,0.0,False,"belief=The goal is likely to be downstairs, and my next move will be to explore the sur | mech=I believe that moving into a wall or obstacle will prevent progress, and that ce"
2f5b3ccb,probe_mh,MiniHack-River-Narrow-v0,0,91,E,0.0,False,"belief=The goal is likely to be downstairs, and my next move will be to explore the sur | mech=I believe that moving into a wall or obstacle will prevent progress, and that ce"
2f5b3ccb,probe_mh,MiniHack-River-Narrow-v0,0,92,S,0.0,False,"belief=The goal is likely to be downstairs, and my next move will be to explore the sur | mech=I believe that moving into a wall or obstacle will prevent progress, and that ce"
2f5b3ccb,probe_mh,MiniHack-River-Narrow-v0,0,93,S,0.0,False,"belief=The goal is likely to be downstairs, and my next move will be to explore the sur | mech=I believe that moving into a wall or obstacle will prevent progress, and that ce"
2f5b3ccb,probe_mh,MiniHack-River-Narrow-v0,0,94,S,-0.01,False,"belief=The goal is likely to be downstairs, and my next move will be to explore the sur | mech=I believe that moving into a wall or obstacle will prevent progress, and that ce"
2f5b3ccb,probe_mh,MiniHack-River-Narrow-v0,0,95,W,0.0,False,"belief=The goal is likely to be downstairs, and my next move will be to explore the sur | mech=I believe that moving into a wall or obstacle will prevent progress, and that ce"
2f5b3ccb,probe_mh,MiniHack-River-Narrow-v0,0,96,W,0.0,False,"belief=The goal is likely to be downstairs, and my next move will be to explore the sur | mech=I believe that moving into a wall or obstacle will prevent progress, and that ce"
2f5b3ccb,probe_mh,MiniHack-River-Narrow-v0,0,97,W,0.0,False,"belief=The goal is likely to be downstairs, and my next move will be to explore the sur | mech=I believe that moving into a wall or obstacle will prevent progress, and that ce"
2f5b3ccb,probe_mh,MiniHack-River-Narrow-v0,0,98,W,0.0,False,"belief=The goal is likely to be downstairs, and my next move will be to explore the sur | mech=I believe that moving into a wall or obstacle will prevent progress, and that ce"
2f5b3ccb,probe_mh,MiniHack-River-Narrow-v0,0,99,W,0.0,False,"belief=The goal is likely to be downstairs, and my next move will be to explore the sur | mech=I believe that moving into a wall or obstacle will prevent progress, and that ce"
2f5b3ccb,probe_mh,MiniHack-River-Narrow-v0,0,100,W,0.0,False,"belief=The goal is likely to be downstairs, and my next move will be to explore the sur | mech=I believe that moving into a wall or obstacle will prevent progress, and that ce"
2f5b3ccb,probe_mh,MiniHack-River-Narrow-v0,0,101,W,0.0,False,"belief=The goal is likely to be downstairs, and my next move will be to explore the sur | mech=I believe that moving into a wall or obstacle will prevent progress, and that ce"
2f5b3ccb,probe_mh,MiniHack-River-Narrow-v0,0,102,S,-0.01,False,"belief=The goal is likely to be downstairs, and my next move will be to explore the sur | mech=I believe that moving into a wall or obstacle will prevent progress, and that ce"
2f5b3ccb,probe_mh,MiniHack-River-Narrow-v0,0,103,S,-0.01,False,"belief=The goal is likely to be downstairs, and my next move will be to explore the sur | mech=I believe that moving into a wall or obstacle will prevent progress, and that ce"
2f5b3ccb,probe_mh,MiniHack-River-Narrow-v0,0,104,E,0.0,False,"belief=The goal is likely to be downstairs, and my next move will be to explore the sur | mech=I believe that moving into a wall or obstacle will prevent progress, and that ce"
2f5b3ccb,probe_mh,MiniHack-River-Narrow-v0,0,105,E,0.0,False,"belief=The goal is likely to be downstairs, and my next move will be to explore the sur | mech=I believe that moving into a wall or obstacle will prevent progress, and that ce"
2f5b3ccb,probe_mh,MiniHack-River-Narrow-v0,0,106,E,0.0,False,"belief=The goal is likely to be downstairs, and my next move will be to explore the sur | mech=I believe that moving into a wall or obstacle will prevent progress, and that ce"
2f5b3ccb,probe_mh,MiniHack-River-Narrow-v0,0,107,E,0.0,False,"belief=The goal is likely to be downstairs, and my next move will be to explore the sur | mech=I believe that moving into a wall or obstacle will prevent progress, and that ce"
2f5b3ccb,probe_mh,MiniHack-River-Narrow-v0,0,108,E,0.0,False,"belief=The goal is likely to be downstairs, and my next move will be to explore the sur | mech=I believe that moving into a wall or obstacle will prevent progress, and that ce"
2f5b3ccb,probe_mh,MiniHack-River-Narrow-v0,0,109,E,0.0,False,"belief=The goal is likely to be downstairs, and my next move will be to explore the sur | mech=I believe that moving into a wall or obstacle will prevent progress, and that ce"
2f5b3ccb,probe_mh,MiniHack-River-Narrow-v0,0,110,E,0.0,False,"belief=The goal is likely to be downstairs, and my next move will be to explore the sur | mech=I believe that moving into a wall or obstacle will prevent progress, and that ce"
2f5b3ccb,probe_mh,MiniHack-River-Narrow-v0,0,111,E,0.0,False,"belief=The goal is likely to be downstairs, and my next move will be to explore the sur | mech=I believe that moving into a wall or obstacle will prevent progress, and that ce"
2f5b3ccb,probe_mh,MiniHack-River-Narrow-v0,0,112,S,0.0,False,"belief=The goal is likely to be downstairs, and my next move will be to explore the sur | mech=I believe that moving into a wall or obstacle will prevent progress, and that ce"
2f5b3ccb,probe_mh,MiniHack-River-Narrow-v0,0,113,S,-0.01,False,"belief=The goal is likely to be downstairs, and my next move will be to explore the sur | mech=I believe that moving into a wall or obstacle will prevent progress, and that ce"
2f5b3ccb,probe_mh,MiniHack-River-Narrow-v0,0,114,S,-0.01,False,"belief=The goal is likely to be downstairs, and my next move will be to explore the sur | mech=I believe that moving into a wall or obstacle will prevent progress, and that ce"
2f5b3ccb,probe_mh,MiniHack-River-Narrow-v0,0,115,W,0.0,False,"belief=The goal is likely to be downstairs, and since moving south hit a wall, my next  | mech=I believe that moving into a wall or obstacle will prevent progress, and that ce"
2f5b3ccb,probe_mh,MiniHack-River-Narrow-v0,0,116,W,0.0,False,"belief=The goal is likely to be downstairs, and since moving south hit a wall, my next  | mech=I believe that moving into a wall or obstacle will prevent progress, and that ce"
2f5b3ccb,probe_mh,MiniHack-River-Narrow-v0,0,117,W,0.0,False,"belief=The goal is likely to be downstairs, and my next move will be to explore the sur | mech=I believe that moving into a wall or obstacle will prevent progress, and that ce"
2f5b3ccb,probe_mh,MiniHack-River-Narrow-v0,0,118,W,0.0,False,"belief=The goal is likely to be downstairs, and my next move will be to explore the sur | mech=I believe that moving into a wall or obstacle will prevent progress, and that ce"
2f5b3ccb,probe_mh,MiniHack-River-Narrow-v0,0,119,W,0.0,False,"belief=The goal is likely to be downstairs, and my next move will be to explore the sur | mech=I believe that moving into a wall or obstacle will prevent progress, and that ce"
2f5b3ccb,probe_mh,MiniHack-River-Narrow-v0,1,0,N,0.0,False,"belief={'layout': 'no plan yet; I need to locate the goal and a path to it', 'next_move | mech=unknown; I do not yet know how the obstacles here work, so I must discover it by"
2f5b3ccb,probe_mh,MiniHack-River-Narrow-v0,1,1,N,0.0,False,"belief={'layout': 'explore north to find the goal and a path to it', 'next_move': 'move | mech=unknown; I do not yet know how the obstacles here work, so I must discover it by"
2f5b3ccb,probe_mh,MiniHack-River-Narrow-v0,1,2,N,0.0,False,"belief={'layout': 'explore north to find the goal and a path to it', 'next_move': 'move | mech=unknown; I do not yet know how the obstacles here work, so I must discover it by"
2f5b3ccb,probe_mh,MiniHack-River-Narrow-v0,1,3,N,0.0,False,"belief={'layout': 'explore north to find the goal and a path to it', 'next_move': 'move | mech=unknown; I do not yet know how the obstacles here work, so I must discover it by"
2f5b3ccb,probe_mh,MiniHack-River-Narrow-v0,1,4,N,-0.01,False,"belief={'layout': 'explore north to find the goal and a path to it', 'next_move': 'move | mech=unknown; I do not yet know how the obstacles here work, so I must discover it by"
2f5b3ccb,probe_mh,MiniHack-River-Narrow-v0,1,5,E,0.0,False,"belief={'layout': 'explore north to find the goal and a path to it', 'next_move': 'move | mech=unknown; I do not yet know how the obstacles here work, so I must discover it by"
2f5b3ccb,probe_mh,MiniHack-River-Narrow-v0,1,6,N,-0.01,False,"belief={'layout': 'explore north to find the goal and a path to it', 'next_move': 'move | mech=unknown; I do not yet know how the obstacles here work, so I must discover it by"
2f5b3ccb,probe_mh,MiniHack-River-Narrow-v0,1,7,E,0.0,False,"belief={'layout': 'explore north to find the goal and a path to it', 'next_move': 'move | mech=unknown; I do not yet know how the obstacles here work, so I must discover it by"
2f5b3ccb,probe_mh,MiniHack-River-Narrow-v0,1,8,N,-0.01,False,"belief={'layout': 'explore north to find the goal and a path to it', 'next_move': 'move | mech=unknown; I do not yet know how the obstacles here work, so I must discover it by"
2f5b3ccb,probe_mh,MiniHack-River-Narrow-v0,1,9,E,0.0,False,"belief={'layout': 'explore north to find the goal and a path to it', 'next_move': 'move | mech=unknown; I do not yet know how the obstacles here work, so I must discover it by"
2f5b3ccb,probe_mh,MiniHack-River-Narrow-v0,1,10,N,-0.01,False,"belief={'layout': 'explore north to find the goal and a path to it', 'next_move': 'move | mech=unknown; I do not yet know how the obstacles here work, so I must discover it by"
2f5b3ccb,probe_mh,MiniHack-River-Narrow-v0,1,11,E,0.0,False,"belief={'layout': 'explore the lava or water area to the east to find a possible path o | mech=unknown; I do not yet know how the obstacles here work, so I must discover it by | EXPERIMENT"
2f5b3ccb,probe_mh,MiniHack-River-Narrow-v0,1,12,E,0.0,False,"belief={'layout': 'explore the lava or water area to the east to find a possible path o | mech=unknown; I do not yet know how the obstacles here work, so I must discover it by"
2f5b3ccb,probe_mh,MiniHack-River-Narrow-v0,1,13,E,0.0,False,"belief={'layout': 'explore the lava or water area to the east to find a possible path o | mech=unknown; I do not yet know how the obstacles here work, so I must discover it by"
2f5b3ccb,probe_mh,MiniHack-River-Narrow-v0,1,14,S,0.0,False,"belief={'layout': 'explore the area to the south to find a possible path or mechanism t | mech=unknown; I do not yet know how the obstacles here work, so I must discover it by"
2f5b3ccb,probe_mh,MiniHack-River-Narrow-v0,1,15,S,0.0,False,"belief={'layout': 'explore the area to the south to find a possible path or mechanism t | mech=unknown; I do not yet know how the obstacles here work, so I must discover it by"
2f5b3ccb,probe_mh,MiniHack-River-Narrow-v0,1,16,S,0.0,False,"belief={'layout': 'explore the area to the south to find a possible path or mechanism t | mech=unknown; I do not yet know how the obstacles here work, so I must discover it by"
2f5b3ccb,probe_mh,MiniHack-River-Narrow-v0,1,17,S,0.0,False,"belief={'layout': 'explore the area to the south to find a possible path or mechanism t | mech=unknown; I do not yet know how the obstacles here work, so I must discover it by"
2f5b3ccb,probe_mh,MiniHack-River-Narrow-v0,1,18,S,0.0,False,"belief={'layout': 'explore the area to the south to find a possible path or mechanism t | mech=unknown; I do not yet know how the obstacles here work, so I must discover it by"
2f5b3ccb,probe_mh,MiniHack-River-Narrow-v0,1,19,S,0.0,False,"belief={'layout': 'explore the area to the south to find a possible path or mechanism t | mech=unknown; I do not yet know how the obstacles here work, so I must discover it by"
2f5b3ccb,probe_mh,MiniHack-River-Narrow-v0,1,20,S,-0.01,False,"belief={'layout': 'explore the area to the south to find a possible path or mechanism t | mech=unknown; I do not yet know how the obstacles here work, so I must discover it by"
2f5b3ccb,probe_mh,MiniHack-River-Narrow-v0,1,21,E,0.0,False,"belief={'layout': 'explore the area to the east to find a possible path or mechanism to | mech=unknown; I do not yet know how the obstacles here work, so I must discover it by"
2f5b3ccb,probe_mh,MiniHack-River-Narrow-v0,1,22,E,0.0,False,"belief={'layout': 'explore the area to the east to find a possible path or mechanism to | mech=unknown; I do not yet know how the obstacles here work, so I must discover it by"
2f5b3ccb,probe_mh,MiniHack-River-Narrow-v0,1,23,S,-0.01,False,"belief={'layout': 'investigate the lava or water to the south to determine if it can be | mech=unknown; I do not yet know how the obstacles here work, so I must discover it by | EXPERIMENT"
2f5b3ccb,probe_mh,MiniHack-River-Narrow-v0,1,24,S,-0.01,False,"belief={'layout': 'investigate the lava or water to the south to determine if it can be | mech=unknown; I do not yet know how the obstacles here work, so I must discover it by"
2f5b3ccb,probe_mh,MiniHack-River-Narrow-v0,1,25,E,0.0,False,"belief={'layout': 'investigate the east or west sides to find an alternative path', 'ne | mech=unknown; I do not yet know how the obstacles here work, so I must discover it by"
2f5b3ccb,probe_mh,MiniHack-River-Narrow-v0,1,26,E,0.0,False,"belief={'layout': 'investigate the east or west sides to find an alternative path', 'ne | mech=unknown; I do not yet know how the obstacles here work, so I must discover it by"
2f5b3ccb,probe_mh,MiniHack-River-Narrow-v0,1,27,W,0.0,False,"belief={'layout': 'investigate the west side to find an alternative path', 'next_move': | mech=unknown; I do not yet know how the obstacles here work, so I must discover it by"
2f5b3ccb,probe_mh,MiniHack-River-Narrow-v0,1,28,W,0.0,False,"belief={'layout': 'investigate the west side to find an alternative path', 'next_move': | mech=unknown; I do not yet know how the obstacles here work, so I must discover it by"
2f5b3ccb,probe_mh,MiniHack-River-Narrow-v0,1,29,W,0.0,False,"belief={'layout': 'investigate the west side to find an alternative path', 'next_move': | mech=unknown; I do not yet know how the obstacles here work, so I must discover it by"
2f5b3ccb,probe_mh,MiniHack-River-Narrow-v0,1,30,N,0.0,False,"belief={'layout': 'investigate the west side to find an alternative path', 'next_move': | mech=unknown; I do not yet know how the obstacles here work, so I must discover it by"
2f5b3ccb,probe_mh,MiniHack-River-Narrow-v0,1,31,W,0.0,False,"belief={'layout': 'investigate the west side to find an alternative path', 'next_move': | mech=unknown; I do not yet know how the obstacles here work, so I must discover it by"
2f5b3ccb,probe_mh,MiniHack-River-Narrow-v0,1,32,W,0.0,False,"belief={'layout': 'investigate the west side to find an alternative path', 'next_move': | mech=unknown; I do not yet know how the obstacles here work, so I must discover it by"
2f5b3ccb,probe_mh,MiniHack-River-Narrow-v0,1,33,W,0.0,False,"belief={'layout': 'investigate the west side to find an alternative path', 'next_move': | mech=unknown; I do not yet know how the obstacles here work, so I must discover it by"
2f5b3ccb,probe_mh,MiniHack-River-Narrow-v0,1,34,W,0.0,False,"belief={'layout': 'investigate the west side to find an alternative path', 'next_move': | mech=unknown; I do not yet know how the obstacles here work, so I must discover it by"
2f5b3ccb,probe_mh,MiniHack-River-Narrow-v0,1,35,E,0.0,False,"belief={'layout': 'investigate the lava to the east to find a way to cross', 'next_move | mech=lava may be crossable by finding a way to cool it or create a path, or there may | EXPERIMENT"
2f5b3ccb,probe_mh,MiniHack-River-Narrow-v0,1,36,E,0.0,False,"belief={'layout': 'investigate the lava to the east to find a way to cross', 'next_move | mech=lava may be crossable by finding a way to cool it or create a path, or there may"
2f5b3ccb,probe_mh,MiniHack-River-Narrow-v0,1,37,E,0.0,False,"belief={'layout': 'investigate the lava to the east to find a way to cross', 'next_move | mech=lava may be crossable by finding a way to cool it or create a path, or there may"
2f5b3ccb,probe_mh,MiniHack-River-Narrow-v0,1,38,N,0.0,False,"belief={'layout': 'investigate the lava to the east to find a way to cross', 'next_move | mech=lava may be crossable by finding a way to cool it or create a path, or there may"
2f5b3ccb,probe_mh,MiniHack-River-Narrow-v0,1,39,E,0.0,False,"belief={'layout': 'investigate the lava to the east to find a way to cross', 'next_move | mech=lava may be crossable by finding a way to cool it or create a path, or there may"
2f5b3ccb,probe_mh,MiniHack-River-Narrow-v0,1,40,E,0.0,False,"belief={'layout': 'investigate the lava to the east to find a way to cross', 'next_move | mech=lava may be crossable by finding a way to cool it or create a path, or there may"
2f5b3ccb,probe_mh,MiniHack-River-Narrow-v0,1,41,E,0.0,False,"belief={'layout': 'investigate the lava to the east to find a way to cross', 'next_move | mech=lava may be crossable by finding a way to cool it or create a path, or there may"
2f5b3ccb,probe_mh,MiniHack-River-Narrow-v0,1,42,E,0.0,False,"belief={'layout': 'investigate the lava to the east to find a way to cross', 'next_move | mech=lava may be crossable by finding a way to cool it or create a path, or there may"
2f5b3ccb,probe_mh,MiniHack-River-Narrow-v0,1,43,W,0.0,False,"belief={'layout': 'investigate the downstairs to the west to find the goal', 'next_move | mech=lava may be crossable by finding a way to cool it or create a path, or there may"
2f5b3ccb,probe_mh,MiniHack-River-Narrow-v0,1,44,W,0.0,False,"belief={'layout': 'investigate the downstairs to the west to find the goal', 'next_move | mech=lava may be crossable by finding a way to cool it or create a path, or there may"
2f5b3ccb,probe_mh,MiniHack-River-Narrow-v0,1,45,W,0.0,False,"belief={'layout': 'investigate the downstairs to the west to find the goal', 'next_move | mech=lava may be crossable by finding a way to cool it or create a path, or there may"
2f5b3ccb,probe_mh,MiniHack-River-Narrow-v0,1,46,W,0.0,False,"belief={'layout': 'investigate the downstairs to the west to find the goal', 'next_move | mech=lava may be crossable by finding a way to cool it or create a path, or there may"
2f5b3ccb,probe_mh,MiniHack-River-Narrow-v0,1,47,W,0.0,False,"belief={'layout': 'investigate the downstairs to the west to find the goal', 'next_move | mech=lava may be crossable by finding a way to cool it or create a path, or there may"
2f5b3ccb,probe_mh,MiniHack-River-Narrow-v0,1,48,W,0.0,False,"belief={'layout': 'investigate the downstairs to the west to find the goal', 'next_move | mech=lava may be crossable by finding a way to cool it or create a path, or there may"
2f5b3ccb,probe_mh,MiniHack-River-Narrow-v0,1,49,W,0.0,False,"belief={'layout': 'investigate the downstairs to the west to find the goal', 'next_move | mech=lava may be crossable by finding a way to cool it or create a path, or there may"
2f5b3ccb,probe_mh,MiniHack-River-Narrow-v0,1,50,W,0.0,False,"belief={'layout': 'investigate the downstairs to the west to find the goal', 'next_move | mech=lava may be crossable by finding a way to cool it or create a path, or there may"
2f5b3ccb,probe_mh,MiniHack-River-Narrow-v0,1,51,W,0.0,False,"belief={'layout': 'investigate the downstairs to the west to find the goal', 'next_move | mech=lava may be crossable by finding a way to cool it or create a path, or there may"
2f5b3ccb,probe_mh,MiniHack-River-Narrow-v0,1,52,W,0.0,False,"belief={'layout': 'investigate the downstairs to the west to find the goal', 'next_move | mech=lava may be crossable by finding a way to cool it or create a path, or there may"
2f5b3ccb,probe_mh,MiniHack-River-Narrow-v0,1,53,W,0.0,False,"belief={'layout': 'investigate the downstairs to the west to find the goal', 'next_move | mech=lava may be crossable by finding a way to cool it or create a path, or there may"
2f5b3ccb,probe_mh,MiniHack-River-Narrow-v0,1,54,W,0.0,False,"belief={'layout': 'investigate the downstairs to the west to find the goal', 'next_move | mech=lava may be crossable by finding a way to cool it or create a path, or there may"
2f5b3ccb,probe_mh,MiniHack-River-Narrow-v0,1,55,W,0.0,False,"belief={'layout': 'investigate the downstairs to the west to find the goal', 'next_move | mech=lava may be crossable by finding a way to cool it or create a path, or there may"
2f5b3ccb,probe_mh,MiniHack-River-Narrow-v0,1,56,W,0.0,False,"belief={'layout': 'investigate the downstairs to the west to find the goal', 'next_move | mech=lava may be crossable by finding a way to cool it or create a path, or there may"
2f5b3ccb,probe_mh,MiniHack-River-Narrow-v0,1,57,W,0.0,False,"belief={'layout': 'investigate the downstairs to the west to find the goal', 'next_move | mech=lava may be crossable by finding a way to cool it or create a path, or there may"
2f5b3ccb,probe_mh,MiniHack-River-Narrow-v0,1,58,W,0.0,False,"belief={'layout': 'investigate the downstairs to the west to find the goal', 'next_move | mech=lava may be crossable by finding a way to cool it or create a path, or there may"
2f5b3ccb,probe_mh,MiniHack-River-Narrow-v0,1,59,W,-0.01,False,"belief={'layout': 'investigate the downstairs to the west to find the goal', 'next_move | mech=lava may be crossable by finding a way to cool it or create a path, or there may"
2f5b3ccb,probe_mh,MiniHack-River-Narrow-v0,1,60,W,-0.01,False,"belief={'layout': 'investigate the downstairs to the west to find the goal', 'next_move | mech=lava may be crossable by finding a way to cool it or create a path, or there may"
2f5b3ccb,probe_mh,MiniHack-River-Narrow-v0,1,61,N,0.0,False,"belief={'layout': 'investigate the surroundings to find an alternative path', 'next_mov | mech=lava may be crossable by finding a way to cool it or create a path, or there may"
2f5b3ccb,probe_mh,MiniHack-River-Narrow-v0,1,62,N,0.0,False,"belief={'layout': 'investigate the surroundings to find an alternative path', 'next_mov | mech=lava may be crossable by finding a way to cool it or create a path, or there may"
2f5b3ccb,probe_mh,MiniHack-River-Narrow-v0,1,63,N,0.0,False,"belief={'layout': 'investigate the surroundings to find an alternative path', 'next_mov | mech=lava may be crossable by finding a way to cool it or create a path, or there may"
2f5b3ccb,probe_mh,MiniHack-River-Narrow-v0,1,64,N,0.0,False,"belief={'layout': 'investigate the surroundings to find an alternative path', 'next_mov | mech=lava may be crossable by finding a way to cool it or create a path, or there may"
2f5b3ccb,probe_mh,MiniHack-River-Narrow-v0,1,65,N,-0.01,False,"belief={'layout': 'investigate the surroundings to find an alternative path', 'next_mov | mech=lava may be crossable by finding a way to cool it or create a path, or there may"
2f5b3ccb,probe_mh,MiniHack-River-Narrow-v0,1,66,E,0.0,False,"belief={'layout': 'investigate the lava to the east to find a crossing point', 'next_mo | mech=lava may be crossable by finding a way to cool it or create a path, or there may"
2f5b3ccb,probe_mh,MiniHack-River-Narrow-v0,1,67,E,0.0,False,"belief={'layout': 'investigate the lava to the east to find a crossing point', 'next_mo | mech=lava may be crossable by finding a way to cool it or create a path, or there may"
2f5b3ccb,probe_mh,MiniHack-River-Narrow-v0,1,68,E,0.0,False,"belief={'layout': 'investigate the lava to the east to find a crossing point', 'next_mo | mech=lava may be crossable by finding a way to cool it or create a path, or there may"
2f5b3ccb,probe_mh,MiniHack-River-Narrow-v0,1,69,E,0.0,False,"belief={'layout': 'investigate the lava to the east to find a crossing point', 'next_mo | mech=lava may be crossable by finding a way to cool it or create a path, or there may"
2f5b3ccb,probe_mh,MiniHack-River-Narrow-v0,1,70,E,0.0,False,"belief={'layout': 'investigate the lava to the east to find a crossing point', 'next_mo | mech=lava may be crossable by finding a way to cool it or create a path, or there may"
2f5b3ccb,probe_mh,MiniHack-River-Narrow-v0,1,71,E,0.0,False,"belief={'layout': 'investigate the lava to the east to find a crossing point', 'next_mo | mech=lava may be crossable by finding a way to cool it or create a path, or there may"
2f5b3ccb,probe_mh,MiniHack-River-Narrow-v0,1,72,E,0.0,False,"belief={'layout': 'investigate the lava to the east to find a crossing point', 'next_mo | mech=lava may be crossable by finding a way to cool it or create a path, or there may"
2f5b3ccb,probe_mh,MiniHack-River-Narrow-v0,1,73,E,0.0,False,"belief={'layout': 'investigate the lava to the east to find a crossing point', 'next_mo | mech=lava may be crossable by finding a way to cool it or create a path, or there may"
2f5b3ccb,probe_mh,MiniHack-River-Narrow-v0,1,74,SE,0.0,False,"belief={'layout': 'investigate the lava to the east to find a crossing point', 'next_mo | mech=lava may be crossable by finding a way to cool it or create a path, or there may"
2f5b3ccb,probe_mh,MiniHack-River-Narrow-v0,1,75,SE,0.0,False,"belief={'layout': 'investigate the lava to the east to find a crossing point', 'next_mo | mech=lava may be crossable by finding a way to cool it or create a path, or there may"
2f5b3ccb,probe_mh,MiniHack-River-Narrow-v0,1,76,SE,0.0,False,"belief={'layout': 'investigate the lava to the east to find a crossing point', 'next_mo | mech=lava may be crossable by finding a way to cool it or create a path, or there may"
2f5b3ccb,probe_mh,MiniHack-River-Narrow-v0,1,77,SE,0.0,False,"belief={'layout': 'investigate the lava to the east to find a crossing point', 'next_mo | mech=lava may be crossable by finding a way to cool it or create a path, or there may"
2f5b3ccb,probe_mh,MiniHack-River-Narrow-v0,1,78,SE,0.0,False,"belief={'layout': 'investigate the lava to the east to find a crossing point', 'next_mo | mech=lava may be crossable by finding a way to cool it or create a path, or there may"
2f5b3ccb,probe_mh,MiniHack-River-Narrow-v0,1,79,SE,0.0,False,"belief={'layout': 'investigate the lava to the east to find a crossing point', 'next_mo | mech=lava may be crossable by finding a way to cool it or create a path, or there may"
2f5b3ccb,probe_mh,MiniHack-River-Narrow-v0,1,80,SE,-0.01,False,"belief={'layout': 'investigate the lava to the east to find a crossing point', 'next_mo | mech=lava may be crossable by finding a way to cool it or create a path, or there may"
2f5b3ccb,probe_mh,MiniHack-River-Narrow-v0,1,81,N,0.0,False,"belief={'layout': 'explore north to find an alternative route to the downstairs', 'next | mech=lava may be crossable by finding a way to cool it or create a path, or there may"
2f5b3ccb,probe_mh,MiniHack-River-Narrow-v0,1,82,N,0.0,False,"belief={'layout': 'explore north to find an alternative route to the downstairs', 'next | mech=lava may be crossable by finding a way to cool it or create a path, or there may"
2f5b3ccb,probe_mh,MiniHack-River-Narrow-v0,1,83,N,0.0,False,"belief={'layout': 'explore north to find an alternative route to the downstairs', 'next | mech=lava may be crossable by finding a way to cool it or create a path, or there may"
2f5b3ccb,probe_mh,MiniHack-River-Narrow-v0,1,84,N,0.0,False,"belief={'layout': 'explore north to find an alternative route to the downstairs', 'next | mech=lava may be crossable by finding a way to cool it or create a path, or there may"
2f5b3ccb,probe_mh,MiniHack-River-Narrow-v0,1,85,N,0.0,False,"belief={'layout': 'explore north to find an alternative route to the downstairs', 'next | mech=lava may be crossable by finding a way to cool it or create a path, or there may"
2f5b3ccb,probe_mh,MiniHack-River-Narrow-v0,1,86,N,0.0,False,"belief={'layout': 'explore north to find an alternative route to the downstairs', 'next | mech=lava may be crossable by finding a way to cool it or create a path, or there may"
2f5b3ccb,probe_mh,MiniHack-River-Narrow-v0,1,87,N,-0.01,False,"belief={'layout': 'explore north to find an alternative route to the downstairs', 'next | mech=lava may be crossable by finding a way to cool it or create a path, or there may"
2f5b3ccb,probe_mh,MiniHack-River-Narrow-v0,1,88,E,0.0,False,"belief={'layout': 'explore east to find an alternative route to the downstairs', 'next_ | mech=lava may be crossable by finding a way to cool it or create a path, or there may"
2f5b3ccb,probe_mh,MiniHack-River-Narrow-v0,1,89,E,0.0,False,"belief={'layout': 'explore east to find an alternative route to the downstairs', 'next_ | mech=lava may be crossable by finding a way to cool it or create a path, or there may"
2f5b3ccb,probe_mh,MiniHack-River-Narrow-v0,1,90,E,0.0,False,"belief={'layout': 'explore east to find an alternative route to the downstairs', 'next_ | mech=lava may be crossable by finding a way to cool it or create a path, or there may"
2f5b3ccb,probe_mh,MiniHack-River-Narrow-v0,1,91,E,0.0,False,"belief={'layout': 'explore east to find an alternative route to the downstairs', 'next_ | mech=lava may be crossable by finding a way to cool it or create a path, or there may"
2f5b3ccb,probe_mh,MiniHack-River-Narrow-v0,1,92,E,0.0,False,"belief={'layout': 'explore east to find an alternative route to the downstairs', 'next_ | mech=lava may be crossable by finding a way to cool it or create a path, or there may"
2f5b3ccb,probe_mh,MiniHack-River-Narrow-v0,1,93,E,0.0,False,"belief={'layout': 'explore east to find an alternative route to the downstairs', 'next_ | mech=lava may be crossable by finding a way to cool it or create a path, or there may"
2f5b3ccb,probe_mh,MiniHack-River-Narrow-v0,1,94,S,0.0,False,"belief={'layout': 'explore south to find an alternative route to the downstairs', 'next | mech=lava may be crossable by finding a way to cool it or create a path, or there may"
2f5b3ccb,probe_mh,MiniHack-River-Narrow-v0,1,95,S,0.0,False,"belief={'layout': 'explore south to find an alternative route to the downstairs', 'next | mech=lava may be crossable by finding a way to cool it or create a path, or there may"
2f5b3ccb,probe_mh,MiniHack-River-Narrow-v0,1,96,S,0.0,False,"belief={'layout': 'explore south to find an alternative route to the downstairs', 'next | mech=lava may be crossable by finding a way to cool it or create a path, or there may"
2f5b3ccb,probe_mh,MiniHack-River-Narrow-v0,1,97,S,0.0,False,"belief={'layout': 'explore south to find an alternative route to the downstairs', 'next | mech=lava may be crossable by finding a way to cool it or create a path, or there may"
2f5b3ccb,probe_mh,MiniHack-River-Narrow-v0,1,98,S,0.0,False,"belief={'layout': 'explore south to find an alternative route to the downstairs', 'next | mech=lava may be crossable by finding a way to cool it or create a path, or there may"
2f5b3ccb,probe_mh,MiniHack-River-Narrow-v0,1,99,S,-0.01,False,"belief={'layout': 'explore south to find an alternative route to the downstairs', 'next | mech=lava may be crossable by finding a way to cool it or create a path, or there may"
2f5b3ccb,probe_mh,MiniHack-River-Narrow-v0,1,100,E,0.0,False,"belief={'layout': 'explore east to find an alternative route to the downstairs', 'next_ | mech=lava may be crossable by finding a way to cool it or create a path, or there may"
2f5b3ccb,probe_mh,MiniHack-River-Narrow-v0,1,101,E,0.0,False,"belief={'layout': 'explore east to find an alternative route to the downstairs', 'next_ | mech=lava may be crossable by finding a way to cool it or create a path, or there may"
2f5b3ccb,probe_mh,MiniHack-River-Narrow-v0,1,102,E,0.0,False,"belief={'layout': 'explore east to find an alternative route to the downstairs', 'next_ | mech=lava may be crossable by finding a way to cool it or create a path, or there may"
2f5b3ccb,probe_mh,MiniHack-River-Narrow-v0,1,103,E,0.0,False,"belief={'layout': 'explore east to find an alternative route to the downstairs', 'next_ | mech=lava may be crossable by finding a way to cool it or create a path, or there may"
2f5b3ccb,probe_mh,MiniHack-River-Narrow-v0,1,104,E,0.0,False,"belief={'layout': 'explore east to find an alternative route to the downstairs', 'next_ | mech=lava may be crossable by finding a way to cool it or create a path, or there may"
2f5b3ccb,probe_mh,MiniHack-River-Narrow-v0,1,105,E,0.0,False,"belief={'layout': 'explore east to find an alternative route to the downstairs', 'next_ | mech=lava may be crossable by finding a way to cool it or create a path, or there may"
2f5b3ccb,probe_mh,MiniHack-River-Narrow-v0,1,106,E,0.0,False,"belief={'layout': 'explore east to find an alternative route to the downstairs', 'next_ | mech=lava may be crossable by finding a way to cool it or create a path, or there may"
2f5b3ccb,probe_mh,MiniHack-River-Narrow-v0,1,107,E,-0.01,False,"belief={'layout': 'explore east to find an alternative route to the downstairs', 'next_ | mech=lava may be crossable by finding a way to cool it or create a path, or there may"
2f5b3ccb,probe_mh,MiniHack-River-Narrow-v0,1,108,S,0.0,False,"belief={'layout': 'explore south to find an alternative route to the downstairs', 'next | mech=lava may be crossable by finding a way to cool it or create a path, or there may"
2f5b3ccb,probe_mh,MiniHack-River-Narrow-v0,1,109,S,-0.01,False,"belief={'layout': 'explore south to find an alternative route to the downstairs', 'next | mech=lava may be crossable by finding a way to cool it or create a path, or there may"
2f5b3ccb,probe_mh,MiniHack-River-Narrow-v0,1,110,S,-0.01,False,"belief={'layout': 'explore south to find an alternative route to the downstairs', 'next | mech=lava may be crossable by finding a way to cool it or create a path, or there may"
2f5b3ccb,probe_mh,MiniHack-River-Narrow-v0,1,111,E,-0.01,False,"belief={'layout': 'explore east to find an alternative route to the downstairs', 'next_ | mech=lava may be crossable by finding a way to cool it or create a path, or there may"
2f5b3ccb,probe_mh,MiniHack-River-Narrow-v0,1,112,N,0.0,False,"belief={'layout': 'explore north to find an alternative route to the downstairs', 'next | mech=lava may be crossable by finding a way to cool it or create a path, or there may"
2f5b3ccb,probe_mh,MiniHack-River-Narrow-v0,1,113,N,0.0,False,"belief={'layout': 'explore north to find an alternative route to the downstairs', 'next | mech=lava may be crossable by finding a way to cool it or create a path, or there may"
2f5b3ccb,probe_mh,MiniHack-River-Narrow-v0,1,114,N,0.0,False,"belief={'layout': 'explore north to find an alternative route to the downstairs', 'next | mech=lava may be crossable by finding a way to cool it or create a path, or there may"
2f5b3ccb,probe_mh,MiniHack-River-Narrow-v0,1,115,N,1.0,True,"belief={'layout': 'explore north to find an alternative route to the downstairs', 'next | mech=lava may be crossable by finding a way to cool it or create a path, or there may"
2f5b3ccb,probe_mh,MiniHack-River-Narrow-v0,2,0,E,0.0,False,"belief={'layout': 'I am surrounded by water or lava (}) and need to find a path to the  | mech=unknown; I do not yet know how the obstacles here work, so I must discover it by"
2f5b3ccb,probe_mh,MiniHack-River-Narrow-v0,2,1,S,0.0,False,"belief={'layout': 'I am surrounded by water or lava (}) and need to find a path to the  | mech=unknown; I do not yet know how the obstacles here work, so I must discover it by"
2f5b3ccb,probe_mh,MiniHack-River-Narrow-v0,2,2,S,0.0,False,"belief={'layout': 'I am surrounded by water or lava (}) and need to find a path to the  | mech=unknown; I do not yet know how the obstacles here work, so I must discover it by"
2f5b3ccb,probe_mh,MiniHack-River-Narrow-v0,2,3,E,0.0,False,"belief={'layout': 'I am surrounded by water or lava (}) and need to find a path to the  | mech=unknown; I do not yet know how the obstacles here work, so I must discover it by"
2f5b3ccb,probe_mh,MiniHack-River-Narrow-v0,2,4,N,0.0,False,"belief={'layout': 'I am surrounded by water or lava (}) and need to find a path to the  | mech=unknown; I do not yet know how the obstacles here work, so I must discover it by"
2f5b3ccb,probe_mh,MiniHack-River-Narrow-v0,2,5,N,0.0,False,"belief={'layout': 'I am surrounded by water or lava (}) and need to find a path to the  | mech=unknown; I do not yet know how the obstacles here work, so I must discover it by"
2f5b3ccb,probe_mh,MiniHack-River-Narrow-v0,2,6,N,-0.01,False,"belief={'layout': 'I am surrounded by water or lava (}) and need to find a path to the  | mech=unknown; I do not yet know how the obstacles here work, so I must discover it by"
2f5b3ccb,probe_mh,MiniHack-River-Narrow-v0,2,7,E,0.0,False,"belief={'layout': 'I am surrounded by lava or water (}) and need to find a path to the  | mech=unknown; I do not yet know how the obstacles here work, so I must discover it by"
2f5b3ccb,probe_mh,MiniHack-River-Narrow-v0,2,8,E,0.0,False,"belief={'layout': 'I am surrounded by lava or water (}) and need to find a path to the  | mech=unknown; I do not yet know how the obstacles here work, so I must discover it by"
2f5b3ccb,probe_mh,MiniHack-River-Narrow-v0,2,9,E,0.0,False,"belief={'layout': 'I am surrounded by lava or water (}) and need to find a path to the  | mech=unknown; I do not yet know how the obstacles here work, so I must discover it by"
2f5b3ccb,probe_mh,MiniHack-River-Narrow-v0,2,10,E,0.0,False,"belief={'layout': 'I am surrounded by lava or water (}) and need to find a path to the  | mech=unknown; I do not yet know how the obstacles here work, so I must discover it by"
2f5b3ccb,probe_mh,MiniHack-River-Narrow-v0,2,11,E,0.0,False,"belief={'layout': 'I am surrounded by lava or water (}) and need to find a path to the  | mech=unknown; I do not yet know how the obstacles here work, so I must discover it by | EXPERIMENT"
2f5b3ccb,probe_mh,MiniHack-River-Narrow-v0,2,12,E,0.0,False,"belief={'layout': 'I am surrounded by lava or water (}) and need to find a path to the  | mech=unknown; I do not yet know how the obstacles here work, so I must discover it by"
2f5b3ccb,probe_mh,MiniHack-River-Narrow-v0,2,13,E,0.0,False,"belief={'layout': 'I am surrounded by lava or water (}) and need to find a path to the  | mech=unknown; I do not yet know how the obstacles here work, so I must discover it by"
2f5b3ccb,probe_mh,MiniHack-River-Narrow-v0,2,14,N,-0.01,False,"belief={'layout': 'I am surrounded by lava or water (}) and need to find a path to the  | mech=unknown; I do not yet know how the obstacles here work, so I must discover it by"
2f5b3ccb,probe_mh,MiniHack-River-Narrow-v0,2,15,E,0.0,False,"belief={'layout': 'I am surrounded by lava or water (}) and need to find a path to the  | mech=unknown; I do not yet know how the obstacles here work, so I must discover it by"
2f5b3ccb,probe_mh,MiniHack-River-Narrow-v0,2,16,E,0.0,False,"belief={'layout': 'I am surrounded by lava or water (}) and need to find a path to the  | mech=unknown; I do not yet know how the obstacles here work, so I must discover it by"
2f5b3ccb,probe_mh,MiniHack-River-Narrow-v0,2,17,E,0.0,False,"belief={'layout': 'I am surrounded by lava or water (}) and need to find a path to the  | mech=unknown; I do not yet know how the obstacles here work, so I must discover it by"
2f5b3ccb,probe_mh,MiniHack-River-Narrow-v0,2,18,E,0.0,False,"belief={'layout': 'I am surrounded by lava or water (}) and need to find a path to the  | mech=unknown; I do not yet know how the obstacles here work, so I must discover it by"
2f5b3ccb,probe_mh,MiniHack-River-Narrow-v0,2,19,E,0.0,False,"belief={'layout': 'I am surrounded by lava or water (}) and need to find a path to the  | mech=unknown; I do not yet know how the obstacles here work, so I must discover it by"
2f5b3ccb,probe_mh,MiniHack-River-Narrow-v0,2,20,N,0.0,False,"belief={'layout': 'I am surrounded by lava or water (}) and need to find a path to the  | mech=unknown; I do not yet know how the obstacles here work, so I must discover it by"
2f5b3ccb,probe_mh,MiniHack-River-Narrow-v0,2,21,N,-0.01,False,"belief={'layout': 'I am surrounded by lava or water (}) and need to find a path to the  | mech=unknown; I do not yet know how the obstacles here work, so I must discover it by"
2f5b3ccb,probe_mh,MiniHack-River-Narrow-v0,2,22,W,0.0,False,"belief={'layout': 'I am surrounded by lava or water (}) and need to find a path to the  | mech=unknown; I do not yet know how the obstacles here work, so I must discover it by"
2f5b3ccb,probe_mh,MiniHack-River-Narrow-v0,2,23,W,0.0,False,belief={'layout': 'I am surrounded by lava or water (}) and need to find a path to the  | mech=I hypothesize that the lava or water (}) can be crossed or affected by trying to | EXPERIMENT
2f5b3ccb,probe_mh,MiniHack-River-Narrow-v0,2,24,E,0.0,False,belief={'layout': 'I am surrounded by lava or water (}) and need to find a path to the  | mech=I hypothesize that the lava or water (}) can be crossed or affected by trying to
2f5b3ccb,probe_mh,MiniHack-River-Narrow-v0,2,25,E,0.0,False,belief={'layout': 'I am surrounded by lava or water (}) and need to find a path to the  | mech=I hypothesize that the lava or water (}) can be crossed or affected by trying to
2f5b3ccb,probe_mh,MiniHack-River-Narrow-v0,2,26,E,0.0,False,belief={'layout': 'I am surrounded by lava or water (}) and need to find a path to the  | mech=I hypothesize that the lava or water (}) can be crossed or affected by trying to
2f5b3ccb,probe_mh,MiniHack-River-Narrow-v0,2,27,E,0.0,False,belief={'layout': 'I am surrounded by lava or water (}) and need to find a path to the  | mech=I hypothesize that the lava or water (}) can be crossed or affected by trying to
2f5b3ccb,probe_mh,MiniHack-River-Narrow-v0,2,28,S,0.0,False,belief={'layout': 'I am surrounded by lava or water (}) and need to find a path to the  | mech=I hypothesize that the lava or water (}) cannot be crossed directly and I need t
2f5b3ccb,probe_mh,MiniHack-River-Narrow-v0,2,29,N,0.0,False,belief={'layout': 'I am surrounded by lava or water (}) and need to find a path to the  | mech=I hypothesize that the lava or water (}) cannot be crossed directly and I need t
2f5b3ccb,probe_mh,MiniHack-River-Narrow-v0,2,30,W,0.0,False,belief={'layout': 'I am surrounded by lava or water (}) and need to find a path to the  | mech=I hypothesize that the lava or water (}) cannot be crossed directly and I need t
2f5b3ccb,probe_mh,MiniHack-River-Narrow-v0,2,31,N,-0.01,False,belief={'layout': 'I am surrounded by lava or water (}) and need to find a path to the  | mech=I hypothesize that the lava or water (}) cannot be crossed directly and I need t
2f5b3ccb,probe_mh,MiniHack-River-Narrow-v0,2,32,E,0.0,False,belief={'layout': 'I am surrounded by lava or water (}) and need to find a path to the  | mech=I hypothesize that the lava or water (}) cannot be crossed directly and I need t
2f5b3ccb,probe_mh,MiniHack-River-Narrow-v0,2,33,S,0.0,False,belief={'layout': 'I am surrounded by lava or water (}) and need to find a path to the  | mech=I hypothesize that the lava or water (}) cannot be crossed directly and I need t
2f5b3ccb,probe_mh,MiniHack-River-Narrow-v0,2,34,S,0.0,False,belief={'layout': 'I am surrounded by lava or water (}) and need to find a path to the  | mech=I hypothesize that the lava or water (}) cannot be crossed directly and I need t
2f5b3ccb,probe_mh,MiniHack-River-Narrow-v0,2,35,E,0.0,False,belief={'layout': 'I am surrounded by lava or water (}) and need to find a path to the  | mech=I hypothesize that the lava or water (}) cannot be crossed directly and I need t
2f5b3ccb,probe_mh,MiniHack-River-Narrow-v0,2,36,S,0.0,False,belief={'layout': 'I am surrounded by lava or water (}) and need to find a path to the  | mech=I hypothesize that the lava or water (}) cannot be crossed directly and I need t
2f5b3ccb,probe_mh,MiniHack-River-Narrow-v0,2,37,S,0.0,False,belief={'layout': 'I am surrounded by lava or water (}) and need to find a path to the  | mech=I hypothesize that the lava or water (}) cannot be crossed directly and I need t
2f5b3ccb,probe_mh,MiniHack-River-Narrow-v0,2,38,W,0.0,False,belief={'layout': 'I am surrounded by lava or water (}) and need to find a path to the  | mech=I hypothesize that the lava or water (}) cannot be crossed directly and I need t
2f5b3ccb,probe_mh,MiniHack-River-Narrow-v0,2,39,W,0.0,False,belief={'layout': 'I am surrounded by lava or water (}) and need to find a path to the  | mech=I hypothesize that the lava or water (}) cannot be crossed directly and I need t
2f5b3ccb,probe_mh,MiniHack-River-Narrow-v0,2,40,W,0.0,False,belief={'layout': 'I am surrounded by lava or water (}) and need to find a path to the  | mech=I hypothesize that the lava or water (}) cannot be crossed directly and I need t
2f5b3ccb,probe_mh,MiniHack-River-Narrow-v0,2,41,W,0.0,False,belief={'layout': 'I am surrounded by lava or water (}) and need to find a path to the  | mech=I hypothesize that the lava or water (}) cannot be crossed directly and I need t
2f5b3ccb,probe_mh,MiniHack-River-Narrow-v0,2,42,W,0.0,False,belief={'layout': 'I am surrounded by lava or water (}) and need to find a path to the  | mech=I hypothesize that the lava or water (}) cannot be crossed directly and I need t
2f5b3ccb,probe_mh,MiniHack-River-Narrow-v0,2,43,W,0.0,False,belief={'layout': 'I am surrounded by lava or water (}) and need to find a path to the  | mech=I hypothesize that the lava or water (}) cannot be crossed directly and I need t
2f5b3ccb,probe_mh,MiniHack-River-Narrow-v0,2,44,W,0.0,False,belief={'layout': 'I am surrounded by lava or water (}) and need to find a path to the  | mech=I hypothesize that the lava or water (}) cannot be crossed directly and I need t
2f5b3ccb,probe_mh,MiniHack-River-Narrow-v0,2,45,N,0.0,False,belief={'layout': 'I am surrounded by lava or water (}) and need to find a path to the  | mech=I hypothesize that the lava or water (}) cannot be crossed directly and I need t
2f5b3ccb,probe_mh,MiniHack-River-Narrow-v0,2,46,W,0.0,False,belief={'layout': 'I am surrounded by lava or water (}) and need to find a path to the  | mech=I hypothesize that the lava or water (}) cannot be crossed directly and I need t
2f5b3ccb,probe_mh,MiniHack-River-Narrow-v0,2,47,N,0.0,False,belief={'layout': 'I am surrounded by lava or water (}) and need to find a path to the  | mech=I hypothesize that the lava or water (}) cannot be crossed directly and I need t
2f5b3ccb,probe_mh,MiniHack-River-Narrow-v0,2,48,N,0.0,False,belief={'layout': 'I am surrounded by lava or water (}) and need to find a path to the  | mech=I hypothesize that the lava or water (}) cannot be crossed directly and I need t
2f5b3ccb,probe_mh,MiniHack-River-Narrow-v0,2,49,N,0.0,False,belief={'layout': 'I am surrounded by lava or water (}) and need to find a path to the  | mech=I hypothesize that the lava or water (}) cannot be crossed directly and I need t
2f5b3ccb,probe_mh,MiniHack-River-Narrow-v0,2,50,N,0.0,False,belief={'layout': 'I am surrounded by lava or water (}) and need to find a path to the  | mech=I hypothesize that the lava or water (}) cannot be crossed directly and I need t
2f5b3ccb,probe_mh,MiniHack-River-Narrow-v0,2,51,N,-0.01,False,belief={'layout': 'I am surrounded by lava or water (}) and need to find a path to the  | mech=I hypothesize that the lava or water (}) cannot be crossed directly and I need t
2f5b3ccb,probe_mh,MiniHack-River-Narrow-v0,2,52,N,-0.01,False,belief={'layout': 'I am surrounded by lava or water (}) and need to find a path to the  | mech=I hypothesize that the lava or water (}) cannot be crossed directly and I need t
2f5b3ccb,probe_mh,MiniHack-River-Narrow-v0,2,53,E,0.0,False,belief={'layout': 'I am surrounded by lava or water (}) and need to find a path to the  | mech=I hypothesize that the lava or water (}) cannot be crossed directly and I need t
2f5b3ccb,probe_mh,MiniHack-River-Narrow-v0,2,54,N,-0.01,False,belief={'layout': 'I am surrounded by lava or water (}) and need to find a path to the  | mech=I hypothesize that the lava or water (}) cannot be crossed directly and I need t
2f5b3ccb,probe_mh,MiniHack-River-Narrow-v0,2,55,W,0.0,False,belief={'layout': 'I am surrounded by lava or water (}) and need to find a path to the  | mech=I hypothesize that the lava or water (}) cannot be crossed directly and I need t
2f5b3ccb,probe_mh,MiniHack-River-Narrow-v0,2,56,W,0.0,False,belief={'layout': 'I am surrounded by lava or water (}) and need to find a path to the  | mech=I hypothesize that the lava or water (}) cannot be crossed directly and I need t
2f5b3ccb,probe_mh,MiniHack-River-Narrow-v0,2,57,W,0.0,False,belief={'layout': 'I am surrounded by lava or water (}) and need to find a path to the  | mech=I hypothesize that the lava or water (}) cannot be crossed directly and I need t
2f5b3ccb,probe_mh,MiniHack-River-Narrow-v0,2,58,W,0.0,False,belief={'layout': 'I am surrounded by lava or water (}) and need to find a path to the  | mech=I hypothesize that the lava or water (}) cannot be crossed directly and I need t
2f5b3ccb,probe_mh,MiniHack-River-Narrow-v0,2,59,W,0.0,False,belief={'layout': 'I am surrounded by lava or water (}) and need to find a path to the  | mech=I hypothesize that the lava or water (}) cannot be crossed directly and I need t
2f5b3ccb,probe_mh,MiniHack-River-Narrow-v0,2,60,W,0.0,False,belief={'layout': 'I am surrounded by lava or water (}) and need to find a path to the  | mech=I hypothesize that the lava or water (}) cannot be crossed directly and I need t
2f5b3ccb,probe_mh,MiniHack-River-Narrow-v0,2,61,N,-0.01,False,belief={'layout': 'I am surrounded by lava or water (}) and need to find a path to the  | mech=I hypothesize that the lava or water (}) cannot be crossed directly and I need t
2f5b3ccb,probe_mh,MiniHack-River-Narrow-v0,2,62,E,0.0,False,belief={'layout': 'I am surrounded by lava or water (}) and need to find a path to the  | mech=I hypothesize that the lava or water (}) cannot be crossed directly and I need t
2f5b3ccb,probe_mh,MiniHack-River-Narrow-v0,2,63,N,-0.01,False,belief={'layout': 'I am surrounded by lava or water (}) and need to find a path to the  | mech=I hypothesize that the lava or water (}) cannot be crossed directly and I need t
2f5b3ccb,probe_mh,MiniHack-River-Narrow-v0,2,64,S,0.0,False,belief={'layout': 'I am surrounded by lava or water (}) and need to find a path to the  | mech=I hypothesize that the lava or water (}) cannot be crossed directly and I need t
2f5b3ccb,probe_mh,MiniHack-River-Narrow-v0,2,65,E,0.0,False,belief={'layout': 'I am surrounded by lava or water (}) and need to find a path to the  | mech=I hypothesize that the lava or water (}) cannot be crossed directly and I need t
2f5b3ccb,probe_mh,MiniHack-River-Narrow-v0,2,66,S,0.0,False,belief={'layout': 'I am surrounded by lava or water (}) and need to find a path to the  | mech=I hypothesize that the lava or water (}) cannot be crossed directly and I need t
2f5b3ccb,probe_mh,MiniHack-River-Narrow-v0,2,67,S,0.0,False,belief={'layout': 'I am surrounded by lava or water (}) and need to find a path to the  | mech=I hypothesize that the lava or water (}) cannot be crossed directly and I need t
2f5b3ccb,probe_mh,MiniHack-River-Narrow-v0,2,68,S,0.0,False,belief={'layout': 'I am surrounded by lava or water (}) and need to find a path to the  | mech=I hypothesize that the lava or water (}) cannot be crossed directly and I need t
2f5b3ccb,probe_mh,MiniHack-River-Narrow-v0,2,69,S,0.0,False,belief={'layout': 'I am surrounded by lava or water (}) and need to find a path to the  | mech=I hypothesize that the lava or water (}) cannot be crossed directly and I need t
2f5b3ccb,probe_mh,MiniHack-River-Narrow-v0,2,70,S,-0.01,False,belief={'layout': 'I am surrounded by lava or water (}) and need to find a path to the  | mech=I hypothesize that the lava or water (}) cannot be crossed directly and I need t
2f5b3ccb,probe_mh,MiniHack-River-Narrow-v0,2,71,W,0.0,False,belief={'layout': 'I am surrounded by lava or water (}) and need to find a path to the  | mech=I hypothesize that the lava or water (}) cannot be crossed directly and I need t
2f5b3ccb,probe_mh,MiniHack-River-Narrow-v0,2,72,N,0.0,False,belief={'layout': 'I am surrounded by lava or water (}) and need to find a path to the  | mech=I hypothesize that the lava or water (}) cannot be crossed directly and I need t
2f5b3ccb,probe_mh,MiniHack-River-Narrow-v0,2,73,N,0.0,False,belief={'layout': 'I am surrounded by lava or water (}) and need to find a path to the  | mech=I hypothesize that the lava or water (}) cannot be crossed directly and I need t
2f5b3ccb,probe_mh,MiniHack-River-Narrow-v0,2,74,W,0.0,False,belief={'layout': 'I am surrounded by lava or water (}) and need to find a path to the  | mech=I hypothesize that the lava or water (}) cannot be crossed directly and I need t
2f5b3ccb,probe_mh,MiniHack-River-Narrow-v0,2,75,N,0.0,False,belief={'layout': 'I am surrounded by lava or water (}) and need to find a path to the  | mech=I hypothesize that the lava or water (}) cannot be crossed directly and I need t
2f5b3ccb,probe_mh,MiniHack-River-Narrow-v0,2,76,N,0.0,False,belief={'layout': 'I am surrounded by lava or water (}) and need to find a path to the  | mech=I hypothesize that the lava or water (}) cannot be crossed directly and I need t
2f5b3ccb,probe_mh,MiniHack-River-Narrow-v0,2,77,W,0.0,False,belief={'layout': 'I am surrounded by lava or water (}) and need to find a path to the  | mech=I hypothesize that the lava or water (}) cannot be crossed directly and I need t
2f5b3ccb,probe_mh,MiniHack-River-Narrow-v0,2,78,N,0.0,False,belief={'layout': 'I am surrounded by lava or water (}) and need to find a path to the  | mech=I hypothesize that the lava or water (}) cannot be crossed directly and I need t
2f5b3ccb,probe_mh,MiniHack-River-Narrow-v0,2,79,W,0.0,False,belief={'layout': 'I am surrounded by lava or water (}) and need to find a path to the  | mech=I hypothesize that the lava or water (}) cannot be crossed directly and I need t
2f5b3ccb,probe_mh,MiniHack-River-Narrow-v0,2,80,N,-0.01,False,belief={'layout': 'I am surrounded by lava or water (}) and need to find a path to the  | mech=I hypothesize that the lava or water (}) cannot be crossed directly and I need t
2f5b3ccb,probe_mh,MiniHack-River-Narrow-v0,2,81,W,0.0,False,belief={'layout': 'I am surrounded by lava or water (}) and need to find a path to the  | mech=I hypothesize that the lava or water (}) cannot be crossed directly and I need t
2f5b3ccb,probe_mh,MiniHack-River-Narrow-v0,2,82,N,-0.01,False,belief={'layout': 'I am surrounded by lava or water (}) and need to find a path to the  | mech=I hypothesize that the lava or water (}) cannot be crossed directly and I need t
2f5b3ccb,probe_mh,MiniHack-River-Narrow-v0,2,83,W,0.0,False,belief={'layout': 'I am surrounded by lava or water (}) and need to find a path to the  | mech=I hypothesize that the lava or water (}) cannot be crossed directly and I need t
2f5b3ccb,probe_mh,MiniHack-River-Narrow-v0,2,84,W,-0.01,False,belief={'layout': 'I am surrounded by lava or water (}) and need to find a path to the  | mech=I hypothesize that the lava or water (}) cannot be crossed directly and I need t
2f5b3ccb,probe_mh,MiniHack-River-Narrow-v0,2,85,N,-0.01,False,belief={'layout': 'I am surrounded by lava or water (}) and need to find a path to the  | mech=I hypothesize that the lava or water (}) cannot be crossed directly and I need t
2f5b3ccb,probe_mh,MiniHack-River-Narrow-v0,2,86,E,0.0,False,belief={'layout': 'I am surrounded by lava or water (}) and need to find a path to the  | mech=I hypothesize that the lava or water (}) cannot be crossed directly and I need t
2f5b3ccb,probe_mh,MiniHack-River-Narrow-v0,2,87,N,-0.01,False,belief={'layout': 'I am surrounded by lava or water (}) and need to find a path to the  | mech=I hypothesize that the lava or water (}) cannot be crossed directly and I need t
2f5b3ccb,probe_mh,MiniHack-River-Narrow-v0,2,88,E,0.0,False,belief={'layout': 'I am surrounded by lava or water (}) and need to find a path to the  | mech=I hypothesize that the lava or water (}) cannot be crossed directly and I need t
2f5b3ccb,probe_mh,MiniHack-River-Narrow-v0,2,89,N,-0.01,False,belief={'layout': 'I am surrounded by lava or water (}) and need to find a path to the  | mech=I hypothesize that the lava or water (}) cannot be crossed directly and I need t
2f5b3ccb,probe_mh,MiniHack-River-Narrow-v0,2,90,E,0.0,False,belief={'layout': 'I am surrounded by lava or water (}) and need to find a path to the  | mech=I hypothesize that the lava or water (}) cannot be crossed directly and I need t
2f5b3ccb,probe_mh,MiniHack-River-Narrow-v0,2,91,S,0.0,False,belief={'layout': 'I am surrounded by lava or water (}) and need to find a path to the  | mech=I hypothesize that the lava or water (}) cannot be crossed directly and I need t
2f5b3ccb,probe_mh,MiniHack-River-Narrow-v0,2,92,E,0.0,False,belief={'layout': 'I am surrounded by lava or water (}) and need to find a path to the  | mech=I hypothesize that the lava or water (}) cannot be crossed directly and I need t
2f5b3ccb,probe_mh,MiniHack-River-Narrow-v0,2,93,S,0.0,False,belief={'layout': 'I am surrounded by lava or water (}) and need to find a path to the  | mech=I hypothesize that the lava or water (}) cannot be crossed directly and I need t
2f5b3ccb,probe_mh,MiniHack-River-Narrow-v0,2,94,E,0.0,False,belief={'layout': 'I am surrounded by lava or water (}) and need to find a path to the  | mech=I hypothesize that the lava or water (}) cannot be crossed directly and I need t
2f5b3ccb,probe_mh,MiniHack-River-Narrow-v0,2,95,S,0.0,False,belief={'layout': 'I am surrounded by lava or water (}) and need to find a path to the  | mech=I hypothesize that the lava or water (}) cannot be crossed directly and I need t
2f5b3ccb,probe_mh,MiniHack-River-Narrow-v0,2,96,W,0.0,False,belief={'layout': 'I am surrounded by lava or water (}) and need to find a path to the  | mech=I hypothesize that the lava or water (}) cannot be crossed directly and I need t
2f5b3ccb,probe_mh,MiniHack-River-Narrow-v0,2,97,N,0.0,False,belief={'layout': 'I am surrounded by lava or water (}) and need to find a path to the  | mech=I hypothesize that the lava or water (}) cannot be crossed directly and I need t
2f5b3ccb,probe_mh,MiniHack-River-Narrow-v0,2,98,N,0.0,False,belief={'layout': 'I am surrounded by lava or water (}) and need to find a path to the  | mech=I hypothesize that the lava or water (}) cannot be crossed directly and I need t
2f5b3ccb,probe_mh,MiniHack-River-Narrow-v0,2,99,W,0.0,False,belief={'layout': 'I am surrounded by lava or water (}) and need to find a path to the  | mech=I hypothesize that the lava or water (}) cannot be crossed directly and I need t
2f5b3ccb,probe_mh,MiniHack-River-Narrow-v0,2,100,N,0.0,False,belief={'layout': 'I am surrounded by lava or water (}) and need to find a path to the  | mech=I hypothesize that the lava or water (}) cannot be crossed directly and I need t
2f5b3ccb,probe_mh,MiniHack-River-Narrow-v0,2,101,E,0.0,False,belief={'layout': 'I am surrounded by lava or water (}) and need to find a path to the  | mech=I hypothesize that the lava or water (}) cannot be crossed directly and I need t
2f5b3ccb,probe_mh,MiniHack-River-Narrow-v0,2,102,N,-0.01,False,belief={'layout': 'I am surrounded by lava or water (}) and need to find a path to the  | mech=I hypothesize that the lava or water (}) cannot be crossed directly and I need t
2f5b3ccb,probe_mh,MiniHack-River-Narrow-v0,2,103,N,-0.01,False,belief={'layout': 'I am surrounded by lava or water (}) and need to find a path to the  | mech=I hypothesize that the lava or water (}) cannot be crossed directly and I need t
2f5b3ccb,probe_mh,MiniHack-River-Narrow-v0,2,104,E,0.0,False,belief={'layout': 'I am surrounded by lava or water (}) and need to find a path to the  | mech=I hypothesize that the lava or water (}) cannot be crossed directly and I need t
2f5b3ccb,probe_mh,MiniHack-River-Narrow-v0,2,105,S,0.0,False,belief={'layout': 'I am surrounded by lava or water (}) and need to find a path to the  | mech=I hypothesize that the lava or water (}) cannot be crossed directly and I need t
2f5b3ccb,probe_mh,MiniHack-River-Narrow-v0,2,106,E,0.0,False,belief={'layout': 'I am surrounded by lava or water (}) and need to find a path to the  | mech=I hypothesize that the lava or water (}) cannot be crossed directly and I need t
2f5b3ccb,probe_mh,MiniHack-River-Narrow-v0,2,107,N,0.0,False,belief={'layout': 'I am surrounded by lava or water (}) and need to find a path to the  | mech=I hypothesize that the lava or water (}) cannot be crossed directly and I need t
2f5b3ccb,probe_mh,MiniHack-River-Narrow-v0,2,108,W,0.0,False,belief={'layout': 'I am surrounded by lava or water (}) and need to find a path to the  | mech=I hypothesize that the lava or water (}) cannot be crossed directly and I need t
2f5b3ccb,probe_mh,MiniHack-River-Narrow-v0,2,109,N,-0.01,False,belief={'layout': 'I am surrounded by lava or water (}) and need to find a path to the  | mech=I hypothesize that the lava or water (}) cannot be crossed directly and I need t
2f5b3ccb,probe_mh,MiniHack-River-Narrow-v0,2,110,N,-0.01,False,belief={'layout': 'I am surrounded by lava or water (}) and need to find a path to the  | mech=I hypothesize that the lava or water (}) cannot be crossed directly and I need t
2f5b3ccb,probe_mh,MiniHack-River-Narrow-v0,2,111,E,0.0,False,belief={'layout': 'I am surrounded by lava or water (}) and need to find a path to the  | mech=I hypothesize that the lava or water (}) cannot be crossed directly and I need t
2f5b3ccb,probe_mh,MiniHack-River-Narrow-v0,2,112,N,-0.01,False,belief={'layout': 'I am surrounded by lava or water (}) and need to find a path to the  | mech=I hypothesize that the lava or water (}) cannot be crossed directly and I need t
2f5b3ccb,probe_mh,MiniHack-River-Narrow-v0,2,113,W,0.0,False,belief={'layout': 'I am surrounded by lava or water (}) and need to find a path to the  | mech=I hypothesize that the lava or water (}) cannot be crossed directly and I need t
2f5b3ccb,probe_mh,MiniHack-River-Narrow-v0,2,114,N,-0.01,False,belief={'layout': 'I am surrounded by lava or water (}) and need to find a path to the  | mech=I hypothesize that the lava or water (}) cannot be crossed directly and I need t
2f5b3ccb,probe_mh,MiniHack-River-Narrow-v0,2,115,E,0.0,False,belief={'layout': 'I am surrounded by lava or water (}) and need to find a path to the  | mech=I hypothesize that the lava or water (}) cannot be crossed directly and I need t
2f5b3ccb,probe_mh,MiniHack-River-Narrow-v0,2,116,S,0.0,False,belief={'layout': 'I am surrounded by lava or water (}) and need to find a path to the  | mech=I hypothesize that the lava or water (}) cannot be crossed directly and I need t
2f5b3ccb,probe_mh,MiniHack-River-Narrow-v0,2,117,E,0.0,False,belief={'layout': 'I am surrounded by lava or water (}) and need to find a path to the  | mech=I hypothesize that the lava or water (}) cannot be crossed directly and I need t
2f5b3ccb,probe_mh,MiniHack-River-Narrow-v0,2,118,S,0.0,False,belief={'layout': 'I am surrounded by lava or water (}) and need to find a path to the  | mech=I hypothesize that the lava or water (}) cannot be crossed directly and I need t
2f5b3ccb,probe_mh,MiniHack-River-Narrow-v0,2,119,E,0.0,False,belief={'layout': 'I am surrounded by lava or water (}) and need to find a path to the  | mech=I hypothesize that the lava or water (}) cannot be crossed directly and I need t
2f5b3ccb,probe_mh,MiniHack-River-Narrow-v0,3,0,E,0.0,False,"belief=The goal is likely to be downstairs, but I need to explore to find it. My next m | mech=I believe that the } symbol represents an obstacle, possibly water or lava, that"
2f5b3ccb,probe_mh,MiniHack-River-Narrow-v0,3,1,E,0.0,False,"belief=The goal is likely to be downstairs, but I need to explore to find it. My next m | mech=I believe that the } symbol represents water, which I can crawl out of. I have r"
2f5b3ccb,probe_mh,MiniHack-River-Narrow-v0,3,2,E,0.0,False,belief=The goal is likely to be downstairs. My next move will be to head east to gather | mech=I believe that the } symbol represents water or lava. I have not yet ruled out t
2f5b3ccb,probe_mh,MiniHack-River-Narrow-v0,3,3,E,0.0,False,belief=The goal is likely to be downstairs. My next move will be to head east to gather | mech=I believe that the } symbol represents water or lava. I have not yet ruled out t
2f5b3ccb,probe_mh,MiniHack-River-Narrow-v0,3,4,S,0.0,False,"belief=The goal is likely to be downstairs, and my next move will be to head south to g | mech=I believe that the } symbol represents water. I have ruled out that the } symbol"
2f5b3ccb,probe_mh,MiniHack-River-Narrow-v0,3,5,N,0.0,False,"belief=The goal is likely to be downstairs, and my next move will be to head south to g | mech=I believe that the } symbol represents water. I have ruled out that the } symbol"
2f5b3ccb,probe_mh,MiniHack-River-Narrow-v0,3,6,S,0.0,False,"belief=The goal is likely to be downstairs, and my next move will be to head south to g | mech=I believe that the } symbol represents water. I have ruled out that the } symbol"
2f5b3ccb,probe_mh,MiniHack-River-Narrow-v0,3,7,S,-0.01,False,"belief=The goal is likely to be downstairs, and my next move will be to head south to g | mech=I believe that the } symbol represents water. I have ruled out that the } symbol"
2f5b3ccb,probe_mh,MiniHack-River-Narrow-v0,3,8,E,0.0,False,"belief=The goal is likely to be downstairs, and my next move will be to head east to ga | mech=I believe that the } symbol represents water. I have ruled out that the } symbol"
2f5b3ccb,probe_mh,MiniHack-River-Narrow-v0,3,9,E,0.0,False,"belief=The goal is likely to be downstairs, and my next move will be to head east to ga | mech=I believe that the } symbol represents water. I have ruled out that the } symbol"
2f5b3ccb,probe_mh,MiniHack-River-Narrow-v0,3,10,E,0.0,False,"belief=The goal is likely to be downstairs, and my next move will be to head east to ga | mech=I believe that the } symbol represents water. I have ruled out that the } symbol"
2f5b3ccb,probe_mh,MiniHack-River-Narrow-v0,3,11,E,0.0,False,"belief=The goal is likely to be downstairs, and my next move will be to head east to ga | mech=I believe that the } symbol represents water. I have ruled out that the } symbol"
2f5b3ccb,probe_mh,MiniHack-River-Narrow-v0,3,12,E,0.0,False,"belief=The goal is likely to be downstairs, and my next move will be to head east to ga | mech=I believe that the } symbol represents water. I have ruled out that the } symbol"
2f5b3ccb,probe_mh,MiniHack-River-Narrow-v0,3,13,E,0.0,False,"belief=The goal is likely to be downstairs, and my next move will be to head east to ga | mech=I believe that the } symbol represents water. I have ruled out that the } symbol"
2f5b3ccb,probe_mh,MiniHack-River-Narrow-v0,3,14,E,0.0,False,"belief=The goal is likely to be downstairs, and my next move will be to head east to ga | mech=I believe that the } symbol represents water. I have ruled out that the } symbol"
2f5b3ccb,probe_mh,MiniHack-River-Narrow-v0,3,15,S,0.0,False,"belief=The goal is likely to be downstairs, and since moving east is not possible from  | mech=I still believe that the } symbol represents water. Given that moving east resul"
2f5b3ccb,probe_mh,MiniHack-River-Narrow-v0,3,16,S,-0.01,False,"belief=The goal is likely to be downstairs, and since moving east is not possible from  | mech=I believe that the } symbol represents water. Given that moving east resulted in"
2f5b3ccb,probe_mh,MiniHack-River-Narrow-v0,3,17,S,-0.01,False,"belief=The goal is likely to be downstairs, and since moving east is not possible from  | mech=I believe that the } symbol represents water. Given that moving east resulted in"
2f5b3ccb,probe_mh,MiniHack-River-Narrow-v0,3,18,W,0.0,False,"belief=The goal is likely to be downstairs, and since moving south is not possible from | mech=I believe that the } symbol represents water. Given that moving east and south r"
2f5b3ccb,probe_mh,MiniHack-River-Narrow-v0,3,19,W,0.0,False,"belief=The goal is likely to be downstairs, and my next move will be to head west to ga | mech=I believe that the } symbol represents water, which may be impassable or require"
2f5b3ccb,probe_mh,MiniHack-River-Narrow-v0,3,20,W,0.0,False,"belief=The goal is likely to be downstairs, and my next move will be to head west to ga | mech=I believe that the } symbol represents water, which may be impassable or require"
2f5b3ccb,probe_mh,MiniHack-River-Narrow-v0,3,21,W,0.0,False,"belief=The goal is likely to be downstairs, and my next move will be to head west to ga | mech=I believe that the } symbol represents water, which may be impassable or require"
2f5b3ccb,probe_mh,MiniHack-River-Narrow-v0,3,22,W,0.0,False,"belief=The goal is likely to be downstairs, and my next move will be to head west to ga | mech=I believe that the } symbol represents water, which may be impassable or require"
2f5b3ccb,probe_mh,MiniHack-River-Narrow-v0,3,23,W,0.0,False,"belief=The goal is likely to be downstairs, and my next move will be to head west to ga | mech=I believe that the } symbol represents water, which may be impassable or require"
2f5b3ccb,probe_mh,MiniHack-River-Narrow-v0,3,24,W,0.0,False,"belief=The goal is likely to be downstairs, and my next move will be to head west to ga | mech=I believe that the } symbol represents water, which may be impassable or require"
2f5b3ccb,probe_mh,MiniHack-River-Narrow-v0,3,25,N,0.0,False,"belief=The goal is likely to be downstairs, and my next move will be to head north to g | mech=I believe that the } symbol represents water, which may be impassable or require"
2f5b3ccb,probe_mh,MiniHack-River-Narrow-v0,3,26,N,0.0,False,"belief=The goal is likely to be downstairs, and my next move will be to head north to g | mech=I believe that the } symbol represents water, which may be impassable or require"
2f5b3ccb,probe_mh,MiniHack-River-Narrow-v0,3,27,N,0.0,False,"belief=The goal is likely to be downstairs, and my next move will be to head north to g | mech=I believe that the } symbol represents water, which may be impassable or require"
2f5b3ccb,probe_mh,MiniHack-River-Narrow-v0,3,28,N,0.0,False,"belief=The goal is likely to be downstairs, and my next move will be to head north to g | mech=I believe that the } symbol represents water, which may be impassable or require"
2f5b3ccb,probe_mh,MiniHack-River-Narrow-v0,3,29,N,0.0,False,"belief=The goal is likely to be downstairs, and my next move will be to head north to g | mech=I believe that the } symbol represents water, which may be impassable or require"
2f5b3ccb,probe_mh,MiniHack-River-Narrow-v0,3,30,N,0.0,False,"belief=The goal is likely to be downstairs, and my next move will be to head north to g | mech=I believe that the } symbol represents water, which may be impassable or require"
2f5b3ccb,probe_mh,MiniHack-River-Narrow-v0,3,31,N,-0.01,False,"belief=The goal is likely to be downstairs, and my next move will be to head north to g | mech=I believe that the } symbol represents water, which may be impassable or require"
2f5b3ccb,probe_mh,MiniHack-River-Narrow-v0,3,32,N,-0.01,False,"belief=The goal is likely to be downstairs, and my next move will be to head north to g | mech=I believe that the } symbol represents water, which may be impassable or require"
2f5b3ccb,probe_mh,MiniHack-River-Narrow-v0,3,33,E,0.0,False,"belief=The goal is likely to be downstairs, and since moving north has stalled, my next | mech=I believe that the } symbol represents water, which may be impassable or require"
2f5b3ccb,probe_mh,MiniHack-River-Narrow-v0,3,34,E,0.0,False,"belief=The goal is likely to be downstairs, and since moving north has stalled, my next | mech=I believe that the } symbol represents water, which may be impassable or require"
2f5b3ccb,probe_mh,MiniHack-River-Narrow-v0,3,35,E,0.0,False,"belief=The goal is likely to be downstairs, and my next move will be to head east to ga | mech=I believe that the } symbol represents water, which may be impassable or require"
2f5b3ccb,probe_mh,MiniHack-River-Narrow-v0,3,36,E,0.0,False,"belief=The goal is likely to be downstairs, and my next move will be to head east to ga | mech=I believe that the } symbol represents water, which may be impassable or require"
2f5b3ccb,probe_mh,MiniHack-River-Narrow-v0,3,37,E,0.0,False,"belief=The goal is likely to be downstairs, and my next move will be to head east to ga | mech=I believe that the } symbol represents water, which may be impassable or require"
2f5b3ccb,probe_mh,MiniHack-River-Narrow-v0,3,38,E,0.0,False,"belief=The goal is likely to be downstairs, and my next move will be to head east to ga | mech=I believe that the } symbol represents water, which may be impassable or require"
2f5b3ccb,probe_mh,MiniHack-River-Narrow-v0,3,39,E,0.0,False,"belief=The goal is likely to be downstairs, and my next move will be to head east to ga | mech=I believe that the } symbol represents water, which may be impassable or require"
2f5b3ccb,probe_mh,MiniHack-River-Narrow-v0,3,40,E,0.0,False,"belief=The goal is likely to be downstairs, and my next move will be to head east to ga | mech=I believe that the } symbol represents water, which may be impassable or require"
2f5b3ccb,probe_mh,MiniHack-River-Narrow-v0,3,41,E,0.0,False,"belief=The goal is likely to be downstairs, and my next move will be to head east to ga | mech=I believe that the } symbol represents water, which may be impassable or require"
2f5b3ccb,probe_mh,MiniHack-River-Narrow-v0,3,42,S,0.0,False,"belief=The goal is likely to be downstairs, and since moving east has stalled, my next  | mech=I still believe that the } symbol represents water, which may be impassable or r"
2f5b3ccb,probe_mh,MiniHack-River-Narrow-v0,3,43,S,0.0,False,"belief=The goal is likely to be downstairs, and since moving east has stalled, my next  | mech=I still believe that the } symbol represents water, which may be impassable or r"
2f5b3ccb,probe_mh,MiniHack-River-Narrow-v0,3,44,N,0.0,False,"belief=The goal is likely to be downstairs, and since moving east has stalled, my next  | mech=I still believe that the } symbol represents water, which may be impassable or r"
2f5b3ccb,probe_mh,MiniHack-River-Narrow-v0,3,45,S,0.0,False,"belief=The goal is likely to be downstairs, and my next move will be to head south to g | mech=I believe the } symbol represents water, which may be impassable or require a sp"
2f5b3ccb,probe_mh,MiniHack-River-Narrow-v0,3,46,S,0.0,False,"belief=The goal is likely to be downstairs, and my next move will be to head south to g | mech=I believe the } symbol represents water, which may be impassable or require a sp"
2f5b3ccb,probe_mh,MiniHack-River-Narrow-v0,3,47,S,0.0,False,"belief=The goal is likely to be downstairs, and my next move will be to head south to g | mech=I believe the } symbol represents water, which may be impassable or require a sp"
2f5b3ccb,probe_mh,MiniHack-River-Narrow-v0,3,48,S,0.0,False,"belief=The goal is likely to be downstairs, and my next move will be to head south to g | mech=I believe the } symbol represents water, which may be impassable or require a sp"
2f5b3ccb,probe_mh,MiniHack-River-Narrow-v0,3,49,S,0.0,False,"belief=The goal is likely to be downstairs, and my next move will be to head south to g | mech=I believe the } symbol represents water, which may be impassable or require a sp"
2f5b3ccb,probe_mh,MiniHack-River-Narrow-v0,3,50,S,-0.01,False,"belief=The goal is likely to be downstairs, and my next move will be to head south to g | mech=I believe the } symbol represents water, which may be impassable or require a sp"
2f5b3ccb,probe_mh,MiniHack-River-Narrow-v0,3,51,W,0.0,False,"belief=The goal is likely to be downstairs, and my next move will be to head west to ga | mech=I believe the } symbol represents water, which may be impassable or require a sp"
2f5b3ccb,probe_mh,MiniHack-River-Narrow-v0,3,52,N,0.0,False,"belief=The goal is likely to be downstairs, and my next move will be to head west to ga | mech=I believe the } symbol represents water, which may be impassable or require a sp"
2f5b3ccb,probe_mh,MiniHack-River-Narrow-v0,3,53,W,0.0,False,"belief=The goal is likely to be downstairs, and my next move will be to head west to ga | mech=I believe the } symbol represents water, which may be impassable or require a sp"
2f5b3ccb,probe_mh,MiniHack-River-Narrow-v0,3,54,W,0.0,False,"belief=The goal is likely to be downstairs, and my next move will be to head west to ga | mech=I believe the } symbol represents water, which may be impassable or require a sp"
2f5b3ccb,probe_mh,MiniHack-River-Narrow-v0,3,55,W,0.0,False,"belief=The goal is likely to be downstairs, and my next move will be to head west to ga | mech=I believe the } symbol represents water, which may be impassable or require a sp"
2f5b3ccb,probe_mh,MiniHack-River-Narrow-v0,3,56,W,0.0,False,"belief=The goal is likely to be downstairs, and my next move will be to head west to ga | mech=I believe the } symbol represents water, which may be impassable or require a sp"
2f5b3ccb,probe_mh,MiniHack-River-Narrow-v0,3,57,W,0.0,False,"belief=The goal is likely to be downstairs, and my next move will be to head west to ga | mech=I believe the } symbol represents water, which may be impassable or require a sp"
2f5b3ccb,probe_mh,MiniHack-River-Narrow-v0,3,58,W,0.0,False,"belief=The goal is likely to be downstairs, and my next move will be to head west to ga | mech=I believe the } symbol represents water, which may be impassable or require a sp"
2f5b3ccb,probe_mh,MiniHack-River-Narrow-v0,3,59,W,0.0,False,"belief=The goal is likely to be downstairs, and my next move will be to head west to ga | mech=I believe the } symbol represents water, which may be impassable or require a sp"
2f5b3ccb,probe_mh,MiniHack-River-Narrow-v0,3,60,W,0.0,False,"belief=The goal is likely to be downstairs, and my next move will be to head west to ga | mech=I believe the } symbol represents water, which may be impassable or require a sp"
2f5b3ccb,probe_mh,MiniHack-River-Narrow-v0,3,61,W,0.0,False,"belief=The goal is likely to be downstairs, and my next move will be to head west to ga | mech=I believe the } symbol represents water, which may be impassable or require a sp"
2f5b3ccb,probe_mh,MiniHack-River-Narrow-v0,3,62,W,0.0,False,"belief=The goal is likely to be downstairs, and my next move will be to head west to ga | mech=I believe the } symbol represents water, which may be impassable or require a sp"
2f5b3ccb,probe_mh,MiniHack-River-Narrow-v0,3,63,W,0.0,False,"belief=The goal is likely to be downstairs, and my next move will be to head west to ga | mech=I believe the } symbol represents water, which may be impassable or require a sp"
2f5b3ccb,probe_mh,MiniHack-River-Narrow-v0,3,64,W,0.0,False,"belief=The goal is likely to be downstairs, and my next move will be to head west to ga | mech=I believe the } symbol represents water, which may be impassable or require a sp"
2f5b3ccb,probe_mh,MiniHack-River-Narrow-v0,3,65,W,0.0,False,"belief=The goal is likely to be downstairs, and my next move will be to head west to ga | mech=I believe the } symbol represents water, which may be impassable or require a sp"
2f5b3ccb,probe_mh,MiniHack-River-Narrow-v0,3,66,W,0.0,False,"belief=The goal is likely to be downstairs, and my next move will be to head west to ga | mech=I believe the } symbol represents water, which may be impassable or require a sp"
2f5b3ccb,probe_mh,MiniHack-River-Narrow-v0,3,67,W,0.0,False,"belief=The goal is likely to be downstairs, and my next move will be to head west to ga | mech=I believe the } symbol represents water, which may be impassable or require a sp"
2f5b3ccb,probe_mh,MiniHack-River-Narrow-v0,3,68,W,0.0,False,"belief=The goal is likely to be downstairs, and my next move will be to head west to ga | mech=I believe the } symbol represents water, which may be impassable or require a sp"
2f5b3ccb,probe_mh,MiniHack-River-Narrow-v0,3,69,W,-0.01,False,"belief=The goal is likely to be downstairs, and my next move will be to head west to ga | mech=I believe the } symbol represents water, which may be impassable or require a sp"
2f5b3ccb,probe_mh,MiniHack-River-Narrow-v0,3,70,N,0.0,False,"belief=The goal is likely to be downstairs, and my next move will be to head north to g | mech=I believe the } symbol represents water, which may be impassable or require a sp"
2f5b3ccb,probe_mh,MiniHack-River-Narrow-v0,3,71,N,0.0,False,"belief=The goal is likely to be downstairs, and my next move will be to head north to g | mech=I believe the } symbol represents water, which may be impassable or require a sp"
2f5b3ccb,probe_mh,MiniHack-River-Narrow-v0,3,72,N,0.0,False,"belief=The goal is likely to be downstairs, and my next move will be to head north to g | mech=I believe the } symbol represents water, which may be impassable or require a sp"
2f5b3ccb,probe_mh,MiniHack-River-Narrow-v0,3,73,N,0.0,False,"belief=The goal is likely to be downstairs, and my next move will be to head north to g | mech=I believe the } symbol represents water, which may be impassable or require a sp"
2f5b3ccb,probe_mh,MiniHack-River-Narrow-v0,3,74,N,0.0,False,"belief=The goal is likely to be downstairs, and my next move will be to head north to g | mech=I believe the } symbol represents water, which may be impassable or require a sp"
2f5b3ccb,probe_mh,MiniHack-River-Narrow-v0,3,75,E,0.0,False,"belief=The goal is likely to be downstairs, and my next move will be to head east to ga | mech=I believe the } symbol represents water, which may be impassable or require a sp"
2f5b3ccb,probe_mh,MiniHack-River-Narrow-v0,3,76,E,0.0,False,"belief=The goal is likely to be downstairs, and my next move will be to head east to ga | mech=I believe the } symbol represents water, which may be impassable or require a sp"
2f5b3ccb,probe_mh,MiniHack-River-Narrow-v0,3,77,E,0.0,False,"belief=The goal is likely to be downstairs, and my next move will be to head east to ga | mech=I believe the } symbol represents water, which may be impassable or require a sp"
2f5b3ccb,probe_mh,MiniHack-River-Narrow-v0,3,78,E,0.0,False,"belief=The goal is likely to be downstairs, and my next move will be to head east to ga | mech=I believe the } symbol represents water, which may be impassable or require a sp"
2f5b3ccb,probe_mh,MiniHack-River-Narrow-v0,3,79,E,0.0,False,"belief=The goal is likely to be downstairs, and my next move will be to head east to ga | mech=I believe the } symbol represents water, which may be impassable or require a sp"
2f5b3ccb,probe_mh,MiniHack-River-Narrow-v0,3,80,E,0.0,False,"belief=The goal is likely to be downstairs, and my next move will be to head east to ga | mech=I believe the } symbol represents water, which may be impassable or require a sp"
2f5b3ccb,probe_mh,MiniHack-River-Narrow-v0,3,81,E,0.0,False,"belief=The goal is likely to be downstairs, and my next move will be to head east to ga | mech=I believe the } symbol represents water, which may be impassable or require a sp"
2f5b3ccb,probe_mh,MiniHack-River-Narrow-v0,3,82,S,0.0,False,"belief=The goal is likely to be downstairs, and my next move will be to head south to g | mech=I believe the } symbol represents water, which may be impassable or require a sp"
2f5b3ccb,probe_mh,MiniHack-River-Narrow-v0,3,83,S,0.0,False,"belief=The goal is likely to be downstairs, and my next move will be to head south to g | mech=I believe the } symbol represents water, which may be impassable or require a sp"
2f5b3ccb,probe_mh,MiniHack-River-Narrow-v0,3,84,S,0.0,False,"belief=The goal is likely to be downstairs, and my next move will be to head south to g | mech=I believe the } symbol represents water, which may be impassable or require a sp"
2f5b3ccb,probe_mh,MiniHack-River-Narrow-v0,3,85,S,0.0,False,"belief=The goal is likely to be downstairs, and my next move will be to head south to g | mech=I believe the } symbol represents water, which may be impassable or require a sp"
2f5b3ccb,probe_mh,MiniHack-River-Narrow-v0,3,86,S,0.0,False,"belief=The goal is likely to be downstairs, and my next move will be to head south to g | mech=I believe the } symbol represents water, which may be impassable or require a sp"
2f5b3ccb,probe_mh,MiniHack-River-Narrow-v0,3,87,S,0.0,False,"belief=The goal is likely to be downstairs, and my next move will be to head south to g | mech=I believe the } symbol represents water, which may be impassable or require a sp"
2f5b3ccb,probe_mh,MiniHack-River-Narrow-v0,3,88,S,-0.01,False,"belief=The goal is likely to be downstairs, and my next move will be to head south to g | mech=I believe the } symbol represents water, which may be impassable or require a sp"
2f5b3ccb,probe_mh,MiniHack-River-Narrow-v0,3,89,E,0.0,False,"belief=The goal is likely to be downstairs, and my next move will be to head east to ga | mech=I believe the } symbol represents water, which may be impassable or require a sp"
2f5b3ccb,probe_mh,MiniHack-River-Narrow-v0,3,90,E,0.0,False,"belief=The goal is likely to be downstairs, and my next move will be to head east to ga | mech=I believe the } symbol represents water, which may be impassable or require a sp"
2f5b3ccb,probe_mh,MiniHack-River-Narrow-v0,3,91,E,0.0,False,"belief=The goal is likely to be downstairs, and my next move will be to head east to ga | mech=I believe the } symbol represents water, which may be impassable or require a sp"
2f5b3ccb,probe_mh,MiniHack-River-Narrow-v0,3,92,E,0.0,False,"belief=The goal is likely to be downstairs, and my next move will be to head east to ga | mech=I believe the } symbol represents water, which may be impassable or require a sp"
2f5b3ccb,probe_mh,MiniHack-River-Narrow-v0,3,93,E,0.0,False,"belief=The goal is likely to be downstairs, and my next move will be to head east to ga | mech=I believe the } symbol represents water, which may be impassable or require a sp"
2f5b3ccb,probe_mh,MiniHack-River-Narrow-v0,3,94,E,0.0,False,"belief=The goal is likely to be downstairs, and my next move will be to head east to ga | mech=I believe the } symbol represents water, which may be impassable or require a sp"
2f5b3ccb,probe_mh,MiniHack-River-Narrow-v0,3,95,E,0.0,False,"belief=The goal is likely to be downstairs, and my next move will be to head east to ga | mech=I believe the } symbol represents water, which may be impassable or require a sp"
2f5b3ccb,probe_mh,MiniHack-River-Narrow-v0,3,96,E,0.0,False,"belief=The goal is likely to be downstairs, and my next move will be to head east to ga | mech=I believe the } symbol represents water, which may be impassable or require a sp"
2f5b3ccb,probe_mh,MiniHack-River-Narrow-v0,3,97,E,0.0,False,"belief=The goal is likely to be downstairs, and my next move will be to head east to ga | mech=I believe the } symbol represents water, which may be impassable or require a sp"
2f5b3ccb,probe_mh,MiniHack-River-Narrow-v0,3,98,E,0.0,False,"belief=The goal is likely to be downstairs, and my next move will be to head east to ga | mech=I believe the } symbol represents water, which may be impassable or require a sp"
2f5b3ccb,probe_mh,MiniHack-River-Narrow-v0,3,99,E,0.0,False,"belief=The goal is likely to be downstairs, and my next move will be to head east to ga | mech=I believe the } symbol represents water, which may be impassable or require a sp"
2f5b3ccb,probe_mh,MiniHack-River-Narrow-v0,3,100,N,0.0,False,"belief=The goal is likely to be downstairs, and my next move will be to head north to g | mech=I believe the } symbol represents water, which may be impassable or require a sp"
2f5b3ccb,probe_mh,MiniHack-River-Narrow-v0,3,101,N,0.0,False,"belief=The goal is likely to be downstairs, and my next move will be to head north to g | mech=I believe the } symbol represents water, which may be impassable or require a sp"
2f5b3ccb,probe_mh,MiniHack-River-Narrow-v0,3,102,N,0.0,False,"belief=The goal is likely to be downstairs, and my next move will be to head north to g | mech=I believe the } symbol represents water, which may be impassable or require a sp"
2f5b3ccb,probe_mh,MiniHack-River-Narrow-v0,3,103,N,0.0,False,"belief=The goal is likely to be downstairs, and my next move will be to head north to g | mech=I believe the } symbol represents water, which may be impassable or require a sp"
2f5b3ccb,probe_mh,MiniHack-River-Narrow-v0,3,104,N,0.0,False,"belief=The goal is likely to be downstairs, and my next move will be to head north to g | mech=I believe the } symbol represents water, which may be impassable or require a sp"
2f5b3ccb,probe_mh,MiniHack-River-Narrow-v0,3,105,N,-0.01,False,"belief=The goal is likely to be downstairs, and my next move will be to head north to g | mech=I believe the } symbol represents water, which may be impassable or require a sp"
2f5b3ccb,probe_mh,MiniHack-River-Narrow-v0,3,106,W,0.0,False,"belief=The goal is likely to be downstairs, and my next move will be to head west to ga | mech=I believe the } symbol represents water, which may be impassable or require a sp"
2f5b3ccb,probe_mh,MiniHack-River-Narrow-v0,3,107,W,0.0,False,"belief=The goal is likely to be downstairs, and my next move will be to head west to ga | mech=I believe the } symbol represents water, which may be impassable or require a sp"
2f5b3ccb,probe_mh,MiniHack-River-Narrow-v0,3,108,W,0.0,False,"belief=The goal is likely to be downstairs, and my next move will be to head west to ga | mech=I believe the } symbol represents water, which may be impassable or require a sp"
2f5b3ccb,probe_mh,MiniHack-River-Narrow-v0,3,109,W,0.0,False,"belief=The goal is likely to be downstairs, and my next move will be to head west to ga | mech=I believe the } symbol represents water, which may be impassable or require a sp"
2f5b3ccb,probe_mh,MiniHack-River-Narrow-v0,3,110,W,0.0,False,"belief=The goal is likely to be downstairs, and my next move will be to head west to ga | mech=I believe the } symbol represents water, which may be impassable or require a sp"
2f5b3ccb,probe_mh,MiniHack-River-Narrow-v0,3,111,W,0.0,False,"belief=The goal is likely to be downstairs, and my next move will be to head west to ga | mech=I believe the } symbol represents water, which may be impassable or require a sp"
2f5b3ccb,probe_mh,MiniHack-River-Narrow-v0,3,112,W,0.0,False,"belief=The goal is likely to be downstairs, and my next move will be to head west to ga | mech=I believe the } symbol represents water, which may be impassable or require a sp"
2f5b3ccb,probe_mh,MiniHack-River-Narrow-v0,3,113,W,0.0,False,"belief=The goal is likely to be downstairs, and my next move will be to head west to ga | mech=I believe the } symbol represents water, which may be impassable or require a sp"
2f5b3ccb,probe_mh,MiniHack-River-Narrow-v0,3,114,W,0.0,False,"belief=The goal is likely to be downstairs, and my next move will be to head west to ga | mech=I believe the } symbol represents water, which may be impassable or require a sp"
2f5b3ccb,probe_mh,MiniHack-River-Narrow-v0,3,115,W,0.0,False,"belief=The goal is likely to be downstairs, and my next move will be to head west to ga | mech=I believe the } symbol represents water, which may be impassable or require a sp"
2f5b3ccb,probe_mh,MiniHack-River-Narrow-v0,3,116,W,0.0,False,"belief=The goal is likely to be downstairs, and my next move will be to head west to ga | mech=I believe the } symbol represents water, which may be impassable or require a sp"
2f5b3ccb,probe_mh,MiniHack-River-Narrow-v0,3,117,W,0.0,False,"belief=The goal is likely to be downstairs, and my next move will be to head west to ga | mech=I believe the } symbol represents water, which may be impassable or require a sp"
2f5b3ccb,probe_mh,MiniHack-River-Narrow-v0,3,118,W,0.0,False,"belief=The goal is likely to be downstairs, and my next move will be to head west to ga | mech=I believe the } symbol represents water, which may be impassable or require a sp"
2f5b3ccb,probe_mh,MiniHack-River-Narrow-v0,3,119,W,0.0,False,"belief=The goal is likely to be downstairs, and my next move will be to head west to ga | mech=I believe the } symbol represents water, which may be impassable or require a sp"
2f5b3ccb,probe_mh,MiniHack-River-Narrow-v0,4,0,E,0.0,False,"belief={'layout': 'no plan yet; I need to locate the goal and a path to it', 'next_move | mech=unknown; I do not yet know how the obstacles here work, so I must discover it by"
2f5b3ccb,probe_mh,MiniHack-River-Narrow-v0,4,1,N,-0.01,False,"belief={'layout': 'no plan yet; I need to locate the goal and a path to it', 'next_move | mech=unknown; I do not yet know how the obstacles here work, so I must discover it by"
2f5b3ccb,probe_mh,MiniHack-River-Narrow-v0,4,2,E,0.0,False,"belief={'layout': 'goal not found, exploring east to gather more information', 'next_mo | mech=unknown; I do not yet know how the obstacles here work, so I must discover it by"
2f5b3ccb,probe_mh,MiniHack-River-Narrow-v0,4,3,E,0.0,False,"belief={'layout': 'goal not found, exploring east to gather more information', 'next_mo | mech=unknown; I do not yet know how the obstacles here work, so I must discover it by"
2f5b3ccb,probe_mh,MiniHack-River-Narrow-v0,4,4,E,0.0,False,"belief={'layout': 'goal not found, exploring east to gather more information', 'next_mo | mech=unknown; I do not yet know how the obstacles here work, so I must discover it by"
2f5b3ccb,probe_mh,MiniHack-River-Narrow-v0,4,5,E,0.0,False,"belief={'layout': 'goal not found, exploring east to gather more information', 'next_mo | mech=unknown; I do not yet know how the obstacles here work, so I must discover it by"
2f5b3ccb,probe_mh,MiniHack-River-Narrow-v0,4,6,E,0.0,False,"belief={'layout': 'goal not found, exploring east to gather more information', 'next_mo | mech=unknown; I do not yet know how the obstacles here work, so I must discover it by"
2f5b3ccb,probe_mh,MiniHack-River-Narrow-v0,4,7,E,0.0,False,"belief={'layout': 'goal not found, exploring east to gather more information', 'next_mo | mech=unknown; I do not yet know how the obstacles here work, so I must discover it by"
2f5b3ccb,probe_mh,MiniHack-River-Narrow-v0,4,8,E,0.0,False,"belief={'layout': 'goal not found, exploring east to gather more information', 'next_mo | mech=unknown; I do not yet know how the obstacles here work, so I must discover it by"
2f5b3ccb,probe_mh,MiniHack-River-Narrow-v0,4,9,E,0.0,False,"belief={'layout': 'goal not found, exploring east to gather more information', 'next_mo | mech=unknown; I do not yet know how the obstacles here work, so I must discover it by"
2f5b3ccb,probe_mh,MiniHack-River-Narrow-v0,4,10,E,0.0,False,"belief={'layout': 'goal not found, exploring east to gather more information', 'next_mo | mech=unknown; I do not yet know how the obstacles here work, so I must discover it by"
2f5b3ccb,probe_mh,MiniHack-River-Narrow-v0,4,11,SE,0.0,False,"belief={'layout': 'goal not found, exploring to gather more information about water or  | mech=unknown; I do not yet know how the obstacles here work, so I must discover it by | EXPERIMENT"
2f5b3ccb,probe_mh,MiniHack-River-Narrow-v0,4,12,N,0.0,False,"belief={'layout': 'goal not found, exploring to gather more information about water or  | mech=unknown; I do not yet know how the obstacles here work, so I must discover it by"
2f5b3ccb,probe_mh,MiniHack-River-Narrow-v0,4,13,N,-0.01,False,"belief={'layout': 'goal not found, exploring to gather more information about water or  | mech=unknown; I do not yet know how the obstacles here work, so I must discover it by"
2f5b3ccb,probe_mh,MiniHack-River-Narrow-v0,4,14,E,0.0,False,"belief={'layout': 'goal not found, exploring to gather more information about water or  | mech=unknown; I do not yet know how the obstacles here work, so I must discover it by"
2f5b3ccb,probe_mh,MiniHack-River-Narrow-v0,4,15,S,0.0,False,"belief={'layout': 'goal not found, exploring to gather more information about water or  | mech=unknown; I do not yet know how the obstacles here work, so I must discover it by"
2f5b3ccb,probe_mh,MiniHack-River-Narrow-v0,4,16,S,0.0,False,"belief={'layout': 'goal not found, exploring to gather more information about water or  | mech=unknown; I do not yet know how the obstacles here work, so I must discover it by"
2f5b3ccb,probe_mh,MiniHack-River-Narrow-v0,4,17,S,0.0,False,"belief={'layout': 'goal not found, exploring to gather more information about water or  | mech=unknown; I do not yet know how the obstacles here work, so I must discover it by"
2f5b3ccb,probe_mh,MiniHack-River-Narrow-v0,4,18,S,0.0,False,"belief={'layout': 'goal not found, exploring to gather more information about water or  | mech=unknown; I do not yet know how the obstacles here work, so I must discover it by"
2f5b3ccb,probe_mh,MiniHack-River-Narrow-v0,4,19,S,0.0,False,"belief={'layout': 'goal not found, exploring to gather more information about water or  | mech=unknown; I do not yet know how the obstacles here work, so I must discover it by"
2f5b3ccb,probe_mh,MiniHack-River-Narrow-v0,4,20,E,0.0,False,"belief={'layout': 'goal not found, exploring to gather more information about water or  | mech=unknown; I do not yet know how the obstacles here work, so I must discover it by"
2f5b3ccb,probe_mh,MiniHack-River-Narrow-v0,4,21,E,0.0,False,"belief={'layout': 'goal not found, exploring to gather more information about water or  | mech=unknown; I do not yet know how the obstacles here work, so I must discover it by"
2f5b3ccb,probe_mh,MiniHack-River-Narrow-v0,4,22,E,0.0,False,"belief={'layout': 'goal not found, exploring to gather more information about water or  | mech=unknown; I do not yet know how the obstacles here work, so I must discover it by"
2f5b3ccb,probe_mh,MiniHack-River-Narrow-v0,4,23,E,0.0,False,"belief={'layout': 'goal not found, exploring to gather more information about water or  | mech=water may be crossable by attempting to walk into it or by finding an alternativ | EXPERIMENT"
2f5b3ccb,probe_mh,MiniHack-River-Narrow-v0,4,24,E,0.0,False,"belief={'layout': 'goal not found, exploring to gather more information about water or  | mech=water may be crossable by attempting to walk into it or by finding an alternativ"
2f5b3ccb,probe_mh,MiniHack-River-Narrow-v0,4,25,W,0.0,False,"belief={'layout': 'goal not found, exploring to gather more information about water or  | mech=water may be crossable by attempting to walk into it or by finding an alternativ"
2f5b3ccb,probe_mh,MiniHack-River-Narrow-v0,4,26,E,0.0,False,"belief={'layout': 'goal not found, exploring to gather more information about water or  | mech=water may be crossable by attempting to walk into it or by finding an alternativ"
2f5b3ccb,probe_mh,MiniHack-River-Narrow-v0,4,27,E,0.0,False,"belief={'layout': 'goal not found, exploring to gather more information about water or  | mech=water may be crossable by attempting to walk into it or by finding an alternativ"
2f5b3ccb,probe_mh,MiniHack-River-Narrow-v0,4,28,E,0.0,False,"belief={'layout': 'goal not found, exploring to gather more information about water or  | mech=water may be crossable by attempting to walk into it or by finding an alternativ"
2f5b3ccb,probe_mh,MiniHack-River-Narrow-v0,4,29,N,0.0,False,"belief={'layout': 'goal not found, exploring to gather more information about water or  | mech=water may be crossable by attempting to walk into it or by finding an alternativ"
2f5b3ccb,probe_mh,MiniHack-River-Narrow-v0,4,30,E,0.0,False,"belief={'layout': 'goal not found, exploring to gather more information about water or  | mech=water may be crossable by attempting to walk into it or by finding an alternativ"
2f5b3ccb,probe_mh,MiniHack-River-Narrow-v0,4,31,E,0.0,False,"belief={'layout': 'goal not found, exploring to gather more information about water or  | mech=water may be crossable by attempting to walk into it or by finding an alternativ"
2f5b3ccb,probe_mh,MiniHack-River-Narrow-v0,4,32,E,0.0,False,"belief={'layout': 'goal not found, exploring to gather more information about water or  | mech=water may be crossable by attempting to walk into it or by finding an alternativ"
2f5b3ccb,probe_mh,MiniHack-River-Narrow-v0,4,33,N,0.0,False,"belief={'layout': 'goal not found, exploring to gather more information about water or  | mech=water may be crossable by attempting to walk into it or by finding an alternativ"
2f5b3ccb,probe_mh,MiniHack-River-Narrow-v0,4,34,E,0.0,False,"belief={'layout': 'goal not found, exploring to gather more information about water or  | mech=water may be crossable by attempting to walk into it or by finding an alternativ"
2f5b3ccb,probe_mh,MiniHack-River-Narrow-v0,4,35,E,0.0,False,"belief={'layout': 'goal not found, exploring to gather more information about water or  | mech=water may be crossable by attempting to walk into it or by finding an alternativ"
2f5b3ccb,probe_mh,MiniHack-River-Narrow-v0,4,36,N,0.0,False,"belief={'layout': 'goal not found, exploring to gather more information about water or  | mech=water may be crossable by attempting to walk into it or by finding an alternativ"
2f5b3ccb,probe_mh,MiniHack-River-Narrow-v0,4,37,E,0.0,False,"belief={'layout': 'goal not found, exploring to gather more information about water or  | mech=water may be crossable by attempting to walk into it or by finding an alternativ"
2f5b3ccb,probe_mh,MiniHack-River-Narrow-v0,4,38,E,0.0,False,"belief={'layout': 'goal not found, exploring to gather more information about water or  | mech=water may be crossable by attempting to walk into it or by finding an alternativ"
2f5b3ccb,probe_mh,MiniHack-River-Narrow-v0,4,39,N,0.0,False,"belief={'layout': 'goal not found, exploring to gather more information about water or  | mech=water may be crossable by attempting to walk into it or by finding an alternativ"
2f5b3ccb,probe_mh,MiniHack-River-Narrow-v0,4,40,E,0.0,False,"belief={'layout': 'goal not found, exploring to gather more information about water or  | mech=water may be crossable by attempting to walk into it or by finding an alternativ"
2f5b3ccb,probe_mh,MiniHack-River-Narrow-v0,4,41,N,0.0,False,"belief={'layout': 'goal not found, exploring to gather more information about water or  | mech=water may be crossable by attempting to walk into it or by finding an alternativ"
2f5b3ccb,probe_mh,MiniHack-River-Narrow-v0,4,42,E,0.0,False,"belief={'layout': 'goal not found, exploring to gather more information about water or  | mech=water may be crossable by attempting to walk into it or by finding an alternativ | EXPERIMENT"
2f5b3ccb,probe_mh,MiniHack-River-Narrow-v0,4,43,E,0.0,False,"belief={'layout': 'goal not found, exploring to gather more information about water or  | mech=water may be crossable by attempting to walk into it or by finding an alternativ | EXPERIMENT"
2f5b3ccb,probe_mh,MiniHack-River-Narrow-v0,4,44,S,0.0,False,"belief={'layout': 'goal not found, exploring to gather more information about water or  | mech=water may be crossable by attempting to walk into it or by finding an alternativ | EXPERIMENT"
2f5b3ccb,probe_mh,MiniHack-River-Narrow-v0,4,45,E,0.0,False,"belief={'layout': 'goal not found, exploring to gather more information about water or  | mech=water may be crossable by attempting to walk into it or by finding an alternativ | EXPERIMENT"
2f5b3ccb,probe_mh,MiniHack-River-Narrow-v0,4,46,N,0.0,False,"belief={'layout': 'goal not found, exploring to gather more information about water or  | mech=water may be crossable by attempting to walk into it or by finding an alternativ | EXPERIMENT"
2f5b3ccb,probe_mh,MiniHack-River-Narrow-v0,4,47,E,0.0,False,"belief={'layout': 'goal not found, exploring to gather more information about water or  | mech=water may be crossable by attempting to walk into it or by finding an alternativ | EXPERIMENT"
2f5b3ccb,probe_mh,MiniHack-River-Narrow-v0,4,48,E,0.0,False,"belief={'layout': 'goal not found, exploring to gather more information about water or  | mech=water may be crossable by attempting to walk into it or by finding an alternativ | EXPERIMENT"
2f5b3ccb,probe_mh,MiniHack-River-Narrow-v0,4,49,N,0.0,False,"belief={'layout': 'goal not found, exploring to gather more information about water or  | mech=water may be crossable by attempting to walk into it or by finding an alternativ | EXPERIMENT"
2f5b3ccb,probe_mh,MiniHack-River-Narrow-v0,4,50,E,0.0,False,"belief={'layout': 'goal not found, exploring to gather more information about water or  | mech=water may be crossable by attempting to walk into it or by finding an alternativ"
2f5b3ccb,probe_mh,MiniHack-River-Narrow-v0,4,51,E,0.0,False,"belief={'layout': 'goal not found, exploring to gather more information about water or  | mech=water may be crossable by attempting to walk into it or by finding an alternativ"
2f5b3ccb,probe_mh,MiniHack-River-Narrow-v0,4,52,E,0.0,False,"belief={'layout': 'goal not found, exploring to gather more information about water or  | mech=water may be crossable by attempting to walk into it or by finding an alternativ"
2f5b3ccb,probe_mh,MiniHack-River-Narrow-v0,4,53,N,-0.01,False,"belief={'layout': 'goal not found, exploring to gather more information about water or  | mech=water may be crossable by attempting to walk into it or by finding an alternativ"
2f5b3ccb,probe_mh,MiniHack-River-Narrow-v0,4,54,E,0.0,False,"belief={'layout': 'goal not found, exploring to gather more information about water or  | mech=water may be crossable by attempting to walk into it or by finding an alternativ"
2f5b3ccb,probe_mh,MiniHack-River-Narrow-v0,4,55,S,0.0,False,"belief={'layout': 'goal not found, exploring to gather more information about water or  | mech=water may be crossable by attempting to walk into it or by finding an alternativ"
2f5b3ccb,probe_mh,MiniHack-River-Narrow-v0,4,56,S,0.0,False,"belief={'layout': 'goal not found, exploring to gather more information about water or  | mech=water may be crossable by attempting to walk into it or by finding an alternativ"
2f5b3ccb,probe_mh,MiniHack-River-Narrow-v0,4,57,S,0.0,False,"belief={'layout': 'goal not found, exploring to gather more information about water or  | mech=water may be crossable by attempting to walk into it or by finding an alternativ"
2f5b3ccb,probe_mh,MiniHack-River-Narrow-v0,4,58,S,0.0,False,"belief={'layout': 'goal not found, exploring to gather more information about water or  | mech=water may be crossable by attempting to walk into it or by finding an alternativ"
2f5b3ccb,probe_mh,MiniHack-River-Narrow-v0,4,59,S,0.0,False,"belief={'layout': 'goal not found, exploring to gather more information about water or  | mech=water may be crossable by attempting to walk into it or by finding an alternativ"
2f5b3ccb,probe_mh,MiniHack-River-Narrow-v0,4,60,S,0.0,False,"belief={'layout': 'goal not found, exploring to gather more information about water or  | mech=water may be crossable by attempting to walk into it or by finding an alternativ"
2f5b3ccb,probe_mh,MiniHack-River-Narrow-v0,4,61,E,0.0,False,"belief={'layout': 'goal not found, exploring to gather more information about water or  | mech=water may be crossable by attempting to walk into it or by finding an alternativ"
2f5b3ccb,probe_mh,MiniHack-River-Narrow-v0,4,62,S,0.0,False,"belief={'layout': 'goal not found, exploring to gather more information about water or  | mech=water may be crossable by attempting to walk into it or by finding an alternativ"
2f5b3ccb,probe_mh,MiniHack-River-Narrow-v0,4,63,E,0.0,False,"belief={'layout': 'goal not found, exploring to gather more information about water or  | mech=water may be crossable by attempting to walk into it or by finding an alternativ"
2f5b3ccb,probe_mh,MiniHack-River-Narrow-v0,4,64,E,0.0,False,"belief={'layout': 'goal not found, exploring to gather more information about water or  | mech=water may be crossable by attempting to walk into it or by finding an alternativ"
2f5b3ccb,probe_mh,MiniHack-River-Narrow-v0,4,65,N,0.0,False,"belief={'layout': 'goal not found, exploring to gather more information about water or  | mech=water may be crossable by attempting to walk into it or by finding an alternativ"
2f5b3ccb,probe_mh,MiniHack-River-Narrow-v0,4,66,N,0.0,False,"belief={'layout': 'goal not found, exploring to gather more information about water or  | mech=water may be crossable by attempting to walk into it or by finding an alternativ"
2f5b3ccb,probe_mh,MiniHack-River-Narrow-v0,4,67,N,0.0,False,"belief={'layout': 'goal not found, exploring to gather more information about water or  | mech=water may be crossable by attempting to walk into it or by finding an alternativ"
2f5b3ccb,probe_mh,MiniHack-River-Narrow-v0,4,68,N,0.0,False,"belief={'layout': 'goal not found, exploring to gather more information about water or  | mech=water may be crossable by attempting to walk into it or by finding an alternativ"
2f5b3ccb,probe_mh,MiniHack-River-Narrow-v0,4,69,N,0.0,False,"belief={'layout': 'goal not found, exploring to gather more information about water or  | mech=water may be crossable by attempting to walk into it or by finding an alternativ"
2f5b3ccb,probe_mh,MiniHack-River-Narrow-v0,4,70,N,0.0,False,"belief={'layout': 'goal not found, exploring to gather more information about water or  | mech=water may be crossable by attempting to walk into it or by finding an alternativ"
2f5b3ccb,probe_mh,MiniHack-River-Narrow-v0,4,71,N,-0.01,False,"belief={'layout': 'goal not found, exploring to gather more information about water or  | mech=water may be crossable by attempting to walk into it or by finding an alternativ"
2f5b3ccb,probe_mh,MiniHack-River-Narrow-v0,4,72,E,0.0,False,"belief={'layout': 'goal not found, exploring to gather more information about water or  | mech=water may be crossable by attempting to walk into it or by finding an alternativ"
2f5b3ccb,probe_mh,MiniHack-River-Narrow-v0,4,73,E,0.0,False,"belief={'layout': 'goal not found, exploring to gather more information about water or  | mech=water may be crossable by attempting to walk into it or by finding an alternativ"
2f5b3ccb,probe_mh,MiniHack-River-Narrow-v0,4,74,E,0.0,False,"belief={'layout': 'goal not found, exploring to gather more information about water or  | mech=water may be crossable by attempting to walk into it or by finding an alternativ"
2f5b3ccb,probe_mh,MiniHack-River-Narrow-v0,4,75,S,0.0,False,"belief={'layout': 'goal not found, exploring to gather more information about water or  | mech=water may be crossable by attempting to walk into it or by finding an alternativ"
2f5b3ccb,probe_mh,MiniHack-River-Narrow-v0,4,76,S,0.0,False,"belief={'layout': 'goal not found, exploring to gather more information about water or  | mech=water may be crossable by attempting to walk into it or by finding an alternativ"
2f5b3ccb,probe_mh,MiniHack-River-Narrow-v0,4,77,S,0.0,False,"belief={'layout': 'goal not found, exploring to gather more information about water or  | mech=water may be crossable by attempting to walk into it or by finding an alternativ"
2f5b3ccb,probe_mh,MiniHack-River-Narrow-v0,4,78,S,0.0,False,"belief={'layout': 'goal not found, exploring to gather more information about water or  | mech=water may be crossable by attempting to walk into it or by finding an alternativ"
2f5b3ccb,probe_mh,MiniHack-River-Narrow-v0,4,79,S,0.0,False,"belief={'layout': 'goal not found, exploring to gather more information about water or  | mech=water may be crossable by attempting to walk into it or by finding an alternativ"
2f5b3ccb,probe_mh,MiniHack-River-Narrow-v0,4,80,S,0.0,False,"belief={'layout': 'goal not found, exploring to gather more information about water or  | mech=water may be crossable by attempting to walk into it or by finding an alternativ"
2f5b3ccb,probe_mh,MiniHack-River-Narrow-v0,4,81,S,-0.01,False,"belief={'layout': 'goal not found, exploring to gather more information about water or  | mech=water may be crossable by attempting to walk into it or by finding an alternativ"
2f5b3ccb,probe_mh,MiniHack-River-Narrow-v0,4,82,E,0.0,False,"belief={'layout': 'goal not found, exploring to gather more information about water or  | mech=water may be crossable by attempting to walk into it or by finding an alternativ"
2f5b3ccb,probe_mh,MiniHack-River-Narrow-v0,4,83,N,0.0,False,"belief={'layout': 'goal not found, exploring to gather more information about water or  | mech=water may be crossable by attempting to walk into it or by finding an alternativ"
2f5b3ccb,probe_mh,MiniHack-River-Narrow-v0,4,84,E,0.0,False,"belief={'layout': 'goal not found, exploring to gather more information about water or  | mech=water may be crossable by attempting to walk into it or by finding an alternativ"
2f5b3ccb,probe_mh,MiniHack-River-Narrow-v0,4,85,S,0.0,False,"belief={'layout': 'goal not found, exploring to gather more information about water or  | mech=water may be crossable by attempting to walk into it or by finding an alternativ"
2f5b3ccb,probe_mh,MiniHack-River-Narrow-v0,4,86,E,0.0,False,"belief={'layout': 'goal not found, exploring to gather more information about water or  | mech=water may be crossable by attempting to walk into it or by finding an alternativ"
2f5b3ccb,probe_mh,MiniHack-River-Narrow-v0,4,87,S,-0.01,False,"belief={'layout': 'goal not found, exploring to gather more information about water or  | mech=water may be crossable by attempting to walk into it or by finding an alternativ"
2f5b3ccb,probe_mh,MiniHack-River-Narrow-v0,4,88,E,0.0,False,"belief={'layout': 'goal not found, exploring to gather more information about water or  | mech=water may be crossable by attempting to walk into it or by finding an alternativ"
2f5b3ccb,probe_mh,MiniHack-River-Narrow-v0,4,89,S,-0.01,False,"belief={'layout': 'goal not found, exploring to gather more information about water or  | mech=water may be crossable by attempting to walk into it or by finding an alternativ"
2f5b3ccb,probe_mh,MiniHack-River-Narrow-v0,4,90,E,0.0,False,"belief={'layout': 'goal not found, exploring to gather more information about water or  | mech=water may be crossable by attempting to walk into it or by finding an alternativ"
2f5b3ccb,probe_mh,MiniHack-River-Narrow-v0,4,91,S,0.0,False,"belief={'layout': 'goal not found, exploring to gather more information about water or  | mech=water may be crossable by attempting to walk into it or by finding an alternativ"
2f5b3ccb,probe_mh,MiniHack-River-Narrow-v0,4,92,E,0.0,False,"belief={'layout': 'goal not found, exploring to gather more information about water or  | mech=water may be crossable by attempting to walk into it or by finding an alternativ"
2f5b3ccb,probe_mh,MiniHack-River-Narrow-v0,4,93,S,-0.01,False,"belief={'layout': 'goal not found, exploring to gather more information about water or  | mech=water may be crossable by attempting to walk into it or by finding an alternativ"
2f5b3ccb,probe_mh,MiniHack-River-Narrow-v0,4,94,E,0.0,False,"belief={'layout': 'goal not found, exploring to gather more information about water or  | mech=water may be crossable by attempting to walk into it or by finding an alternativ"
2f5b3ccb,probe_mh,MiniHack-River-Narrow-v0,4,95,N,0.0,False,"belief={'layout': 'goal not found, exploring to gather more information about water or  | mech=water may be crossable by attempting to walk into it or by finding an alternativ"
2f5b3ccb,probe_mh,MiniHack-River-Narrow-v0,4,96,N,0.0,False,"belief={'layout': 'goal not found, exploring to gather more information about water or  | mech=water may be crossable by attempting to walk into it or by finding an alternativ"
2f5b3ccb,probe_mh,MiniHack-River-Narrow-v0,4,97,N,0.0,False,"belief={'layout': 'goal not found, exploring to gather more information about water or  | mech=water may be crossable by attempting to walk into it or by finding an alternativ"
2f5b3ccb,probe_mh,MiniHack-River-Narrow-v0,4,98,N,0.0,False,"belief={'layout': 'goal not found, exploring to gather more information about water or  | mech=water may be crossable by attempting to walk into it or by finding an alternativ"
2f5b3ccb,probe_mh,MiniHack-River-Narrow-v0,4,99,N,0.0,False,"belief={'layout': 'goal not found, exploring to gather more information about water or  | mech=water may be crossable by attempting to walk into it or by finding an alternativ"
2f5b3ccb,probe_mh,MiniHack-River-Narrow-v0,4,100,N,0.0,False,"belief={'layout': 'goal not found, exploring to gather more information about water or  | mech=water may be crossable by attempting to walk into it or by finding an alternativ"
2f5b3ccb,probe_mh,MiniHack-River-Narrow-v0,4,101,N,-0.01,False,"belief={'layout': 'goal not found, exploring to gather more information about water or  | mech=water may be crossable by attempting to walk into it or by finding an alternativ"
2f5b3ccb,probe_mh,MiniHack-River-Narrow-v0,4,102,E,0.0,False,"belief={'layout': 'goal not found, exploring to gather more information about water or  | mech=water may be crossable by attempting to walk into it or by finding an alternativ"
2f5b3ccb,probe_mh,MiniHack-River-Narrow-v0,4,103,E,0.0,False,"belief={'layout': 'goal not found, exploring to gather more information about water or  | mech=water may be crossable by attempting to walk into it or by finding an alternativ"
2f5b3ccb,probe_mh,MiniHack-River-Narrow-v0,4,104,S,0.0,False,"belief={'layout': 'goal not found, exploring to gather more information about water or  | mech=water may be crossable by attempting to walk into it or by finding an alternativ"
2f5b3ccb,probe_mh,MiniHack-River-Narrow-v0,4,105,S,0.0,False,"belief={'layout': 'goal not found, exploring to gather more information about water or  | mech=water may be crossable by attempting to walk into it or by finding an alternativ"
2f5b3ccb,probe_mh,MiniHack-River-Narrow-v0,4,106,S,0.0,False,"belief={'layout': 'goal not found, exploring to gather more information about water or  | mech=water may be crossable by attempting to walk into it or by finding an alternativ"
2f5b3ccb,probe_mh,MiniHack-River-Narrow-v0,4,107,S,0.0,False,"belief={'layout': 'goal not found, exploring to gather more information about water or  | mech=water may be crossable by attempting to walk into it or by finding an alternativ"
2f5b3ccb,probe_mh,MiniHack-River-Narrow-v0,4,108,S,-0.01,False,"belief={'layout': 'goal not found, exploring to gather more information about water or  | mech=water may be crossable by attempting to walk into it or by finding an alternativ"
2f5b3ccb,probe_mh,MiniHack-River-Narrow-v0,4,109,E,0.0,False,"belief={'layout': 'goal not found, exploring to gather more information about water or  | mech=water may be crossable by attempting to walk into it or by finding an alternativ"
2f5b3ccb,probe_mh,MiniHack-River-Narrow-v0,4,110,S,0.0,False,"belief={'layout': 'goal not found, exploring to gather more information about water or  | mech=water may be crossable by attempting to walk into it or by finding an alternativ"
2f5b3ccb,probe_mh,MiniHack-River-Narrow-v0,4,111,S,-0.01,False,"belief={'layout': 'goal not found, exploring to gather more information about water or  | mech=water may be crossable by attempting to walk into it or by finding an alternativ"
2f5b3ccb,probe_mh,MiniHack-River-Narrow-v0,4,112,W,0.0,False,"belief={'layout': 'goal not found, exploring to gather more information about water or  | mech=water may be crossable by attempting to walk into it or by finding an alternativ"
2f5b3ccb,probe_mh,MiniHack-River-Narrow-v0,4,113,W,0.0,False,"belief={'layout': 'goal not found, exploring to gather more information about water or  | mech=water may be crossable by attempting to walk into it or by finding an alternativ"
2f5b3ccb,probe_mh,MiniHack-River-Narrow-v0,4,114,W,0.0,False,"belief={'layout': 'goal not found, exploring to gather more information about water or  | mech=water may be crossable by attempting to walk into it or by finding an alternativ"
2f5b3ccb,probe_mh,MiniHack-River-Narrow-v0,4,115,S,-0.01,False,"belief={'layout': 'goal not found, exploring to gather more information about water or  | mech=water may be crossable by attempting to walk into it or by finding an alternativ"
2f5b3ccb,probe_mh,MiniHack-River-Narrow-v0,4,116,E,0.0,False,"belief={'layout': 'goal not found, exploring to gather more information about water or  | mech=water may be crossable by attempting to walk into it or by finding an alternativ"
2f5b3ccb,probe_mh,MiniHack-River-Narrow-v0,4,117,S,-0.01,False,"belief={'layout': 'goal not found, exploring to gather more information about water or  | mech=water may be crossable by attempting to walk into it or by finding an alternativ"
2f5b3ccb,probe_mh,MiniHack-River-Narrow-v0,4,118,S,-0.01,False,"belief={'layout': 'goal not found, exploring to gather more information about water or  | mech=water may be crossable by attempting to walk into it or by finding an alternativ"
2f5b3ccb,probe_mh,MiniHack-River-Narrow-v0,4,119,W,0.0,False,"belief={'layout': 'goal not found, exploring to gather more information about water or  | mech=water may be crossable by attempting to walk into it or by finding an alternativ"
2f5b3ccb,probe_mh,MiniHack-River-Narrow-v0,5,0,E,0.0,False,belief=My current layout belief is that I need to explore my surroundings to locate the | mech=My current mechanics belief is that movement is possible in at least some direct
2f5b3ccb,probe_mh,MiniHack-River-Narrow-v0,5,1,E,0.0,False,belief=My current layout belief is that I need to explore my surroundings to locate the | mech=My current mechanics belief is that movement is possible in at least some direct
2f5b3ccb,probe_mh,MiniHack-River-Narrow-v0,5,2,E,0.0,False,belief=My current layout belief is that I need to explore my surroundings to locate the | mech=My current mechanics belief is that movement is possible in at least some direct
2f5b3ccb,probe_mh,MiniHack-River-Narrow-v0,5,3,E,0.0,False,belief=My current layout belief is that I need to explore my surroundings to locate the | mech=My current mechanics belief is that movement is possible in at least some direct
2f5b3ccb,probe_mh,MiniHack-River-Narrow-v0,5,4,S,0.0,False,belief=My current layout belief is that I need to explore my surroundings to locate the | mech=My current mechanics belief is that movement is possible in at least some direct
2f5b3ccb,probe_mh,MiniHack-River-Narrow-v0,5,5,S,-0.01,False,belief=My current layout belief is that the goal is likely to be located near the downs | mech=My current mechanics belief is that movement is possible in at least some direct
2f5b3ccb,probe_mh,MiniHack-River-Narrow-v0,5,6,W,0.0,False,belief=My current layout belief is that the goal is likely to be located near the downs | mech=My current mechanics belief is that movement is possible in at least some direct
2f5b3ccb,probe_mh,MiniHack-River-Narrow-v0,5,7,W,0.0,False,belief=My current layout belief is that the goal is likely to be located near the downs | mech=My current mechanics belief is that movement is possible in at least some direct
2f5b3ccb,probe_mh,MiniHack-River-Narrow-v0,5,8,W,0.0,False,belief=My current layout belief is that the goal is likely to be located near the downs | mech=My current mechanics belief is that movement is possible in at least some direct
2f5b3ccb,probe_mh,MiniHack-River-Narrow-v0,5,9,W,0.0,False,belief=My current layout belief is that the goal is likely to be located near the downs | mech=My current mechanics belief is that movement is possible in at least some direct
2f5b3ccb,probe_mh,MiniHack-River-Narrow-v0,5,10,W,0.0,False,belief=My current layout belief is that the goal is likely to be located near the downs | mech=My current mechanics belief is that movement is possible in at least some direct
2f5b3ccb,probe_mh,MiniHack-River-Narrow-v0,5,11,W,0.0,False,belief=My current layout belief is that the goal is likely to be located near the downs | mech=My current mechanics belief is that movement is possible in at least some direct
2f5b3ccb,probe_mh,MiniHack-River-Narrow-v0,5,12,W,0.0,False,belief=My current layout belief is that the goal is likely to be located near the downs | mech=My current mechanics belief is that movement is possible in at least some direct
2f5b3ccb,probe_mh,MiniHack-River-Narrow-v0,5,13,W,0.0,False,belief=My current layout belief is that the goal is likely to be located near the downs | mech=My current mechanics belief is that movement is possible in at least some direct
2f5b3ccb,probe_mh,MiniHack-River-Narrow-v0,5,14,W,0.0,False,belief=My current layout belief is that the goal is likely to be located near the downs | mech=My current mechanics belief is that movement is possible in at least some direct
2f5b3ccb,probe_mh,MiniHack-River-Narrow-v0,5,15,W,0.0,False,belief=My current layout belief is that the goal is likely to be located near the downs | mech=My current mechanics belief is that movement is possible in at least some direct
2f5b3ccb,probe_mh,MiniHack-River-Narrow-v0,5,16,W,0.0,False,belief=My current layout belief is that the goal is likely to be located near the downs | mech=My current mechanics belief is that movement is possible in at least some direct
2f5b3ccb,probe_mh,MiniHack-River-Narrow-v0,5,17,W,0.0,False,belief=My current layout belief is that the goal is likely to be located near the downs | mech=My current mechanics belief is that movement is possible in at least some direct
2f5b3ccb,probe_mh,MiniHack-River-Narrow-v0,5,18,W,0.0,False,belief=My current layout belief is that the goal is likely to be located near the downs | mech=My current mechanics belief is that movement is possible in at least some direct
2f5b3ccb,probe_mh,MiniHack-River-Narrow-v0,5,19,W,0.0,False,belief=My current layout belief is that the goal is likely to be located near the downs | mech=My current mechanics belief is that movement is possible in at least some direct
2f5b3ccb,probe_mh,MiniHack-River-Narrow-v0,5,20,W,0.0,False,belief=My current layout belief is that the goal is likely to be located near the downs | mech=My current mechanics belief is that movement is possible in at least some direct
2f5b3ccb,probe_mh,MiniHack-River-Narrow-v0,5,21,W,0.0,False,belief=My current layout belief is that the goal is likely to be located near the downs | mech=My current mechanics belief is that movement is possible in at least some direct
2f5b3ccb,probe_mh,MiniHack-River-Narrow-v0,5,22,W,0.0,False,belief=My current layout belief is that the goal is likely to be located near the downs | mech=My current mechanics belief is that movement is possible in at least some direct
2f5b3ccb,probe_mh,MiniHack-River-Narrow-v0,5,23,W,-0.01,False,belief=My current layout belief is that the goal is likely to be located near the downs | mech=My current mechanics belief is that movement is possible in at least some direct
2f5b3ccb,probe_mh,MiniHack-River-Narrow-v0,5,24,N,0.0,False,belief=My current layout belief is that the goal is likely to be located near the downs | mech=My current mechanics belief is that movement is possible in at least some direct
2f5b3ccb,probe_mh,MiniHack-River-Narrow-v0,5,25,N,0.0,False,belief=My current layout belief is that the goal is likely to be located near the downs | mech=My current mechanics belief is that movement is possible in at least some direct
2f5b3ccb,probe_mh,MiniHack-River-Narrow-v0,5,26,N,0.0,False,belief=My current layout belief is that the goal is likely to be located near the downs | mech=My current mechanics belief is that movement is possible in at least some direct
2f5b3ccb,probe_mh,MiniHack-River-Narrow-v0,5,27,N,0.0,False,belief=My current layout belief is that the goal is likely to be located near the downs | mech=My current mechanics belief is that movement is possible in at least some direct
2f5b3ccb,probe_mh,MiniHack-River-Narrow-v0,5,28,N,0.0,False,belief=My current layout belief is that the goal is likely to be located near the downs | mech=My current mechanics belief is that movement is possible in at least some direct
2f5b3ccb,probe_mh,MiniHack-River-Narrow-v0,5,29,N,0.0,False,belief=My current layout belief is that the goal is likely to be located near the downs | mech=My current mechanics belief is that movement is possible in at least some direct
2f5b3ccb,probe_mh,MiniHack-River-Narrow-v0,5,30,N,-0.01,False,belief=My current layout belief is that the goal is likely to be located near the downs | mech=My current mechanics belief is that movement is possible in at least some direct
2f5b3ccb,probe_mh,MiniHack-River-Narrow-v0,5,31,N,-0.01,False,belief=My current layout belief is that the goal is likely to be located near the downs | mech=My current mechanics belief is that movement is possible in at least some direct
2f5b3ccb,probe_mh,MiniHack-River-Narrow-v0,5,32,E,0.0,False,belief=My current layout belief is that the goal is likely to be located near the downs | mech=My current mechanics belief is that movement is possible in at least some direct
2f5b3ccb,probe_mh,MiniHack-River-Narrow-v0,5,33,E,0.0,False,belief=My current layout belief is that the goal is likely to be located near the downs | mech=My current mechanics belief is that movement is possible in at least some direct
2f5b3ccb,probe_mh,MiniHack-River-Narrow-v0,5,34,E,0.0,False,belief=My current layout belief is that the goal is likely to be located near the downs | mech=My current mechanics belief is that movement is possible in at least some direct
2f5b3ccb,probe_mh,MiniHack-River-Narrow-v0,5,35,S,0.0,False,belief=My current layout belief is that the goal is likely to be located near the downs | mech=My current mechanics belief is that movement is possible in at least some direct
2f5b3ccb,probe_mh,MiniHack-River-Narrow-v0,5,36,S,0.0,False,belief=My current layout belief is that the goal is likely to be located near the downs | mech=My current mechanics belief is that movement is possible in at least some direct
2f5b3ccb,probe_mh,MiniHack-River-Narrow-v0,5,37,S,0.0,False,belief=My current layout belief is that the goal is likely to be located near the downs | mech=My current mechanics belief is that movement is possible in at least some direct
2f5b3ccb,probe_mh,MiniHack-River-Narrow-v0,5,38,W,0.0,False,belief=My current layout belief is that the goal is likely to be located near the downs | mech=My current mechanics belief is that movement is possible in at least some direct
2f5b3ccb,probe_mh,MiniHack-River-Narrow-v0,5,39,W,0.0,False,belief=My current layout belief is that the goal is likely to be located near the downs | mech=My current mechanics belief is that movement is possible in at least some direct
2f5b3ccb,probe_mh,MiniHack-River-Narrow-v0,5,40,W,0.0,False,belief=My current layout belief is that the goal is likely to be located near the downs | mech=My current mechanics belief is that movement is possible in at least some direct
2f5b3ccb,probe_mh,MiniHack-River-Narrow-v0,5,41,S,0.0,False,belief=My current layout belief is that the goal is likely to be located near the downs | mech=My current mechanics belief is that movement is possible in at least some direct
2f5b3ccb,probe_mh,MiniHack-River-Narrow-v0,5,42,S,0.0,False,belief=My current layout belief is that the goal is likely to be located near the downs | mech=My current mechanics belief is that movement is possible in at least some direct
2f5b3ccb,probe_mh,MiniHack-River-Narrow-v0,5,43,S,0.0,False,belief=My layout belief is that the goal is likely to be located near the downstairs (> | mech=My current mechanics belief is that movement is possible in at least some direct
2f5b3ccb,probe_mh,MiniHack-River-Narrow-v0,5,44,W,-0.01,False,belief=My layout belief is that the goal is likely to be located near the downstairs (> | mech=My current mechanics belief is that movement is possible in at least some direct
2f5b3ccb,probe_mh,MiniHack-River-Narrow-v0,5,45,W,-0.01,False,belief=My layout belief is that the goal is likely to be located near the downstairs (> | mech=My current mechanics belief is that movement is possible in at least some direct
2f5b3ccb,probe_mh,MiniHack-River-Narrow-v0,5,46,S,-0.01,False,belief=My layout belief is that the goal is likely to be located near the downstairs (> | mech=My current mechanics belief is that movement is possible in at least some direct
2f5b3ccb,probe_mh,MiniHack-River-Narrow-v0,5,47,E,0.0,False,belief=My layout belief is that the goal is likely to be located near the downstairs (> | mech=My current mechanics belief is that movement is possible in at least some direct
2f5b3ccb,probe_mh,MiniHack-River-Narrow-v0,5,48,S,-0.01,False,belief=My layout belief is that the goal is likely to be located near the downstairs (> | mech=My current mechanics belief is that movement is possible in at least some direct
2f5b3ccb,probe_mh,MiniHack-River-Narrow-v0,5,49,W,0.0,False,belief=My layout belief is that the goal is likely to be located near the downstairs (> | mech=My current mechanics belief is that movement is possible in at least some direct
2f5b3ccb,probe_mh,MiniHack-River-Narrow-v0,5,50,W,-0.01,False,belief=My layout belief is that the goal is likely to be located near the downstairs (> | mech=My current mechanics belief is that movement is possible in at least some direct
2f5b3ccb,probe_mh,MiniHack-River-Narrow-v0,5,51,N,0.0,False,belief=My layout belief is that the goal is likely to be located near the downstairs (> | mech=My current mechanics belief is that movement is possible in at least some direct
2f5b3ccb,probe_mh,MiniHack-River-Narrow-v0,5,52,W,-0.01,False,belief=My layout belief is that the goal is likely to be located near the downstairs (> | mech=My current mechanics belief is that movement is possible in at least some direct
2f5b3ccb,probe_mh,MiniHack-River-Narrow-v0,5,53,W,-0.01,False,belief=My layout belief is that the goal is likely to be located near the downstairs (> | mech=My current mechanics belief is that movement is possible in at least some direct
2f5b3ccb,probe_mh,MiniHack-River-Narrow-v0,5,54,S,0.0,False,belief=My layout belief is that the goal is likely to be located near the downstairs (> | mech=My current mechanics belief is that movement is possible in at least some direct
2f5b3ccb,probe_mh,MiniHack-River-Narrow-v0,5,55,S,-0.01,False,belief=My layout belief is that the goal is likely to be located near the downstairs (> | mech=My current mechanics belief is that movement is possible in at least some direct
2f5b3ccb,probe_mh,MiniHack-River-Narrow-v0,5,56,E,0.0,False,belief=My layout belief is that the goal is likely to be located near the downstairs (> | mech=My current mechanics belief is that movement is possible in at least some direct
2f5b3ccb,probe_mh,MiniHack-River-Narrow-v0,5,57,S,-0.01,False,belief=My layout belief is that the goal is likely to be located near the downstairs (> | mech=My current mechanics belief is that movement is possible in at least some direct
2f5b3ccb,probe_mh,MiniHack-River-Narrow-v0,5,58,W,0.0,False,belief=My layout belief is that the goal is likely to be located near the downstairs (> | mech=My current mechanics belief is that movement is possible in at least some direct
2f5b3ccb,probe_mh,MiniHack-River-Narrow-v0,5,59,W,-0.01,False,belief=My layout belief is that the goal is likely to be located near the downstairs (> | mech=My current mechanics belief is that movement is possible in at least some direct
2f5b3ccb,probe_mh,MiniHack-River-Narrow-v0,5,60,N,0.0,False,belief=My layout belief is that the goal is likely to be located near the downstairs (> | mech=My current mechanics belief is that movement is possible in at least some direct
2f5b3ccb,probe_mh,MiniHack-River-Narrow-v0,5,61,W,-0.01,False,belief=My layout belief is that the goal is likely to be located near the downstairs (> | mech=My current mechanics belief is that movement is possible in at least some direct
2f5b3ccb,probe_mh,MiniHack-River-Narrow-v0,5,62,S,0.0,False,belief=My layout belief is that the goal is likely to be located near the downstairs (> | mech=My current mechanics belief is that movement is possible in at least some direct
2f5b3ccb,probe_mh,MiniHack-River-Narrow-v0,5,63,S,-0.01,False,belief=My layout belief is that the goal is likely to be located near the downstairs (> | mech=My current mechanics belief is that movement is possible in at least some direct
2f5b3ccb,probe_mh,MiniHack-River-Narrow-v0,5,64,E,0.0,False,belief=My layout belief is that the goal is likely to be located near the downstairs (> | mech=My current mechanics belief is that movement is possible in at least some direct
2f5b3ccb,probe_mh,MiniHack-River-Narrow-v0,5,65,S,-0.01,False,belief=My layout belief is that the goal is likely to be located near the downstairs (> | mech=My current mechanics belief is that movement is possible in at least some direct
2f5b3ccb,probe_mh,MiniHack-River-Narrow-v0,5,66,W,0.0,False,belief=My layout belief is that the goal is likely to be located near the downstairs (> | mech=My current mechanics belief is that movement is possible in at least some direct
2f5b3ccb,probe_mh,MiniHack-River-Narrow-v0,5,67,W,-0.01,False,belief=My layout belief is that the goal is likely to be located near the downstairs (> | mech=My current mechanics belief is that movement is possible in at least some direct
2f5b3ccb,probe_mh,MiniHack-River-Narrow-v0,5,68,E,0.0,False,belief=My layout belief is that the goal is likely to be located near the downstairs (> | mech=My current mechanics belief is that movement is possible in at least some direct
2f5b3ccb,probe_mh,MiniHack-River-Narrow-v0,5,69,S,-0.01,False,belief=My layout belief is that the goal is likely to be located near the downstairs (> | mech=My current mechanics belief is that movement is possible in at least some direct
2f5b3ccb,probe_mh,MiniHack-River-Narrow-v0,5,70,S,-0.01,False,belief=My layout belief is that the goal is likely to be located near the downstairs (> | mech=My current mechanics belief is that movement is possible in at least some direct
2f5b3ccb,probe_mh,MiniHack-River-Narrow-v0,5,71,W,0.0,False,belief=My layout belief is that the goal is likely to be located near the downstairs (> | mech=My current mechanics belief is that movement is possible in at least some direct
2f5b3ccb,probe_mh,MiniHack-River-Narrow-v0,5,72,W,-0.01,False,belief=My layout belief is that the goal is likely to be located near the downstairs (> | mech=My current mechanics belief is that movement is possible in at least some direct
2f5b3ccb,probe_mh,MiniHack-River-Narrow-v0,5,73,N,0.0,False,belief=My layout belief is that the goal is likely to be located near the downstairs (> | mech=My current mechanics belief is that movement is possible in at least some direct
2f5b3ccb,probe_mh,MiniHack-River-Narrow-v0,5,74,N,0.0,False,belief=My layout belief is that the goal is likely to be located near the downstairs (> | mech=My current mechanics belief is that movement is possible in at least some direct
2f5b3ccb,probe_mh,MiniHack-River-Narrow-v0,5,75,W,-0.01,False,belief=My layout belief is that the goal is likely to be located near the downstairs (> | mech=My current mechanics belief is that movement is possible in at least some direct
2f5b3ccb,probe_mh,MiniHack-River-Narrow-v0,5,76,W,-0.01,False,belief=My layout belief is that the goal is likely to be located near the downstairs (> | mech=My current mechanics belief is that movement is possible in at least some direct
2f5b3ccb,probe_mh,MiniHack-River-Narrow-v0,5,77,E,0.0,False,belief=My layout belief is that the goal is likely to be located near the downstairs (> | mech=My current mechanics belief is that movement is possible in at least some direct
2f5b3ccb,probe_mh,MiniHack-River-Narrow-v0,5,78,E,0.0,False,belief=My layout belief is that the goal is likely to be located near the downstairs (> | mech=My current mechanics belief is that movement is possible in at least some direct
2f5b3ccb,probe_mh,MiniHack-River-Narrow-v0,5,79,E,0.0,False,belief=My layout belief is that the goal is likely to be located near the downstairs (> | mech=My current mechanics belief is that movement is possible in at least some direct
2f5b3ccb,probe_mh,MiniHack-River-Narrow-v0,5,80,E,0.0,False,belief=My layout belief is that the goal is likely to be located near the downstairs (> | mech=My current mechanics belief is that movement is possible in at least some direct
2f5b3ccb,probe_mh,MiniHack-River-Narrow-v0,5,81,E,0.0,False,belief=My layout belief is that the goal is likely to be located near the downstairs (> | mech=My current mechanics belief is that movement is possible in at least some direct
2f5b3ccb,probe_mh,MiniHack-River-Narrow-v0,5,82,E,0.0,False,belief=My layout belief is that the goal is likely to be located near the downstairs (> | mech=My current mechanics belief is that movement is possible in at least some direct
2f5b3ccb,probe_mh,MiniHack-River-Narrow-v0,5,83,S,0.0,False,belief=My layout belief is that the goal is likely to be located near the downstairs (> | mech=My current mechanics belief is that movement is possible in at least some direct
2f5b3ccb,probe_mh,MiniHack-River-Narrow-v0,5,84,W,0.0,False,belief=My layout belief is that the goal is likely to be located near the downstairs (> | mech=My current mechanics belief is that movement is possible in at least some direct
2f5b3ccb,probe_mh,MiniHack-River-Narrow-v0,5,85,W,0.0,False,belief=My layout belief is that the goal is likely to be located near the downstairs (> | mech=My current mechanics belief is that movement is possible in at least some direct
2f5b3ccb,probe_mh,MiniHack-River-Narrow-v0,5,86,W,0.0,False,belief=My layout belief is that the goal is likely to be located near the downstairs (> | mech=My current mechanics belief is that movement is possible in at least some direct
2f5b3ccb,probe_mh,MiniHack-River-Narrow-v0,5,87,W,0.0,False,belief=My layout belief is that the goal is likely to be located near the downstairs (> | mech=My current mechanics belief is that movement is possible in at least some direct
2f5b3ccb,probe_mh,MiniHack-River-Narrow-v0,5,88,W,0.0,False,belief=My layout belief is that the goal is likely to be located near the downstairs (> | mech=My current mechanics belief is that movement is possible in at least some direct
2f5b3ccb,probe_mh,MiniHack-River-Narrow-v0,5,89,W,0.0,False,belief=My layout belief is that the goal is likely to be located near the downstairs (> | mech=My current mechanics belief is that movement is possible in at least some direct
2f5b3ccb,probe_mh,MiniHack-River-Narrow-v0,5,90,W,-0.01,False,belief=My layout belief is that the goal is likely to be located near the downstairs (> | mech=My current mechanics belief is that movement is possible in at least some direct
2f5b3ccb,probe_mh,MiniHack-River-Narrow-v0,5,91,N,0.0,False,belief=My layout belief is that the goal is likely to be located near the downstairs (> | mech=My current mechanics belief is that movement is possible in at least some direct
2f5b3ccb,probe_mh,MiniHack-River-Narrow-v0,5,92,N,0.0,False,belief=My layout belief is that the goal is likely to be located near the downstairs (> | mech=My current mechanics belief is that movement is possible in at least some direct
2f5b3ccb,probe_mh,MiniHack-River-Narrow-v0,5,93,N,0.0,False,belief=My layout belief is that the goal is likely to be located near the downstairs (> | mech=My current mechanics belief is that movement is possible in at least some direct
2f5b3ccb,probe_mh,MiniHack-River-Narrow-v0,5,94,N,0.0,False,belief=My layout belief is that the goal is likely to be located near the downstairs (> | mech=My current mechanics belief is that movement is possible in at least some direct
2f5b3ccb,probe_mh,MiniHack-River-Narrow-v0,5,95,N,0.0,False,belief=My layout belief is that the goal is likely to be located near the downstairs (> | mech=My current mechanics belief is that movement is possible in at least some direct
2f5b3ccb,probe_mh,MiniHack-River-Narrow-v0,5,96,N,-0.01,False,belief=My layout belief is that the goal is likely to be located near the downstairs (> | mech=My current mechanics belief is that movement is possible in at least some direct
2f5b3ccb,probe_mh,MiniHack-River-Narrow-v0,5,97,E,0.0,False,belief=My layout belief is that the goal is likely to be located near the downstairs (> | mech=My current mechanics belief is that movement is possible in at least some direct
2f5b3ccb,probe_mh,MiniHack-River-Narrow-v0,5,98,E,0.0,False,belief=My layout belief is that the goal is likely to be located near the downstairs (> | mech=My current mechanics belief is that movement is possible in at least some direct
2f5b3ccb,probe_mh,MiniHack-River-Narrow-v0,5,99,E,0.0,False,belief=My layout belief is that the goal is likely to be located near the downstairs (> | mech=My current mechanics belief is that movement is possible in at least some direct
2f5b3ccb,probe_mh,MiniHack-River-Narrow-v0,5,100,E,0.0,False,belief=My layout belief is that the goal is likely to be located near the downstairs (> | mech=My current mechanics belief is that movement is possible in at least some direct
2f5b3ccb,probe_mh,MiniHack-River-Narrow-v0,5,101,E,0.0,False,belief=My layout belief is that the goal is likely to be located near the downstairs (> | mech=My current mechanics belief is that movement is possible in at least some direct
2f5b3ccb,probe_mh,MiniHack-River-Narrow-v0,5,102,E,0.0,False,belief=My layout belief is that the goal is likely to be located near the downstairs (> | mech=My current mechanics belief is that movement is possible in at least some direct
2f5b3ccb,probe_mh,MiniHack-River-Narrow-v0,5,103,E,0.0,False,belief=My layout belief is that the goal is likely to be located near the downstairs (> | mech=My current mechanics belief is that movement is possible in at least some direct
2f5b3ccb,probe_mh,MiniHack-River-Narrow-v0,5,104,S,0.0,False,belief=My layout belief is that the goal is likely to be located near the downstairs (> | mech=My current mechanics belief is that movement is possible in at least some direct
2f5b3ccb,probe_mh,MiniHack-River-Narrow-v0,5,105,S,0.0,False,belief=My layout belief is that the goal is likely to be located near the downstairs (> | mech=My current mechanics belief is that movement is possible in at least some direct
2f5b3ccb,probe_mh,MiniHack-River-Narrow-v0,5,106,S,0.0,False,belief=My layout belief is that the goal is likely to be located near the downstairs (> | mech=My current mechanics belief is that movement is possible in at least some direct
2f5b3ccb,probe_mh,MiniHack-River-Narrow-v0,5,107,S,0.0,False,belief=My layout belief is that the goal is likely to be located near the downstairs (> | mech=My current mechanics belief is that movement is possible in at least some direct
2f5b3ccb,probe_mh,MiniHack-River-Narrow-v0,5,108,S,0.0,False,belief=My layout belief is that the goal is likely to be located near the downstairs (> | mech=My current mechanics belief is that movement is possible in at least some direct
2f5b3ccb,probe_mh,MiniHack-River-Narrow-v0,5,109,S,-0.01,False,belief=My layout belief is that the goal is likely to be located near the downstairs (> | mech=My current mechanics belief is that movement is possible in at least some direct
2f5b3ccb,probe_mh,MiniHack-River-Narrow-v0,5,110,S,-0.01,False,belief=My layout belief is that the goal is likely to be located near the downstairs (> | mech=My current mechanics belief is that movement is possible in at least some direct
2f5b3ccb,probe_mh,MiniHack-River-Narrow-v0,5,111,W,0.0,False,belief=My layout belief is that the goal is likely to be located near the downstairs (> | mech=My current mechanics belief is that movement is possible in at least some direct
2f5b3ccb,probe_mh,MiniHack-River-Narrow-v0,5,112,W,0.0,False,belief=My layout belief is that the goal is likely to be located near the downstairs (> | mech=My current mechanics belief is that movement is possible in at least some direct
2f5b3ccb,probe_mh,MiniHack-River-Narrow-v0,5,113,W,0.0,False,belief=My layout belief is that the goal is likely to be located near the downstairs (> | mech=My current mechanics belief is that movement is possible in at least some direct
2f5b3ccb,probe_mh,MiniHack-River-Narrow-v0,5,114,W,0.0,False,belief=My layout belief is that the goal is likely to be located near the downstairs (> | mech=My current mechanics belief is that movement is possible in at least some direct
2f5b3ccb,probe_mh,MiniHack-River-Narrow-v0,5,115,W,0.0,False,belief=My layout belief is that the goal is likely to be located near the downstairs (> | mech=My current mechanics belief is that movement is possible in at least some direct
2f5b3ccb,probe_mh,MiniHack-River-Narrow-v0,5,116,W,0.0,False,belief=My layout belief is that the goal is likely to be located near the downstairs (> | mech=My current mechanics belief is that movement is possible in at least some direct
2f5b3ccb,probe_mh,MiniHack-River-Narrow-v0,5,117,W,0.0,False,belief=My layout belief is that the goal is likely to be located near the downstairs (> | mech=My current mechanics belief is that movement is possible in at least some direct
2f5b3ccb,probe_mh,MiniHack-River-Narrow-v0,5,118,W,-0.01,False,belief=My layout belief is that the goal is likely to be located near the downstairs (> | mech=My current mechanics belief is that movement is possible in at least some direct
2f5b3ccb,probe_mh,MiniHack-River-Narrow-v0,5,119,N,0.0,False,belief=My layout belief is that the goal is likely to be located near the downstairs (> | mech=My current mechanics belief is that movement is possible in at least some direct
2f5b3ccb,probe_mh,MiniHack-River-Narrow-v0,6,0,E,0.0,False,"belief=The goal is likely to be downstairs, but its location is unknown. My next move w | mech=I believe that the lava or water (represented by '}') may be an obstacle, but I'"
2f5b3ccb,probe_mh,MiniHack-River-Narrow-v0,6,1,S,0.0,False,"belief=The goal is likely to be downstairs, but its location is unknown. My next move w | mech=I believe that the lava or water (represented by '}') may be an obstacle, but I'"
2f5b3ccb,probe_mh,MiniHack-River-Narrow-v0,6,2,S,0.0,False,"belief=The goal is likely to be downstairs, but its location is unknown. My next move w | mech=I believe that the lava or water (represented by '}') may be an obstacle, but I'"
2f5b3ccb,probe_mh,MiniHack-River-Narrow-v0,6,3,E,0.0,False,"belief=The goal is likely to be downstairs, but its location is unknown. My next move w | mech=I believe that the lava or water (represented by '}') may be an obstacle, but I'"
2f5b3ccb,probe_mh,MiniHack-River-Narrow-v0,6,4,S,0.0,False,"belief=The goal is likely to be downstairs, but its location is unknown. My next move w | mech=I believe that the lava or water (represented by '}') may be an obstacle, but I'"
2f5b3ccb,probe_mh,MiniHack-River-Narrow-v0,6,5,S,0.0,False,"belief=The goal is likely to be downstairs, and my next move will be to explore the sur | mech=I believe that the lava or water (represented by '}') may be an obstacle, but I'"
2f5b3ccb,probe_mh,MiniHack-River-Narrow-v0,6,6,S,0.0,False,"belief=The goal is likely to be downstairs, and my next move will be to explore the sur | mech=I believe that the lava or water (represented by '}') may be an obstacle, but I'"
2f5b3ccb,probe_mh,MiniHack-River-Narrow-v0,6,7,S,0.0,False,"belief=The goal is likely to be downstairs, and my next move will be to explore the sur | mech=I believe that the lava or water (represented by '}') may be an obstacle, but I'"
2f5b3ccb,probe_mh,MiniHack-River-Narrow-v0,6,8,S,-0.01,False,"belief=The goal is likely to be downstairs, and my next move will be to explore the sur | mech=I believe that the lava or water (represented by '}') may be an obstacle, but I'"
2f5b3ccb,probe_mh,MiniHack-River-Narrow-v0,6,9,S,-0.01,False,"belief=The goal is likely to be downstairs, and my next move will be to explore the sur | mech=I believe that the lava or water (represented by '}') may be an obstacle, but I'"
2f5b3ccb,probe_mh,MiniHack-River-Narrow-v0,6,10,W,0.0,False,"belief=The goal is likely to be downstairs, and my next move will be to explore the sur | mech=I believe that the lava or water (represented by '}') may be an obstacle, but I'"
2f5b3ccb,probe_mh,MiniHack-River-Narrow-v0,6,11,S,-0.01,False,"belief=The goal is likely to be downstairs, and my next move will be to explore the sur | mech=I believe that the lava or water (represented by '}') may be an obstacle, but I'"
2f5b3ccb,probe_mh,MiniHack-River-Narrow-v0,6,12,S,-0.01,False,"belief=The goal is likely to be downstairs, and my next move will be to explore the sur | mech=I believe that the lava or water (represented by '}') may be an obstacle, but I'"
2f5b3ccb,probe_mh,MiniHack-River-Narrow-v0,6,13,N,0.0,False,"belief=The goal is likely to be downstairs, and my next move will be to explore the sur | mech=I believe that the lava or water (represented by '}') may be an obstacle, but I'"
2f5b3ccb,probe_mh,MiniHack-River-Narrow-v0,6,14,N,0.0,False,"belief=The goal is likely to be downstairs, and my next move will be to explore the sur | mech=I believe that the lava or water (represented by '}') may be an obstacle, but I'"
2f5b3ccb,probe_mh,MiniHack-River-Narrow-v0,6,15,N,0.0,False,"belief=The goal is likely to be downstairs, and my next move will be to explore the sur | mech=I believe that the lava or water (represented by '}') may be an obstacle, but I'"
2f5b3ccb,probe_mh,MiniHack-River-Narrow-v0,6,16,N,0.0,False,"belief=The goal is likely to be downstairs, and my next move will be to explore the sur | mech=I believe that the lava or water (represented by '}') may be an obstacle, but I'"
2f5b3ccb,probe_mh,MiniHack-River-Narrow-v0,6,17,N,0.0,False,"belief=The goal is likely to be downstairs, and my next move will be to explore the sur | mech=I believe that the lava or water (represented by '}') may be an obstacle, but I'"
2f5b3ccb,probe_mh,MiniHack-River-Narrow-v0,6,18,N,0.0,False,"belief=The goal is likely to be downstairs, and my next move will be to explore the sur | mech=I believe that the lava or water (represented by '}') may be an obstacle, but I'"
2f5b3ccb,probe_mh,MiniHack-River-Narrow-v0,6,19,N,-0.01,False,"belief=The goal is likely to be downstairs, and my next move will be to explore the sur | mech=I believe that the lava or water (represented by '}') may be an obstacle, but I'"
2f5b3ccb,probe_mh,MiniHack-River-Narrow-v0,6,20,E,0.0,False,"belief=The goal is likely to be downstairs, and my next move will be to explore the sur | mech=I believe that the lava or water (represented by '}') may be an obstacle, but I'"
2f5b3ccb,probe_mh,MiniHack-River-Narrow-v0,6,21,E,0.0,False,"belief=The goal is likely to be downstairs, and my next move will be to explore the sur | mech=I believe that the lava or water (represented by '}') may be an obstacle, but I'"
2f5b3ccb,probe_mh,MiniHack-River-Narrow-v0,6,22,E,0.0,False,"belief=The goal is likely to be downstairs, and my next move will be to explore the sur | mech=I believe that the lava or water (represented by '}') may be an obstacle, but I'"
2f5b3ccb,probe_mh,MiniHack-River-Narrow-v0,6,23,E,0.0,False,"belief=The goal is likely to be downstairs, and my next move will be to explore the sur | mech=I believe that the lava or water (represented by '}') may be an obstacle, but I'"
2f5b3ccb,probe_mh,MiniHack-River-Narrow-v0,6,24,E,0.0,False,"belief=The goal is likely to be downstairs, and my next move will be to explore the sur | mech=I believe that the lava or water (represented by '}') may be an obstacle, but I'"
2f5b3ccb,probe_mh,MiniHack-River-Narrow-v0,6,25,S,0.0,False,"belief=The goal is likely to be downstairs, and my next move will be to explore the sur | mech=I believe that the lava or water (represented by '}') may be an obstacle, but I'"
2f5b3ccb,probe_mh,MiniHack-River-Narrow-v0,6,26,S,0.0,False,"belief=The goal is likely to be downstairs, and my next move will be to explore the sur | mech=I believe that the lava or water (represented by '}') may be an obstacle, but I'"
2f5b3ccb,probe_mh,MiniHack-River-Narrow-v0,6,27,S,0.0,False,"belief=The goal is likely to be downstairs, and my next move will be to explore the sur | mech=I believe that the lava or water (represented by '}') may be an obstacle, but I'"
2f5b3ccb,probe_mh,MiniHack-River-Narrow-v0,6,28,S,0.0,False,"belief=The goal is likely to be downstairs. My next move will be to explore the surroun | mech=I believe that the lava or water (represented by '}') may be an obstacle, but I'"
2f5b3ccb,probe_mh,MiniHack-River-Narrow-v0,6,29,S,0.0,False,"belief=The goal is likely to be downstairs. My next move will be to explore the surroun | mech=I believe that the lava or water (represented by '}') may be an obstacle, but I'"
2f5b3ccb,probe_mh,MiniHack-River-Narrow-v0,6,30,S,0.0,False,"belief=The goal is likely to be downstairs. My next move will be to explore the surroun | mech=I believe that the lava or water (represented by '}') may be an obstacle, but I'"
2f5b3ccb,probe_mh,MiniHack-River-Narrow-v0,6,31,S,-0.01,False,"belief=The goal is likely to be downstairs, and my next move will be to explore the sur | mech=I believe that the lava or water (represented by '}') may be an obstacle, but I'"
2f5b3ccb,probe_mh,MiniHack-River-Narrow-v0,6,32,W,0.0,False,"belief=The goal is likely to be downstairs, and my next move will be to explore the sur | mech=I believe that the lava or water (represented by '}') may be an obstacle, but I'"
2f5b3ccb,probe_mh,MiniHack-River-Narrow-v0,6,33,N,0.0,False,"belief=The goal is likely to be downstairs, and my next move will be to explore the sur | mech=I believe that the lava or water (represented by '}') may be an obstacle, but I'"
2f5b3ccb,probe_mh,MiniHack-River-Narrow-v0,6,34,N,0.0,False,"belief=The goal is likely to be downstairs, and my next move will be to explore the sur | mech=I believe that the lava or water (represented by '}') may be an obstacle, but I'"
2f5b3ccb,probe_mh,MiniHack-River-Narrow-v0,6,35,N,0.0,False,"belief=The goal is likely to be downstairs, and my next move will be to explore the sur | mech=I believe that the lava or water (represented by '}') may be an obstacle, but I'"
2f5b3ccb,probe_mh,MiniHack-River-Narrow-v0,6,36,N,0.0,False,"belief=The goal is likely to be downstairs, and my next move will be to explore the sur | mech=I believe that the lava or water (represented by '}') may be an obstacle, but I'"
2f5b3ccb,probe_mh,MiniHack-River-Narrow-v0,6,37,N,0.0,False,"belief=The goal is likely to be downstairs, and my next move will be to explore the sur | mech=I believe that the lava or water (represented by '}') may be an obstacle, but I'"
2f5b3ccb,probe_mh,MiniHack-River-Narrow-v0,6,38,N,0.0,False,"belief=The goal is likely to be downstairs, and my next move will be to explore the sur | mech=I believe that the lava or water (represented by '}') may be an obstacle, but I'"
2f5b3ccb,probe_mh,MiniHack-River-Narrow-v0,6,39,N,-0.01,False,"belief=The goal is likely to be downstairs, and my next move will be to explore the sur | mech=I believe that the lava or water (represented by '}') may be an obstacle, but I'"
2f5b3ccb,probe_mh,MiniHack-River-Narrow-v0,6,40,N,-0.01,False,"belief=The goal is likely to be downstairs, and my next move will be to explore the sur | mech=I believe that the lava or water (represented by '}') may be an obstacle, but I'"
2f5b3ccb,probe_mh,MiniHack-River-Narrow-v0,6,41,W,0.0,False,"belief=The goal is likely to be downstairs, and my next move will be to explore the sur | mech=I believe that the lava or water (represented by '}') may be an obstacle, but I'"
2f5b3ccb,probe_mh,MiniHack-River-Narrow-v0,6,42,W,0.0,False,"belief=The goal is likely to be downstairs, and my next move will be to explore the sur | mech=I believe that the lava or water (represented by '}') may be an obstacle, but I'"
2f5b3ccb,probe_mh,MiniHack-River-Narrow-v0,6,43,S,0.0,False,"belief=The goal is likely to be downstairs, and my next move will be to explore the sur | mech=I believe that the lava or water (represented by '}') may be an obstacle, but I'"
2f5b3ccb,probe_mh,MiniHack-River-Narrow-v0,6,44,S,0.0,False,"belief=The goal is likely to be downstairs, and my next move will be to explore the sur | mech=I believe that the lava or water (represented by '}') may be an obstacle, but I'"
2f5b3ccb,probe_mh,MiniHack-River-Narrow-v0,6,45,S,0.0,False,"belief=The goal is likely to be downstairs, and my next move will be to explore the sur | mech=I believe that the lava or water (represented by '}') may be an obstacle, but I'"
2f5b3ccb,probe_mh,MiniHack-River-Narrow-v0,6,46,E,0.0,False,"belief=The goal is likely to be downstairs, and my next move will be to explore the sur | mech=I believe that the lava or water (represented by '}') may be an obstacle, but I'"
2f5b3ccb,probe_mh,MiniHack-River-Narrow-v0,6,47,E,0.0,False,"belief=The goal is likely to be downstairs, and my next move will be to explore the sur | mech=I believe that the lava or water (represented by '}') may be an obstacle, but I'"
2f5b3ccb,probe_mh,MiniHack-River-Narrow-v0,6,48,E,0.0,False,"belief=The goal is likely to be downstairs, and my next move will be to explore the sur | mech=I believe that the lava or water (represented by '}') may be an obstacle, but I'"
2f5b3ccb,probe_mh,MiniHack-River-Narrow-v0,6,49,E,0.0,False,"belief=The goal is likely to be downstairs, and my next move will be to explore the sur | mech=I believe that the lava or water (represented by '}') may be an obstacle, but I'"
2f5b3ccb,probe_mh,MiniHack-River-Narrow-v0,6,50,S,0.0,False,"belief=The goal is likely to be downstairs, and my next move will be to explore the sur | mech=I believe that the lava or water (represented by '}') may be an obstacle, but I'"
2f5b3ccb,probe_mh,MiniHack-River-Narrow-v0,6,51,E,0.0,False,"belief=The goal is likely to be downstairs, and my next move will be to explore the sur | mech=I believe that the lava or water (represented by '}') may be an obstacle, but I'"
2f5b3ccb,probe_mh,MiniHack-River-Narrow-v0,6,52,S,0.0,False,"belief=The goal is likely to be downstairs, and my next move will be to explore the sur | mech=I believe that the lava or water (represented by '}') may be an obstacle, but I'"
2f5b3ccb,probe_mh,MiniHack-River-Narrow-v0,6,53,S,0.0,False,"belief=The goal is likely to be downstairs, and my next move will be to explore the sur | mech=I believe that the lava or water (represented by '}') may be an obstacle, but I'"
2f5b3ccb,probe_mh,MiniHack-River-Narrow-v0,6,54,E,0.0,False,"belief=The goal is likely to be downstairs, and my next move will be to explore the sur | mech=I believe that the lava or water (represented by '}') may be an obstacle, but I'"
2f5b3ccb,probe_mh,MiniHack-River-Narrow-v0,6,55,S,-0.01,False,"belief=The goal is likely to be downstairs, and my next move will be to explore the sur | mech=I believe that the lava or water (represented by '}') may be an obstacle, but I'"
2f5b3ccb,probe_mh,MiniHack-River-Narrow-v0,6,56,E,0.0,False,"belief=The goal is likely to be downstairs, and my next move will be to explore the sur | mech=I believe that the lava or water (represented by '}') may be an obstacle, but I'"
2f5b3ccb,probe_mh,MiniHack-River-Narrow-v0,6,57,E,0.0,False,"belief=The goal is likely to be downstairs, and my next move will be to explore the sur | mech=I believe that the lava or water (represented by '}') may be an obstacle, but I'"
2f5b3ccb,probe_mh,MiniHack-River-Narrow-v0,6,58,S,0.0,False,"belief=The goal is likely to be downstairs, and my next move will be to explore the sur | mech=I believe that the lava or water (represented by '}') may be an obstacle, but I'"
2f5b3ccb,probe_mh,MiniHack-River-Narrow-v0,6,59,E,0.0,False,"belief=The goal is likely to be downstairs, and my next move will be to explore the sur | mech=I believe that the lava or water (represented by '}') may be an obstacle, but I'"
2f5b3ccb,probe_mh,MiniHack-River-Narrow-v0,6,60,S,-0.01,False,"belief=The goal is likely to be downstairs, and my next move will be to explore the sur | mech=I believe that the lava or water (represented by '}') may be an obstacle, but I'"
2f5b3ccb,probe_mh,MiniHack-River-Narrow-v0,6,61,S,-0.01,False,"belief=The goal is likely to be downstairs, and my next move will be to explore the sur | mech=I believe that the lava or water (represented by '}') may be an obstacle, but I'"
2f5b3ccb,probe_mh,MiniHack-River-Narrow-v0,6,62,W,0.0,False,"belief=The goal is likely to be downstairs, and my next move will be to explore the wes | mech=I believe that the lava or water (represented by '}') may be an obstacle, but I'"
2f5b3ccb,probe_mh,MiniHack-River-Narrow-v0,6,63,W,0.0,False,"belief=The goal is likely to be downstairs, and my next move will be to explore the wes | mech=I believe that the lava or water (represented by '}') may be an obstacle, but I'"
2f5b3ccb,probe_mh,MiniHack-River-Narrow-v0,6,64,N,0.0,False,"belief=The goal is likely to be downstairs, and my next move will be to explore the nor | mech=I believe that the lava or water (represented by '}') may be an obstacle, but I'"
2f5b3ccb,probe_mh,MiniHack-River-Narrow-v0,6,65,N,0.0,False,"belief=The goal is likely to be downstairs, and my next move will be to explore the nor | mech=I believe that the lava or water (represented by '}') may be an obstacle, but I'"
2f5b3ccb,probe_mh,MiniHack-River-Narrow-v0,6,66,N,-0.01,False,"belief=The goal is likely to be downstairs, and my next move will be to explore the nor | mech=I believe that the lava or water (represented by '}') may be an obstacle, but I'"
2f5b3ccb,probe_mh,MiniHack-River-Narrow-v0,6,67,E,0.0,False,"belief=The goal is likely to be downstairs, and my next move will be to explore the eas | mech=I believe that the lava or water (represented by '}') may be an obstacle, but I'"
2f5b3ccb,probe_mh,MiniHack-River-Narrow-v0,6,68,E,0.0,False,"belief=The goal is likely to be downstairs, and my next move will be to explore the eas | mech=I believe that the lava or water (represented by '}') may be an obstacle, but I'"
2f5b3ccb,probe_mh,MiniHack-River-Narrow-v0,6,69,E,0.0,False,"belief=The goal is likely to be downstairs, and my next move will be to explore the eas | mech=I believe that the lava or water (represented by '}') may be an obstacle, but I'"
2f5b3ccb,probe_mh,MiniHack-River-Narrow-v0,6,70,E,0.0,False,"belief=The goal is likely to be downstairs, and my next move will be to explore the eas | mech=I believe that the lava or water (represented by '}') may be an obstacle, but I'"
2f5b3ccb,probe_mh,MiniHack-River-Narrow-v0,6,71,E,0.0,False,"belief=The goal is likely to be downstairs, and my next move will be to explore the eas | mech=I believe that the lava or water (represented by '}') may be an obstacle, but I'"
2f5b3ccb,probe_mh,MiniHack-River-Narrow-v0,6,72,S,-0.01,False,"belief=The goal is likely to be downstairs, and since moving east hits a wall, my next  | mech=I still believe that the lava or water (represented by '}') may be an obstacle, "
2f5b3ccb,probe_mh,MiniHack-River-Narrow-v0,6,73,S,-0.01,False,"belief=The goal is likely to be downstairs, and since moving east hits a wall, my next  | mech=I still believe that the lava or water (represented by '}') may be an obstacle, "
2f5b3ccb,probe_mh,MiniHack-River-Narrow-v0,6,74,W,0.0,False,"belief=The goal is likely to be downstairs, and since moving south hits a wall, my next | mech=I still believe that the lava or water (represented by '}') may be an obstacle, "
2f5b3ccb,probe_mh,MiniHack-River-Narrow-v0,6,75,W,0.0,False,"belief=The goal is likely to be downstairs, and since moving south hits a wall, my next | mech=I still believe that the lava or water (represented by '}') may be an obstacle, "
2f5b3ccb,probe_mh,MiniHack-River-Narrow-v0,6,76,W,0.0,False,"belief=The goal is likely to be downstairs, and since moving south hits a wall, my next | mech=I still believe that the lava or water (represented by '}') may be an obstacle, "
2f5b3ccb,probe_mh,MiniHack-River-Narrow-v0,6,77,W,0.0,False,"belief=The goal is likely to be downstairs, and since moving south hits a wall, my next | mech=I still believe that the lava or water (represented by '}') may be an obstacle, "
2f5b3ccb,probe_mh,MiniHack-River-Narrow-v0,6,78,W,0.0,False,"belief=The goal is likely to be downstairs, and since moving south hits a wall, my next | mech=I still believe that the lava or water (represented by '}') may be an obstacle, "
2f5b3ccb,probe_mh,MiniHack-River-Narrow-v0,6,79,W,0.0,False,"belief=The goal is likely to be downstairs, and since moving south hits a wall, my next | mech=I still believe that the lava or water (represented by '}') may be an obstacle, "
2f5b3ccb,probe_mh,MiniHack-River-Narrow-v0,6,80,W,0.0,False,"belief=The goal is likely to be downstairs, and since moving south hits a wall, my next | mech=I still believe that the lava or water (represented by '}') may be an obstacle, "
2f5b3ccb,probe_mh,MiniHack-River-Narrow-v0,6,81,W,0.0,False,"belief=The goal is likely to be downstairs, and since moving south hits a wall, my next | mech=I still believe that the lava or water (represented by '}') may be an obstacle, "
2f5b3ccb,probe_mh,MiniHack-River-Narrow-v0,6,82,W,0.0,False,"belief=The goal is likely to be downstairs, and since moving south hits a wall, my next | mech=I still believe that the lava or water (represented by '}') may be an obstacle, "
2f5b3ccb,probe_mh,MiniHack-River-Narrow-v0,6,83,W,0.0,False,"belief=The goal is likely to be downstairs, and since moving south hits a wall, my next | mech=I still believe that the lava or water (represented by '}') may be an obstacle, "
2f5b3ccb,probe_mh,MiniHack-River-Narrow-v0,6,84,W,0.0,False,"belief=The goal is likely to be downstairs, and since moving south hits a wall, my next | mech=I still believe that the lava or water (represented by '}') may be an obstacle, "
2f5b3ccb,probe_mh,MiniHack-River-Narrow-v0,6,85,W,0.0,False,"belief=The goal is likely to be downstairs, and since moving south hits a wall, my next | mech=I still believe that the lava or water (represented by '}') may be an obstacle, "
2f5b3ccb,probe_mh,MiniHack-River-Narrow-v0,6,86,W,0.0,False,"belief=The goal is likely to be downstairs, and since moving south hits a wall, my next | mech=I still believe that the lava or water (represented by '}') may be an obstacle, "
2f5b3ccb,probe_mh,MiniHack-River-Narrow-v0,6,87,W,0.0,False,"belief=The goal is likely to be downstairs, and since moving south hits a wall, my next | mech=I still believe that the lava or water (represented by '}') may be an obstacle, "
2f5b3ccb,probe_mh,MiniHack-River-Narrow-v0,6,88,W,0.0,False,"belief=The goal is likely to be downstairs, and since moving south hits a wall, my next | mech=I still believe that the lava or water (represented by '}') may be an obstacle, "
2f5b3ccb,probe_mh,MiniHack-River-Narrow-v0,6,89,W,0.0,False,"belief=The goal is likely to be downstairs, and since moving south hits a wall, my next | mech=I still believe that the lava or water (represented by '}') may be an obstacle, "
2f5b3ccb,probe_mh,MiniHack-River-Narrow-v0,6,90,W,0.0,False,"belief=The goal is likely to be downstairs, and since moving south hits a wall, my next | mech=I still believe that the lava or water (represented by '}') may be an obstacle, "
2f5b3ccb,probe_mh,MiniHack-River-Narrow-v0,6,91,W,-0.01,False,"belief=The goal is likely to be downstairs, and since moving south hits a wall, my next | mech=I still believe that the lava or water (represented by '}') may be an obstacle, "
2f5b3ccb,probe_mh,MiniHack-River-Narrow-v0,6,92,W,-0.01,False,"belief=The goal is likely to be downstairs, and since moving south hits a wall, my next | mech=I still believe that the lava or water (represented by '}') may be an obstacle, "
2f5b3ccb,probe_mh,MiniHack-River-Narrow-v0,6,93,N,0.0,False,"belief=The goal is likely to be downstairs, and since moving south and west hit a wall, | mech=I still believe that the lava or water (represented by '}') may be an obstacle, "
2f5b3ccb,probe_mh,MiniHack-River-Narrow-v0,6,94,N,0.0,False,"belief=The goal is likely to be downstairs. My next move will be to explore the north d | mech=I still believe that the lava or water (represented by '}') may be an obstacle, "
2f5b3ccb,probe_mh,MiniHack-River-Narrow-v0,6,95,N,0.0,False,"belief=The goal is likely to be downstairs, and my next move will be to explore the nor | mech=I still believe that the lava or water (represented by '}') may be an obstacle, "
2f5b3ccb,probe_mh,MiniHack-River-Narrow-v0,6,96,N,0.0,False,"belief=The goal is likely to be downstairs, and my next move will be to explore the nor | mech=I still believe that the lava or water (represented by '}') may be an obstacle, "
2f5b3ccb,probe_mh,MiniHack-River-Narrow-v0,6,97,N,0.0,False,"belief=The goal is likely to be downstairs, and my next move will be to explore the nor | mech=I still believe that the lava or water (represented by '}') may be an obstacle, "
2f5b3ccb,probe_mh,MiniHack-River-Narrow-v0,6,98,N,0.0,False,"belief=The goal is likely to be downstairs, and my next move will be to explore the nor | mech=I still believe that the lava or water (represented by '}') may be an obstacle, "
2f5b3ccb,probe_mh,MiniHack-River-Narrow-v0,6,99,N,-0.01,False,"belief=The goal is likely to be downstairs, and my next move will be to explore the nor | mech=I still believe that the lava or water (represented by '}') may be an obstacle, "
2f5b3ccb,probe_mh,MiniHack-River-Narrow-v0,6,100,N,-0.01,False,"belief=The goal is likely to be downstairs, and my next move will be to explore the nor | mech=I still believe that the lava or water (represented by '}') may be an obstacle, "
2f5b3ccb,probe_mh,MiniHack-River-Narrow-v0,6,101,E,0.0,False,"belief=The goal is likely to be downstairs, and since moving north hits a wall, my next | mech=I still believe that the lava or water (represented by '}') may be an obstacle, "
2f5b3ccb,probe_mh,MiniHack-River-Narrow-v0,6,102,E,0.0,False,"belief=The goal is likely to be downstairs, and my next move will be to explore the eas | mech=I still believe that the lava or water (represented by '}') may be an obstacle, "
2f5b3ccb,probe_mh,MiniHack-River-Narrow-v0,6,103,E,0.0,False,"belief=The goal is likely to be downstairs, and my next move will be to explore the eas | mech=I still believe that the lava or water (represented by '}') may be an obstacle, "
2f5b3ccb,probe_mh,MiniHack-River-Narrow-v0,6,104,E,0.0,False,"belief=The goal is likely to be downstairs, and my next move will be to explore the eas | mech=I still believe that the lava or water (represented by '}') may be an obstacle, "
2f5b3ccb,probe_mh,MiniHack-River-Narrow-v0,6,105,E,0.0,False,"belief=The goal is likely to be downstairs, and my next move will be to explore the eas | mech=I still believe that the lava or water (represented by '}') may be an obstacle, "
2f5b3ccb,probe_mh,MiniHack-River-Narrow-v0,6,106,E,0.0,False,"belief=The goal is likely to be downstairs, and my next move will be to explore the eas | mech=I still believe that the lava or water (represented by '}') may be an obstacle, "
2f5b3ccb,probe_mh,MiniHack-River-Narrow-v0,6,107,E,0.0,False,"belief=The goal is likely to be downstairs, and my next move will be to explore the eas | mech=I still believe that the lava or water (represented by '}') may be an obstacle, "
2f5b3ccb,probe_mh,MiniHack-River-Narrow-v0,6,108,E,0.0,False,"belief=The goal is likely to be downstairs, and my next move will be to explore the eas | mech=I still believe that the lava or water (represented by '}') may be an obstacle, "
2f5b3ccb,probe_mh,MiniHack-River-Narrow-v0,6,109,S,0.0,False,"belief=The goal is likely to be downstairs, and my next move will be to explore the sou | mech=I still believe that the lava or water (represented by '}') may be an obstacle, "
2f5b3ccb,probe_mh,MiniHack-River-Narrow-v0,6,110,S,0.0,False,"belief=The goal is likely to be downstairs, and my next move will be to explore the sou | mech=I still believe that the lava or water (represented by '}') may be an obstacle, "
2f5b3ccb,probe_mh,MiniHack-River-Narrow-v0,6,111,S,0.0,False,"belief=The goal is likely to be downstairs, and my next move will be to explore the sou | mech=I still believe that the lava or water (represented by '}') may be an obstacle, "
2f5b3ccb,probe_mh,MiniHack-River-Narrow-v0,6,112,E,0.0,False,"belief=The goal is likely to be downstairs, and my next move will be to explore the eas | mech=I still believe that the lava or water (represented by '}') may be an obstacle, "
2f5b3ccb,probe_mh,MiniHack-River-Narrow-v0,6,113,S,0.0,False,"belief=The goal is likely to be downstairs, and my next move will be to explore the sou | mech=I still believe that the lava or water (represented by '}') may be an obstacle, "
2f5b3ccb,probe_mh,MiniHack-River-Narrow-v0,6,114,S,0.0,False,"belief=The goal is likely to be downstairs, and my next move will be to explore the sou | mech=I still believe that the lava or water (represented by '}') may be an obstacle, "
2f5b3ccb,probe_mh,MiniHack-River-Narrow-v0,6,115,S,0.0,False,"belief=The goal is likely to be downstairs, and my next move will be to explore the sou | mech=I still believe that the lava or water (represented by '}') may be an obstacle, "
2f5b3ccb,probe_mh,MiniHack-River-Narrow-v0,6,116,S,-0.01,False,"belief=The goal is likely to be downstairs, and my next move will be to explore the sou | mech=I still believe that the lava or water (represented by '}') may be an obstacle, "
2f5b3ccb,probe_mh,MiniHack-River-Narrow-v0,6,117,W,0.0,False,"belief=The goal is likely to be downstairs, and my next move will be to explore the wes | mech=I still believe that the lava or water (represented by '}') may be an obstacle, "
2f5b3ccb,probe_mh,MiniHack-River-Narrow-v0,6,118,W,0.0,False,"belief=The goal is likely to be downstairs, and my next move will be to explore the wes | mech=I still believe that the lava or water (represented by '}') may be an obstacle, "
2f5b3ccb,probe_mh,MiniHack-River-Narrow-v0,6,119,W,0.0,False,"belief=The goal is likely to be downstairs, and my next move will be to explore the wes | mech=I still believe that the lava or water (represented by '}') may be an obstacle, "
2f5b3ccb,probe_mh,MiniHack-River-Narrow-v0,7,0,E,0.0,False,"belief=The goal is likely downstairs, but I need to explore to find it. My next move wi | mech=I believe that moving into a wall or obstacle will prevent progress, but I have "
2f5b3ccb,probe_mh,MiniHack-River-Narrow-v0,7,1,E,0.0,False,"belief=The goal is likely downstairs, and my next move will be to head east to gather m | mech=I believe that moving into a wall or obstacle will prevent progress. I also beli"
2f5b3ccb,probe_mh,MiniHack-River-Narrow-v0,7,2,N,0.0,False,"belief=The goal is likely downstairs, and my next move will be to head east to gather m | mech=I believe that moving into a wall or obstacle will prevent progress. I also beli"
2f5b3ccb,probe_mh,MiniHack-River-Narrow-v0,7,3,N,0.0,False,"belief=The goal is likely downstairs, and my next move will be to head north to test th | mech=I believe that moving into a wall or obstacle will prevent progress. I also beli"
2f5b3ccb,probe_mh,MiniHack-River-Narrow-v0,7,4,N,0.0,False,"belief=The goal is likely downstairs, and my next move will be to head north to test th | mech=I believe that moving into a wall or obstacle will prevent progress. I also beli"
2f5b3ccb,probe_mh,MiniHack-River-Narrow-v0,7,5,N,-0.01,False,"belief=The goal is likely downstairs, and my next move will be to head north to test th | mech=I believe that moving into a wall or obstacle will prevent progress. I also beli"
2f5b3ccb,probe_mh,MiniHack-River-Narrow-v0,7,6,E,0.0,False,"belief=The goal is likely downstairs, and my next move will be to head north to test th | mech=I believe that moving into a wall or obstacle will prevent progress. I also beli"
2f5b3ccb,probe_mh,MiniHack-River-Narrow-v0,7,7,E,0.0,False,"belief=The goal is likely downstairs, and my next move will be to head east to test the | mech=I believe that moving into a wall or obstacle will prevent progress. I also beli"
2f5b3ccb,probe_mh,MiniHack-River-Narrow-v0,7,8,E,0.0,False,"belief=The goal is likely downstairs, and my next move will be to head east to test the | mech=I believe that moving into a wall or obstacle will prevent progress. I also beli"
2f5b3ccb,probe_mh,MiniHack-River-Narrow-v0,7,9,E,0.0,False,"belief=The goal is likely downstairs, and my next move will be to head east to test the | mech=I believe that moving into a wall or obstacle will prevent progress. I also beli"
2f5b3ccb,probe_mh,MiniHack-River-Narrow-v0,7,10,E,0.0,False,"belief=The goal is likely downstairs, and my next move will be to head east to test the | mech=I believe that moving into a wall or obstacle will prevent progress. I also beli"
2f5b3ccb,probe_mh,MiniHack-River-Narrow-v0,7,11,E,0.0,False,"belief=The goal is likely downstairs, and my next move will be to head east to test the | mech=I believe that moving into a wall or obstacle will prevent progress. I also beli"
2f5b3ccb,probe_mh,MiniHack-River-Narrow-v0,7,12,E,0.0,False,"belief=The goal is likely downstairs, and my next move will be to head east to test the | mech=I believe that moving into a wall or obstacle will prevent progress. I also beli"
2f5b3ccb,probe_mh,MiniHack-River-Narrow-v0,7,13,E,0.0,False,"belief=The goal is likely downstairs, and my next move will be to head east to test the | mech=I believe that moving into a wall or obstacle will prevent progress. I also beli"
2f5b3ccb,probe_mh,MiniHack-River-Narrow-v0,7,14,E,0.0,False,"belief=The goal is likely downstairs, and my next move will be to head east to test the | mech=I believe that moving into a wall or obstacle will prevent progress. I also beli"
2f5b3ccb,probe_mh,MiniHack-River-Narrow-v0,7,15,E,0.0,False,"belief=The goal is likely downstairs, and my next move will be to head east to test the | mech=I believe that moving into a wall or obstacle will prevent progress. I also beli"
2f5b3ccb,probe_mh,MiniHack-River-Narrow-v0,7,16,E,0.0,False,"belief=The goal is likely downstairs, and my next move will be to head east to test the | mech=I believe that moving into a wall or obstacle will prevent progress. I also beli"
2f5b3ccb,probe_mh,MiniHack-River-Narrow-v0,7,17,E,0.0,False,"belief=The goal is likely downstairs, and my next move will be to head east to test the | mech=I believe that moving into a wall or obstacle will prevent progress. I also beli"
2f5b3ccb,probe_mh,MiniHack-River-Narrow-v0,7,18,E,0.0,False,"belief=The goal is likely downstairs, and my next move will be to head east to test the | mech=I believe that moving into a wall or obstacle will prevent progress. I also beli"
2f5b3ccb,probe_mh,MiniHack-River-Narrow-v0,7,19,E,0.0,False,"belief=The goal is likely downstairs, and my next move will be to head east to test the | mech=I believe that moving into a wall or obstacle will prevent progress. I also beli"
2f5b3ccb,probe_mh,MiniHack-River-Narrow-v0,7,20,E,0.0,False,"belief=The goal is likely downstairs, and my next move will be to head east to test the | mech=I believe that moving into a wall or obstacle will prevent progress. I also beli"
2f5b3ccb,probe_mh,MiniHack-River-Narrow-v0,7,21,E,0.0,False,"belief=The goal is likely downstairs, and my next move will be to head east to test the | mech=I believe that moving into a wall or obstacle will prevent progress. I also beli"
2f5b3ccb,probe_mh,MiniHack-River-Narrow-v0,7,22,E,0.0,False,"belief=The goal is likely downstairs, and my next move will be to head east to test the | mech=I believe that moving into a wall or obstacle will prevent progress. I also beli"
2f5b3ccb,probe_mh,MiniHack-River-Narrow-v0,7,23,S,0.0,False,"belief=The goal is likely downstairs, and since moving east resulted in hitting a wall, | mech=I believe that moving into a wall or obstacle will prevent progress. The lava or"
2f5b3ccb,probe_mh,MiniHack-River-Narrow-v0,7,24,S,0.0,False,"belief=The goal is likely downstairs, and since moving east resulted in hitting a wall, | mech=I believe that moving into a wall or obstacle will prevent progress. The lava or"
2f5b3ccb,probe_mh,MiniHack-River-Narrow-v0,7,25,S,0.0,False,"belief=The goal is likely downstairs, and my next move will be to head south to test th | mech=I believe that moving into a wall or obstacle will prevent progress. The lava or"
2f5b3ccb,probe_mh,MiniHack-River-Narrow-v0,7,26,S,-0.01,False,"belief=The goal is likely downstairs, and my next move will be to head south to test th | mech=I believe that moving into a wall or obstacle will prevent progress. The lava or"
2f5b3ccb,probe_mh,MiniHack-River-Narrow-v0,7,27,E,0.0,False,"belief=The goal is likely downstairs, and my next move will be to head east to test the | mech=I believe that moving into a wall or obstacle will prevent progress. The lava or"
2f5b3ccb,probe_mh,MiniHack-River-Narrow-v0,7,28,E,0.0,False,"belief=The goal is likely downstairs, and my next move will be to head east to test the | mech=I believe that moving into a wall or obstacle will prevent progress. The lava or"
2f5b3ccb,probe_mh,MiniHack-River-Narrow-v0,7,29,S,-0.01,False,"belief=The goal is likely downstairs, and my next move will be to head south to test th | mech=I believe that moving into a wall or obstacle will prevent progress. The lava or"
2f5b3ccb,probe_mh,MiniHack-River-Narrow-v0,7,30,S,-0.01,False,"belief=The goal is likely downstairs, and my next move will be to head south to test th | mech=I believe that moving into a wall or obstacle will prevent progress. The lava or"
2f5b3ccb,probe_mh,MiniHack-River-Narrow-v0,7,31,W,0.0,False,"belief=The goal is likely downstairs, and since moving south is blocked by a wall, my n | mech=I believe that moving into a wall or obstacle will prevent progress. The lava or"
2f5b3ccb,probe_mh,MiniHack-River-Narrow-v0,7,32,W,0.0,False,"belief={'layout': 'The goal is likely downstairs, and since moving south is blocked by  | mech=I believe that moving into a wall or obstacle will prevent progress. The lava or"
2f5b3ccb,probe_mh,MiniHack-River-Narrow-v0,7,33,W,0.0,False,"belief={'layout': 'The goal is likely downstairs, and since moving south is blocked by  | mech=I believe that moving into a wall or obstacle will prevent progress. The lava or"
2f5b3ccb,probe_mh,MiniHack-River-Narrow-v0,7,34,W,0.0,False,"belief={'layout': 'The goal is likely downstairs, and since moving south is blocked by  | mech=I believe that moving into a wall or obstacle will prevent progress. The lava or"
2f5b3ccb,probe_mh,MiniHack-River-Narrow-v0,7,35,W,0.0,False,"belief={'layout': 'The goal is likely downstairs, and since moving south is blocked by  | mech=I believe that moving into a wall or obstacle will prevent progress. The lava or"
2f5b3ccb,probe_mh,MiniHack-River-Narrow-v0,7,36,W,0.0,False,"belief={'layout': 'The goal is likely downstairs, and since moving south is blocked by  | mech=I believe that moving into a wall or obstacle will prevent progress. The lava or"
2f5b3ccb,probe_mh,MiniHack-River-Narrow-v0,7,37,W,0.0,False,"belief={'layout': 'The goal is likely downstairs, and since moving south is blocked by  | mech=I believe that moving into a wall or obstacle will prevent progress. The lava or"
2f5b3ccb,probe_mh,MiniHack-River-Narrow-v0,7,38,W,0.0,False,"belief={'layout': 'The goal is likely downstairs, and since moving south is blocked by  | mech=I believe that moving into a wall or obstacle will prevent progress. The lava or"
2f5b3ccb,probe_mh,MiniHack-River-Narrow-v0,7,39,W,0.0,False,"belief={'layout': 'The goal is likely downstairs, and since moving south is blocked by  | mech=I believe that moving into a wall or obstacle will prevent progress. The lava or"
2f5b3ccb,probe_mh,MiniHack-River-Narrow-v0,7,40,N,0.0,False,"belief={'layout': 'The goal is likely downstairs, and since moving south is blocked by  | mech=I believe that moving into a wall or obstacle will prevent progress. The lava or"
2f5b3ccb,probe_mh,MiniHack-River-Narrow-v0,7,41,W,0.0,False,"belief={'layout': 'The goal is likely downstairs, and since moving south is blocked by  | mech=I believe that moving into a wall or obstacle will prevent progress. The lava or"
2f5b3ccb,probe_mh,MiniHack-River-Narrow-v0,7,42,W,0.0,False,"belief={'layout': 'The goal is likely downstairs, and since moving south is blocked by  | mech=I believe that moving into a wall or obstacle will prevent progress. The lava or"
2f5b3ccb,probe_mh,MiniHack-River-Narrow-v0,7,43,W,0.0,False,"belief={'layout': 'The goal is likely downstairs, and since moving south is blocked by  | mech=I believe that moving into a wall or obstacle will prevent progress. The lava or"
2f5b3ccb,probe_mh,MiniHack-River-Narrow-v0,7,44,W,0.0,False,"belief={'layout': 'The goal is likely downstairs, and since moving south is blocked by  | mech=I believe that moving into a wall or obstacle will prevent progress. The lava or"
2f5b3ccb,probe_mh,MiniHack-River-Narrow-v0,7,45,W,0.0,False,"belief={'layout': 'The goal is likely downstairs, and since moving south is blocked by  | mech=I believe that moving into a wall or obstacle will prevent progress. The lava or"
2f5b3ccb,probe_mh,MiniHack-River-Narrow-v0,7,46,W,0.0,False,"belief={'layout': 'The goal is likely downstairs, and since moving south is blocked by  | mech=I believe that moving into a wall or obstacle will prevent progress. The lava or"
2f5b3ccb,probe_mh,MiniHack-River-Narrow-v0,7,47,W,0.0,False,"belief={'layout': 'The goal is likely downstairs, and since moving south is blocked by  | mech=I believe that moving into a wall or obstacle will prevent progress. The lava or"
2f5b3ccb,probe_mh,MiniHack-River-Narrow-v0,7,48,W,0.0,False,"belief={'layout': 'The goal is likely downstairs, and since moving south is blocked by  | mech=I believe that moving into a wall or obstacle will prevent progress. The lava or"
2f5b3ccb,probe_mh,MiniHack-River-Narrow-v0,7,49,W,-0.01,False,"belief={'layout': 'The goal is likely downstairs, and since moving south is blocked by  | mech=I believe that moving into a wall or obstacle will prevent progress. The lava or"
2f5b3ccb,probe_mh,MiniHack-River-Narrow-v0,7,50,E,0.0,False,"belief={'layout': 'The goal is likely downstairs, and since moving south is blocked by  | mech=I believe that moving into a wall or obstacle will prevent progress. The lava or"
2f5b3ccb,probe_mh,MiniHack-River-Narrow-v0,7,51,E,0.0,False,"belief={'layout': 'The goal is likely downstairs, and since moving south is blocked by  | mech=I believe that moving into a wall or obstacle will prevent progress. The lava or"
2f5b3ccb,probe_mh,MiniHack-River-Narrow-v0,7,52,E,0.0,False,"belief={'layout': 'The goal is likely downstairs, and since moving south is blocked by  | mech=I believe that moving into a wall or obstacle will prevent progress. The lava or"
2f5b3ccb,probe_mh,MiniHack-River-Narrow-v0,7,53,E,0.0,False,"belief={'layout': 'The goal is likely downstairs, and since moving south is blocked by  | mech=I believe that moving into a wall or obstacle will prevent progress. The lava or"
2f5b3ccb,probe_mh,MiniHack-River-Narrow-v0,7,54,E,0.0,False,"belief={'layout': 'The goal is likely downstairs, and since moving south is blocked by  | mech=I believe that moving into a wall or obstacle will prevent progress. The lava or"
2f5b3ccb,probe_mh,MiniHack-River-Narrow-v0,7,55,E,0.0,False,"belief={'layout': 'The goal is likely downstairs, and since moving south is blocked by  | mech=I believe that moving into a wall or obstacle will prevent progress. The lava or"
2f5b3ccb,probe_mh,MiniHack-River-Narrow-v0,7,56,E,0.0,False,"belief={'layout': 'The goal is likely downstairs, and since moving south is blocked by  | mech=I believe that moving into a wall or obstacle will prevent progress. The lava or"
2f5b3ccb,probe_mh,MiniHack-River-Narrow-v0,7,57,E,0.0,False,"belief={'layout': 'The goal is likely downstairs, and since moving south is blocked by  | mech=I believe that moving into a wall or obstacle will prevent progress. The lava or"
2f5b3ccb,probe_mh,MiniHack-River-Narrow-v0,7,58,E,0.0,False,"belief={'layout': 'The goal is likely downstairs, and since moving south is blocked by  | mech=I believe that moving into a wall or obstacle will prevent progress. The lava or"
2f5b3ccb,probe_mh,MiniHack-River-Narrow-v0,7,59,E,0.0,False,"belief={'layout': 'The goal is likely downstairs, and since moving south is blocked by  | mech=I believe that moving into a wall or obstacle will prevent progress. The lava or"
2f5b3ccb,probe_mh,MiniHack-River-Narrow-v0,7,60,E,0.0,False,"belief={'layout': 'The goal is likely downstairs, and since moving south is blocked by  | mech=I believe that moving into a wall or obstacle will prevent progress. The lava or"
2f5b3ccb,probe_mh,MiniHack-River-Narrow-v0,7,61,E,0.0,False,"belief={'layout': 'The goal is likely downstairs, and since moving south is blocked by  | mech=I believe that moving into a wall or obstacle will prevent progress. The lava or"
2f5b3ccb,probe_mh,MiniHack-River-Narrow-v0,7,62,E,0.0,False,"belief={'layout': 'The goal is likely downstairs, and since moving south is blocked by  | mech=I believe that moving into a wall or obstacle will prevent progress. The lava or"
2f5b3ccb,probe_mh,MiniHack-River-Narrow-v0,7,63,E,0.0,False,"belief={'layout': 'The goal is likely downstairs, and since moving south is blocked by  | mech=I believe that moving into a wall or obstacle will prevent progress. The lava or"
2f5b3ccb,probe_mh,MiniHack-River-Narrow-v0,7,64,E,0.0,False,"belief={'layout': 'The goal is likely downstairs, and since moving south is blocked by  | mech=I believe that moving into a wall or obstacle will prevent progress. The lava or"
2f5b3ccb,probe_mh,MiniHack-River-Narrow-v0,7,65,E,0.0,False,"belief={'layout': 'The goal is likely downstairs, and since moving south is blocked by  | mech=I believe that moving into a wall or obstacle will prevent progress. The lava or"
2f5b3ccb,probe_mh,MiniHack-River-Narrow-v0,7,66,E,0.0,False,"belief={'layout': 'The goal is likely downstairs, and since moving south is blocked by  | mech=I believe that moving into a wall or obstacle will prevent progress. The lava or"
2f5b3ccb,probe_mh,MiniHack-River-Narrow-v0,7,67,E,0.0,False,"belief={'layout': 'The goal is likely downstairs, and since moving south is blocked by  | mech=I believe that moving into a wall or obstacle will prevent progress. The lava or"
2f5b3ccb,probe_mh,MiniHack-River-Narrow-v0,7,68,E,0.0,False,"belief={'layout': 'The goal is likely downstairs, and since moving south is blocked by  | mech=I believe that moving into a wall or obstacle will prevent progress. The lava or"
2f5b3ccb,probe_mh,MiniHack-River-Narrow-v0,7,69,E,0.0,False,"belief={'layout': 'The goal is likely downstairs, and since moving south is blocked by  | mech=I believe that moving into a wall or obstacle will prevent progress. The lava or"
2f5b3ccb,probe_mh,MiniHack-River-Narrow-v0,7,70,E,0.0,False,"belief={'layout': 'The goal is likely downstairs, and since moving south is blocked by  | mech=I believe that moving into a wall or obstacle will prevent progress. The lava or"
2f5b3ccb,probe_mh,MiniHack-River-Narrow-v0,7,71,E,0.0,False,"belief={'layout': 'The goal is likely downstairs, and since moving south is blocked by  | mech=I believe that moving into a wall or obstacle will prevent progress. The lava or"
2f5b3ccb,probe_mh,MiniHack-River-Narrow-v0,7,72,E,0.0,False,"belief={'layout': 'The goal is likely downstairs, and since moving south is blocked by  | mech=I believe that moving into a wall or obstacle will prevent progress. The lava or"
2f5b3ccb,probe_mh,MiniHack-River-Narrow-v0,7,73,E,1.0,True,"belief={'layout': 'The goal is likely downstairs, and since moving south is blocked by  | mech=I believe that moving into a wall or obstacle will prevent progress. The lava or"
2f5b3ccb,probe_mh,MiniHack-River-Narrow-v0,8,0,E,0.0,False,"belief=The goal is likely to be downstairs, but its location is unknown. The initial pl | mech=The full moon message may have an effect on the game world or the player's abili"
2f5b3ccb,probe_mh,MiniHack-River-Narrow-v0,8,1,E,0.0,False,"belief={'layout': 'The goal is likely to be downstairs, but its location is unknown. Th | mech=The full moon message may have an effect on the game world or the player's abili"
2f5b3ccb,probe_mh,MiniHack-River-Narrow-v0,8,2,E,0.0,False,"belief={'layout': 'The goal is likely to be downstairs, but its location is unknown. Th | mech=The full moon message may have an effect on the game world or the player's abili"
2f5b3ccb,probe_mh,MiniHack-River-Narrow-v0,8,3,S,0.0,False,"belief={'layout': 'The goal is likely to be downstairs, but its location is unknown. Th | mech=The full moon message may have an effect on the game world or the player's abili"
2f5b3ccb,probe_mh,MiniHack-River-Narrow-v0,8,4,S,0.0,False,"belief={'layout': 'The goal is likely to be downstairs, but its location is unknown. Th | mech=The full moon message may have an effect on the game world or the player's abili"
2f5b3ccb,probe_mh,MiniHack-River-Narrow-v0,8,5,S,0.0,False,"belief={'layout': 'The goal is likely to be downstairs, but its location is unknown. Th | mech=The full moon message may have an effect on the game world or the player's abili"
2f5b3ccb,probe_mh,MiniHack-River-Narrow-v0,8,6,E,0.0,False,"belief={'layout': 'The goal is likely to be downstairs, but its location is unknown. Th | mech=The full moon message may have an effect on the game world or the player's abili"
2f5b3ccb,probe_mh,MiniHack-River-Narrow-v0,8,7,E,0.0,False,"belief={'layout': 'The goal is likely to be downstairs, but its location is unknown. Th | mech=The full moon message may have an effect on the game world or the player's abili"
2f5b3ccb,probe_mh,MiniHack-River-Narrow-v0,8,8,E,0.0,False,"belief={'layout': 'The goal is likely to be downstairs, but its location is unknown. Th | mech=The full moon message may have an effect on the game world or the player's abili"
2f5b3ccb,probe_mh,MiniHack-River-Narrow-v0,8,9,E,0.0,False,"belief={'layout': 'The goal is likely to be downstairs, but its location is unknown. Th | mech=The full moon message may have an effect on the game world or the player's abili"
2f5b3ccb,probe_mh,MiniHack-River-Narrow-v0,8,10,E,0.0,False,"belief={'layout': 'The goal is likely to be downstairs, but its location is unknown. Th | mech=The full moon message may have an effect on the game world or the player's abili"
2f5b3ccb,probe_mh,MiniHack-River-Narrow-v0,8,11,E,0.0,False,"belief={'layout': 'The goal is likely to be downstairs, but its location is unknown. Th | mech=The full moon message may have an effect on the game world or the player's abili"
2f5b3ccb,probe_mh,MiniHack-River-Narrow-v0,8,12,S,-0.01,False,"belief={'layout': 'The goal is likely to be downstairs, but its location is unknown. Th | mech=The full moon message may have an effect on the game world or the player's abili"
2f5b3ccb,probe_mh,MiniHack-River-Narrow-v0,8,13,E,0.0,False,"belief={'layout': 'The goal is likely to be downstairs, but its location is unknown. Th | mech=The full moon message may have an effect on the game world or the player's abili"
2f5b3ccb,probe_mh,MiniHack-River-Narrow-v0,8,14,E,0.0,False,"belief={'layout': 'The goal is likely to be downstairs, but its location is unknown. Th | mech=The full moon message may have an effect on the game world or the player's abili"
2f5b3ccb,probe_mh,MiniHack-River-Narrow-v0,8,15,S,-0.01,False,"belief={'layout': 'The goal is likely to be downstairs, but its location is unknown. Th | mech=The full moon message may have an effect on the game world or the player's abili"
2f5b3ccb,probe_mh,MiniHack-River-Narrow-v0,8,16,E,0.0,False,"belief={'layout': 'The goal is likely to be downstairs, but its location is unknown. Th | mech=The full moon message may have an effect on the game world or the player's abili"
2f5b3ccb,probe_mh,MiniHack-River-Narrow-v0,8,17,E,0.0,False,"belief={'layout': 'The goal is likely to be downstairs, but its location is unknown. Th | mech=The full moon message may have an effect on the game world or the player's abili"
2f5b3ccb,probe_mh,MiniHack-River-Narrow-v0,8,18,S,0.0,False,"belief={'layout': 'The goal is likely to be downstairs, but its location is unknown. Th | mech=The full moon message may have an effect on the game world or the player's abili"
2f5b3ccb,probe_mh,MiniHack-River-Narrow-v0,8,19,E,0.0,False,"belief={'layout': 'The goal is likely to be downstairs, but its location is unknown. Th | mech=The full moon message may have an effect on the game world or the player's abili"
2f5b3ccb,probe_mh,MiniHack-River-Narrow-v0,8,20,E,0.0,False,"belief={'layout': 'The goal is likely to be downstairs, but its location is unknown. Th | mech=The full moon message may have an effect on the game world or the player's abili"
2f5b3ccb,probe_mh,MiniHack-River-Narrow-v0,8,21,S,0.0,False,"belief={'layout': 'The goal is likely to be downstairs, but its location is unknown. Th | mech=The full moon message may have an effect on the game world or the player's abili"
2f5b3ccb,probe_mh,MiniHack-River-Narrow-v0,8,22,S,-0.01,False,"belief={'layout': 'The goal is likely to be downstairs, but its location is unknown. Th | mech=The full moon message may have an effect on the game world or the player's abili"
2f5b3ccb,probe_mh,MiniHack-River-Narrow-v0,8,23,E,0.0,False,"belief={'layout': 'The goal is likely to be downstairs, but its location is unknown. Th | mech=The full moon message may have an effect on the game world or the player's abili"
2f5b3ccb,probe_mh,MiniHack-River-Narrow-v0,8,24,S,0.0,False,"belief={'layout': 'The goal is likely to be downstairs, but its location is unknown. Th | mech=The full moon message may have an effect on the game world or the player's abili"
2f5b3ccb,probe_mh,MiniHack-River-Narrow-v0,8,25,S,-0.01,False,"belief={'layout': 'The goal is likely to be downstairs, but its location is unknown. Th | mech=The full moon message may have an effect on the game world or the player's abili"
2f5b3ccb,probe_mh,MiniHack-River-Narrow-v0,8,26,E,0.0,False,"belief={'layout': 'The goal is likely to be downstairs, but its location is unknown. Th | mech=The full moon message may have an effect on the game world or the player's abili"
2f5b3ccb,probe_mh,MiniHack-River-Narrow-v0,8,27,E,0.0,False,"belief={'layout': 'The goal is likely to be downstairs, but its location is unknown. Th | mech=The full moon message may have an effect on the game world or the player's abili"
2f5b3ccb,probe_mh,MiniHack-River-Narrow-v0,8,28,E,0.0,False,"belief={'layout': 'The goal is likely to be downstairs, but its location is unknown. Th | mech=The full moon message may have an effect on the game world or the player's abili"
2f5b3ccb,probe_mh,MiniHack-River-Narrow-v0,8,29,S,0.0,False,"belief={'layout': 'The goal is likely to be downstairs, but its location is unknown. Th | mech=The full moon message may have an effect on the game world or the player's abili"
2f5b3ccb,probe_mh,MiniHack-River-Narrow-v0,8,30,S,-0.01,False,"belief={'layout': 'The goal is likely to be downstairs, but its location is unknown. Th | mech=The full moon message may have an effect on the game world or the player's abili"
2f5b3ccb,probe_mh,MiniHack-River-Narrow-v0,8,31,E,0.0,False,"belief={'layout': 'The goal is likely to be downstairs, but its location is unknown. Th | mech=The full moon message may have an effect on the game world or the player's abili"
2f5b3ccb,probe_mh,MiniHack-River-Narrow-v0,8,32,S,0.0,False,"belief={'layout': 'The goal is likely to be downstairs, but its location is unknown. Th | mech=The full moon message may have an effect on the game world or the player's abili"
2f5b3ccb,probe_mh,MiniHack-River-Narrow-v0,8,33,S,-0.01,False,"belief={'layout': 'The goal is likely to be downstairs, but its location is unknown. Th | mech=The full moon message may have an effect on the game world or the player's abili"
2f5b3ccb,probe_mh,MiniHack-River-Narrow-v0,8,34,E,0.0,False,"belief={'layout': 'The goal is likely to be downstairs, but its location is unknown. Th | mech=The full moon message may have an effect on the game world or the player's abili"
2f5b3ccb,probe_mh,MiniHack-River-Narrow-v0,8,35,E,0.0,False,"belief={'layout': 'The goal is likely to be downstairs, but its location is unknown. Th | mech=The full moon message may have an effect on the game world or the player's abili"
2f5b3ccb,probe_mh,MiniHack-River-Narrow-v0,8,36,S,-0.01,False,"belief={'layout': 'The goal is likely to be downstairs, but its location is unknown. Si | mech=The full moon message may have an effect on the game world or the player's abili"
2f5b3ccb,probe_mh,MiniHack-River-Narrow-v0,8,37,S,-0.01,False,"belief={'layout': 'The goal is likely to be downstairs, but its location is unknown. Si | mech=The full moon message may have an effect on the game world or the player's abili"
2f5b3ccb,probe_mh,MiniHack-River-Narrow-v0,8,38,W,0.0,False,"belief={'layout': 'The goal is likely to be downstairs, but its location is unknown. Si | mech=The full moon message may have an effect on the game world or the player's abili"
2f5b3ccb,probe_mh,MiniHack-River-Narrow-v0,8,39,W,0.0,False,"belief={'layout': 'The goal is likely to be downstairs, but its location is unknown. Si | mech=The full moon message may have an effect on the game world or the player's abili"
2f5b3ccb,probe_mh,MiniHack-River-Narrow-v0,8,40,W,0.0,False,"belief={'layout': 'The goal is likely to be downstairs, but its location is unknown. Si | mech=The full moon message may have an effect on the game world or the player's abili"
2f5b3ccb,probe_mh,MiniHack-River-Narrow-v0,8,41,W,0.0,False,"belief={'layout': 'The goal is likely to be downstairs, but its location is unknown. Si | mech=The full moon message may have an effect on the game world or the player's abili"
2f5b3ccb,probe_mh,MiniHack-River-Narrow-v0,8,42,W,0.0,False,"belief={'layout': 'The goal is likely to be downstairs, but its location is unknown. Si | mech=The full moon message may have an effect on the game world or the player's abili"
2f5b3ccb,probe_mh,MiniHack-River-Narrow-v0,8,43,W,0.0,False,"belief={'layout': 'The goal is likely to be downstairs, but its location is unknown. Si | mech=The full moon message may have an effect on the game world or the player's abili"
2f5b3ccb,probe_mh,MiniHack-River-Narrow-v0,8,44,W,0.0,False,"belief={'layout': 'The goal is likely to be downstairs, but its location is unknown. Si | mech=The full moon message may have an effect on the game world or the player's abili"
2f5b3ccb,probe_mh,MiniHack-River-Narrow-v0,8,45,W,0.0,False,"belief={'layout': 'The goal is likely to be downstairs, but its location is unknown. Si | mech=The full moon message may have an effect on the game world or the player's abili"
2f5b3ccb,probe_mh,MiniHack-River-Narrow-v0,8,46,W,0.0,False,"belief={'layout': 'The goal is likely to be downstairs, but its location is unknown. Si | mech=The full moon message may have an effect on the game world or the player's abili"
2f5b3ccb,probe_mh,MiniHack-River-Narrow-v0,8,47,W,0.0,False,"belief={'layout': 'The goal is likely to be downstairs, but its location is unknown. Si | mech=The full moon message may have an effect on the game world or the player's abili"
2f5b3ccb,probe_mh,MiniHack-River-Narrow-v0,8,48,W,0.0,False,"belief={'layout': 'The goal is likely to be downstairs, but its location is unknown. Si | mech=The full moon message may have an effect on the game world or the player's abili"
2f5b3ccb,probe_mh,MiniHack-River-Narrow-v0,8,49,W,0.0,False,"belief={'layout': 'The goal is likely to be downstairs, but its location is unknown. Si | mech=The full moon message may have an effect on the game world or the player's abili"
2f5b3ccb,probe_mh,MiniHack-River-Narrow-v0,8,50,W,0.0,False,"belief={'layout': 'The goal is likely to be downstairs, but its location is unknown. Si | mech=The full moon message may have an effect on the game world or the player's abili"
2f5b3ccb,probe_mh,MiniHack-River-Narrow-v0,8,51,W,0.0,False,"belief={'layout': 'The goal is likely to be downstairs, but its location is unknown. Si | mech=The full moon message may have an effect on the game world or the player's abili"
2f5b3ccb,probe_mh,MiniHack-River-Narrow-v0,8,52,W,0.0,False,"belief={'layout': 'The goal is likely to be downstairs, but its location is unknown. Si | mech=The full moon message may have an effect on the game world or the player's abili"
2f5b3ccb,probe_mh,MiniHack-River-Narrow-v0,8,53,W,0.0,False,"belief={'layout': 'The goal is likely to be downstairs, but its location is unknown. Si | mech=The full moon message may have an effect on the game world or the player's abili"
2f5b3ccb,probe_mh,MiniHack-River-Narrow-v0,8,54,W,0.0,False,"belief={'layout': 'The goal is likely to be downstairs, but its location is unknown. Si | mech=The full moon message may have an effect on the game world or the player's abili"
2f5b3ccb,probe_mh,MiniHack-River-Narrow-v0,8,55,W,-0.01,False,"belief={'layout': 'The goal is likely to be downstairs, but its location is unknown. Si | mech=The full moon message may have an effect on the game world or the player's abili"
2f5b3ccb,probe_mh,MiniHack-River-Narrow-v0,8,56,N,0.0,False,"belief={'layout': 'The goal is likely to be downstairs, but its location is unknown. Si | mech=The full moon message may have an effect on the game world or the player's abili"
2f5b3ccb,probe_mh,MiniHack-River-Narrow-v0,8,57,W,-0.01,False,"belief={'layout': 'The goal is likely to be downstairs, but its location is unknown. Si | mech=The full moon message may have an effect on the game world or the player's abili"
2f5b3ccb,probe_mh,MiniHack-River-Narrow-v0,8,58,W,-0.01,False,"belief={'layout': 'The goal is likely to be downstairs, but its location is unknown. Si | mech=The full moon message may have an effect on the game world or the player's abili"
2f5b3ccb,probe_mh,MiniHack-River-Narrow-v0,8,59,N,0.0,False,"belief={'layout': 'The goal is likely to be downstairs, but its location is unknown. Si | mech=The full moon message may have an effect on the game world or the player's abili"
2f5b3ccb,probe_mh,MiniHack-River-Narrow-v0,8,60,W,-0.01,False,"belief={'layout': 'The goal is likely to be downstairs, but its location is unknown. Si | mech=The full moon message may have an effect on the game world or the player's abili"
2f5b3ccb,probe_mh,MiniHack-River-Narrow-v0,8,61,W,-0.01,False,"belief={'layout': 'The goal is likely to be downstairs, but its location is unknown. Si | mech=The full moon message may have an effect on the game world or the player's abili"
2f5b3ccb,probe_mh,MiniHack-River-Narrow-v0,8,62,S,0.0,False,"belief={'layout': 'The goal is likely to be downstairs, but its location is unknown. Si | mech=The full moon message may have an effect on the game world or the player's abili"
2f5b3ccb,probe_mh,MiniHack-River-Narrow-v0,8,63,S,0.0,False,"belief={'layout': 'The goal is likely to be downstairs, but its location is unknown. Si | mech=The full moon message may have an effect on the game world or the player's abili"
2f5b3ccb,probe_mh,MiniHack-River-Narrow-v0,8,64,S,-0.01,False,"belief={'layout': 'The goal is likely to be downstairs, but its location is unknown. Si | mech=The full moon message may have an effect on the game world or the player's abili"
2f5b3ccb,probe_mh,MiniHack-River-Narrow-v0,8,65,S,-0.01,False,"belief={'layout': 'The goal is likely to be downstairs, but its location is unknown. Si | mech=The full moon message may have an effect on the game world or the player's abili"
2f5b3ccb,probe_mh,MiniHack-River-Narrow-v0,8,66,E,0.0,False,"belief={'layout': 'The goal is likely to be downstairs, but its location is unknown. Si | mech=The full moon message may have an effect on the game world or the player's abili"
2f5b3ccb,probe_mh,MiniHack-River-Narrow-v0,8,67,S,-0.01,False,"belief={'layout': 'The goal is likely to be downstairs, but its location is unknown. Si | mech=The full moon message may have an effect on the game world or the player's abili"
2f5b3ccb,probe_mh,MiniHack-River-Narrow-v0,8,68,N,0.0,False,"belief={'layout': 'The goal is likely to be downstairs, but its location is unknown. Si | mech=The full moon message may have an effect on the game world or the player's abili"
2f5b3ccb,probe_mh,MiniHack-River-Narrow-v0,8,69,N,0.0,False,"belief={'layout': 'The goal is likely to be downstairs, but its location is unknown. Si | mech=The full moon message may have an effect on the game world or the player's abili"
2f5b3ccb,probe_mh,MiniHack-River-Narrow-v0,8,70,N,0.0,False,"belief={'layout': 'The goal is likely to be downstairs, but its location is unknown. Si | mech=The full moon message may have an effect on the game world or the player's abili"
2f5b3ccb,probe_mh,MiniHack-River-Narrow-v0,8,71,N,0.0,False,"belief={'layout': 'The goal is likely to be downstairs, but its location is unknown. Si | mech=The full moon message may have an effect on the game world or the player's abili"
2f5b3ccb,probe_mh,MiniHack-River-Narrow-v0,8,72,N,0.0,False,"belief={'layout': 'The goal is likely to be downstairs, but its location is unknown. Si | mech=The full moon message may have an effect on the game world or the player's abili"
2f5b3ccb,probe_mh,MiniHack-River-Narrow-v0,8,73,N,0.0,False,"belief={'layout': 'The goal is likely to be downstairs, but its location is unknown. Si | mech=The full moon message may have an effect on the game world or the player's abili"
2f5b3ccb,probe_mh,MiniHack-River-Narrow-v0,8,74,N,-0.01,False,"belief={'layout': 'The goal is likely to be downstairs, but its location is unknown. Si | mech=The full moon message may have an effect on the game world or the player's abili"
2f5b3ccb,probe_mh,MiniHack-River-Narrow-v0,8,75,W,0.0,False,"belief={'layout': 'The goal is likely to be downstairs, but its location is unknown. Si | mech=The full moon message may have an effect on the game world or the player's abili"
2f5b3ccb,probe_mh,MiniHack-River-Narrow-v0,8,76,N,-0.01,False,"belief={'layout': 'The goal is likely to be downstairs, but its location is unknown. Si | mech=The full moon message may have an effect on the game world or the player's abili"
2f5b3ccb,probe_mh,MiniHack-River-Narrow-v0,8,77,W,-0.01,False,"belief={'layout': 'The goal is likely to be downstairs, but its location is unknown. Si | mech=The full moon message may have an effect on the game world or the player's abili"
2f5b3ccb,probe_mh,MiniHack-River-Narrow-v0,8,78,NW,-0.01,False,"belief={'layout': 'The goal is likely to be downstairs, but its location is unknown. Si | mech=The full moon message may have an effect on the game world or the player's abili"
2f5b3ccb,probe_mh,MiniHack-River-Narrow-v0,8,79,NE,-0.01,False,"belief={'layout': 'The goal is likely to be downstairs, but its location is unknown. Si | mech=The full moon message may have an effect on the game world or the player's abili"
2f5b3ccb,probe_mh,MiniHack-River-Narrow-v0,8,80,SE,0.0,False,"belief={'layout': 'The goal is likely to be downstairs, but its location is unknown. Si | mech=The full moon message may have an effect on the game world or the player's abili"
2f5b3ccb,probe_mh,MiniHack-River-Narrow-v0,8,81,SE,0.0,False,"belief={'layout': 'The goal is likely to be downstairs, but its location is unknown. Si | mech=The full moon message may have an effect on the game world or the player's abili"
2f5b3ccb,probe_mh,MiniHack-River-Narrow-v0,8,82,SE,0.0,False,"belief={'layout': 'The goal is likely to be downstairs, but its location is unknown. Si | mech=The full moon message may have an effect on the game world or the player's abili"
2f5b3ccb,probe_mh,MiniHack-River-Narrow-v0,8,83,SE,0.0,False,"belief={'layout': 'The goal is likely to be downstairs, but its location is unknown. Si | mech=The full moon message may have an effect on the game world or the player's abili"
2f5b3ccb,probe_mh,MiniHack-River-Narrow-v0,8,84,SE,0.0,False,"belief={'layout': 'The goal is likely to be downstairs, but its location is unknown. Si | mech=The full moon message may have an effect on the game world or the player's abili"
2f5b3ccb,probe_mh,MiniHack-River-Narrow-v0,8,85,SE,0.0,False,"belief={'layout': 'The goal is likely to be downstairs, but its location is unknown. Si | mech=The full moon message may have an effect on the game world or the player's abili"
2f5b3ccb,probe_mh,MiniHack-River-Narrow-v0,8,86,SE,-0.01,False,"belief={'layout': 'The goal is likely to be downstairs, but its location is unknown. Si | mech=The full moon message may have an effect on the game world or the player's abili"
2f5b3ccb,probe_mh,MiniHack-River-Narrow-v0,8,87,NW,0.0,False,"belief={'layout': 'The goal is likely to be downstairs, but its location is unknown. Si | mech=The full moon message may have an effect on the game world or the player's abili"
2f5b3ccb,probe_mh,MiniHack-River-Narrow-v0,8,88,NW,0.0,False,"belief={'layout': 'The goal is likely to be downstairs, but its location is unknown. Si | mech=The full moon message may have an effect on the game world or the player's abili"
2f5b3ccb,probe_mh,MiniHack-River-Narrow-v0,8,89,NW,0.0,False,"belief={'layout': 'The goal is likely to be downstairs, but its location is unknown. Si | mech=The full moon message may have an effect on the game world or the player's abili"
2f5b3ccb,probe_mh,MiniHack-River-Narrow-v0,8,90,N,0.0,False,"belief={'layout': 'The goal is likely to be downstairs, but its location is unknown. Si | mech=The full moon message may have an effect on the game world or the player's abili"
2f5b3ccb,probe_mh,MiniHack-River-Narrow-v0,8,91,N,0.0,False,"belief={'layout': 'The goal is likely to be downstairs, but its location is unknown. Si | mech=The full moon message may have an effect on the game world or the player's abili"
2f5b3ccb,probe_mh,MiniHack-River-Narrow-v0,8,92,N,0.0,False,"belief={'layout': 'The goal is likely to be downstairs, but its location is unknown. Si | mech=The full moon message may have an effect on the game world or the player's abili"
2f5b3ccb,probe_mh,MiniHack-River-Narrow-v0,8,93,N,-0.01,False,"belief={'layout': 'The goal is likely to be downstairs, but its location is unknown. Si | mech=The full moon message may have an effect on the game world or the player's abili"
2f5b3ccb,probe_mh,MiniHack-River-Narrow-v0,8,94,E,0.0,False,"belief={'layout': 'The goal is likely to be downstairs, but its location is unknown. Si | mech=The full moon message may have an effect on the game world or the player's abili"
2f5b3ccb,probe_mh,MiniHack-River-Narrow-v0,8,95,E,0.0,False,"belief={'layout': 'The goal is likely to be downstairs, but its location is unknown. Si | mech=The full moon message may have an effect on the game world or the player's abili"
2f5b3ccb,probe_mh,MiniHack-River-Narrow-v0,8,96,E,0.0,False,"belief={'layout': 'The goal is likely to be downstairs, but its location is unknown. Si | mech=The full moon message may have an effect on the game world or the player's abili"
2f5b3ccb,probe_mh,MiniHack-River-Narrow-v0,8,97,E,0.0,False,"belief={'layout': 'The goal is likely to be downstairs, but its location is unknown. Si | mech=The full moon message may have an effect on the game world or the player's abili"
2f5b3ccb,probe_mh,MiniHack-River-Narrow-v0,8,98,E,0.0,False,"belief={'layout': 'The goal is likely to be downstairs, but its location is unknown. Si | mech=The full moon message may have an effect on the game world or the player's abili"
2f5b3ccb,probe_mh,MiniHack-River-Narrow-v0,8,99,E,0.0,False,"belief={'layout': 'The goal is likely to be downstairs, but its location is unknown. Si | mech=The full moon message may have an effect on the game world or the player's abili"
2f5b3ccb,probe_mh,MiniHack-River-Narrow-v0,8,100,E,0.0,False,"belief={'layout': 'The goal is likely to be downstairs, but its location is unknown. Si | mech=The full moon message may have an effect on the game world or the player's abili"
2f5b3ccb,probe_mh,MiniHack-River-Narrow-v0,8,101,E,0.0,False,"belief={'layout': 'The goal is likely to be downstairs, but its location is unknown. Si | mech=The full moon message may have an effect on the game world or the player's abili"
2f5b3ccb,probe_mh,MiniHack-River-Narrow-v0,8,102,S,0.0,False,"belief={'layout': 'The goal is likely to be downstairs, but its location is unknown. Si | mech=The full moon message may have an effect on the game world or the player's abili"
2f5b3ccb,probe_mh,MiniHack-River-Narrow-v0,8,103,S,0.0,False,"belief={'layout': 'The goal is likely to be downstairs, but its location is unknown. Si | mech=The full moon message may have an effect on the game world or the player's abili"
2f5b3ccb,probe_mh,MiniHack-River-Narrow-v0,8,104,W,0.0,False,"belief={'layout': 'The goal is likely to be downstairs, but its location is unknown. Si | mech=The full moon message may have an effect on the game world or the player's abili"
2f5b3ccb,probe_mh,MiniHack-River-Narrow-v0,8,105,W,0.0,False,"belief={'layout': 'The goal is likely to be downstairs, but its location is unknown. Si | mech=The full moon message may have an effect on the game world or the player's abili"
2f5b3ccb,probe_mh,MiniHack-River-Narrow-v0,8,106,W,0.0,False,"belief={'layout': 'The goal is likely to be downstairs, but its location is unknown. Si | mech=The full moon message may have an effect on the game world or the player's abili"
2f5b3ccb,probe_mh,MiniHack-River-Narrow-v0,8,107,W,0.0,False,"belief={'layout': 'The goal is likely to be downstairs, but its location is unknown. Si | mech=The full moon message may have an effect on the game world or the player's abili"
2f5b3ccb,probe_mh,MiniHack-River-Narrow-v0,8,108,W,0.0,False,"belief={'layout': 'The goal is likely to be downstairs, but its location is unknown. Si | mech=The full moon message may have an effect on the game world or the player's abili"
2f5b3ccb,probe_mh,MiniHack-River-Narrow-v0,8,109,N,0.0,False,"belief={'layout': 'The goal is likely to be downstairs, but its location is unknown. Si | mech=The full moon message may have an effect on the game world or the player's abili"
2f5b3ccb,probe_mh,MiniHack-River-Narrow-v0,8,110,N,0.0,False,"belief={'layout': 'The goal is likely to be downstairs, but its location is unknown. Si | mech=The full moon message may have an effect on the game world or the player's abili"
2f5b3ccb,probe_mh,MiniHack-River-Narrow-v0,8,111,N,-0.01,False,"belief={'layout': 'The goal is likely to be downstairs, but its location is unknown. Si | mech=The full moon message may have an effect on the game world or the player's abili"
2f5b3ccb,probe_mh,MiniHack-River-Narrow-v0,8,112,W,0.0,False,"belief={'layout': 'The goal is likely to be downstairs, but its location is unknown. Si | mech=The full moon message may have an effect on the game world or the player's abili"
2f5b3ccb,probe_mh,MiniHack-River-Narrow-v0,8,113,W,0.0,False,"belief={'layout': 'The goal is likely to be downstairs, but its location is unknown. Si | mech=The full moon message may have an effect on the game world or the player's abili"
2f5b3ccb,probe_mh,MiniHack-River-Narrow-v0,8,114,W,0.0,False,"belief={'layout': 'The goal is likely to be downstairs, but its location is unknown. Si | mech=The full moon message may have an effect on the game world or the player's abili"
2f5b3ccb,probe_mh,MiniHack-River-Narrow-v0,8,115,W,0.0,False,"belief={'layout': 'The goal is likely to be downstairs, but its location is unknown. Si | mech=The full moon message may have an effect on the game world or the player's abili"
2f5b3ccb,probe_mh,MiniHack-River-Narrow-v0,8,116,W,0.0,False,"belief={'layout': 'The goal is likely to be downstairs, but its location is unknown. Si | mech=The full moon message may have an effect on the game world or the player's abili"
2f5b3ccb,probe_mh,MiniHack-River-Narrow-v0,8,117,W,0.0,False,"belief={'layout': 'The goal is likely to be downstairs, but its location is unknown. Si | mech=The full moon message may have an effect on the game world or the player's abili"
2f5b3ccb,probe_mh,MiniHack-River-Narrow-v0,8,118,W,-0.01,False,"belief={'layout': 'The goal is likely to be downstairs, but its location is unknown. Si | mech=The full moon message may have an effect on the game world or the player's abili"
2f5b3ccb,probe_mh,MiniHack-River-Narrow-v0,8,119,N,-0.01,False,"belief={'layout': 'The goal is likely to be downstairs, but its location is unknown. Si | mech=The full moon message may have an effect on the game world or the player's abili"
2f5b3ccb,probe_mh,MiniHack-River-Narrow-v0,9,0,E,0.0,False,"belief=The goal is likely to be downstairs, but its location is unknown. My next move w | mech=I believe that moving into the lava or water (represented by '}') might be harmf"
2f5b3ccb,probe_mh,MiniHack-River-Narrow-v0,9,1,E,0.0,False,"belief=The goal is likely to be downstairs, but its location is unknown. My next move w | mech=I believe that moving into the lava or water (represented by '}') might be harmf"
2f5b3ccb,probe_mh,MiniHack-River-Narrow-v0,9,2,S,0.0,False,"belief=The goal is likely to be downstairs, but its location is unknown. My next move w | mech=I believe that moving into the lava or water (represented by '}') might be harmf"
2f5b3ccb,probe_mh,MiniHack-River-Narrow-v0,9,3,S,0.0,False,"belief=The goal is likely to be downstairs, but its location is unknown. My next move w | mech=I believe that moving into the lava or water (represented by '}') might be harmf"
2f5b3ccb,probe_mh,MiniHack-River-Narrow-v0,9,4,E,0.0,False,"belief=The goal is likely to be downstairs, but its location is unknown. My next move w | mech=I believe that moving into the lava or water (represented by '}') might be harmf"
2f5b3ccb,probe_mh,MiniHack-River-Narrow-v0,9,5,E,0.0,False,"belief=The goal is likely to be downstairs, but its location is unknown. My next move w | mech=I believe that moving into the lava or water (represented by '}') might be harmf"
2f5b3ccb,probe_mh,MiniHack-River-Narrow-v0,9,6,E,0.0,False,"belief=The goal is likely to be downstairs, but its location is unknown. My next move w | mech=I believe that moving into the lava or water (represented by '}') might be harmf"
2f5b3ccb,probe_mh,MiniHack-River-Narrow-v0,9,7,S,0.0,False,"belief=The goal is likely to be downstairs, and my next move will be to explore the sur | mech=I believe that moving into the lava or water (represented by '}') might be harmf"
2f5b3ccb,probe_mh,MiniHack-River-Narrow-v0,9,8,S,0.0,False,"belief=The goal is likely to be downstairs, and my next move will be to explore the sur | mech=I believe that moving into the lava or water (represented by '}') might be harmf"
2f5b3ccb,probe_mh,MiniHack-River-Narrow-v0,9,9,E,0.0,False,"belief=The goal is likely to be downstairs, and my next move will be to explore the sur | mech=I believe that moving into the lava or water (represented by '}') might be harmf"
2f5b3ccb,probe_mh,MiniHack-River-Narrow-v0,9,10,E,0.0,False,"belief=The goal is likely to be downstairs, and my next move will be to explore the sur | mech=I believe that moving into the lava or water (represented by '}') might be harmf"
2f5b3ccb,probe_mh,MiniHack-River-Narrow-v0,9,11,S,-0.01,False,"belief=The goal is likely to be downstairs, and my next move will be to explore the sur | mech=I believe that moving into the lava or water (represented by '}') might be harmf"
2f5b3ccb,probe_mh,MiniHack-River-Narrow-v0,9,12,S,-0.01,False,"belief=The goal is likely to be downstairs, and my next move will be to explore the sur | mech=I believe that moving into the lava or water (represented by '}') might be harmf"
2f5b3ccb,probe_mh,MiniHack-River-Narrow-v0,9,13,W,0.0,False,"belief=The goal is likely to be downstairs, and my next move will be to explore the sur | mech=I believe that moving into the lava or water (represented by '}') might be harmf"
2f5b3ccb,probe_mh,MiniHack-River-Narrow-v0,9,14,W,0.0,False,"belief=The goal is likely to be downstairs, and my next move will be to explore the sur | mech=I believe that moving into the lava or water (represented by '}') might be harmf"
2f5b3ccb,probe_mh,MiniHack-River-Narrow-v0,9,15,W,0.0,False,"belief=The goal is likely to be downstairs, and my next move will be to explore the sur | mech=I believe that moving into the lava or water (represented by '}') might be harmf"
2f5b3ccb,probe_mh,MiniHack-River-Narrow-v0,9,16,W,0.0,False,"belief=The goal is likely to be downstairs, and my next move will be to explore the sur | mech=I believe that moving into the lava or water (represented by '}') might be harmf"
2f5b3ccb,probe_mh,MiniHack-River-Narrow-v0,9,17,N,0.0,False,"belief=The goal is likely to be downstairs, and my next move will be to explore the sur | mech=I believe that moving into the lava or water (represented by '}') might be harmf"
2f5b3ccb,probe_mh,MiniHack-River-Narrow-v0,9,18,W,0.0,False,"belief=The goal is likely to be downstairs, and my next move will be to explore the sur | mech=I believe that moving into the lava or water (represented by '}') might be harmf"
2f5b3ccb,probe_mh,MiniHack-River-Narrow-v0,9,19,W,0.0,False,"belief=The goal is likely to be downstairs, and my next move will be to explore the sur | mech=I believe that moving into the lava or water (represented by '}') might be harmf"
2f5b3ccb,probe_mh,MiniHack-River-Narrow-v0,9,20,W,0.0,False,"belief=The goal is likely to be downstairs, and my next move will be to explore the sur | mech=I believe that moving into the lava or water (represented by '}') might be harmf"
2f5b3ccb,probe_mh,MiniHack-River-Narrow-v0,9,21,W,0.0,False,"belief=The goal is likely to be downstairs, and my next move will be to explore the sur | mech=I believe that moving into the lava or water (represented by '}') might be harmf"
2f5b3ccb,probe_mh,MiniHack-River-Narrow-v0,9,22,W,0.0,False,"belief=The goal is likely to be downstairs, and my next move will be to explore the sur | mech=I believe that moving into the lava or water (represented by '}') might be harmf"
2f5b3ccb,probe_mh,MiniHack-River-Narrow-v0,9,23,W,0.0,False,"belief=The goal is likely to be downstairs, and my next move will be to explore the sur | mech=I believe that moving into the lava or water (represented by '}') might be harmf"
2f5b3ccb,probe_mh,MiniHack-River-Narrow-v0,9,24,W,0.0,False,"belief=The goal is likely to be downstairs, and my next move will be to explore the sur | mech=I believe that moving into the lava or water (represented by '}') might be harmf"
2f5b3ccb,probe_mh,MiniHack-River-Narrow-v0,9,25,W,0.0,False,"belief=The goal is likely to be downstairs, and my next move will be to explore the sur | mech=I believe that moving into the lava or water (represented by '}') might be harmf"
2f5b3ccb,probe_mh,MiniHack-River-Narrow-v0,9,26,N,0.0,False,"belief=The goal is likely to be downstairs, and my next move will be to explore the sur | mech=I believe that moving into the lava or water (represented by '}') might be harmf"
2f5b3ccb,probe_mh,MiniHack-River-Narrow-v0,9,27,N,0.0,False,"belief=The goal is likely to be downstairs, and my next move will be to explore the sur | mech=I believe that moving into the lava or water (represented by '}') might be harmf"
2f5b3ccb,probe_mh,MiniHack-River-Narrow-v0,9,28,N,0.0,False,"belief=The goal is likely to be downstairs, and my next move will be to explore the sur | mech=I believe that moving into the lava or water (represented by '}') might be harmf"
2f5b3ccb,probe_mh,MiniHack-River-Narrow-v0,9,29,N,0.0,False,"belief=The goal is likely to be downstairs, and my next move will be to explore the sur | mech=I believe that moving into the lava or water (represented by '}') might be harmf"
2f5b3ccb,probe_mh,MiniHack-River-Narrow-v0,9,30,N,-0.01,False,"belief=The goal is likely to be downstairs, and my next move will be to explore the sur | mech=I believe that moving into the lava or water (represented by '}') might be harmf"
2f5b3ccb,probe_mh,MiniHack-River-Narrow-v0,9,31,N,-0.01,False,"belief=The goal is likely to be downstairs, and my next move will be to explore the sur | mech=I believe that moving into the lava or water (represented by '}') might be harmf"
2f5b3ccb,probe_mh,MiniHack-River-Narrow-v0,9,32,E,0.0,False,"belief=The goal is likely to be downstairs, and since moving north hits a wall, my next | mech=I still believe that moving into the lava or water (represented by '}') might be"
2f5b3ccb,probe_mh,MiniHack-River-Narrow-v0,9,33,E,0.0,False,"belief=The goal is likely to be downstairs, and my next move will be to explore the eas | mech=I still believe that moving into the lava or water (represented by '}') might be"
2f5b3ccb,probe_mh,MiniHack-River-Narrow-v0,9,34,E,0.0,False,"belief=The goal is likely to be downstairs, and my next move will be to explore the eas | mech=I still believe that moving into the lava or water (represented by '}') might be"
2f5b3ccb,probe_mh,MiniHack-River-Narrow-v0,9,35,E,0.0,False,"belief=The goal is likely to be downstairs, and my next move will be to explore the eas | mech=I still believe that moving into the lava or water (represented by '}') might be"
2f5b3ccb,probe_mh,MiniHack-River-Narrow-v0,9,36,E,0.0,False,"belief=The goal is likely to be downstairs, and my next move will be to explore the eas | mech=I still believe that moving into the lava or water (represented by '}') might be"
2f5b3ccb,probe_mh,MiniHack-River-Narrow-v0,9,37,E,0.0,False,"belief=The goal is likely to be downstairs, and my next move will be to explore the eas | mech=I still believe that moving into the lava or water (represented by '}') might be"
2f5b3ccb,probe_mh,MiniHack-River-Narrow-v0,9,38,E,0.0,False,"belief=The goal is likely to be downstairs, and my next move will be to explore the eas | mech=I still believe that moving into the lava or water (represented by '}') might be"
2f5b3ccb,probe_mh,MiniHack-River-Narrow-v0,9,39,E,0.0,False,"belief=The goal is likely to be downstairs, and my next move will be to explore the eas | mech=I still believe that moving into the lava or water (represented by '}') might be"
2f5b3ccb,probe_mh,MiniHack-River-Narrow-v0,9,40,E,0.0,False,"belief=The goal is likely to be downstairs, and my next move will be to explore the eas | mech=I still believe that moving into the lava or water (represented by '}') might be"
2f5b3ccb,probe_mh,MiniHack-River-Narrow-v0,9,41,S,0.0,False,"belief=The goal is likely to be downstairs, and my next move will be to explore the sou | mech=I still believe that moving into the lava or water (represented by '}') might be"
2f5b3ccb,probe_mh,MiniHack-River-Narrow-v0,9,42,S,0.0,False,"belief=The goal is likely to be downstairs, and my next move will be to explore the sou | mech=I still believe that moving into the lava or water (represented by '}') might be"
2f5b3ccb,probe_mh,MiniHack-River-Narrow-v0,9,43,S,0.0,False,"belief=The goal is likely to be downstairs, and my next move will be to explore the sou | mech=I still believe that moving into the lava or water (represented by '}') might be"
2f5b3ccb,probe_mh,MiniHack-River-Narrow-v0,9,44,S,0.0,False,"belief=The goal is likely to be downstairs, and my next move will be to explore the sou | mech=I still believe that moving into the lava or water (represented by '}') might be"
2f5b3ccb,probe_mh,MiniHack-River-Narrow-v0,9,45,S,0.0,False,"belief=The goal is likely to be downstairs, and my next move will be to explore the sou | mech=I still believe that moving into the lava or water (represented by '}') might be"
2f5b3ccb,probe_mh,MiniHack-River-Narrow-v0,9,46,S,0.0,False,"belief=The goal is likely to be downstairs, and my next move will be to explore the sou | mech=I still believe that moving into the lava or water (represented by '}') might be"
2f5b3ccb,probe_mh,MiniHack-River-Narrow-v0,9,47,S,-0.01,False,"belief=The goal is likely to be downstairs, and my next move will be to explore the sou | mech=I still believe that moving into the lava or water (represented by '}') might be"
2f5b3ccb,probe_mh,MiniHack-River-Narrow-v0,9,48,E,0.0,False,"belief=The goal is likely to be downstairs, and my next move will be to explore the eas | mech=I still believe that moving into the lava or water (represented by '}') might be"
2f5b3ccb,probe_mh,MiniHack-River-Narrow-v0,9,49,E,0.0,False,"belief=The goal is likely to be downstairs, and my next move will be to explore the eas | mech=I still believe that moving into the lava or water (represented by '}') might be"
2f5b3ccb,probe_mh,MiniHack-River-Narrow-v0,9,50,E,0.0,False,"belief=The goal is likely to be downstairs, and my next move will be to explore the eas | mech=I still believe that moving into the lava or water (represented by '}') might be"
2f5b3ccb,probe_mh,MiniHack-River-Narrow-v0,9,51,E,0.0,False,"belief=The goal is likely to be downstairs, and my next move will be to explore the eas | mech=I still believe that moving into the lava or water (represented by '}') might be"
2f5b3ccb,probe_mh,MiniHack-River-Narrow-v0,9,52,E,0.0,False,"belief=The goal is likely to be downstairs, and my next move will be to explore the eas | mech=I still believe that moving into the lava or water (represented by '}') might be"
2f5b3ccb,probe_mh,MiniHack-River-Narrow-v0,9,53,E,0.0,False,"belief=The goal is likely to be downstairs, and my next move will be to explore the eas | mech=I still believe that moving into the lava or water (represented by '}') might be"
2f5b3ccb,probe_mh,MiniHack-River-Narrow-v0,9,54,E,0.0,False,"belief=The goal is likely to be downstairs, and my next move will be to explore the eas | mech=I still believe that moving into the lava or water (represented by '}') might be"
2f5b3ccb,probe_mh,MiniHack-River-Narrow-v0,9,55,N,0.0,False,"belief=The goal is likely to be downstairs, and my next move will be to explore the eas | mech=I still believe that moving into the lava or water (represented by '}') might be"
2f5b3ccb,probe_mh,MiniHack-River-Narrow-v0,9,56,E,0.0,False,"belief=The goal is likely to be downstairs, and my next move will be to explore the eas | mech=I still believe that moving into the lava or water (represented by '}') might be"
2f5b3ccb,probe_mh,MiniHack-River-Narrow-v0,9,57,E,0.0,False,"belief=The goal is likely to be downstairs, and my next move will be to explore the eas | mech=I still believe that moving into the lava or water (represented by '}') might be"
2f5b3ccb,probe_mh,MiniHack-River-Narrow-v0,9,58,E,-0.01,False,"belief=The goal is likely to be downstairs, and my next move will be to explore the eas | mech=I still believe that moving into the lava or water (represented by '}') might be"
2f5b3ccb,probe_mh,MiniHack-River-Narrow-v0,9,59,E,-0.01,False,"belief=The goal is likely to be downstairs, and my next move will be to explore the eas | mech=I still believe that moving into the lava or water (represented by '}') might be"
2f5b3ccb,probe_mh,MiniHack-River-Narrow-v0,9,60,N,0.0,False,"belief=The goal is likely to be downstairs, and since moving east has stalled, my next  | mech=I still believe that moving into the lava or water (represented by '}') might be"
2f5b3ccb,probe_mh,MiniHack-River-Narrow-v0,9,61,N,0.0,False,"belief=The goal is likely to be downstairs, and my next move will be to explore the nor | mech=I still believe that moving into the lava or water (represented by '}') might be"
2f5b3ccb,probe_mh,MiniHack-River-Narrow-v0,9,62,N,1.0,True,"belief=The goal is likely to be downstairs, and my next move will be to explore the nor | mech=I still believe that moving into the lava or water (represented by '}') might be"
