run_id,variant,env_id,seed,step,action,reward,done,note
f4e49053,reflexion_mh,MiniHack-River-Narrow-v0,0,0,E,0.0,False,"reflection=The level starts with a body of water or lava to the east and possibly some open floor to the north, south, and west. The downstairs is not immediatel"
f4e49053,reflexion_mh,MiniHack-River-Narrow-v0,0,1,N,0.0,False,"reflection=The level has water or lava to the east, and possibly some open floor to the north, south, and west. The downstairs is not immediately visible, and mo"
f4e49053,reflexion_mh,MiniHack-River-Narrow-v0,0,2,N,-0.01,False,"reflection=The level has water or lava to the east, and possibly some open floor to the north, south, and west. The downstairs is not immediately visible. Moving"
f4e49053,reflexion_mh,MiniHack-River-Narrow-v0,0,3,N,-0.01,False,"reflection=The level has water or lava to the east, and possibly some open floor to the north, south, and west. Moving north from the starting position does not "
f4e49053,reflexion_mh,MiniHack-River-Narrow-v0,0,4,S,0.0,False,"reflection=The level has water or lava to the east, and possibly some open floor to the north, south, and west. Moving north from the starting position hits a wa"
f4e49053,reflexion_mh,MiniHack-River-Narrow-v0,0,5,S,0.0,False,"reflection=The level has water or lava to the east, and possibly some open floor to the south and west. The northern direction is bounded by a wall close to the "
f4e49053,reflexion_mh,MiniHack-River-Narrow-v0,0,6,W,0.0,False,"reflection=The level has water or lava to the east, a wall to the north, and potentially open floor to the south and west, with no immediate threats or items in "
f4e49053,reflexion_mh,MiniHack-River-Narrow-v0,0,7,S,0.0,False,"reflection=The level has water or lava to the east, a wall to the north, and potentially open floor to the south and west, with no immediate threats or items in "
f4e49053,reflexion_mh,MiniHack-River-Narrow-v0,0,8,S,0.0,False,"reflection=The level has water or lava to the east, a wall to the north, and potentially open floor to the south and west, with no immediate threats or items in "
f4e49053,reflexion_mh,MiniHack-River-Narrow-v0,0,9,S,0.0,False,"reflection=The level has water or lava to the east, a wall to the north, and potentially open floor to the south and west, with no immediate threats or items in "
f4e49053,reflexion_mh,MiniHack-River-Narrow-v0,0,10,S,0.0,False,"reflection=The level has water or lava to the east, a wall to the north, and potentially open floor to the south and west. Moving south may reveal more of the le"
f4e49053,reflexion_mh,MiniHack-River-Narrow-v0,0,11,W,0.0,False,"reflection=The level has water or lava to the east, a wall to the north, and potentially open floor to the south and west. Moving west may reveal more of the lev"
f4e49053,reflexion_mh,MiniHack-River-Narrow-v0,0,12,W,0.0,False,"reflection=The level has water or lava to the east, a wall to the north, and potentially open floor to the south and west. Moving west may reveal more of the lev"
f4e49053,reflexion_mh,MiniHack-River-Narrow-v0,0,13,W,-0.01,False,"reflection=The level has water or lava to the east, a wall to the north, and potentially open floor to the south and west. Moving west may reveal more of the lev"
f4e49053,reflexion_mh,MiniHack-River-Narrow-v0,0,14,W,-0.01,False,"reflection=The level has water or lava to the east, a wall to the north, and potentially open floor to the south and west. Moving west may reveal more of the lev"
f4e49053,reflexion_mh,MiniHack-River-Narrow-v0,0,15,S,-0.01,False,"reflection=The level has water or lava to the east, a wall to the north and west from the current position, and potentially open floor to the south. Exploring so"
f4e49053,reflexion_mh,MiniHack-River-Narrow-v0,0,16,N,0.0,False,"reflection=The level has water or lava to the east, a wall to the north and west from the current position, and potentially open floor that is blocked to the sou"
f4e49053,reflexion_mh,MiniHack-River-Narrow-v0,0,17,N,0.0,False,"reflection=The level has water or lava to the east, and the north and west directions were initially walled off but might be accessible now, suggesting a possibl"
f4e49053,reflexion_mh,MiniHack-River-Narrow-v0,0,18,N,0.0,False,"reflection=The level's layout suggests a need to explore north and west further for potential paths or items, with caution due to the lava or water to the east."
f4e49053,reflexion_mh,MiniHack-River-Narrow-v0,0,19,N,0.0,False,"reflection=The level's layout suggests a need to explore north and west further for potential paths or items, with caution due to the lava or water to the east. "
f4e49053,reflexion_mh,MiniHack-River-Narrow-v0,0,20,N,0.0,False,"reflection=The level's layout suggests a need to explore north and west further for potential paths or items, with caution due to the lava or water to the east. "
f4e49053,reflexion_mh,MiniHack-River-Narrow-v0,0,21,N,0.0,False,"reflection=The level's north area appears to be a priority for exploration due to its openness and potential for discovery. Continuing north may reveal stairs, i"
f4e49053,reflexion_mh,MiniHack-River-Narrow-v0,0,22,N,-0.01,False,reflection=The level's north area remains a priority for exploration due to its openness and potential for discovery. The presence of lava or water to the east a
f4e49053,reflexion_mh,MiniHack-River-Narrow-v0,0,23,N,-0.01,False,"reflection=The level's north area remains a priority for exploration, and since no walls have been hit from this spot, moving north is likely to yield new inform"
f4e49053,reflexion_mh,MiniHack-River-Narrow-v0,0,24,E,0.0,False,"reflection=The level's north area is bounded by a wall, so exploration should focus on other directions to uncover potential paths, dangers, or opportunities."
f4e49053,reflexion_mh,MiniHack-River-Narrow-v0,0,25,E,0.0,False,"reflection=The level's north area is bounded by a wall, so exploration should focus on other directions to uncover potential paths, dangers, or opportunities. In"
f4e49053,reflexion_mh,MiniHack-River-Narrow-v0,0,26,E,0.0,False,"reflection=The level's north area is bounded by a wall, initial exploration suggests east or south might be viable directions for further discovery, and it seems"
f4e49053,reflexion_mh,MiniHack-River-Narrow-v0,0,27,S,0.0,False,"reflection=The level's north area is bounded by a wall, initial exploration suggests east or south might be viable directions for further discovery, and it seems"
f4e49053,reflexion_mh,MiniHack-River-Narrow-v0,0,28,S,0.0,False,"reflection=The level's north area is bounded by a wall, initial exploration suggests east or south might be viable directions for further discovery, and it seems"
f4e49053,reflexion_mh,MiniHack-River-Narrow-v0,0,29,S,0.0,False,"reflection=The level's north area is bounded by a wall, initial exploration suggests east or south might be viable directions for further discovery, and it seems"
f4e49053,reflexion_mh,MiniHack-River-Narrow-v0,0,30,S,0.0,False,"reflection=The level's south area yields more explorable floor tiles, indicating potential for further exploration and possibly finding stairs or other important"
f4e49053,reflexion_mh,MiniHack-River-Narrow-v0,0,31,S,0.0,False,"reflection=The level's south area yields more explorable floor tiles, indicating potential for further exploration and possibly finding stairs or other important"
f4e49053,reflexion_mh,MiniHack-River-Narrow-v0,0,32,S,0.0,False,"reflection=The level's south area yields more explorable floor tiles, indicating potential for further exploration and possibly finding stairs or other important"
f4e49053,reflexion_mh,MiniHack-River-Narrow-v0,0,33,S,-0.01,False,"reflection=The level's south area yields more explorable floor tiles, indicating potential for further exploration and possibly finding stairs or other important"
f4e49053,reflexion_mh,MiniHack-River-Narrow-v0,0,34,S,-0.01,False,"reflection=The level's south area continues to provide open floor tiles, suggesting a potentially large room or area. Further exploration south may lead to findi"
f4e49053,reflexion_mh,MiniHack-River-Narrow-v0,0,35,E,0.0,False,"reflection=The level's south area is bounded by a wall, suggesting that the open floor tiles may be part of a larger room that extends east or west. Further expl"
f4e49053,reflexion_mh,MiniHack-River-Narrow-v0,0,36,E,0.0,False,"reflection=The level's structure suggests a larger room or area to the east or west, and exploring these directions may provide more information about the level,"
f4e49053,reflexion_mh,MiniHack-River-Narrow-v0,0,37,N,0.0,False,"reflection=The initial movement east did not yield significant discoveries, indicating that exploring north or west might uncover more about the level, such as t"
f4e49053,reflexion_mh,MiniHack-River-Narrow-v0,0,38,N,0.0,False,"reflection=The initial movement east did not yield significant discoveries, indicating that exploring north or west might uncover more about the level. Attemptin"
f4e49053,reflexion_mh,MiniHack-River-Narrow-v0,0,39,N,0.0,False,"reflection=The initial movement east did not yield significant discoveries, indicating that exploring north or west might uncover more about the level. Attemptin"
f4e49053,reflexion_mh,MiniHack-River-Narrow-v0,0,40,N,0.0,False,"reflection=The initial movement east did not yield significant discoveries, indicating that exploring north or west might uncover more about the level. Attemptin"
f4e49053,reflexion_mh,MiniHack-River-Narrow-v0,0,41,N,0.0,False,"reflection=The initial movement east did not yield significant discoveries, indicating that exploring north or west might uncover more about the level. The prese"
f4e49053,reflexion_mh,MiniHack-River-Narrow-v0,0,42,N,-0.01,False,"reflection=The initial movement east did not yield significant discoveries, indicating that exploring north or west might uncover more about the level. The prese"
f4e49053,reflexion_mh,MiniHack-River-Narrow-v0,0,43,W,0.0,False,"reflection=The presence of an immovable boulder indicates that not all obstacles can be overcome by simple actions, and alternative routes must be considered. Th"
f4e49053,reflexion_mh,MiniHack-River-Narrow-v0,0,44,W,0.0,False,"reflection=The level's design suggests that certain paths may be blocked or less desirable, emphasizing the need to explore and adapt based on the environment's "
f4e49053,reflexion_mh,MiniHack-River-Narrow-v0,0,45,E,0.0,False,"reflection=The level's design suggests that certain paths may be blocked or less desirable, emphasizing the need to explore and adapt based on the environment's "
f4e49053,reflexion_mh,MiniHack-River-Narrow-v0,0,46,E,0.0,False,"reflection=The level's design suggests that certain paths may be blocked or less desirable, emphasizing the need to explore and adapt based on the environment's "
f4e49053,reflexion_mh,MiniHack-River-Narrow-v0,0,47,E,0.0,False,"reflection=The level's design suggests that certain paths may be blocked or less desirable, emphasizing the need to explore and adapt based on the environment's "
f4e49053,reflexion_mh,MiniHack-River-Narrow-v0,0,48,E,0.0,False,"reflection=The level's design suggests that exploring in different directions, especially those that have not been thoroughly examined, can lead to progress and "
f4e49053,reflexion_mh,MiniHack-River-Narrow-v0,0,49,N,0.0,False,"reflection=The level's design suggests prioritizing exploration in safer directions before approaching hazardous areas, and being mindful of the symbols and thei"
f4e49053,reflexion_mh,MiniHack-River-Narrow-v0,0,50,N,-0.01,False,"reflection=The level's design suggests prioritizing exploration in safer directions before approaching hazardous areas, and being mindful of the symbols and thei"
f4e49053,reflexion_mh,MiniHack-River-Narrow-v0,0,51,N,-0.01,False,"reflection=The level's design suggests prioritizing exploration in safer directions before approaching hazardous areas, and being mindful of the symbols and thei"
f4e49053,reflexion_mh,MiniHack-River-Narrow-v0,0,52,W,0.0,False,"reflection=The level's design suggests prioritizing exploration in safer directions before approaching hazardous areas, and being mindful of the symbols and thei"
f4e49053,reflexion_mh,MiniHack-River-Narrow-v0,0,53,W,0.0,False,"reflection=The level's design suggests prioritizing exploration in safer directions before approaching hazardous areas, and being mindful of the symbols and thei"
f4e49053,reflexion_mh,MiniHack-River-Narrow-v0,0,54,W,0.0,False,"reflection=The level's design suggests that some obstacles can be overcome with effort, and it's crucial to consider the potential outcomes of actions like movin"
f4e49053,reflexion_mh,MiniHack-River-Narrow-v0,0,55,NW,-0.01,False,"reflection=The level's design suggests that some areas may require careful navigation to avoid hazards, and systematically exploring each direction can reveal ne"
f4e49053,reflexion_mh,MiniHack-River-Narrow-v0,0,56,NE,-0.01,False,"reflection=The level's design suggests that diagonal movements can be useful for exploring areas that are not immediately accessible through cardinal directions,"
f4e49053,reflexion_mh,MiniHack-River-Narrow-v0,0,57,SE,0.0,False,"reflection=The level's design suggests that diagonal movements can be useful for exploring areas that are not immediately accessible through cardinal directions,"
f4e49053,reflexion_mh,MiniHack-River-Narrow-v0,0,58,E,0.0,False,"reflection=The level's design suggests that diagonal movements can be useful for exploring areas that are not immediately accessible through cardinal directions,"
f4e49053,reflexion_mh,MiniHack-River-Narrow-v0,0,59,E,0.0,False,"reflection=The level's design suggests that diagonal movements can be useful for exploring areas that are not immediately accessible through cardinal directions,"
f4e49053,reflexion_mh,MiniHack-River-Narrow-v0,0,60,E,0.0,False,"reflection=The level's design suggests that diagonal movements can be useful for exploring areas that are not immediately accessible through cardinal directions,"
f4e49053,reflexion_mh,MiniHack-River-Narrow-v0,0,61,N,0.0,False,"reflection=The level's design suggests that diagonal movements can be useful for exploring areas that are not immediately accessible through cardinal directions,"
f4e49053,reflexion_mh,MiniHack-River-Narrow-v0,0,62,E,0.0,False,"reflection=The level's design suggests that diagonal movements can be useful for exploring areas that are not immediately accessible through cardinal directions,"
f4e49053,reflexion_mh,MiniHack-River-Narrow-v0,0,63,NE,-0.01,False,"reflection=The level's design suggests that diagonal movements can be useful for exploring areas that are not immediately accessible through cardinal directions,"
f4e49053,reflexion_mh,MiniHack-River-Narrow-v0,0,64,N,-0.01,False,"reflection=The level's design suggests that diagonal movements can be useful for exploring areas that are not immediately accessible through cardinal directions,"
f4e49053,reflexion_mh,MiniHack-River-Narrow-v0,0,65,SE,0.0,False,reflection=The level's design emphasizes the importance of adapting movement based on the environment and previous outcomes. It's also crucial to avoid repeating
f4e49053,reflexion_mh,MiniHack-River-Narrow-v0,0,66,E,0.0,False,reflection=The level's design emphasizes exploration and cautious movement to reveal more of the map and find the staircase. Avoiding walls and considering the p
f4e49053,reflexion_mh,MiniHack-River-Narrow-v0,0,67,N,0.0,False,"reflection=The level's design emphasizes exploration and cautious movement to reveal more of the map and find the staircase. Given the current layout, it seems m"
f4e49053,reflexion_mh,MiniHack-River-Narrow-v0,0,68,N,-0.01,False,"reflection=The level's design continues to suggest that methodical exploration, particularly focusing on the northern direction from the starting point, may yiel"
f4e49053,reflexion_mh,MiniHack-River-Narrow-v0,0,69,N,-0.01,False,"reflection=The level's design suggests that methodical exploration, particularly focusing on the northern direction from the starting point, may yield the most p"
f4e49053,reflexion_mh,MiniHack-River-Narrow-v0,0,70,E,0.0,False,"reflection=The level's design suggests that methodical exploration in various directions from the starting point is necessary, and it's important to not repeat a"
f4e49053,reflexion_mh,MiniHack-River-Narrow-v0,0,71,S,0.0,False,"reflection=The level's design suggests that methodical exploration in various directions from the starting point is necessary, and it's also important to explore"
f4e49053,reflexion_mh,MiniHack-River-Narrow-v0,0,72,W,0.0,False,"reflection=The level's design suggests that methodical exploration in various directions from the starting point is necessary, and it's also important to explore"
f4e49053,reflexion_mh,MiniHack-River-Narrow-v0,0,73,W,0.0,False,"reflection=The level's design suggests that methodical exploration in various directions from the starting point is necessary, and it's also important to explore"
f4e49053,reflexion_mh,MiniHack-River-Narrow-v0,0,74,S,0.0,False,"reflection=The level's design suggests methodical exploration is key, and trying unexplored directions like south or west could lead to discoveries. Noting that "
f4e49053,reflexion_mh,MiniHack-River-Narrow-v0,0,75,S,0.0,False,"reflection=The level's design suggests methodical exploration is key, and trying unexplored directions like south or west could lead to discoveries. Noting that "
f4e49053,reflexion_mh,MiniHack-River-Narrow-v0,0,76,N,0.0,False,"reflection=The level's design suggests methodical exploration is key, and trying unexplored directions like south or west could lead to discoveries. Noting that "
f4e49053,reflexion_mh,MiniHack-River-Narrow-v0,0,77,S,0.0,False,"reflection=The level's design suggests methodical exploration is key, and trying unexplored directions like south could lead to discoveries. Noting that moving s"
f4e49053,reflexion_mh,MiniHack-River-Narrow-v0,0,78,S,0.0,False,"reflection=The level's design suggests methodical exploration is key, and trying unexplored directions like south could lead to discoveries. Moving south has bee"
f4e49053,reflexion_mh,MiniHack-River-Narrow-v0,0,79,E,0.0,False,"reflection=The level's design suggests methodical exploration is key, and trying unexplored directions like east could lead to discoveries, while also considerin"
f4e49053,reflexion_mh,MiniHack-River-Narrow-v0,0,80,N,0.0,False,"reflection=The level's design suggests methodical exploration is key, and trying unexplored directions like north could lead to discoveries while avoiding the po"
f4e49053,reflexion_mh,MiniHack-River-Narrow-v0,0,81,N,0.0,False,"reflection=The level's layout indicates that exploring northward may provide access to untapped resources or paths, potentially uncovering more of the map's secr"
f4e49053,reflexion_mh,MiniHack-River-Narrow-v0,0,82,N,0.0,False,"reflection=The level's openness in the current view suggests that initial exploration should focus on expanding the known area, with an emphasis on discovering s"
f4e49053,reflexion_mh,MiniHack-River-Narrow-v0,0,83,E,0.0,False,"reflection=The level's design, so far, suggests a potential for large open spaces or corridors, and exploring east may reveal more about the level's layout, incl"
f4e49053,reflexion_mh,MiniHack-River-Narrow-v0,0,84,E,0.0,False,"reflection=The level's design, so far, suggests a potential for large open spaces or corridors, and exploring east may reveal more about the level's layout, incl"
f4e49053,reflexion_mh,MiniHack-River-Narrow-v0,0,85,E,0.0,False,"reflection=The level's design continues to suggest large open spaces or corridors, and exploring east may help identify patterns or structures that could aid in "
f4e49053,reflexion_mh,MiniHack-River-Narrow-v0,0,86,E,0.0,False,"reflection=The level continues to present itself with open spaces, suggesting that exploration in the eastern direction may uncover more of its layout, potential"
f4e49053,reflexion_mh,MiniHack-River-Narrow-v0,0,87,E,0.0,False,"reflection=The level's eastern area remains unexplored and may hold crucial elements for progression, such as the staircase or other important features."
f4e49053,reflexion_mh,MiniHack-River-Narrow-v0,0,88,E,0.0,False,"reflection=The level's eastern area is larger than initially thought, and further exploration in this direction may yield important discoveries, such as the loca"
f4e49053,reflexion_mh,MiniHack-River-Narrow-v0,0,89,E,0.0,False,"reflection=The level's eastern area is expansive and warrants further exploration to discover key elements such as the staircase, treasures, or dangers."
f4e49053,reflexion_mh,MiniHack-River-Narrow-v0,0,90,E,0.0,False,"reflection=The level's eastern area is expansive, but exploring solely in one direction might not be the best approach. It's crucial to balance exploration with "
f4e49053,reflexion_mh,MiniHack-River-Narrow-v0,0,91,N,0.0,False,reflection=The level's layout suggests that exploring multiple directions is key to understanding potential paths and hazards. The presence of lava or water to t
f4e49053,reflexion_mh,MiniHack-River-Narrow-v0,0,92,N,0.0,False,reflection=The level's layout suggests that exploring multiple directions is key to understanding potential paths and hazards. The presence of lava or water to t
f4e49053,reflexion_mh,MiniHack-River-Narrow-v0,0,93,N,0.0,False,"reflection=The level's design, with lava or water to the east, suggests that initial progress might be better made by exploring north or west to uncover more of "
f4e49053,reflexion_mh,MiniHack-River-Narrow-v0,0,94,N,-0.01,False,reflection=The level's design suggests that initial progress might be better made by exploring north or west to uncover more of the map and identify safer paths 
f4e49053,reflexion_mh,MiniHack-River-Narrow-v0,0,95,N,-0.01,False,reflection=The level's design suggests that initial progress might be better made by exploring north or west to uncover more of the map and identify safer paths 
f4e49053,reflexion_mh,MiniHack-River-Narrow-v0,0,96,W,0.0,False,reflection=The level's design suggests that initial progress might be better made by exploring west to uncover more of the map and identify safer paths or import
f4e49053,reflexion_mh,MiniHack-River-Narrow-v0,0,97,W,0.0,False,reflection=The level's design suggests that exploring west could lead to discovering more of the map's layout and possibly finding the staircase or other key fea
f4e49053,reflexion_mh,MiniHack-River-Narrow-v0,0,98,W,0.0,False,reflection=The level's design suggests that exploring west could lead to discovering more of the map's layout and possibly finding the staircase or other key fea
f4e49053,reflexion_mh,MiniHack-River-Narrow-v0,0,99,W,0.0,False,"reflection=The level's design suggests that there is a significant amount of open space to the west, which could indicate the presence of a large room or a corri"
f4e49053,reflexion_mh,MiniHack-River-Narrow-v0,0,100,W,0.0,False,"reflection=The level's design suggests a significant open area to the west, potentially indicating a large room or corridor. Continuing west may reveal more abou"
f4e49053,reflexion_mh,MiniHack-River-Narrow-v0,0,101,W,0.0,False,"reflection=The level's design suggests a significant open area to the west, potentially indicating a large room or corridor, and so far, there are no obstacles o"
f4e49053,reflexion_mh,MiniHack-River-Narrow-v0,0,102,W,0.0,False,"reflection=The level's design suggests a significant open area to the west, potentially indicating a large room or corridor. So far, the western path remains uno"
f4e49053,reflexion_mh,MiniHack-River-Narrow-v0,0,103,W,0.0,False,"reflection=The level's design suggests a significant open area to the west, potentially indicating a large room or corridor, and so far, the western path remains"
f4e49053,reflexion_mh,MiniHack-River-Narrow-v0,0,104,N,-0.01,False,"reflection=The level's design suggests a large open area to the west, which is likely water or lava. I need to explore other directions to find the stairs or oth"
f4e49053,reflexion_mh,MiniHack-River-Narrow-v0,0,105,N,-0.01,False,"reflection=The level has a large body of water or lava to the west, and I need to explore the northern, eastern, or southern directions to find the stairs or oth"
f4e49053,reflexion_mh,MiniHack-River-Narrow-v0,0,106,E,0.0,False,"reflection=The level has a large body of water or lava to the west, and the northern path is blocked by a wall. I need to explore the eastern or southern directi"
f4e49053,reflexion_mh,MiniHack-River-Narrow-v0,0,107,E,0.0,False,"reflection=The level has a large body of water or lava to the west, and the northern path is blocked by a wall. The eastern direction is the most promising path "
f4e49053,reflexion_mh,MiniHack-River-Narrow-v0,0,108,E,0.0,False,"reflection=The level has a large body of water or lava to the west, and the northern path is blocked by a wall. The eastern direction is the most promising path "
f4e49053,reflexion_mh,MiniHack-River-Narrow-v0,0,109,E,0.0,False,"reflection=The level has a large body of water or lava to the west, the northern path is blocked by a wall, and the eastern direction is the most promising path "
f4e49053,reflexion_mh,MiniHack-River-Narrow-v0,0,110,E,0.0,False,"reflection=The level has a large body of water or lava to the west, the northern path is blocked by a wall, and the eastern direction is the most promising path "
f4e49053,reflexion_mh,MiniHack-River-Narrow-v0,0,111,S,0.0,False,"reflection=The level has a large body of water or lava to the west, the northern path is blocked by a wall, and both the eastern and southern directions are pote"
f4e49053,reflexion_mh,MiniHack-River-Narrow-v0,0,112,S,0.0,False,"reflection=The level has a large body of water or lava to the west, the northern path is blocked by a wall, and both the eastern and southern directions are pote"
f4e49053,reflexion_mh,MiniHack-River-Narrow-v0,0,113,S,0.0,False,"reflection=The level has a large body of water or lava to the west, the northern path is blocked by a wall, and both the eastern and southern directions are pote"
f4e49053,reflexion_mh,MiniHack-River-Narrow-v0,0,114,S,0.0,False,"reflection=The southern path continues to be a viable route for exploration, and it's possible that the stairs or other important features could be located in th"
f4e49053,reflexion_mh,MiniHack-River-Narrow-v0,0,115,S,0.0,False,"reflection=The southern path remains a viable route for exploration, and it's necessary to continue in this direction to uncover more of the level's layout and p"
f4e49053,reflexion_mh,MiniHack-River-Narrow-v0,0,116,S,0.0,False,"reflection=The southern path continues to be a viable route for exploration, and it's necessary to keep moving in this direction to uncover more of the level's l"
f4e49053,reflexion_mh,MiniHack-River-Narrow-v0,0,117,S,-0.01,False,"reflection=The southern path remains open, and continuing in this direction may reveal new features, creatures, or the staircase to the next level."
f4e49053,reflexion_mh,MiniHack-River-Narrow-v0,0,118,S,-0.01,False,"reflection=The southern path continues to be open, suggesting that this direction may lead to important discoveries or the next level, but it's also important to"
f4e49053,reflexion_mh,MiniHack-River-Narrow-v0,0,119,E,0.0,False,reflection=The level seems to be designed with a mix of open spaces and obstacles. The presence of lava or water (}) to the east and the solid stone wall to the 
f4e49053,reflexion_mh,MiniHack-River-Narrow-v0,1,0,E,0.0,False,"reflection=The level appears to have a body of water or lava to the east and possibly to the south, and I am currently standing on the floor."
f4e49053,reflexion_mh,MiniHack-River-Narrow-v0,1,1,E,0.0,False,"reflection=The level appears to have a body of water or lava to the east and possibly to the south, and I am currently standing on the floor. Moving east does no"
f4e49053,reflexion_mh,MiniHack-River-Narrow-v0,1,2,E,0.0,False,"reflection=The level appears to have a body of water or lava to the east and possibly to the south, and I am currently standing on the floor. Moving east does no"
f4e49053,reflexion_mh,MiniHack-River-Narrow-v0,1,3,E,0.0,False,"reflection=The level appears to have a body of water or lava to the east and possibly to the south, and I am currently standing on the floor. Moving east does no"
f4e49053,reflexion_mh,MiniHack-River-Narrow-v0,1,4,E,0.0,False,"reflection=The level appears to have a significant body of water or lava to the east and possibly to the south, and I am currently standing on the floor. Moving "
f4e49053,reflexion_mh,MiniHack-River-Narrow-v0,1,5,E,0.0,False,"reflection=The level's eastern path continues to be open, suggesting there might be significant features or a way down to the next level in this direction. The p"
f4e49053,reflexion_mh,MiniHack-River-Narrow-v0,1,6,E,0.0,False,"reflection=The level's eastern path continues to be open, suggesting there might be significant features or a way down to the next level in this direction. The p"
f4e49053,reflexion_mh,MiniHack-River-Narrow-v0,1,7,E,0.0,False,"reflection=The level's eastern path continues to be open, suggesting there might be significant features or a way down to the next level in this direction. The p"
f4e49053,reflexion_mh,MiniHack-River-Narrow-v0,1,8,E,-0.01,False,"reflection=The level's eastern path continues to be open, suggesting there might be significant features or a way down to the next level in this direction. The a"
f4e49053,reflexion_mh,MiniHack-River-Narrow-v0,1,9,E,-0.01,False,"reflection=The level's eastern path continues to be open, suggesting there might be significant features or a way down to the next level in this direction. Addit"
f4e49053,reflexion_mh,MiniHack-River-Narrow-v0,1,10,N,0.0,False,"reflection=The level's eastern path is blocked by an immovable boulder, indicating a need to explore northern, southern, or western paths for progression or nota"
f4e49053,reflexion_mh,MiniHack-River-Narrow-v0,1,11,S,0.0,False,"reflection=The level's eastern path is blocked, and initial northern exploration did not yield progress, suggesting a need to explore southern or western paths f"
f4e49053,reflexion_mh,MiniHack-River-Narrow-v0,1,12,S,0.0,False,"reflection=The level's eastern path is blocked, initial northern exploration did not yield progress, and now exploring southern or western paths for progression "
f4e49053,reflexion_mh,MiniHack-River-Narrow-v0,1,13,W,0.0,False,"reflection=The level's eastern path is blocked, initial northern exploration did not yield progress, and now exploring southern or western paths for progression "
f4e49053,reflexion_mh,MiniHack-River-Narrow-v0,1,14,W,0.0,False,"reflection=The level's eastern path is blocked, initial northern exploration did not yield progress, and now exploring the western path for progression or notabl"
f4e49053,reflexion_mh,MiniHack-River-Narrow-v0,1,15,W,0.0,False,"reflection=The level's eastern path is blocked, initial northern exploration did not yield progress, and western path exploration has just begun; will update bas"
f4e49053,reflexion_mh,MiniHack-River-Narrow-v0,1,16,W,0.0,False,"reflection=The level's eastern path is blocked, initial northern exploration did not yield progress, western path exploration is ongoing and has not yet hit a wa"
f4e49053,reflexion_mh,MiniHack-River-Narrow-v0,1,17,W,0.0,False,"reflection=The level's eastern path is blocked, initial northern exploration did not yield progress, western path exploration is ongoing and has not yet hit a wa"
f4e49053,reflexion_mh,MiniHack-River-Narrow-v0,1,18,W,0.0,False,"reflection=The level's eastern path is blocked, initial northern exploration did not yield progress, western path exploration is ongoing and has not yet hit a wa"
f4e49053,reflexion_mh,MiniHack-River-Narrow-v0,1,19,W,0.0,False,"reflection=The level's western path extends further than initially explored, with no significant findings or obstacles yet, suggesting a need to continue explori"
f4e49053,reflexion_mh,MiniHack-River-Narrow-v0,1,20,E,0.0,False,"reflection=The level's western path appears to be a dead end or at least not immediately rewarding, suggesting the need to explore other directions to progress."
f4e49053,reflexion_mh,MiniHack-River-Narrow-v0,1,21,N,0.0,False,"reflection=The level's western path appears to be a dead end or at least not immediately rewarding, and moving east alone does not seem to progress the explorati"
f4e49053,reflexion_mh,MiniHack-River-Narrow-v0,1,22,S,0.0,False,"reflection=The level's western path is a dead end, and moving east alone is not immediately rewarding. The northern direction was tried recently without success,"
f4e49053,reflexion_mh,MiniHack-River-Narrow-v0,1,23,S,0.0,False,"reflection=The level's western path is a dead end, moving east alone is not immediately rewarding, the northern direction was tried recently without success, and"
f4e49053,reflexion_mh,MiniHack-River-Narrow-v0,1,24,S,0.0,False,"reflection=The southern direction is being explored to find stairs or important features, and the eastern path, although not immediately rewarding, could still b"
f4e49053,reflexion_mh,MiniHack-River-Narrow-v0,1,25,S,0.0,False,"reflection=The southern direction continues to be explored for stairs or important features, with the eastern path remaining a potential next step if the souther"
f4e49053,reflexion_mh,MiniHack-River-Narrow-v0,1,26,E,0.0,False,"reflection=The southern direction is risky due to the presence of lava or water, making the eastern path a more promising and safer next step for exploration."
f4e49053,reflexion_mh,MiniHack-River-Narrow-v0,1,27,N,0.0,False,"reflection=The southern direction is risky due to the presence of lava or water, making the eastern path a more promising and safer next step for exploration."
f4e49053,reflexion_mh,MiniHack-River-Narrow-v0,1,28,E,0.0,False,"reflection=The eastern path appears to be the safest and most promising direction for further exploration on this level, as it does not immediately lead to known"
f4e49053,reflexion_mh,MiniHack-River-Narrow-v0,1,29,E,0.0,False,"reflection=The eastern path remains the safest and most promising direction for further exploration on this level, with no known hazards or obstacles encountered"
f4e49053,reflexion_mh,MiniHack-River-Narrow-v0,1,30,E,0.0,False,"reflection=The eastern path continues to be the safest and most promising direction for further exploration on this level, with no known hazards or obstacles enc"
f4e49053,reflexion_mh,MiniHack-River-Narrow-v0,1,31,E,0.0,False,"reflection=The eastern path continues to be the safest and most promising direction for further exploration on this level, with no known hazards or obstacles enc"
f4e49053,reflexion_mh,MiniHack-River-Narrow-v0,1,32,E,0.0,False,"reflection=The eastern path continues to be a safe and promising direction for exploration, with potential for discovering key level features such as the downsta"
f4e49053,reflexion_mh,MiniHack-River-Narrow-v0,1,33,E,0.0,False,"reflection=The eastern path continues to be a safe and promising direction for exploration, with potential for discovering key level features such as the downsta"
f4e49053,reflexion_mh,MiniHack-River-Narrow-v0,1,34,E,0.0,False,"reflection=The eastern path continues to be a safe and promising direction for exploration, with potential for discovering key level features such as the downsta"
f4e49053,reflexion_mh,MiniHack-River-Narrow-v0,1,35,E,0.0,False,"reflection=The eastern path continues to be a safe and promising direction for exploration, with potential for discovering key level features such as the downsta"
f4e49053,reflexion_mh,MiniHack-River-Narrow-v0,1,36,E,0.0,False,"reflection=The eastern path continues to be a safe and promising direction for exploration, with potential for discovering key level features such as the downsta"
f4e49053,reflexion_mh,MiniHack-River-Narrow-v0,1,37,E,0.0,False,"reflection=The eastern path continues to be a safe and promising direction for exploration, with potential for discovering key level features such as the downsta"
f4e49053,reflexion_mh,MiniHack-River-Narrow-v0,1,38,S,0.0,False,"reflection=The eastern path is still a promising direction, but I need to be cautious of the water to the north. I'll try moving south to get a better view of th"
f4e49053,reflexion_mh,MiniHack-River-Narrow-v0,1,39,S,0.0,False,"reflection=The southern path appears to be open, and exploring this direction may lead to discovering more of the level, including potential staircases, items, o"
f4e49053,reflexion_mh,MiniHack-River-Narrow-v0,1,40,S,0.0,False,"reflection=The southern path remains open, suggesting a potential route for further exploration. The presence of water to the north continues to be a hazard to a"
f4e49053,reflexion_mh,MiniHack-River-Narrow-v0,1,41,S,-0.01,False,"reflection=The southern path continues to be a viable route for exploration, and it's necessary to keep moving in this direction until a significant obstacle or "
f4e49053,reflexion_mh,MiniHack-River-Narrow-v0,1,42,S,-0.01,False,"reflection=The southern path continues to be a viable route for exploration, and it's necessary to keep moving in this direction until a significant obstacle or "
f4e49053,reflexion_mh,MiniHack-River-Narrow-v0,1,43,E,0.0,False,"reflection=The southern path is blocked by a wall at this point, so it's necessary to explore other directions such as east or west to find a viable route or sig"
f4e49053,reflexion_mh,MiniHack-River-Narrow-v0,1,44,W,0.0,False,"reflection=The southern path is blocked, and exploring east didn't reveal much, so now it's necessary to explore west to find a route or features like the downst"
f4e49053,reflexion_mh,MiniHack-River-Narrow-v0,1,45,W,0.0,False,"reflection=The level seems to be encouraging westward exploration, and it's possible that the downstairs or important items are located in that direction. The pr"
f4e49053,reflexion_mh,MiniHack-River-Narrow-v0,1,46,W,0.0,False,"reflection=The level's layout suggests that westward exploration may yield significant progress, and it's essential to continue in this direction until encounter"
f4e49053,reflexion_mh,MiniHack-River-Narrow-v0,1,47,W,0.0,False,"reflection=The level's layout suggests that westward exploration may yield significant progress, and it's essential to continue in this direction until encounter"
f4e49053,reflexion_mh,MiniHack-River-Narrow-v0,1,48,W,0.0,False,"reflection=The level's layout suggests that westward exploration may yield significant progress, and it's essential to continue in this direction until encounter"
f4e49053,reflexion_mh,MiniHack-River-Narrow-v0,1,49,W,0.0,False,"reflection=The level's western path continues to appear safe, with no creatures or items encountered, suggesting that this direction may lead to significant prog"
f4e49053,reflexion_mh,MiniHack-River-Narrow-v0,1,50,W,0.0,False,"reflection=The level's western path continues to appear safe, with no creatures or items encountered, suggesting that this direction may lead to significant prog"
f4e49053,reflexion_mh,MiniHack-River-Narrow-v0,1,51,W,0.0,False,"reflection=The level's western path continues to appear safe, with no creatures or items encountered, suggesting that this direction may lead to significant prog"
f4e49053,reflexion_mh,MiniHack-River-Narrow-v0,1,52,W,0.0,False,"reflection=The level's western path continues to be safe, suggesting it might be a primary route for progression. The absence of creatures or items in this direc"
f4e49053,reflexion_mh,MiniHack-River-Narrow-v0,1,53,W,0.0,False,"reflection=The level's western path continues to be safe and uneventful, suggesting it might be a primary route for progression without immediate threats or rewa"
f4e49053,reflexion_mh,MiniHack-River-Narrow-v0,1,54,N,0.0,False,"reflection=The level's western path is safe but potentially devoid of immediate interest, suggesting exploration of other directions like north may yield more si"
f4e49053,reflexion_mh,MiniHack-River-Narrow-v0,1,55,N,0.0,False,"reflection=The level's western path appears to be safe but uneventful, suggesting that other directions, particularly north, may hold more interest or danger, an"
f4e49053,reflexion_mh,MiniHack-River-Narrow-v0,1,56,N,0.0,False,"reflection=The level's western path is safe but lacks features, suggesting other directions like north may offer more progression opportunities or reveal level s"
f4e49053,reflexion_mh,MiniHack-River-Narrow-v0,1,57,E,0.0,False,"reflection=The level's western path is safe but lacks features, suggesting other directions like north or east may offer more progression opportunities or reveal"
f4e49053,reflexion_mh,MiniHack-River-Narrow-v0,1,58,E,0.0,False,"reflection=The level's western path is safe but lacks features, and north seems to lead to more of the same, suggesting that other directions like east or diagon"
f4e49053,reflexion_mh,MiniHack-River-Narrow-v0,1,59,NE,0.0,False,"reflection=The level's western and northern paths seem to be relatively empty, suggesting that exploration in other directions, especially diagonals, could be mo"
f4e49053,reflexion_mh,MiniHack-River-Narrow-v0,1,60,SE,0.0,False,reflection=The level's exploration so far suggests that moving diagonally or towards unexplored areas is likely to yield more information about the level's layou
f4e49053,reflexion_mh,MiniHack-River-Narrow-v0,1,61,N,0.0,False,reflection=The level's exploration so far suggests that moving diagonally or towards unexplored areas is likely to yield more information about the level's layou
f4e49053,reflexion_mh,MiniHack-River-Narrow-v0,1,62,N,0.0,False,reflection=The level's exploration so far suggests that moving diagonally or towards unexplored areas is likely to yield more information about the level's layou
f4e49053,reflexion_mh,MiniHack-River-Narrow-v0,1,63,N,-0.01,False,reflection=The level's exploration so far suggests that moving diagonally or towards unexplored areas is likely to yield more information about the level's layou
f4e49053,reflexion_mh,MiniHack-River-Narrow-v0,1,64,N,-0.01,False,"reflection=The level's layout seems to allow for relatively free movement northward, suggesting that this direction may lead to significant discoveries or the le"
f4e49053,reflexion_mh,MiniHack-River-Narrow-v0,1,65,E,0.0,False,"reflection=The level's layout suggests that while northward movement is restricted at this point, exploring other directions such as east, west, or diagonals mig"
f4e49053,reflexion_mh,MiniHack-River-Narrow-v0,1,66,W,0.0,False,"reflection=The level's layout suggests that while northward movement is restricted at this point, exploring other directions such as west might uncover hidden pa"
f4e49053,reflexion_mh,MiniHack-River-Narrow-v0,1,67,W,0.0,False,"reflection=The level's layout suggests that while northward movement is restricted at this point, exploring other directions such as west might uncover hidden pa"
f4e49053,reflexion_mh,MiniHack-River-Narrow-v0,1,68,W,0.0,False,"reflection=The level's initial exploration suggests that westward movement may yield more information about the level's layout and potential paths forward, while"
f4e49053,reflexion_mh,MiniHack-River-Narrow-v0,1,69,N,-0.01,False,"reflection=The level's initial exploration suggests that westward movement may yield more information about the level's layout and potential paths forward, while"
f4e49053,reflexion_mh,MiniHack-River-Narrow-v0,1,70,N,-0.01,False,"reflection=The level's initial exploration suggests that northward movement may provide a safer route and more information about the level, while eastward and so"
f4e49053,reflexion_mh,MiniHack-River-Narrow-v0,1,71,S,0.0,False,"reflection=The level's layout suggests that initial caution with east and southeast directions might be warranted due to unseen hazards, but southward movement c"
f4e49053,reflexion_mh,MiniHack-River-Narrow-v0,1,72,S,0.0,False,"reflection=The level's layout suggests that initial caution with east and southeast directions might be warranted due to unseen hazards, but southward movement c"
f4e49053,reflexion_mh,MiniHack-River-Narrow-v0,1,73,S,0.0,False,"reflection=The level's layout suggests that initial caution with east and southeast directions might be warranted due to unseen hazards, but southward movement c"
f4e49053,reflexion_mh,MiniHack-River-Narrow-v0,1,74,S,0.0,False,"reflection=The level's layout suggests that initial caution with east and southeast directions might be warranted due to unseen hazards, but southward movement c"
f4e49053,reflexion_mh,MiniHack-River-Narrow-v0,1,75,S,0.0,False,"reflection=The level's layout suggests caution with east and southeast directions due to unseen hazards, and moving south may provide new insights or paths. The "
f4e49053,reflexion_mh,MiniHack-River-Narrow-v0,1,76,S,0.0,False,"reflection=The level's layout suggests caution with east and southeast directions due to unseen hazards, and moving south may provide new insights or paths. The "
f4e49053,reflexion_mh,MiniHack-River-Narrow-v0,1,77,S,-0.01,False,"reflection=The level's layout suggests caution with east and southeast directions due to unseen hazards, and moving south may provide new insights or paths. The "
f4e49053,reflexion_mh,MiniHack-River-Narrow-v0,1,78,S,-0.01,False,"reflection=The level's layout suggests caution with east and southeast directions due to unseen hazards, and moving south may provide new insights or paths. Cont"
f4e49053,reflexion_mh,MiniHack-River-Narrow-v0,1,79,W,0.0,False,"reflection=The level's layout suggests caution with east and southeast directions due to unseen hazards, and moving south has reached a limit. Moving west may pr"
f4e49053,reflexion_mh,MiniHack-River-Narrow-v0,1,80,W,0.0,False,"reflection=The level's layout suggests caution with east and southeast directions due to unseen hazards, and moving south has reached a limit. Moving west may pr"
f4e49053,reflexion_mh,MiniHack-River-Narrow-v0,1,81,W,0.0,False,"reflection=The level's layout suggests caution with east and southeast directions due to unseen hazards, and moving south has reached a limit. Moving west may pr"
f4e49053,reflexion_mh,MiniHack-River-Narrow-v0,1,82,W,0.0,False,reflection=The level's layout suggests caution with east and southeast directions due to unseen hazards. Exploring west could reveal more of the level's structur
f4e49053,reflexion_mh,MiniHack-River-Narrow-v0,1,83,NW,0.0,False,reflection=The level's layout suggests caution with east and southeast directions due to unseen hazards. Exploring west and considering diagonal movements could 
f4e49053,reflexion_mh,MiniHack-River-Narrow-v0,1,84,NW,0.0,False,reflection=The level's layout suggests caution with east and southeast directions due to unseen hazards. Exploring west and considering diagonal movements could 
f4e49053,reflexion_mh,MiniHack-River-Narrow-v0,1,85,NW,0.0,False,reflection=The level's layout suggests caution with east and southeast directions due to unseen hazards. Exploring west and considering diagonal movements could 
f4e49053,reflexion_mh,MiniHack-River-Narrow-v0,1,86,NW,0.0,False,"reflection=The level's northwest direction continues to provide a path for exploration without immediate hazards, suggesting that this direction may lead to usef"
f4e49053,reflexion_mh,MiniHack-River-Narrow-v0,1,87,NW,0.0,False,"reflection=The level's northwest direction continues to be a viable path for exploration, suggesting that this area of the level may be relatively safe or contai"
f4e49053,reflexion_mh,MiniHack-River-Narrow-v0,1,88,NW,-0.01,False,"reflection=The level's northwest direction continues to be a viable path for exploration, suggesting that this area of the level may be relatively safe or contai"
f4e49053,reflexion_mh,MiniHack-River-Narrow-v0,1,89,NW,-0.01,False,"reflection=The level's northwest direction continues to be a viable path for exploration, suggesting that this area of the level may be relatively safe or contai"
f4e49053,reflexion_mh,MiniHack-River-Narrow-v0,1,90,N,0.0,False,"reflection=The level's northwest direction is bounded by a wall, suggesting that the safe or important area may be smaller than initially thought. The north dire"
f4e49053,reflexion_mh,MiniHack-River-Narrow-v0,1,91,N,-0.01,False,"reflection=The level's northwest direction is bounded by a wall, and the north direction is a priority for exploration. The current position allows for movement "
f4e49053,reflexion_mh,MiniHack-River-Narrow-v0,1,92,N,-0.01,False,"reflection=The level's north direction remains a priority for exploration, and there's potential for finding the downstairs or other important features by contin"
f4e49053,reflexion_mh,MiniHack-River-Narrow-v0,1,93,E,0.0,False,"reflection=The north direction is blocked by a wall, so I need to focus on exploring the east, west, or other diagonal directions to progress."
f4e49053,reflexion_mh,MiniHack-River-Narrow-v0,1,94,E,0.0,False,"reflection=The level seems to have a large body of water or lava to the east and south, which I should be cautious of. I need to find a way around it or a safe p"
f4e49053,reflexion_mh,MiniHack-River-Narrow-v0,1,95,N,-0.01,False,"reflection=The level seems to have a large body of water or lava to the east and south, which I should be cautious of. I need to find a way around it or a safe p"
f4e49053,reflexion_mh,MiniHack-River-Narrow-v0,1,96,W,0.0,False,"reflection=The level seems to have a large body of water or lava to the east and south, which I should be cautious of. I need to find a way around it or a safe p"
f4e49053,reflexion_mh,MiniHack-River-Narrow-v0,1,97,N,-0.01,False,"reflection=The level's layout suggests a significant obstacle to the east and south, necessitating a cautious approach and exploration of northern and western pa"
f4e49053,reflexion_mh,MiniHack-River-Narrow-v0,1,98,N,-0.01,False,"reflection=The level's layout suggests a significant obstacle to the east and south, necessitating a cautious approach and exploration of northern and western pa"
f4e49053,reflexion_mh,MiniHack-River-Narrow-v0,1,99,W,0.0,False,"reflection=The level's layout suggests a significant obstacle to the east and south, necessitating a cautious approach and exploration of northern and western pa"
f4e49053,reflexion_mh,MiniHack-River-Narrow-v0,1,100,W,-0.01,False,reflection=The level's design suggests that careful exploration of the western and possibly northern areas could reveal the location of the stairs or other criti
f4e49053,reflexion_mh,MiniHack-River-Narrow-v0,1,101,W,-0.01,False,"reflection=The level's design suggests that careful exploration of the western area could reveal the location of the stairs or other critical elements, and it's "
f4e49053,reflexion_mh,MiniHack-River-Narrow-v0,1,102,E,0.0,False,reflection=The level's design suggests that careful exploration of the eastern and southern areas could reveal the location of the stairs or other critical eleme
f4e49053,reflexion_mh,MiniHack-River-Narrow-v0,1,103,E,0.0,False,"reflection=The level's design suggests that careful exploration of the eastern area could reveal the location of the stairs or other critical elements, and it's "
f4e49053,reflexion_mh,MiniHack-River-Narrow-v0,1,104,E,0.0,False,"reflection=The level's design suggests that careful exploration of the eastern area could reveal the location of the stairs or other critical elements, and it's "
f4e49053,reflexion_mh,MiniHack-River-Narrow-v0,1,105,E,0.0,False,"reflection=The level's eastern area remains a priority for exploration, and continuing east may uncover stairs, items, or other critical elements for progression"
f4e49053,reflexion_mh,MiniHack-River-Narrow-v0,1,106,E,0.0,False,"reflection=The level's eastern area remains a priority for exploration, and continuing east may uncover stairs, items, or other critical elements for progression"
f4e49053,reflexion_mh,MiniHack-River-Narrow-v0,1,107,E,0.0,False,"reflection=The level's eastern area remains a priority for exploration. Continuing east has not yet uncovered any stairs, items, or obstacles, suggesting the nee"
f4e49053,reflexion_mh,MiniHack-River-Narrow-v0,1,108,E,0.0,False,"reflection=The level's eastern area continues to be a priority for exploration. With each step east, the absence of stairs, items, or obstacles suggests a larger"
f4e49053,reflexion_mh,MiniHack-River-Narrow-v0,1,109,N,-0.01,False,"reflection=The eastern area appears to be a large open space or a corridor that does not contain stairs or items, suggesting the need to explore other directions"
f4e49053,reflexion_mh,MiniHack-River-Narrow-v0,1,110,N,-0.01,False,"reflection=The eastern area is likely a dead end for finding stairs or significant items, suggesting a need to focus exploration on northern and western directio"
f4e49053,reflexion_mh,MiniHack-River-Narrow-v0,1,111,W,0.0,False,"reflection=The eastern area is likely a dead end for finding stairs or significant items, and the northern path is blocked by a wall, suggesting a need to focus "
f4e49053,reflexion_mh,MiniHack-River-Narrow-v0,1,112,W,0.0,False,"reflection=The eastern area is likely a dead end, the northern path is blocked, suggesting a focus on western and southern exploration. Initial western steps do "
f4e49053,reflexion_mh,MiniHack-River-Narrow-v0,1,113,W,0.0,False,"reflection=The western path continues to be the primary focus for exploration due to the lack of immediate dangers or items in the initial western steps, suggest"
f4e49053,reflexion_mh,MiniHack-River-Narrow-v0,1,114,W,0.0,False,"reflection=The level seems to be largely empty in the western direction so far, suggesting that either the interesting features are further west or in a differen"
f4e49053,reflexion_mh,MiniHack-River-Narrow-v0,1,115,E,0.0,False,"reflection=The level's empty western area suggests that important features might be located in the eastern, northern, or southern parts of the level."
f4e49053,reflexion_mh,MiniHack-River-Narrow-v0,1,116,E,0.0,False,reflection=The level's empty western area and lack of walls in all directions from the current spot suggest that important features might be located in the easte
f4e49053,reflexion_mh,MiniHack-River-Narrow-v0,1,117,E,0.0,False,reflection=The level's empty western area and lack of walls in all directions from the current spot suggest that important features might be located in the easte
f4e49053,reflexion_mh,MiniHack-River-Narrow-v0,1,118,E,0.0,False,reflection=The level's empty western area and lack of walls in all directions from the current spot suggest that important features might be located in the easte
f4e49053,reflexion_mh,MiniHack-River-Narrow-v0,1,119,E,0.0,False,"reflection=The level's eastern area is still being explored, and no significant features or obstacles have been encountered yet, suggesting the need to continue "
f4e49053,reflexion_mh,MiniHack-River-Narrow-v0,2,0,E,0.0,False,"reflection=The level seems to have a mix of floor (.) and water or lava (}) tiles. I'm currently standing on a floor tile, and there are no visible obstacles or "
f4e49053,reflexion_mh,MiniHack-River-Narrow-v0,2,1,S,-0.01,False,"reflection=The level seems to have a mix of floor (.) and water or lava (}) tiles. I'm currently standing on a floor tile, and there are no visible obstacles or "
f4e49053,reflexion_mh,MiniHack-River-Narrow-v0,2,2,N,0.0,False,"reflection=The level seems to have a mix of floor (.) and water or lava (}) tiles, and I'm currently standing on a floor tile with no visible obstacles or creatu"
f4e49053,reflexion_mh,MiniHack-River-Narrow-v0,2,3,N,0.0,False,"reflection=The level's structure includes a mix of floor and water/lava tiles, and initial movements do not hit walls when going north, suggesting that northward"
f4e49053,reflexion_mh,MiniHack-River-Narrow-v0,2,4,N,0.0,False,"reflection=The level's structure includes a mix of floor and water/lava tiles, and initial movements do not hit walls when going north, suggesting that northward"
f4e49053,reflexion_mh,MiniHack-River-Narrow-v0,2,5,N,0.0,False,"reflection=The level's structure includes a mix of floor and water/lava tiles, and initial movements northward have been successful, suggesting a possible open p"
f4e49053,reflexion_mh,MiniHack-River-Narrow-v0,2,6,N,0.0,False,"reflection=The level's structure appears to allow for a fair amount of movement northward without immediate obstruction, suggesting a possible large open area or"
f4e49053,reflexion_mh,MiniHack-River-Narrow-v0,2,7,N,0.0,False,"reflection=The level's openness to the north suggests a potential for finding critical elements for progression without immediate danger, reinforcing the idea th"
f4e49053,reflexion_mh,MiniHack-River-Narrow-v0,2,8,N,-0.01,False,"reflection=The level's design, with its open northern path, suggests that critical areas or items might be located in this direction, warranting further explorat"
f4e49053,reflexion_mh,MiniHack-River-Narrow-v0,2,9,N,-0.01,False,"reflection=The level's design, with its open northern path, suggests that critical areas or items might be located in this direction, warranting further explorat"
f4e49053,reflexion_mh,MiniHack-River-Narrow-v0,2,10,E,0.0,False,"reflection=The level's design includes a northern boundary, suggesting that exploration should focus on other directions to uncover potential paths, items, or ch"
f4e49053,reflexion_mh,MiniHack-River-Narrow-v0,2,11,W,0.0,False,"reflection=The level's design includes a northern boundary, suggesting that exploration should focus on other directions to uncover potential paths, items, or ch"
f4e49053,reflexion_mh,MiniHack-River-Narrow-v0,2,12,W,0.0,False,"reflection=The level's design suggests that caution is needed when approaching the eastern and southern edges due to the presence of lava or water, and initial e"
f4e49053,reflexion_mh,MiniHack-River-Narrow-v0,2,13,W,0.0,False,reflection=The level's design suggests prioritizing westward exploration to uncover more of the map's features and potential dangers before deciding on a souther
f4e49053,reflexion_mh,MiniHack-River-Narrow-v0,2,14,W,0.0,False,reflection=The level's design suggests prioritizing westward exploration to uncover more of the map's features and potential dangers before deciding on a souther
f4e49053,reflexion_mh,MiniHack-River-Narrow-v0,2,15,W,0.0,False,reflection=The level's design suggests prioritizing westward exploration to uncover more of the map's features and potential dangers before deciding on a souther
f4e49053,reflexion_mh,MiniHack-River-Narrow-v0,2,16,W,0.0,False,reflection=The level's design continues to suggest that westward exploration is a priority. The successful movement of the boulder indicates that obstacles can b
f4e49053,reflexion_mh,MiniHack-River-Narrow-v0,2,17,S,0.0,False,reflection=The level's openness in all cardinal directions from the starting point suggests a need to explore each direction methodically to uncover hidden paths
f4e49053,reflexion_mh,MiniHack-River-Narrow-v0,2,18,N,0.0,False,"reflection=The level's design suggests a mix of open spaces and potential hazards, emphasizing the need for cautious exploration to map out safe paths and identi"
f4e49053,reflexion_mh,MiniHack-River-Narrow-v0,2,19,N,0.0,False,"reflection=The level's design suggests a mix of open spaces and potential hazards, emphasizing the need for cautious exploration to map out safe paths and identi"
f4e49053,reflexion_mh,MiniHack-River-Narrow-v0,2,20,N,-0.01,False,"reflection=The level's design suggests a mix of open spaces and potential hazards, emphasizing the need for cautious exploration to map out safe paths and identi"
f4e49053,reflexion_mh,MiniHack-River-Narrow-v0,2,21,N,-0.01,False,"reflection=The level's design suggests a mix of open spaces and potential hazards, emphasizing the need for cautious exploration to map out safe paths and identi"
f4e49053,reflexion_mh,MiniHack-River-Narrow-v0,2,22,W,0.0,False,"reflection=The level's design includes solid stone walls that can block movement, and areas with lava or water pose significant risks. Initial exploration should"
f4e49053,reflexion_mh,MiniHack-River-Narrow-v0,2,23,E,0.0,False,"reflection=The level's design includes open spaces that can be explored safely, and moving in directions that do not immediately risk danger can help identify sa"
f4e49053,reflexion_mh,MiniHack-River-Narrow-v0,2,24,NW,-0.01,False,"reflection=The level's design includes open spaces that can be explored safely, and moving in directions that do not immediately risk danger can help identify sa"
f4e49053,reflexion_mh,MiniHack-River-Narrow-v0,2,25,N,-0.01,False,"reflection=The level's design includes open spaces that can be explored safely, and moving in directions that do not immediately risk danger can help identify sa"
f4e49053,reflexion_mh,MiniHack-River-Narrow-v0,2,26,W,0.0,False,"reflection=The level's design includes open spaces and potential hazards like lava or water, emphasizing the need for cautious exploration, especially when appro"
f4e49053,reflexion_mh,MiniHack-River-Narrow-v0,2,27,N,-0.01,False,"reflection=The level's design includes open spaces and potential hazards like lava or water, emphasizing the need for cautious exploration. Exploring in directio"
f4e49053,reflexion_mh,MiniHack-River-Narrow-v0,2,28,N,-0.01,False,"reflection=The level's design includes open spaces and potential hazards like lava or water, emphasizing the need for cautious exploration. Exploring in directio"
f4e49053,reflexion_mh,MiniHack-River-Narrow-v0,2,29,E,0.0,False,"reflection=The level's design includes solid stone walls that can block movement, emphasizing the need to explore carefully and try different directions when enc"
f4e49053,reflexion_mh,MiniHack-River-Narrow-v0,2,30,E,0.0,False,"reflection=The level's design includes open spaces that allow for movement in multiple directions, suggesting that exploration should focus on finding the downst"
f4e49053,reflexion_mh,MiniHack-River-Narrow-v0,2,31,W,0.0,False,"reflection=The level's design includes open spaces and hazards like lava or water, suggesting that exploration should focus on finding the downstairs staircase w"
f4e49053,reflexion_mh,MiniHack-River-Narrow-v0,2,32,E,0.0,False,"reflection=The level's design includes open spaces and hazards like lava or water, suggesting that exploration should focus on finding the downstairs staircase w"
f4e49053,reflexion_mh,MiniHack-River-Narrow-v0,2,33,E,0.0,False,"reflection=The level's design includes open spaces and hazards, suggesting cautious exploration. Noting the absence of immediate dangers to the east, this direct"
f4e49053,reflexion_mh,MiniHack-River-Narrow-v0,2,34,E,0.0,False,"reflection=The level's design includes open spaces and hazards, suggesting cautious exploration. The eastern path appears viable for progression without immediat"
f4e49053,reflexion_mh,MiniHack-River-Narrow-v0,2,35,E,0.0,False,"reflection=The level's design includes open spaces and hazards, suggesting cautious exploration. The eastern path appears viable for progression without immediat"
f4e49053,reflexion_mh,MiniHack-River-Narrow-v0,2,36,S,0.0,False,"reflection=The level's design includes open spaces and hazards, suggesting cautious exploration. The eastern path has been explored, and now moving south may rev"
f4e49053,reflexion_mh,MiniHack-River-Narrow-v0,2,37,S,0.0,False,"reflection=The level's design includes open spaces and hazards, suggesting cautious exploration. Moving south from the current position may lead to new areas or "
f4e49053,reflexion_mh,MiniHack-River-Narrow-v0,2,38,S,0.0,False,"reflection=The level's design includes open spaces and hazards, suggesting cautious exploration. Moving south from the current position may lead to new areas or "
f4e49053,reflexion_mh,MiniHack-River-Narrow-v0,2,39,S,0.0,False,"reflection=The level's design includes open spaces and hazards, suggesting cautious exploration. The presence of lava or water (}) to the east and west indicates"
f4e49053,reflexion_mh,MiniHack-River-Narrow-v0,2,40,S,0.0,False,"reflection=The level's design includes open spaces and hazards, suggesting cautious exploration. The presence of lava or water to the east and west indicates a n"
f4e49053,reflexion_mh,MiniHack-River-Narrow-v0,2,41,S,0.0,False,"reflection=The level's design includes open spaces and hazards, suggesting cautious exploration. The presence of lava or water to the east and west indicates a n"
f4e49053,reflexion_mh,MiniHack-River-Narrow-v0,2,42,S,-0.01,False,"reflection=The level's design includes open spaces and hazards, suggesting cautious exploration. The presence of lava or water to the east and west indicates a n"
f4e49053,reflexion_mh,MiniHack-River-Narrow-v0,2,43,S,-0.01,False,"reflection=The level's design includes open spaces and hazards, suggesting cautious exploration. The presence of lava or water to the east and west indicates a n"
f4e49053,reflexion_mh,MiniHack-River-Narrow-v0,2,44,N,0.0,False,"reflection=The level's design includes open spaces and hazards, suggesting cautious exploration. The presence of lava or water to the east and west indicates a n"
f4e49053,reflexion_mh,MiniHack-River-Narrow-v0,2,45,N,0.0,False,"reflection=The level's design includes open spaces and hazards, suggesting cautious exploration. The presence of lava or water to the east and west indicates a n"
f4e49053,reflexion_mh,MiniHack-River-Narrow-v0,2,46,N,0.0,False,"reflection=The level's design includes open spaces and hazards, suggesting cautious exploration. The presence of lava or water to the east and west indicates a n"
f4e49053,reflexion_mh,MiniHack-River-Narrow-v0,2,47,N,0.0,False,"reflection=The level's design includes open spaces and hazards, and exploring north may reveal new paths or obstacles, such as corridors, walls, or creatures, wh"
f4e49053,reflexion_mh,MiniHack-River-Narrow-v0,2,48,E,0.0,False,"reflection=The level's design includes open spaces and hazards, and exploring in different directions may reveal new paths, obstacles, or features such as corrid"
f4e49053,reflexion_mh,MiniHack-River-Narrow-v0,2,49,E,0.0,False,reflection=The level's design includes movable boulders which can reveal new paths or areas. Exploring in different directions can lead to discovering new featur
f4e49053,reflexion_mh,MiniHack-River-Narrow-v0,2,50,E,0.0,False,reflection=The level's design includes movable boulders which can reveal new paths or areas. Exploring in different directions can lead to discovering new featur
f4e49053,reflexion_mh,MiniHack-River-Narrow-v0,2,51,E,0.0,False,reflection=The level's design includes movable boulders which can reveal new paths or areas. Exploring in different directions can lead to discovering new featur
f4e49053,reflexion_mh,MiniHack-River-Narrow-v0,2,52,N,0.0,False,reflection=The level's design includes movable boulders which can reveal new paths or areas. Exploring in different directions can lead to discovering new featur
f4e49053,reflexion_mh,MiniHack-River-Narrow-v0,2,53,E,0.0,False,"reflection=The level's design includes movable boulders and water or lava, which can be navigated around or used to reveal new paths. Exploring in different dire"
f4e49053,reflexion_mh,MiniHack-River-Narrow-v0,2,54,N,-0.01,False,"reflection=The level's design includes movable boulders and water or lava, which can be navigated around or used to reveal new paths. Exploring in different dire"
f4e49053,reflexion_mh,MiniHack-River-Narrow-v0,2,55,S,0.0,False,"reflection=The level's design includes solid stone walls that can block movement, emphasizing the need to explore different directions to find paths or stairs."
f4e49053,reflexion_mh,MiniHack-River-Narrow-v0,2,56,E,0.0,False,"reflection=The level's design includes solid stone walls, lava or water, and a downstairs to reach, emphasizing the need to explore different directions carefull"
f4e49053,reflexion_mh,MiniHack-River-Narrow-v0,2,57,S,0.0,False,"reflection=The level's design includes solid stone walls, lava or water, and a downstairs to reach, emphasizing the need to explore different directions carefull"
f4e49053,reflexion_mh,MiniHack-River-Narrow-v0,2,58,E,0.0,False,"reflection=The level's design includes solid stone walls, lava or water, and a downstairs to reach, emphasizing the need to explore different directions carefull"
f4e49053,reflexion_mh,MiniHack-River-Narrow-v0,2,59,E,1.0,True,"reflection=The level's design includes solid stone walls, lava or water, and a downstairs to reach, emphasizing the need to explore different directions carefull"
f4e49053,reflexion_mh,MiniHack-River-Narrow-v0,3,0,W,0.0,False,reflection=The level seems to have a body of water (}) to the east and some open space to the west. I haven't encountered any creatures or obstacles yet.
f4e49053,reflexion_mh,MiniHack-River-Narrow-v0,3,1,W,0.0,False,"reflection=The level seems to have a body of water to the east and some open space to the west. I haven't encountered any creatures or obstacles yet, but I need "
f4e49053,reflexion_mh,MiniHack-River-Narrow-v0,3,2,W,0.0,False,"reflection=The level seems to have a body of water to the east and some open space to the west. I haven't encountered any creatures or obstacles yet, but I need "
f4e49053,reflexion_mh,MiniHack-River-Narrow-v0,3,3,W,0.0,False,"reflection=The level seems to have a body of water to the east and some open space to the west. I haven't encountered any creatures or obstacles yet, but I need "
f4e49053,reflexion_mh,MiniHack-River-Narrow-v0,3,4,W,0.0,False,"reflection=The western path continues to be open, and I've moved further into the level without finding any creatures, obstacles, or the downstairs. The body of "
f4e49053,reflexion_mh,MiniHack-River-Narrow-v0,3,5,W,0.0,False,"reflection=The western path continues to be open, and I've moved further into the level without finding any creatures, obstacles, or the downstairs. The body of "
f4e49053,reflexion_mh,MiniHack-River-Narrow-v0,3,6,W,-0.01,False,"reflection=The western path remains open, and I still haven't found any boundaries, creatures, or the downstairs, suggesting the level may extend further west th"
f4e49053,reflexion_mh,MiniHack-River-Narrow-v0,3,7,N,0.0,False,"reflection=The level's western boundary has not been found, suggesting it may be larger than initially thought. The northern direction remains unexplored and cou"
f4e49053,reflexion_mh,MiniHack-River-Narrow-v0,3,8,N,0.0,False,reflection=The level's northern direction is still unexplored and may contain the downstairs or other significant features. The western boundary's extent is also
f4e49053,reflexion_mh,MiniHack-River-Narrow-v0,3,9,N,0.0,False,reflection=The level's northern direction is still unexplored and may contain the downstairs or other significant features. The western boundary's extent is also
f4e49053,reflexion_mh,MiniHack-River-Narrow-v0,3,10,N,0.0,False,reflection=The level's northern direction is still largely unexplored and may contain the downstairs or other significant features. The western boundary's extent
f4e49053,reflexion_mh,MiniHack-River-Narrow-v0,3,11,N,0.0,False,"reflection=The level's northern direction remains a priority for exploration, and moving north continues to yield new areas to discover, with no walls encountere"
f4e49053,reflexion_mh,MiniHack-River-Narrow-v0,3,12,N,-0.01,False,"reflection=The level's northern direction continues to be a priority for exploration, and it remains wall-free from the current position."
f4e49053,reflexion_mh,MiniHack-River-Narrow-v0,3,13,N,-0.01,False,"reflection=The level's northern direction continues to be a priority for exploration, and it remains wall-free from the current position. The eastern and western"
f4e49053,reflexion_mh,MiniHack-River-Narrow-v0,3,14,E,0.0,False,"reflection=The northern direction is blocked by a wall, so I need to prioritize exploring the eastern, western, and southern parts of the map to find a path forw"
f4e49053,reflexion_mh,MiniHack-River-Narrow-v0,3,15,S,0.0,False,"reflection=The northern direction is blocked by a wall, so I need to prioritize exploring the eastern, western, and southern parts of the map to find a path forw"
f4e49053,reflexion_mh,MiniHack-River-Narrow-v0,3,16,S,0.0,False,"reflection=The level seems to be encouraging exploration to the south and east, given the initial northern blockage. I need to keep moving in these directions to"
f4e49053,reflexion_mh,MiniHack-River-Narrow-v0,3,17,E,0.0,False,"reflection=The level's layout is still largely unknown, but it appears that moving east may reveal more of the map's structure, potentially uncovering corridors,"
f4e49053,reflexion_mh,MiniHack-River-Narrow-v0,3,18,E,0.0,False,"reflection=The level's layout is still largely unknown, but it appears that moving east may continue to reveal more of the map's structure, potentially uncoverin"
f4e49053,reflexion_mh,MiniHack-River-Narrow-v0,3,19,E,0.0,False,"reflection=The level's eastern part seems to be more open, which could indicate a larger room or a corridor that might lead to important locations such as stairs"
f4e49053,reflexion_mh,MiniHack-River-Narrow-v0,3,20,E,0.0,False,"reflection=The level's eastern part is more open, potentially indicating a larger room or corridor that could lead to important locations such as stairs or treas"
f4e49053,reflexion_mh,MiniHack-River-Narrow-v0,3,21,E,0.0,False,"reflection=The eastern part of the level continues to be more open, suggesting a possible larger room or corridor that could lead to significant areas such as st"
f4e49053,reflexion_mh,MiniHack-River-Narrow-v0,3,22,E,0.0,False,"reflection=The eastern part of the level remains open, suggesting a potential for larger rooms or corridors that could lead to important locations like stairs or"
f4e49053,reflexion_mh,MiniHack-River-Narrow-v0,3,23,E,0.0,False,"reflection=The eastern part of the level remains open, suggesting a potential for larger rooms or corridors that could lead to important locations like stairs or"
f4e49053,reflexion_mh,MiniHack-River-Narrow-v0,3,24,E,0.0,False,"reflection=The eastern part of the level continues to be open, suggesting potential for larger rooms or corridors, and no significant features or obstacles have "
f4e49053,reflexion_mh,MiniHack-River-Narrow-v0,3,25,N,0.0,False,"reflection=The level appears to be open in the eastern direction, but other directions have not been thoroughly explored, potentially hiding important features o"
f4e49053,reflexion_mh,MiniHack-River-Narrow-v0,3,26,E,0.0,False,"reflection=The level's eastern direction remains open, and I have not found any obstacles or items of note so far. I should continue exploring this direction unt"
f4e49053,reflexion_mh,MiniHack-River-Narrow-v0,3,27,E,0.0,False,"reflection=The level's eastern direction continues to be open, suggesting a potential path or area of interest. I will keep exploring east until I encounter an o"
f4e49053,reflexion_mh,MiniHack-River-Narrow-v0,3,28,E,0.0,False,"reflection=The level's eastern direction continues to be open, suggesting a potential path or area of interest. I will keep exploring east until I encounter an o"
f4e49053,reflexion_mh,MiniHack-River-Narrow-v0,3,29,E,0.0,False,"reflection=The level's eastern direction continues to be open, suggesting a potential path or area of interest. I will keep exploring east until I encounter an o"
f4e49053,reflexion_mh,MiniHack-River-Narrow-v0,3,30,E,0.0,False,"reflection=The level's eastern direction continues to yield new areas, suggesting that significant features or items might be located in this general direction. "
f4e49053,reflexion_mh,MiniHack-River-Narrow-v0,3,31,E,0.0,False,"reflection=The level's eastern direction continues to yield new areas, suggesting that significant features or items might be located in this general direction. "
f4e49053,reflexion_mh,MiniHack-River-Narrow-v0,3,32,E,0.0,False,"reflection=The level's eastern direction continues to yield new areas, suggesting that significant features or items might be located in this general direction, "
f4e49053,reflexion_mh,MiniHack-River-Narrow-v0,3,33,E,-0.01,False,"reflection=The level's eastern direction continues to be a promising path for exploration, and we should keep moving in this direction until we hit a wall or fin"
f4e49053,reflexion_mh,MiniHack-River-Narrow-v0,3,34,E,-0.01,False,reflection=The level's eastern direction continues to be a promising path for exploration. We've also learned that there's a boulder in this area that cannot be 
f4e49053,reflexion_mh,MiniHack-River-Narrow-v0,3,35,N,0.0,False,"reflection=The level's eastern direction is blocked, and there's an immovable boulder, indicating a need to explore other paths. The presence of lava or water (}"
f4e49053,reflexion_mh,MiniHack-River-Narrow-v0,3,36,W,0.0,False,"reflection=The level's eastern direction is blocked, and there's an immovable boulder, indicating a need to explore other paths. The presence of lava or water to"
f4e49053,reflexion_mh,MiniHack-River-Narrow-v0,3,37,W,0.0,False,"reflection=The level's eastern direction is blocked, and there's an immovable boulder, indicating a need to explore other paths. The presence of lava or water to"
f4e49053,reflexion_mh,MiniHack-River-Narrow-v0,3,38,N,-0.01,False,"reflection=The level's eastern direction is blocked, and there's an indication of lava or water to the south and east, suggesting a need to explore north or west"
f4e49053,reflexion_mh,MiniHack-River-Narrow-v0,3,39,N,-0.01,False,"reflection=The level's eastern direction is blocked, and there's an indication of lava or water to the south and east, suggesting a need to explore north or west"
f4e49053,reflexion_mh,MiniHack-River-Narrow-v0,3,40,W,0.0,False,"reflection=The level's eastern and northern directions are blocked, indicating a need to explore west or potentially south if western exploration does not yield "
f4e49053,reflexion_mh,MiniHack-River-Narrow-v0,3,41,W,0.0,False,"reflection=The level's layout suggests a possible large body of lava or water to the east and south, which could either block the path or provide a route, depend"
f4e49053,reflexion_mh,MiniHack-River-Narrow-v0,3,42,N,-0.01,False,"reflection=The level's layout suggests a possible large body of lava or water to the east and south, which could either block the path or provide a route, depend"
f4e49053,reflexion_mh,MiniHack-River-Narrow-v0,3,43,N,-0.01,False,reflection=The level's layout suggests a possible large body of lava or water to the east and south. Western and northern exploration is key for now to find a sa
f4e49053,reflexion_mh,MiniHack-River-Narrow-v0,3,44,W,0.0,False,reflection=The level's western part needs exploration for items and paths. The presence of lava or water to the east and south suggests caution in that direction
f4e49053,reflexion_mh,MiniHack-River-Narrow-v0,3,45,N,-0.01,False,reflection=The level's western part needs exploration for items and paths. The presence of lava or water to the east and south suggests caution in that direction
f4e49053,reflexion_mh,MiniHack-River-Narrow-v0,3,46,N,-0.01,False,reflection=The level's western part needs exploration for items and paths. The presence of lava or water to the east and south suggests caution in that direction
f4e49053,reflexion_mh,MiniHack-River-Narrow-v0,3,47,W,0.0,False,"reflection=The level's western part needs thorough exploration for items and paths. The northern direction is blocked by a wall, suggesting a need to explore oth"
f4e49053,reflexion_mh,MiniHack-River-Narrow-v0,3,48,E,0.0,False,"reflection=The level's western part has been partially explored, and now it's necessary to explore the eastern and southern areas with caution due to potential l"
f4e49053,reflexion_mh,MiniHack-River-Narrow-v0,3,49,E,0.0,False,"reflection=The level's western part has been partially explored, and initial exploration of the eastern part is necessary to find a path downwards or identify po"
f4e49053,reflexion_mh,MiniHack-River-Narrow-v0,3,50,E,0.0,False,reflection=The level's eastern part is now a priority for exploration to find a path downwards or identify potential hazards and resources. The current area seem
f4e49053,reflexion_mh,MiniHack-River-Narrow-v0,3,51,E,0.0,False,reflection=The level's eastern part is now a priority for exploration to find a path downwards or identify potential hazards and resources. The presence of water
f4e49053,reflexion_mh,MiniHack-River-Narrow-v0,3,52,E,0.0,False,reflection=The level's eastern part is now a priority for exploration to find a path downwards or identify potential hazards and resources. The presence of water
f4e49053,reflexion_mh,MiniHack-River-Narrow-v0,3,53,N,-0.01,False,"reflection=The level's eastern part is bounded by water or lava, suggesting a need to explore north and south to find a path or significant features. The presenc"
f4e49053,reflexion_mh,MiniHack-River-Narrow-v0,3,54,N,-0.01,False,"reflection=The level's eastern boundary is confirmed to be water or lava, suggesting that significant features or paths may lie to the north or south. The wester"
f4e49053,reflexion_mh,MiniHack-River-Narrow-v0,3,55,W,0.0,False,"reflection=The level's western area remains largely unexplored and could contain the staircase or other important elements, making it the priority for exploratio"
f4e49053,reflexion_mh,MiniHack-River-Narrow-v0,3,56,W,0.0,False,"reflection=The level's western area remains a priority for exploration, and moving in that direction could reveal the staircase or other significant features."
f4e49053,reflexion_mh,MiniHack-River-Narrow-v0,3,57,W,0.0,False,"reflection=The level's western area remains a priority for exploration, and moving in that direction could reveal the staircase or other significant features. So"
f4e49053,reflexion_mh,MiniHack-River-Narrow-v0,3,58,W,0.0,False,"reflection=The level's western area continues to be explorable by moving west, with no obstacles encountered yet, suggesting a possible open path or significant "
f4e49053,reflexion_mh,MiniHack-River-Narrow-v0,3,59,W,0.0,False,"reflection=The level's western area appears to be open for further exploration without immediate obstacles, suggesting potential for discovery of items, stairs, "
f4e49053,reflexion_mh,MiniHack-River-Narrow-v0,3,60,W,0.0,False,"reflection=The level's western area is open for further exploration without immediate obstacles, suggesting potential for discovery of items, stairs, or other im"
f4e49053,reflexion_mh,MiniHack-River-Narrow-v0,3,61,N,-0.01,False,"reflection=The level's western and northern areas are potential regions for discovery, with the western part already showing some openness and the northern part "
f4e49053,reflexion_mh,MiniHack-River-Narrow-v0,3,62,W,0.0,False,"reflection=The level's western area is more open and could lead to discoveries or paths, while the northern area remains unexplored and should be considered next"
f4e49053,reflexion_mh,MiniHack-River-Narrow-v0,3,63,N,-0.01,False,"reflection=The level's western area is more open, but exploring the northern area may lead to more significant discoveries, such as stairs or items."
f4e49053,reflexion_mh,MiniHack-River-Narrow-v0,3,64,E,0.0,False,reflection=The level's western and northern areas are relatively open but don't seem to lead to immediate significant discoveries like stairs; exploring east mig
f4e49053,reflexion_mh,MiniHack-River-Narrow-v0,3,65,E,0.0,False,reflection=The level's eastern area is still unexplored and could potentially hold stairs or other significant features; the western and northern areas seem less
f4e49053,reflexion_mh,MiniHack-River-Narrow-v0,3,66,E,0.0,False,reflection=The level's eastern area is still largely unexplored and could potentially hold stairs or other significant features; the western and northern areas s
f4e49053,reflexion_mh,MiniHack-River-Narrow-v0,3,67,E,0.0,False,reflection=The level's eastern area is still largely unexplored and could potentially hold stairs or other significant features; the western and northern areas s
f4e49053,reflexion_mh,MiniHack-River-Narrow-v0,3,68,E,0.0,False,reflection=The level's eastern area is still largely unexplored and could potentially hold stairs or other significant features; the western and northern areas s
f4e49053,reflexion_mh,MiniHack-River-Narrow-v0,3,69,E,0.0,False,reflection=The level's eastern area is still largely unexplored and could potentially hold stairs or other significant features; the western and northern areas s
f4e49053,reflexion_mh,MiniHack-River-Narrow-v0,3,70,E,0.0,False,"reflection=The level's eastern area remains a priority for exploration due to its unknown contents, and moving east from the current position does not result in "
f4e49053,reflexion_mh,MiniHack-River-Narrow-v0,3,71,E,0.0,False,"reflection=The level's eastern area is larger than initially thought, with at least 8 spaces of open floor without encountering any walls or obstacles, suggestin"
f4e49053,reflexion_mh,MiniHack-River-Narrow-v0,3,72,N,-0.01,False,"reflection=The level's eastern area is large and open, suggesting the need to explore other directions to find boundaries or features of interest. The lack of wa"
f4e49053,reflexion_mh,MiniHack-River-Narrow-v0,3,73,S,0.0,False,"reflection=The level's eastern area is large and open, suggesting the need to explore other directions to find boundaries or features of interest. Initial explor"
f4e49053,reflexion_mh,MiniHack-River-Narrow-v0,3,74,S,0.0,False,"reflection=The initial exploration to the east did not yield significant features, suggesting that other directions, particularly south, may hold more interest o"
f4e49053,reflexion_mh,MiniHack-River-Narrow-v0,3,75,S,0.0,False,"reflection=The level seems to require exploration in multiple directions to find key features. Southward exploration may yield more results than eastward, given "
f4e49053,reflexion_mh,MiniHack-River-Narrow-v0,3,76,S,0.0,False,"reflection=The level seems to require exploration in multiple directions to find key features, with southward exploration being particularly promising so far."
f4e49053,reflexion_mh,MiniHack-River-Narrow-v0,3,77,S,0.0,False,"reflection=The level seems to require careful exploration in multiple directions, with southward exploration being particularly promising so far. It's also impor"
f4e49053,reflexion_mh,MiniHack-River-Narrow-v0,3,78,S,0.0,False,"reflection=The level seems to require careful exploration in multiple directions, with southward exploration being particularly promising so far. It's also impor"
f4e49053,reflexion_mh,MiniHack-River-Narrow-v0,3,79,S,-0.01,False,"reflection=The level seems to require careful exploration in multiple directions, with southward exploration being particularly promising so far. It's also impor"
f4e49053,reflexion_mh,MiniHack-River-Narrow-v0,3,80,S,-0.01,False,"reflection=The level seems to require careful exploration in multiple directions, with southward exploration being particularly promising so far. It's also impor"
f4e49053,reflexion_mh,MiniHack-River-Narrow-v0,3,81,E,0.0,False,"reflection=The level's layout is more complex than initially thought, with the need to explore in multiple directions to uncover its secrets. The presence of lav"
f4e49053,reflexion_mh,MiniHack-River-Narrow-v0,3,82,S,-0.01,False,"reflection=The level's layout is more complex than initially thought, with the need to explore in multiple directions to uncover its secrets. The presence of lav"
f4e49053,reflexion_mh,MiniHack-River-Narrow-v0,3,83,S,-0.01,False,"reflection=The level's layout is more complex than initially thought, with the need to explore in multiple directions to uncover its secrets. The presence of lav"
f4e49053,reflexion_mh,MiniHack-River-Narrow-v0,3,84,NW,0.0,False,"reflection=The level's complexity requires careful consideration of each move, especially when encountering walls or potential hazards like lava or water. Explor"
f4e49053,reflexion_mh,MiniHack-River-Narrow-v0,3,85,N,0.0,False,"reflection=The level's design suggests that careful exploration is crucial, and each step should be considered in the context of potential risks and the layout o"
f4e49053,reflexion_mh,MiniHack-River-Narrow-v0,3,86,N,0.0,False,"reflection=The level's design suggests that careful exploration is crucial, and each step should be considered in the context of potential risks and the layout o"
f4e49053,reflexion_mh,MiniHack-River-Narrow-v0,3,87,N,0.0,False,"reflection=The level's design suggests that careful exploration is crucial, and each step should be considered in the context of potential risks and the layout o"
f4e49053,reflexion_mh,MiniHack-River-Narrow-v0,3,88,N,0.0,False,"reflection=The level's design suggests that careful exploration is crucial, and each step should be considered in the context of potential risks and the layout o"
f4e49053,reflexion_mh,MiniHack-River-Narrow-v0,3,89,N,0.0,False,"reflection=The level's design suggests that careful exploration is crucial, and each step should be considered in the context of potential risks and the layout o"
f4e49053,reflexion_mh,MiniHack-River-Narrow-v0,3,90,N,-0.01,False,"reflection=The level's design suggests that careful exploration is crucial, and each step should be considered in the context of potential risks and the layout o"
f4e49053,reflexion_mh,MiniHack-River-Narrow-v0,3,91,N,-0.01,False,"reflection=The level's design suggests that careful exploration is crucial, and each step should be considered in the context of potential risks and the layout o"
f4e49053,reflexion_mh,MiniHack-River-Narrow-v0,3,92,E,0.0,False,"reflection=The level's design suggests that careful exploration is crucial, and each step should be considered in the context of potential risks and the layout o"
f4e49053,reflexion_mh,MiniHack-River-Narrow-v0,3,93,N,-0.01,False,"reflection=The level's design suggests that careful exploration is crucial, and each step should be considered in the context of potential risks and the layout o"
f4e49053,reflexion_mh,MiniHack-River-Narrow-v0,3,94,N,-0.01,False,"reflection=The level's design suggests that careful exploration is crucial, and each step should be considered in the context of potential risks and the layout o"
f4e49053,reflexion_mh,MiniHack-River-Narrow-v0,3,95,E,0.0,False,"reflection=The level's design suggests that careful exploration is crucial, and each step should be considered in the context of potential risks and the layout o"
f4e49053,reflexion_mh,MiniHack-River-Narrow-v0,3,96,E,0.0,False,"reflection=The level's design suggests that careful exploration is crucial, and each step should be considered in the context of potential risks and the layout o"
f4e49053,reflexion_mh,MiniHack-River-Narrow-v0,3,97,N,-0.01,False,"reflection=The level's design suggests that careful exploration is crucial, and each step should be considered in the context of potential risks and the layout o"
f4e49053,reflexion_mh,MiniHack-River-Narrow-v0,3,98,S,0.0,False,"reflection=The level's design suggests that careful exploration is crucial, and each step should be considered in the context of potential risks and the layout o"
f4e49053,reflexion_mh,MiniHack-River-Narrow-v0,3,99,N,0.0,False,"reflection=The level's design suggests that careful exploration is crucial, and each step should be considered in the context of potential risks and the layout o"
f4e49053,reflexion_mh,MiniHack-River-Narrow-v0,3,100,N,-0.01,False,"reflection=The level's design suggests that careful exploration is crucial, and each step should be considered in the context of potential risks and the layout o"
f4e49053,reflexion_mh,MiniHack-River-Narrow-v0,3,101,N,-0.01,False,"reflection=The level's design suggests that careful exploration is crucial, and each step should be considered in the context of potential risks and the layout o"
f4e49053,reflexion_mh,MiniHack-River-Narrow-v0,3,102,W,0.0,False,"reflection=The level's design suggests that careful exploration is crucial, and each step should be considered in the context of potential risks and the layout o"
f4e49053,reflexion_mh,MiniHack-River-Narrow-v0,3,103,W,0.0,False,"reflection=The level's design suggests that careful exploration is crucial, and each step should be considered in the context of potential risks and the layout o"
f4e49053,reflexion_mh,MiniHack-River-Narrow-v0,3,104,W,0.0,False,"reflection=The level's design suggests that careful exploration is crucial, and each step should be considered in the context of potential risks and the layout o"
f4e49053,reflexion_mh,MiniHack-River-Narrow-v0,3,105,W,0.0,False,"reflection=The level's design suggests that careful exploration is crucial, and each step should be considered in the context of potential risks and the layout o"
f4e49053,reflexion_mh,MiniHack-River-Narrow-v0,3,106,W,0.0,False,"reflection=The level's design suggests that careful exploration is crucial, and each step should be considered in the context of potential risks and the layout o"
f4e49053,reflexion_mh,MiniHack-River-Narrow-v0,3,107,W,0.0,False,"reflection=The level's design suggests that careful exploration is crucial, and each step should be considered in the context of potential risks and the layout o"
f4e49053,reflexion_mh,MiniHack-River-Narrow-v0,3,108,W,0.0,False,"reflection=The level's design emphasizes cautious movement, and the initial steps suggest that westward exploration could reveal more about the level's layout an"
f4e49053,reflexion_mh,MiniHack-River-Narrow-v0,3,109,W,0.0,False,"reflection=The level's design emphasizes cautious movement, and initial westward exploration suggests potential for uncovering more of the level's layout and obj"
f4e49053,reflexion_mh,MiniHack-River-Narrow-v0,3,110,W,0.0,False,"reflection=The level's design emphasizes cautious movement, and initial westward exploration suggests potential for uncovering more of the level's layout and obj"
f4e49053,reflexion_mh,MiniHack-River-Narrow-v0,3,111,N,-0.01,False,"reflection=The level's design emphasizes cautious movement, and initial westward exploration suggests potential for uncovering more of the level's layout and obj"
f4e49053,reflexion_mh,MiniHack-River-Narrow-v0,3,112,N,-0.01,False,"reflection=The level's design emphasizes cautious movement, and initial westward and northward exploration suggests potential for uncovering more of the level's "
f4e49053,reflexion_mh,MiniHack-River-Narrow-v0,3,113,W,0.0,False,"reflection=The level's design emphasizes cautious movement, and initial exploration suggests that moving in directions other than north may uncover more of the l"
f4e49053,reflexion_mh,MiniHack-River-Narrow-v0,3,114,W,0.0,False,"reflection=The level's design emphasizes cautious movement, and initial exploration suggests that moving in directions other than north may uncover more of the l"
f4e49053,reflexion_mh,MiniHack-River-Narrow-v0,3,115,W,0.0,False,"reflection=The level's design emphasizes cautious movement, and initial exploration suggests that moving in directions other than north may uncover more of the l"
f4e49053,reflexion_mh,MiniHack-River-Narrow-v0,3,116,W,0.0,False,"reflection=The level's design emphasizes cautious movement, and initial exploration suggests that moving in directions other than north may uncover more of the l"
f4e49053,reflexion_mh,MiniHack-River-Narrow-v0,3,117,W,0.0,False,"reflection=The level's design continues to suggest that cautious exploration to the west may uncover important features or objectives, and it's crucial to keep t"
f4e49053,reflexion_mh,MiniHack-River-Narrow-v0,3,118,N,-0.01,False,"reflection=The level's design continues to suggest that cautious exploration to the west and possibly north may uncover important features or objectives, and it'"
f4e49053,reflexion_mh,MiniHack-River-Narrow-v0,3,119,N,-0.01,False,reflection=The level's design continues to suggest that cautious exploration to the west and possibly north may uncover important features or objectives. The pre
f4e49053,reflexion_mh,MiniHack-River-Narrow-v0,4,0,NW,0.0,False,"reflection=The level seems to have a body of water or lava to the east, and the rest of the area is unexplored. I should be cautious of the water or lava."
f4e49053,reflexion_mh,MiniHack-River-Narrow-v0,4,1,W,0.0,False,"reflection=The level seems to have a body of water or lava to the east, and the rest of the area is unexplored. I should be cautious of the water or lava and try"
f4e49053,reflexion_mh,MiniHack-River-Narrow-v0,4,2,N,-0.01,False,"reflection=The level seems to have a body of water or lava to the east, and the rest of the area is unexplored. I should be cautious of the water or lava and try"
f4e49053,reflexion_mh,MiniHack-River-Narrow-v0,4,3,N,-0.01,False,"reflection=The level has a body of water or lava to the east, and exploring north or west might provide a safer path or necessary items for progression. The pres"
f4e49053,reflexion_mh,MiniHack-River-Narrow-v0,4,4,W,0.0,False,"reflection=The level has a body of water or lava to the east, and exploring north is blocked by a wall. The western and southern paths remain to be explored for "
f4e49053,reflexion_mh,MiniHack-River-Narrow-v0,4,5,S,0.0,False,"reflection=The level has a body of water or lava to the east, and exploring north is blocked by a wall. The western path has been partially explored, and now the"
f4e49053,reflexion_mh,MiniHack-River-Narrow-v0,4,6,S,0.0,False,"reflection=The level has a body of water or lava to the east, and exploring north is blocked by a wall. The western path has been partially explored, and now the"
f4e49053,reflexion_mh,MiniHack-River-Narrow-v0,4,7,S,0.0,False,"reflection=The southern path may lead to new areas or items, and it's worth exploring further to determine its potential."
f4e49053,reflexion_mh,MiniHack-River-Narrow-v0,4,8,S,0.0,False,"reflection=The southern path appears to be a viable route for exploration, and continuing in this direction may lead to discoveries about the level's layout and "
f4e49053,reflexion_mh,MiniHack-River-Narrow-v0,4,9,S,0.0,False,"reflection=The southern path appears to be a viable route for exploration, and continuing in this direction may lead to discoveries about the level's layout and "
f4e49053,reflexion_mh,MiniHack-River-Narrow-v0,4,10,S,0.0,False,"reflection=The southern path appears to be a viable route for exploration, and continuing in this direction may lead to discoveries about the level's layout and "
f4e49053,reflexion_mh,MiniHack-River-Narrow-v0,4,11,S,-0.01,False,"reflection=The southern path remains a viable route for exploration, and continuing in this direction may lead to discoveries about the level's layout and potent"
f4e49053,reflexion_mh,MiniHack-River-Narrow-v0,4,12,S,-0.01,False,"reflection=The southern path remains a viable route for exploration, and the lack of immediate threats or obstacles suggests it's safe to proceed in this directi"
f4e49053,reflexion_mh,MiniHack-River-Narrow-v0,4,13,E,0.0,False,"reflection=The southern path is blocked, so I need to explore other directions to find a way forward, possibly discovering new paths, items, or threats on this l"
f4e49053,reflexion_mh,MiniHack-River-Narrow-v0,4,14,W,0.0,False,"reflection=The level seems to be bounded by water or lava to the south and possibly to the east, so exploring north or west might yield more fruitful results for"
f4e49053,reflexion_mh,MiniHack-River-Narrow-v0,4,15,N,0.0,False,"reflection=The level seems to be bounded by water or lava to the south and possibly to the east, so exploring north or west might yield more fruitful results for"
f4e49053,reflexion_mh,MiniHack-River-Narrow-v0,4,16,N,0.0,False,"reflection=The level's boundaries and potential paths suggest that exploring north and west could reveal more of the map and necessary items or stairs, while avo"
f4e49053,reflexion_mh,MiniHack-River-Narrow-v0,4,17,N,0.0,False,"reflection=The level's layout suggests that north and west directions are safer for exploration, and it's crucial to avoid the lava or water to the south and pos"
f4e49053,reflexion_mh,MiniHack-River-Narrow-v0,4,18,N,0.0,False,"reflection=The level's layout suggests that north and west directions are safer for exploration, and it's crucial to avoid the lava or water to the south and pos"
f4e49053,reflexion_mh,MiniHack-River-Narrow-v0,4,19,N,0.0,False,"reflection=The level's layout suggests that north and west directions are safer for exploration, and it's crucial to avoid the lava or water to the south and pos"
f4e49053,reflexion_mh,MiniHack-River-Narrow-v0,4,20,N,0.0,False,"reflection=The level's layout suggests that north and west directions are safer for exploration, and it's crucial to avoid the lava or water to the south and pos"
f4e49053,reflexion_mh,MiniHack-River-Narrow-v0,4,21,N,-0.01,False,reflection=The level's north and west directions appear safer for exploration. Continuing north may reveal more of the level's structure or the staircase. No imm
f4e49053,reflexion_mh,MiniHack-River-Narrow-v0,4,22,N,-0.01,False,reflection=The level's north direction continues to appear as the safest and most promising path for exploration. The absence of visible threats and the potentia
f4e49053,reflexion_mh,MiniHack-River-Narrow-v0,4,23,E,0.0,False,"reflection=The level's north direction is blocked by a wall, indicating the need to explore other directions to find the staircase or significant features. Eastw"
f4e49053,reflexion_mh,MiniHack-River-Narrow-v0,4,24,S,0.0,False,"reflection=The level's north direction is blocked, and initial eastward movement did not reveal the staircase, suggesting the need to explore southward to potent"
f4e49053,reflexion_mh,MiniHack-River-Narrow-v0,4,25,S,0.0,False,"reflection=The level's north direction is blocked, initial eastward movement did not reveal the staircase, and now it's time to explore southward to find the sta"
f4e49053,reflexion_mh,MiniHack-River-Narrow-v0,4,26,S,0.0,False,"reflection=The level's north direction is blocked, initial eastward movement did not reveal the staircase, and now it's time to continue exploring southward to f"
f4e49053,reflexion_mh,MiniHack-River-Narrow-v0,4,27,S,0.0,False,"reflection=The level's north direction is blocked, initial eastward movement did not reveal the staircase, and now it's time to continue exploring southward to f"
f4e49053,reflexion_mh,MiniHack-River-Narrow-v0,4,28,S,0.0,False,"reflection=The level's north direction is blocked, initial eastward movement did not reveal the staircase, southward movement is possible and ongoing, and there'"
f4e49053,reflexion_mh,MiniHack-River-Narrow-v0,4,29,S,0.0,False,"reflection=The level's south direction appears to be open, and further exploration in this direction may lead to the discovery of the staircase or other importan"
f4e49053,reflexion_mh,MiniHack-River-Narrow-v0,4,30,S,-0.01,False,"reflection=The level's south direction is open and worthy of further exploration, and I have not yet found any obstacles or creatures in this direction."
f4e49053,reflexion_mh,MiniHack-River-Narrow-v0,4,31,S,-0.01,False,"reflection=The level's south direction remains open and worthy of further exploration, and I still haven't found any obstacles or creatures in this direction, bu"
f4e49053,reflexion_mh,MiniHack-River-Narrow-v0,4,32,E,0.0,False,"reflection=The level's south direction is blocked by a wall, so I need to explore other directions to find a path forward or the downstairs, and I should also be"
f4e49053,reflexion_mh,MiniHack-River-Narrow-v0,4,33,N,0.0,False,"reflection=The level's south direction is blocked by a wall, and moving east leads to lava or water. I need to explore north and west to find a path forward or t"
f4e49053,reflexion_mh,MiniHack-River-Narrow-v0,4,34,W,0.0,False,"reflection=The level's south direction is blocked by a wall, and moving east leads to lava or water. Exploring west may reveal new paths or the downstairs."
f4e49053,reflexion_mh,MiniHack-River-Narrow-v0,4,35,N,0.0,False,"reflection=The level's south direction is blocked by a wall, and moving east leads to lava or water. Exploring west may reveal new paths or the downstairs. Now a"
f4e49053,reflexion_mh,MiniHack-River-Narrow-v0,4,36,W,0.0,False,"reflection=The level's south direction is blocked by a wall, and moving east leads to lava or water. Exploring west may reveal new paths or the downstairs. Now a"
f4e49053,reflexion_mh,MiniHack-River-Narrow-v0,4,37,N,0.0,False,"reflection=The level's south direction is blocked by a wall, and moving east leads to lava or water. Exploring west may reveal new paths or the downstairs. Now a"
f4e49053,reflexion_mh,MiniHack-River-Narrow-v0,4,38,N,0.0,False,"reflection=The level's north direction is being explored, and it may lead to new paths or the downstairs. The west direction has been partially explored, but its"
f4e49053,reflexion_mh,MiniHack-River-Narrow-v0,4,39,N,0.0,False,"reflection=The level's north direction is being explored, and it may lead to new paths or the downstairs. The west direction has been partially explored, but its"
f4e49053,reflexion_mh,MiniHack-River-Narrow-v0,4,40,N,0.0,False,"reflection=The level's north direction is being explored, and it may lead to new paths or the downstairs. The west direction has been partially explored, but its"
f4e49053,reflexion_mh,MiniHack-River-Narrow-v0,4,41,N,-0.01,False,"reflection=The level's north direction is being explored, and it may lead to new paths or the downstairs. The west direction has been partially explored, but its"
f4e49053,reflexion_mh,MiniHack-River-Narrow-v0,4,42,W,0.0,False,"reflection=The level's north direction is blocked by a wall, and the west direction is the next most promising path to explore. The east direction is still block"
f4e49053,reflexion_mh,MiniHack-River-Narrow-v0,4,43,S,0.0,False,"reflection=The level's north direction is blocked by a wall, the west direction is partially explored, and the south direction is the next to be explored. The ea"
f4e49053,reflexion_mh,MiniHack-River-Narrow-v0,4,44,S,0.0,False,"reflection=The level's south direction is the next to be explored, and I will update my knowledge based on the outcome of this action."
f4e49053,reflexion_mh,MiniHack-River-Narrow-v0,4,45,S,0.0,False,"reflection=The level's south direction is being explored, and so far, there are no obstacles or walls blocking the path in this direction."
f4e49053,reflexion_mh,MiniHack-River-Narrow-v0,4,46,S,0.0,False,"reflection=The level's south direction remains unobstructed, and I have not encountered any creatures or items of interest yet."
f4e49053,reflexion_mh,MiniHack-River-Narrow-v0,4,47,S,0.0,False,"reflection=The level's south direction remains unobstructed, and I have not encountered any creatures or items of interest yet, but I will continue to explore th"
f4e49053,reflexion_mh,MiniHack-River-Narrow-v0,4,48,S,-0.01,False,"reflection=The level's south direction remains unobstructed, and I have not encountered any creatures or items of interest yet, but continuing to explore this pa"
f4e49053,reflexion_mh,MiniHack-River-Narrow-v0,4,49,S,-0.01,False,"reflection=The level's south direction remains unobstructed, and I have not encountered any creatures or items of interest yet, but I've learned that the boulder"
f4e49053,reflexion_mh,MiniHack-River-Narrow-v0,4,50,E,0.0,False,"reflection=The level's south direction is blocked by lava or water, and the boulder is immovable, which might be useful for future navigation or puzzle-solving. "
f4e49053,reflexion_mh,MiniHack-River-Narrow-v0,4,51,N,0.0,False,"reflection=The level's south direction is blocked by lava or water, and the boulder is immovable. I have tried moving east and south, and now I will try moving n"
f4e49053,reflexion_mh,MiniHack-River-Narrow-v0,4,52,W,0.0,False,"reflection=The level's south direction is blocked by lava or water, and the boulder is immovable. I have tried moving east and south, and now I will try moving w"
f4e49053,reflexion_mh,MiniHack-River-Narrow-v0,4,53,W,0.0,False,"reflection=The level's south direction is blocked by lava or water, and the boulder is immovable. I have tried moving east and south, and now I will try moving w"
f4e49053,reflexion_mh,MiniHack-River-Narrow-v0,4,54,N,0.0,False,"reflection=The level's south direction is blocked by lava or water, and the boulder is immovable. I have tried moving east, south, and west, and now I will try m"
f4e49053,reflexion_mh,MiniHack-River-Narrow-v0,4,55,N,0.0,False,"reflection=The level's south direction is blocked by lava or water, and the boulder is immovable. I have tried moving east, south, and west, and now I will try m"
f4e49053,reflexion_mh,MiniHack-River-Narrow-v0,4,56,N,0.0,False,"reflection=The level's south direction is blocked by lava or water, and the boulder is immovable. Moving east and west did not yield new paths, suggesting the ne"
f4e49053,reflexion_mh,MiniHack-River-Narrow-v0,4,57,N,0.0,False,"reflection=The level's south direction is blocked by lava or water, and the boulder is immovable. Moving east and west did not yield new paths, suggesting the ne"
f4e49053,reflexion_mh,MiniHack-River-Narrow-v0,4,58,N,-0.01,False,"reflection=The level's south direction is blocked by lava or water, and the boulder is immovable. Moving east and west did not yield new paths, suggesting the ne"
f4e49053,reflexion_mh,MiniHack-River-Narrow-v0,4,59,N,-0.01,False,"reflection=The level's south direction is blocked by lava or water, and the boulder is immovable. Moving east and west did not yield new paths, suggesting the ne"
f4e49053,reflexion_mh,MiniHack-River-Narrow-v0,4,60,E,0.0,False,"reflection=The level's north direction is fully explored from this point, and the initial east and west movements did not yield new paths, suggesting a need to r"
f4e49053,reflexion_mh,MiniHack-River-Narrow-v0,4,61,S,0.0,False,"reflection=The level's north direction is fully explored from this point, and initial east and west movements did not yield new paths. Now, exploring south might"
f4e49053,reflexion_mh,MiniHack-River-Narrow-v0,4,62,S,0.0,False,"reflection=The level's north direction is fully explored, initial east and west movements did not yield new paths, and now exploring south might reveal a stairca"
f4e49053,reflexion_mh,MiniHack-River-Narrow-v0,4,63,S,0.0,False,"reflection=The level's north direction is fully explored, initial east and west movements did not yield new paths, exploring south might reveal a staircase or ad"
f4e49053,reflexion_mh,MiniHack-River-Narrow-v0,4,64,S,0.0,False,"reflection=The level's north direction is fully explored, initial east and west movements did not yield new paths, exploring south might reveal a staircase or ad"
f4e49053,reflexion_mh,MiniHack-River-Narrow-v0,4,65,S,0.0,False,"reflection=The level's north direction is fully explored, initial east and west movements did not yield new paths, exploring south might reveal a staircase or ad"
f4e49053,reflexion_mh,MiniHack-River-Narrow-v0,4,66,S,-0.01,False,"reflection=The level's south direction remains largely unexplored and may hold the key to progression, with the presence of water or lava potentially requiring a"
f4e49053,reflexion_mh,MiniHack-River-Narrow-v0,4,67,N,0.0,False,"reflection=The level's south direction is blocked by lava or water, and boulders cannot be moved, so I need to find an alternative path, possibly by exploring th"
f4e49053,reflexion_mh,MiniHack-River-Narrow-v0,4,68,N,0.0,False,"reflection=The level's south direction is blocked by lava or water, and boulders cannot be moved, so I need to find an alternative path, possibly by exploring th"
f4e49053,reflexion_mh,MiniHack-River-Narrow-v0,4,69,E,0.0,False,"reflection=The level's south direction is blocked by lava or water, and I need to find an alternative path, possibly by exploring the north, east, or west direct"
f4e49053,reflexion_mh,MiniHack-River-Narrow-v0,4,70,E,0.0,False,"reflection=The level's south direction is blocked by lava or water, and initial exploration of the north and east directions is necessary to find an alternative "
f4e49053,reflexion_mh,MiniHack-River-Narrow-v0,4,71,E,0.0,False,"reflection=The level's south direction is blocked by lava or water, and initial exploration of the east direction is promising as it did not hit a wall immediate"
f4e49053,reflexion_mh,MiniHack-River-Narrow-v0,4,72,E,0.0,False,"reflection=The level's south direction is blocked by lava or water, and initial exploration of the east direction is promising as it did not hit a wall immediate"
f4e49053,reflexion_mh,MiniHack-River-Narrow-v0,4,73,E,0.0,False,"reflection=The level's south direction is blocked by lava or water, and initial exploration of the east direction is promising as it did not hit a wall immediate"
f4e49053,reflexion_mh,MiniHack-River-Narrow-v0,4,74,E,0.0,False,"reflection=The level's eastern path continues to be open, suggesting a larger area or potential items for discovery in that direction. The lack of immediate obst"
f4e49053,reflexion_mh,MiniHack-River-Narrow-v0,4,75,E,0.0,False,"reflection=The level's eastern path continues to be open, suggesting a larger area or potential items for discovery in that direction. The lack of immediate obst"
f4e49053,reflexion_mh,MiniHack-River-Narrow-v0,4,76,E,0.0,False,"reflection=The level's eastern path continues to be open, suggesting a larger area or potential items for discovery in that direction. The lack of immediate obst"
f4e49053,reflexion_mh,MiniHack-River-Narrow-v0,4,77,E,0.0,False,"reflection=The level's eastern path continues to be open, suggesting a larger area or potential items for discovery in that direction. The lack of immediate obst"
f4e49053,reflexion_mh,MiniHack-River-Narrow-v0,4,78,E,0.0,False,"reflection=The level's eastern path continues to be open, suggesting a larger area or potential items for discovery in that direction. The lack of immediate obst"
f4e49053,reflexion_mh,MiniHack-River-Narrow-v0,4,79,E,0.0,False,"reflection=The level's eastern path continues to be open, suggesting a larger area or potential items for discovery in that direction. The need to explore other "
f4e49053,reflexion_mh,MiniHack-River-Narrow-v0,4,80,N,0.0,False,"reflection=The level's eastern path continues to be open, but exploring north may provide additional insights into the level's layout and potential items for dis"
f4e49053,reflexion_mh,MiniHack-River-Narrow-v0,4,81,E,0.0,False,"reflection=The level's eastern path continues to be open, and exploring this direction may lead to discovery of items, stairs, or other important features, but I"
f4e49053,reflexion_mh,MiniHack-River-Narrow-v0,4,82,E,0.0,False,"reflection=The level's eastern path continues to be open, and exploring this direction may lead to discovery of items, stairs, or other important features, but I"
f4e49053,reflexion_mh,MiniHack-River-Narrow-v0,4,83,E,0.0,False,"reflection=The level's eastern path continues to be open, and exploring this direction may lead to discovery of items, stairs, or other important features, but I"
f4e49053,reflexion_mh,MiniHack-River-Narrow-v0,4,84,N,0.0,False,"reflection=The level's eastern path is bounded by lava or water, suggesting a need to explore north, south, or west for alternative routes or items. The current "
f4e49053,reflexion_mh,MiniHack-River-Narrow-v0,4,85,N,0.0,False,"reflection=The level's eastern path is bounded by lava or water, suggesting a need to explore north, south, or west for alternative routes or items. Initial nort"
f4e49053,reflexion_mh,MiniHack-River-Narrow-v0,4,86,W,0.0,False,"reflection=The level's eastern path is bounded by lava or water, suggesting a need to explore north, south, or west for alternative routes or items. Initial expl"
f4e49053,reflexion_mh,MiniHack-River-Narrow-v0,4,87,S,0.0,False,"reflection=The level's eastern path is bounded by lava or water, suggesting a need to explore north, south, or west for alternative routes or items. Initial expl"
f4e49053,reflexion_mh,MiniHack-River-Narrow-v0,4,88,S,0.0,False,"reflection=The level's eastern path is bounded by lava or water, and initial exploration north and east from the starting position has not revealed any obvious r"
f4e49053,reflexion_mh,MiniHack-River-Narrow-v0,4,89,S,0.0,False,"reflection=The level's eastern path is bounded by lava or water, and initial exploration north and east from the starting position has not revealed any obvious r"
f4e49053,reflexion_mh,MiniHack-River-Narrow-v0,4,90,S,0.0,False,"reflection=The level's southern path is being explored, and it may lead to the discovery of items, routes, or the downstairs stairs. The eastern path is still bo"
f4e49053,reflexion_mh,MiniHack-River-Narrow-v0,4,91,S,0.0,False,"reflection=The level's southern path continues to be a priority for exploration, as it may lead to the discovery of the downstairs stairs or other important feat"
f4e49053,reflexion_mh,MiniHack-River-Narrow-v0,4,92,S,0.0,False,"reflection=The level's southern path continues to be a priority for exploration, and it's necessary to keep moving south to uncover more of the level's layout an"
f4e49053,reflexion_mh,MiniHack-River-Narrow-v0,4,93,S,-0.01,False,"reflection=The level's southern path continues to be a priority for exploration, and it's necessary to keep moving south to uncover more of the level's layout an"
f4e49053,reflexion_mh,MiniHack-River-Narrow-v0,4,94,S,-0.01,False,reflection=The level's southern path remains a priority for exploration. The presence of lava or water to the east and west indicates potential hazards that shou
f4e49053,reflexion_mh,MiniHack-River-Narrow-v0,4,95,N,0.0,False,"reflection=The level's southern path is blocked by a wall, indicating a need to explore other directions. The northern path is now a priority for exploration to "
f4e49053,reflexion_mh,MiniHack-River-Narrow-v0,4,96,N,0.0,False,"reflection=The level's southern path is blocked, and initial northern movement did not reveal the downstairs, indicating a need to continue exploring north or co"
f4e49053,reflexion_mh,MiniHack-River-Narrow-v0,4,97,N,0.0,False,"reflection=The level's southern path is blocked, and initial northern movement did not reveal the downstairs, indicating a need to continue exploring north or co"
f4e49053,reflexion_mh,MiniHack-River-Narrow-v0,4,98,N,0.0,False,"reflection=The level's southern path is blocked, and initial northern movement did not reveal the downstairs, indicating a need to continue exploring north or co"
f4e49053,reflexion_mh,MiniHack-River-Narrow-v0,4,99,N,0.0,False,"reflection=The level's northern path remains a priority for exploration, as it may lead to the downstairs or other important locations, and I have not yet explor"
f4e49053,reflexion_mh,MiniHack-River-Narrow-v0,4,100,N,0.0,False,"reflection=The level's northern path remains a priority for exploration, and I should also consider exploring east or west if the northern path leads to a dead e"
f4e49053,reflexion_mh,MiniHack-River-Narrow-v0,4,101,N,-0.01,False,"reflection=The level's northern path remains a priority for exploration, and I should also consider exploring east or west if the northern path leads to a dead e"
f4e49053,reflexion_mh,MiniHack-River-Narrow-v0,4,102,N,-0.01,False,"reflection=The level's northern path remains a priority for exploration, and I should also consider exploring east or west if the northern path leads to a dead e"
f4e49053,reflexion_mh,MiniHack-River-Narrow-v0,4,103,E,0.0,False,"reflection=The northern path is blocked by a wall, so I need to explore other directions. The eastern path is now a priority for exploration."
f4e49053,reflexion_mh,MiniHack-River-Narrow-v0,4,104,E,0.0,False,"reflection=The eastern path is a priority for exploration, and I will continue in this direction until I find something significant or reach a boundary."
f4e49053,reflexion_mh,MiniHack-River-Narrow-v0,4,105,E,0.0,False,"reflection=The eastern path is a priority for exploration, and I will continue in this direction until I find something significant or reach a boundary. Addition"
f4e49053,reflexion_mh,MiniHack-River-Narrow-v0,4,106,E,0.0,False,"reflection=The eastern path remains a priority for exploration, and I should proceed with caution as the water to the west could potentially be a hazard if I nee"
f4e49053,reflexion_mh,MiniHack-River-Narrow-v0,4,107,E,0.0,False,"reflection=The eastern path is still unexplored, and the presence of water to the west suggests the need for careful navigation to avoid unnecessary risks. The r"
f4e49053,reflexion_mh,MiniHack-River-Narrow-v0,4,108,E,0.0,False,"reflection=The eastern path is still unexplored, and the presence of water to the west suggests the need for careful navigation to avoid unnecessary risks. The r"
f4e49053,reflexion_mh,MiniHack-River-Narrow-v0,4,109,S,0.0,False,"reflection=The eastern path is blocked, suggesting the need to explore southern or western routes with caution due to the presence of water and potential unknown"
f4e49053,reflexion_mh,MiniHack-River-Narrow-v0,4,110,S,0.0,False,"reflection=The level's design suggests that navigating around obstacles like water will be crucial, and exploring south may reveal more about the level's structu"
f4e49053,reflexion_mh,MiniHack-River-Narrow-v0,4,111,S,0.0,False,"reflection=The level's design suggests that navigating around obstacles like water will be crucial, and exploring south may reveal more about the level's structu"
f4e49053,reflexion_mh,MiniHack-River-Narrow-v0,4,112,S,0.0,False,"reflection=The level's design suggests that navigating around obstacles like water will be crucial, and exploring south may reveal more about the level's structu"
f4e49053,reflexion_mh,MiniHack-River-Narrow-v0,4,113,S,0.0,False,"reflection=The level's design suggests that navigating around obstacles like water will be crucial, and exploring south may reveal more about the level's structu"
f4e49053,reflexion_mh,MiniHack-River-Narrow-v0,4,114,S,0.0,False,"reflection=The level's design suggests that navigating around obstacles like water will be crucial, and exploring south may reveal more about the level's structu"
f4e49053,reflexion_mh,MiniHack-River-Narrow-v0,4,115,S,-0.01,False,"reflection=The level's design suggests that navigating around obstacles like water will be crucial, and exploring south may reveal more about the level's structu"
f4e49053,reflexion_mh,MiniHack-River-Narrow-v0,4,116,S,-0.01,False,"reflection=The level's design suggests that navigating around obstacles like water will be crucial, and exploring south may reveal more about the level's structu"
f4e49053,reflexion_mh,MiniHack-River-Narrow-v0,4,117,E,0.0,False,"reflection=The level's design suggests that navigating around obstacles like water and stone walls will be crucial, and exploring in different directions may rev"
f4e49053,reflexion_mh,MiniHack-River-Narrow-v0,4,118,N,0.0,False,"reflection=The level's design suggests that navigating around obstacles like water and stone walls will be crucial, and exploring in different directions may rev"
f4e49053,reflexion_mh,MiniHack-River-Narrow-v0,4,119,N,0.0,False,"reflection=The level's design suggests that navigating around obstacles like water and stone walls will be crucial, and exploring in different directions may rev"
f4e49053,reflexion_mh,MiniHack-River-Narrow-v0,5,0,E,0.0,False,"reflection=The level seems to have a large body of water or lava to the east and south, which could be a potential obstacle or hazard."
f4e49053,reflexion_mh,MiniHack-River-Narrow-v0,5,1,N,0.0,False,"reflection=The level seems to have a large body of water or lava to the east and south, which could be a potential obstacle or hazard. Moving east did not provid"
f4e49053,reflexion_mh,MiniHack-River-Narrow-v0,5,2,N,0.0,False,"reflection=The level seems to have a large body of water or lava to the east and south, which could be a potential obstacle or hazard. The north and west directi"
f4e49053,reflexion_mh,MiniHack-River-Narrow-v0,5,3,N,0.0,False,"reflection=The level's water or lava to the east and south could be a natural boundary, so exploring north and west may reveal a way to cross or alternative path"
f4e49053,reflexion_mh,MiniHack-River-Narrow-v0,5,4,N,0.0,False,"reflection=The level's water or lava to the east and south could be a natural boundary, so exploring north and west may reveal a way to cross or alternative path"
f4e49053,reflexion_mh,MiniHack-River-Narrow-v0,5,5,N,-0.01,False,"reflection=The level's water or lava to the east and south could be a natural boundary, so exploring north and west may reveal a way to cross or alternative path"
f4e49053,reflexion_mh,MiniHack-River-Narrow-v0,5,6,N,-0.01,False,"reflection=The level's layout suggests that exploring north may yield more open space or important features like stairs or items, given the lack of immediate obs"
f4e49053,reflexion_mh,MiniHack-River-Narrow-v0,5,7,E,0.0,False,"reflection=The level's north boundary is solid stone, suggesting that exploration should focus on other directions to uncover potential paths or features."
f4e49053,reflexion_mh,MiniHack-River-Narrow-v0,5,8,W,0.0,False,"reflection=The level's north boundary is solid stone, and initial eastern exploration did not yield significant discoveries. The presence of lava or water to the"
f4e49053,reflexion_mh,MiniHack-River-Narrow-v0,5,9,W,0.0,False,"reflection=The level's north boundary is solid stone, and initial eastern exploration did not yield significant discoveries. The presence of lava or water to the"
f4e49053,reflexion_mh,MiniHack-River-Narrow-v0,5,10,W,0.0,False,"reflection=The level's north boundary is solid stone, and initial eastern exploration did not yield significant discoveries. The presence of lava or water to the"
f4e49053,reflexion_mh,MiniHack-River-Narrow-v0,5,11,W,0.0,False,"reflection=The level's north boundary is solid stone, initial eastern exploration did not yield significant discoveries, and caution is needed to the south due t"
f4e49053,reflexion_mh,MiniHack-River-Narrow-v0,5,12,W,-0.01,False,"reflection=The level's western part remains open, suggesting potential for further exploration or discovery of important features like the staircase or items."
f4e49053,reflexion_mh,MiniHack-River-Narrow-v0,5,13,W,-0.01,False,"reflection=The level's western part remains open, suggesting potential for further exploration or discovery of important features like the staircase or items. I "
f4e49053,reflexion_mh,MiniHack-River-Narrow-v0,5,14,N,-0.01,False,"reflection=The level's western boundary is solid stone, so further exploration should focus on other directions to discover the staircase, items, or other signif"
f4e49053,reflexion_mh,MiniHack-River-Narrow-v0,5,15,S,0.0,False,"reflection=The level's western and northern boundaries are solid stone, indicating that exploration should focus on southern and eastern directions to discover s"
f4e49053,reflexion_mh,MiniHack-River-Narrow-v0,5,16,E,0.0,False,"reflection=The level's western and northern boundaries are solid stone, indicating that exploration should focus on southern and eastern directions to discover s"
f4e49053,reflexion_mh,MiniHack-River-Narrow-v0,5,17,E,0.0,False,"reflection=The level's western and northern boundaries are solid stone, indicating that exploration should focus on southern and eastern directions to discover s"
f4e49053,reflexion_mh,MiniHack-River-Narrow-v0,5,18,E,0.0,False,"reflection=The level's eastern direction seems to be the most promising for exploration so far, with no obstacles encountered yet. I will continue in this direct"
f4e49053,reflexion_mh,MiniHack-River-Narrow-v0,5,19,E,0.0,False,"reflection=The eastern direction remains the most promising for exploration, with no signs of walls, corridors, or other features that could block progress or pr"
f4e49053,reflexion_mh,MiniHack-River-Narrow-v0,5,20,E,0.0,False,"reflection=The eastern direction continues to be the most promising for exploration, with the potential for discovering stairs, items, or other significant featu"
f4e49053,reflexion_mh,MiniHack-River-Narrow-v0,5,21,E,0.0,False,"reflection=The eastern direction continues to be the most promising for exploration, with the potential for discovering stairs, items, or other significant featu"
f4e49053,reflexion_mh,MiniHack-River-Narrow-v0,5,22,E,0.0,False,"reflection=The eastern direction continues to be the most promising for exploration, with the potential for discovering stairs, items, or other significant featu"
f4e49053,reflexion_mh,MiniHack-River-Narrow-v0,5,23,E,0.0,False,"reflection=The eastern direction continues to be the most promising for exploration, with the potential for discovering stairs, items, or other significant featu"
f4e49053,reflexion_mh,MiniHack-River-Narrow-v0,5,24,E,0.0,False,"reflection=The eastern direction continues to be the most promising for exploration, with potential discoveries of stairs, items, or other significant features, "
f4e49053,reflexion_mh,MiniHack-River-Narrow-v0,5,25,E,0.0,False,"reflection=The eastern direction remains promising for exploration, and we should continue to monitor for changes in the environment that could indicate the pres"
f4e49053,reflexion_mh,MiniHack-River-Narrow-v0,5,26,E,0.0,False,"reflection=The eastern direction continues to be a viable path for exploration, and we should keep moving in this direction until we encounter an obstacle or a c"
f4e49053,reflexion_mh,MiniHack-River-Narrow-v0,5,27,E,0.0,False,"reflection=The eastern path remains open, suggesting a potential corridor or large room in this direction, which could lead to stairs, items, or other important "
f4e49053,reflexion_mh,MiniHack-River-Narrow-v0,5,28,E,0.0,False,"reflection=The eastern path continues to be a viable route for exploration, and it's possible that the level opens up further in this direction, potentially reve"
f4e49053,reflexion_mh,MiniHack-River-Narrow-v0,5,29,E,0.0,False,"reflection=The eastern path continues to be a viable route for exploration, and it's possible that the level opens up further in this direction, potentially reve"
f4e49053,reflexion_mh,MiniHack-River-Narrow-v0,5,30,E,0.0,False,"reflection=The eastern path continues to be a viable route for exploration, and it's possible that the level opens up further in this direction, potentially reve"
f4e49053,reflexion_mh,MiniHack-River-Narrow-v0,5,31,E,0.0,False,"reflection=The eastern path continues to be a viable route for exploration, and it's possible that the level opens up further in this direction, potentially reve"
f4e49053,reflexion_mh,MiniHack-River-Narrow-v0,5,32,E,0.0,False,"reflection=The eastern path continues to be a viable route for exploration, and it's possible that the level opens up further in this direction, potentially reve"
f4e49053,reflexion_mh,MiniHack-River-Narrow-v0,5,33,E,0.0,False,"reflection=The eastern path continues to be a viable route for exploration, and it's possible that the level opens up further in this direction, potentially reve"
f4e49053,reflexion_mh,MiniHack-River-Narrow-v0,5,34,E,0.0,False,"reflection=The eastern path continues to be a viable route for exploration, and it's possible that the level opens up further in this direction, potentially reve"
f4e49053,reflexion_mh,MiniHack-River-Narrow-v0,5,35,S,0.0,False,"reflection=The eastern path continues to be a viable route, but exploring south may reveal new areas or the downstairs stairs, adding to the understanding of the"
f4e49053,reflexion_mh,MiniHack-River-Narrow-v0,5,36,E,0.0,False,"reflection=The eastern path continues to be a viable route for exploration, and its continuation may reveal more about the level's layout, potentially leading to"
f4e49053,reflexion_mh,MiniHack-River-Narrow-v0,5,37,N,0.0,False,"reflection=The level seems to have a significant amount of open space, and exploring north could reveal more about the level's boundaries and potential items or "
f4e49053,reflexion_mh,MiniHack-River-Narrow-v0,5,38,N,0.0,False,"reflection=The level's open space suggests a potential for larger rooms or more complex layouts, and exploring north may help determine if there are any immediat"
f4e49053,reflexion_mh,MiniHack-River-Narrow-v0,5,39,E,0.0,False,reflection=The level's open space and lack of immediate threats suggest a need to explore horizontally to gather more information about the layout and potential 
f4e49053,reflexion_mh,MiniHack-River-Narrow-v0,5,40,E,0.0,False,"reflection=The level appears to have a significant amount of open space with lava or water to the east, suggesting a need to be cautious of these hazards while e"
f4e49053,reflexion_mh,MiniHack-River-Narrow-v0,5,41,N,0.0,False,"reflection=The level's open area to the east is hazardous, suggesting a need to explore north, south, or west first to find safer paths, items, or stairs."
f4e49053,reflexion_mh,MiniHack-River-Narrow-v0,5,42,N,-0.01,False,"reflection=The level's open area to the east is hazardous, suggesting a need to explore north, south, or west first to find safer paths, items, or stairs. Trying"
f4e49053,reflexion_mh,MiniHack-River-Narrow-v0,5,43,N,-0.01,False,"reflection=The level's design suggests that the open area to the east is not immediately accessible or safe, indicating a need to explore alternative paths. The "
f4e49053,reflexion_mh,MiniHack-River-Narrow-v0,5,44,W,0.0,False,"reflection=The level's design suggests that the open area to the east is not immediately accessible or safe, and the north is blocked by solid stone, indicating "
f4e49053,reflexion_mh,MiniHack-River-Narrow-v0,5,45,S,0.0,False,"reflection=The level's design suggests a need to explore paths carefully, considering the blockage to the north and potential dangers to the east. Moving south c"
f4e49053,reflexion_mh,MiniHack-River-Narrow-v0,5,46,S,0.0,False,"reflection=The level's design suggests a need to explore paths carefully, considering the blockage to the north and potential dangers to the east. Moving south c"
f4e49053,reflexion_mh,MiniHack-River-Narrow-v0,5,47,N,0.0,False,"reflection=The level's design suggests that obstacles like boulders can be overcome with effort, revealing new paths. The northward path, now cleared, is a prior"
f4e49053,reflexion_mh,MiniHack-River-Narrow-v0,5,48,E,0.0,False,"reflection=The level's design suggests that obstacles like boulders can be overcome with effort, revealing new paths. Exploring eastward may provide insight into"
f4e49053,reflexion_mh,MiniHack-River-Narrow-v0,5,49,E,0.0,False,"reflection=The level's design suggests that exploring eastward may reveal new paths or features, and it's possible that the eastern boundary of the level could b"
f4e49053,reflexion_mh,MiniHack-River-Narrow-v0,5,50,E,0.0,False,"reflection=The level's design suggests that exploring eastward may reveal new paths or features, and it's possible that the eastern boundary of the level could b"
f4e49053,reflexion_mh,MiniHack-River-Narrow-v0,5,51,N,0.0,False,"reflection=The level's design suggests that exploring eastward may reveal new paths or features, but caution is needed due to the presence of lava or water; cons"
f4e49053,reflexion_mh,MiniHack-River-Narrow-v0,5,52,E,0.0,False,"reflection=The level's design suggests that exploring eastward may reveal new paths or features, and it's necessary to proceed with caution due to potential haza"
f4e49053,reflexion_mh,MiniHack-River-Narrow-v0,5,53,E,0.0,False,"reflection=The level's design suggests that exploring eastward may reveal new paths or features, and it's necessary to proceed with caution due to potential haza"
f4e49053,reflexion_mh,MiniHack-River-Narrow-v0,5,54,E,0.0,False,"reflection=The level's design suggests that exploring eastward may reveal new paths or features, and it's necessary to proceed with caution due to potential haza"
f4e49053,reflexion_mh,MiniHack-River-Narrow-v0,5,55,E,0.0,False,"reflection=The level's design suggests that exploring eastward may reveal new paths or features, but it's crucial to proceed with caution due to the presence of "
f4e49053,reflexion_mh,MiniHack-River-Narrow-v0,5,56,N,-0.01,False,"reflection=The level's design suggests that exploring eastward is hazardous due to lava or water, making north or south explorations potentially safer and more i"
f4e49053,reflexion_mh,MiniHack-River-Narrow-v0,5,57,S,0.0,False,"reflection=The level seems to be designed with hazards to the east, suggesting that safer paths might lie in other directions. Exploring south could provide more"
f4e49053,reflexion_mh,MiniHack-River-Narrow-v0,5,58,S,0.0,False,"reflection=The level's design suggests that moving away from the eastern lava or water could lead to safer paths, and exploring south may reveal more about the l"
f4e49053,reflexion_mh,MiniHack-River-Narrow-v0,5,59,S,0.0,False,"reflection=The level's design suggests that moving away from the eastern lava or water could lead to safer paths, and exploring south may reveal more about the l"
f4e49053,reflexion_mh,MiniHack-River-Narrow-v0,5,60,S,0.0,False,"reflection=The southern path continues to be a viable option for exploration, and it may lead to important features such as the downstairs or useful items."
f4e49053,reflexion_mh,MiniHack-River-Narrow-v0,5,61,S,0.0,False,reflection=The southern path continues to be a viable option for exploration and may lead to important features such as the downstairs or useful items. The prese
f4e49053,reflexion_mh,MiniHack-River-Narrow-v0,5,62,S,0.0,False,reflection=The southern path continues to be a viable option for exploration and may lead to important features such as the downstairs or useful items. The prese
f4e49053,reflexion_mh,MiniHack-River-Narrow-v0,5,63,S,-0.01,False,reflection=The southern path continues to be a viable option for exploration and may lead to important features such as the downstairs or useful items. The prese
f4e49053,reflexion_mh,MiniHack-River-Narrow-v0,5,64,S,-0.01,False,reflection=The southern path remains the primary route for exploration. No obstacles or significant features have been encountered to necessitate a change in dir
f4e49053,reflexion_mh,MiniHack-River-Narrow-v0,5,65,N,0.0,False,"reflection=The level has a solid stone wall to the south, indicating a need to explore other directions to find a path forward or downstairs. The initial choice "
f4e49053,reflexion_mh,MiniHack-River-Narrow-v0,5,66,E,0.0,False,"reflection=The level has a solid stone wall to the south, and initial movements did not reveal a path forward or downstairs, indicating a need to explore east or"
f4e49053,reflexion_mh,MiniHack-River-Narrow-v0,5,67,E,0.0,False,"reflection=The level has a solid stone wall to the south, and initial movements did not reveal a path forward or downstairs, indicating a need to explore east or"
f4e49053,reflexion_mh,MiniHack-River-Narrow-v0,5,68,E,0.0,False,"reflection=The level has a solid stone wall to the south, and initial movements did not reveal a path forward or downstairs, indicating a need to explore east or"
f4e49053,reflexion_mh,MiniHack-River-Narrow-v0,5,69,N,0.0,False,"reflection=The level has a solid stone wall to the south and east from the current position, indicating a need to explore north or west to find a corridor or sta"
f4e49053,reflexion_mh,MiniHack-River-Narrow-v0,5,70,W,0.0,False,"reflection=The level has a solid stone wall to the south and east from the current position, indicating a need to explore north or west to find a corridor or sta"
f4e49053,reflexion_mh,MiniHack-River-Narrow-v0,5,71,W,0.0,False,"reflection=The level has a solid stone wall to the south and east, and lava or water to the north and east, indicating that moving west is necessary to find a pa"
f4e49053,reflexion_mh,MiniHack-River-Narrow-v0,5,72,W,0.0,False,"reflection=The level requires moving west to progress, and it's essential to explore this direction to uncover more of the map and find the downstairs."
f4e49053,reflexion_mh,MiniHack-River-Narrow-v0,5,73,W,0.0,False,"reflection=The level requires moving west to progress, and it's essential to continue exploring this direction to uncover more of the map, find the downstairs, a"
f4e49053,reflexion_mh,MiniHack-River-Narrow-v0,5,74,W,0.0,False,"reflection=The level requires persistent movement west to progress, and it's essential to continue in this direction to find the downstairs and other important e"
f4e49053,reflexion_mh,MiniHack-River-Narrow-v0,5,75,W,0.0,False,"reflection=The level requires persistent movement, particularly west, to find the downstairs and other important elements. It's also crucial to avoid lava or wat"
f4e49053,reflexion_mh,MiniHack-River-Narrow-v0,5,76,W,0.0,False,"reflection=The level requires persistent movement, particularly west, to find the downstairs and other important elements. It's also crucial to avoid lava or wat"
f4e49053,reflexion_mh,MiniHack-River-Narrow-v0,5,77,W,0.0,False,"reflection=The level requires persistent movement, particularly west, to find the downstairs and other important elements. It's also crucial to avoid lava or wat"
f4e49053,reflexion_mh,MiniHack-River-Narrow-v0,5,78,W,-0.01,False,"reflection=The level requires persistent movement, particularly west, to find the downstairs and other important elements. It's also crucial to avoid lava or wat"
f4e49053,reflexion_mh,MiniHack-River-Narrow-v0,5,79,N,0.0,False,"reflection=The level has obstacles like boulders that cannot be moved, indicating the need to explore alternative paths. Continuing to map the area and trying di"
f4e49053,reflexion_mh,MiniHack-River-Narrow-v0,5,80,E,0.0,False,"reflection=The level has obstacles like boulders and possibly other terrain features that can block movement, emphasizing the need for careful exploration and po"
f4e49053,reflexion_mh,MiniHack-River-Narrow-v0,5,81,E,0.0,False,"reflection=The level has obstacles like boulders and possibly other terrain features that can block movement, emphasizing the need for careful exploration and po"
f4e49053,reflexion_mh,MiniHack-River-Narrow-v0,5,82,NE,0.0,False,"reflection=The level's layout is more open than initially thought, with no immediate dangers or obstacles in the explored directions, suggesting a need to explor"
f4e49053,reflexion_mh,MiniHack-River-Narrow-v0,5,83,E,0.0,False,"reflection=The level's openness suggests a potential for larger rooms or more complex layouts than initially anticipated, requiring a systematic exploration to u"
f4e49053,reflexion_mh,MiniHack-River-Narrow-v0,5,84,N,0.0,False,"reflection=The level's openness suggests a potential for larger rooms or more complex layouts than initially anticipated, requiring a systematic exploration to u"
f4e49053,reflexion_mh,MiniHack-River-Narrow-v0,5,85,NW,-0.01,False,"reflection=The level's openness suggests a potential for larger rooms or more complex layouts than initially anticipated, and exploring untried directions system"
f4e49053,reflexion_mh,MiniHack-River-Narrow-v0,5,86,SW,0.0,False,"reflection=The level's openness suggests a potential for larger rooms or more complex layouts than initially anticipated, and exploring untried directions system"
f4e49053,reflexion_mh,MiniHack-River-Narrow-v0,5,87,SW,0.0,False,"reflection=The level's design suggests that exploring systematically in all directions is crucial, and since the north and east directions have been partially ex"
f4e49053,reflexion_mh,MiniHack-River-Narrow-v0,5,88,SW,0.0,False,"reflection=The level's design suggests that exploring systematically in all directions is crucial, and since the north and east directions have been partially ex"
f4e49053,reflexion_mh,MiniHack-River-Narrow-v0,5,89,SW,0.0,False,"reflection=The level's design suggests that exploring systematically in all directions is crucial, and trying a southwest direction has revealed a potential path"
f4e49053,reflexion_mh,MiniHack-River-Narrow-v0,5,90,SW,0.0,False,"reflection=The level's design suggests that exploring systematically in all directions is crucial, and trying a southwest direction has revealed a potential path"
f4e49053,reflexion_mh,MiniHack-River-Narrow-v0,5,91,NW,0.0,False,"reflection=The level's design suggests that exploring systematically in all directions is crucial, and trying a northwest direction may reveal new paths or objec"
f4e49053,reflexion_mh,MiniHack-River-Narrow-v0,5,92,NW,0.0,False,"reflection=The level's design suggests that exploring systematically in all directions is crucial, and trying a northwest direction may reveal new paths or objec"
f4e49053,reflexion_mh,MiniHack-River-Narrow-v0,5,93,N,0.0,False,"reflection=The level's design suggests that exploring systematically in all directions is crucial, and since northwest and southwest directions have been recentl"
f4e49053,reflexion_mh,MiniHack-River-Narrow-v0,5,94,E,0.0,False,"reflection=The level's design suggests that exploring systematically in all directions is crucial, and attempting different directions like north, east, or south"
f4e49053,reflexion_mh,MiniHack-River-Narrow-v0,5,95,NE,0.0,False,"reflection=The level's design suggests that exploring systematically in all directions is crucial, and attempting different directions like north, east, or south"
f4e49053,reflexion_mh,MiniHack-River-Narrow-v0,5,96,E,0.0,False,"reflection=The level's design suggests that exploring systematically in all directions is crucial, and attempting different directions like north, east, or south"
f4e49053,reflexion_mh,MiniHack-River-Narrow-v0,5,97,S,0.0,False,"reflection=The level's design suggests that exploring systematically in all directions is crucial, and attempting different directions like south, west, or north"
f4e49053,reflexion_mh,MiniHack-River-Narrow-v0,5,98,N,0.0,False,"reflection=The level's design suggests that exploring systematically in all directions is crucial, and attempting different directions like south, west, or north"
f4e49053,reflexion_mh,MiniHack-River-Narrow-v0,5,99,N,0.0,False,"reflection=The level's design suggests that exploring systematically in all directions is crucial, and attempting different directions like south, west, or north"
f4e49053,reflexion_mh,MiniHack-River-Narrow-v0,5,100,N,-0.01,False,"reflection=The level's design suggests that exploring systematically in all directions is crucial, and attempting different directions like south, west, or north"
f4e49053,reflexion_mh,MiniHack-River-Narrow-v0,5,101,N,-0.01,False,"reflection=The level's design suggests that exploring systematically in all directions is crucial, and attempting different directions like south, west, or north"
f4e49053,reflexion_mh,MiniHack-River-Narrow-v0,5,102,W,0.0,False,"reflection=The level's design suggests that exploring systematically in all directions is crucial, and attempting different directions like south, west, or north"
f4e49053,reflexion_mh,MiniHack-River-Narrow-v0,5,103,W,0.0,False,"reflection=The level's design suggests that exploring systematically in all directions is crucial, and attempting different directions like west or northwest mig"
f4e49053,reflexion_mh,MiniHack-River-Narrow-v0,5,104,N,-0.01,False,"reflection=The level's design suggests that exploring systematically in all directions is crucial, and attempting different directions like west or northwest mig"
f4e49053,reflexion_mh,MiniHack-River-Narrow-v0,5,105,N,-0.01,False,"reflection=The level's design suggests that exploring systematically in all directions is crucial, and attempting different directions like west or northwest mig"
f4e49053,reflexion_mh,MiniHack-River-Narrow-v0,5,106,E,0.0,False,"reflection=The level's design suggests that exploring systematically in all directions is crucial, and attempting different directions like east or southeast mig"
f4e49053,reflexion_mh,MiniHack-River-Narrow-v0,5,107,N,-0.01,False,"reflection=The level's design suggests that exploring systematically in all directions is crucial, and attempting different directions like east or southeast mig"
f4e49053,reflexion_mh,MiniHack-River-Narrow-v0,5,108,E,0.0,False,"reflection=The level's design suggests that exploring systematically in all directions is crucial, and attempting different directions like east or southeast mig"
f4e49053,reflexion_mh,MiniHack-River-Narrow-v0,5,109,E,0.0,False,"reflection=The level's design suggests that exploring systematically in all directions is crucial, and attempting different directions like east or southeast mig"
f4e49053,reflexion_mh,MiniHack-River-Narrow-v0,5,110,SE,0.0,False,"reflection=The level's design suggests that exploring systematically in all directions is crucial, and attempting different directions like east or southeast mig"
f4e49053,reflexion_mh,MiniHack-River-Narrow-v0,5,111,NW,0.0,False,"reflection=The level's design suggests that exploring systematically in all directions is crucial, and attempting different directions like east or southeast mig"
f4e49053,reflexion_mh,MiniHack-River-Narrow-v0,5,112,NW,-0.01,False,"reflection=The level's design suggests that exploring systematically in all directions is crucial, and attempting different directions like east or southeast mig"
f4e49053,reflexion_mh,MiniHack-River-Narrow-v0,5,113,SE,0.0,False,"reflection=The level's design suggests that exploring systematically in all directions is crucial, and attempting different directions like east or southeast mig"
f4e49053,reflexion_mh,MiniHack-River-Narrow-v0,5,114,NE,0.0,False,"reflection=The level's design suggests that exploring systematically in all directions is crucial, and attempting different directions like east or northeast mig"
f4e49053,reflexion_mh,MiniHack-River-Narrow-v0,5,115,N,-0.01,False,"reflection=The level's design suggests that exploring systematically in all directions is crucial, and attempting different directions like east or northeast mig"
f4e49053,reflexion_mh,MiniHack-River-Narrow-v0,5,116,N,-0.01,False,"reflection=The level's design suggests that exploring systematically in all directions is crucial, and attempting different directions like east or northeast mig"
f4e49053,reflexion_mh,MiniHack-River-Narrow-v0,5,117,W,0.0,False,"reflection=The level's design suggests that exploring systematically in all directions is crucial, and attempting different directions like west might reveal new"
f4e49053,reflexion_mh,MiniHack-River-Narrow-v0,5,118,W,0.0,False,"reflection=The level's design suggests that exploring systematically in all directions is crucial, and attempting different directions like west might reveal new"
f4e49053,reflexion_mh,MiniHack-River-Narrow-v0,5,119,W,0.0,False,"reflection=The level's design suggests that exploring systematically in all directions is crucial, and attempting different directions like west might reveal new"
f4e49053,reflexion_mh,MiniHack-River-Narrow-v0,6,0,E,0.0,False,reflection=The level appears to have a large open area with lava or water to the east and possibly other features to the west and north. My goal is to find the d
f4e49053,reflexion_mh,MiniHack-River-Narrow-v0,6,1,NW,0.0,False,"reflection=The level has a large open area with lava or water to the east, and I need to explore other directions to find the downstairs."
f4e49053,reflexion_mh,MiniHack-River-Narrow-v0,6,2,N,0.0,False,"reflection=The level has a large open area with lava or water to the east, and initial movements northwest and east did not find the downstairs, suggesting the n"
f4e49053,reflexion_mh,MiniHack-River-Narrow-v0,6,3,N,-0.01,False,"reflection=The level has a large open area with lava or water to the east, and initial movements suggest the need to explore north and other directions to find t"
f4e49053,reflexion_mh,MiniHack-River-Narrow-v0,6,4,S,0.0,False,"reflection=The level has a large open area with lava or water to the east, and initial movements suggest the need to explore north, south, and other directions t"
f4e49053,reflexion_mh,MiniHack-River-Narrow-v0,6,5,S,0.0,False,"reflection=The level has a large open area with lava or water to the east, and initial movements suggest the need to explore north, south, and other directions t"
f4e49053,reflexion_mh,MiniHack-River-Narrow-v0,6,6,S,0.0,False,"reflection=The level has a large open area with lava or water to the east, and initial movements suggest the need to explore south and other directions to find t"
f4e49053,reflexion_mh,MiniHack-River-Narrow-v0,6,7,S,0.0,False,"reflection=The level has a large open area with lava or water to the east, and initial movements suggest the need to explore south and other directions to find t"
f4e49053,reflexion_mh,MiniHack-River-Narrow-v0,6,8,W,0.0,False,"reflection=The level has a large open area with lava or water to the east, and initial movements suggest the need to explore west and other directions to find th"
f4e49053,reflexion_mh,MiniHack-River-Narrow-v0,6,9,W,0.0,False,"reflection=The level has a large open area with lava or water to the east, initial movements suggest the need to explore west and other directions to find the do"
f4e49053,reflexion_mh,MiniHack-River-Narrow-v0,6,10,W,0.0,False,"reflection=The level has a large open area with lava or water to the east, initial movements suggest the need to explore west and other directions to find the do"
f4e49053,reflexion_mh,MiniHack-River-Narrow-v0,6,11,W,0.0,False,"reflection=The level has a large open area with lava or water to the east, initial movements suggest the need to explore west and other directions to find the do"
f4e49053,reflexion_mh,MiniHack-River-Narrow-v0,6,12,W,0.0,False,"reflection=The level has a large open area with lava or water to the east, initial movements suggest the need to explore west and other directions to find the do"
f4e49053,reflexion_mh,MiniHack-River-Narrow-v0,6,13,S,0.0,False,"reflection=The level has a large open area with lava or water to the east, initial movements suggest the need to explore west, south, and other directions to fin"
f4e49053,reflexion_mh,MiniHack-River-Narrow-v0,6,14,S,0.0,False,"reflection=The level's open area to the east is likely to be avoided due to the presence of lava or water, and initial movements suggest that the downstairs coul"
f4e49053,reflexion_mh,MiniHack-River-Narrow-v0,6,15,S,-0.01,False,"reflection=The level's open area to the east is likely to be avoided due to the presence of lava or water, and initial movements suggest that the downstairs coul"
f4e49053,reflexion_mh,MiniHack-River-Narrow-v0,6,16,S,-0.01,False,"reflection=The level's open area to the east is likely to be avoided due to the presence of lava or water, and initial movements suggest that the downstairs coul"
f4e49053,reflexion_mh,MiniHack-River-Narrow-v0,6,17,W,0.0,False,"reflection=The level's open area to the east is still likely to be avoided, and with the southern path now blocked by a wall, the western direction becomes a pri"
f4e49053,reflexion_mh,MiniHack-River-Narrow-v0,6,18,W,0.0,False,"reflection=The level's western direction is now a priority to check for the downstairs or additional layout, and it's essential to keep exploring to find a way d"
f4e49053,reflexion_mh,MiniHack-River-Narrow-v0,6,19,N,0.0,False,"reflection=The level's western direction is now a priority to check for the downstairs or additional layout, and it's essential to keep exploring to find a way d"
f4e49053,reflexion_mh,MiniHack-River-Narrow-v0,6,20,N,0.0,False,reflection=The level's northern direction is now a priority to check for the downstairs or additional layout. The western and northern directions have been parti
f4e49053,reflexion_mh,MiniHack-River-Narrow-v0,6,21,N,0.0,False,"reflection=The level's northern direction is still a priority, and I need to explore it further to find a way down or more of the layout. The western direction h"
f4e49053,reflexion_mh,MiniHack-River-Narrow-v0,6,22,N,0.0,False,"reflection=The level's northern direction remains a priority for exploration to find a way down or more of the layout, with the current position allowing for fur"
f4e49053,reflexion_mh,MiniHack-River-Narrow-v0,6,23,N,0.0,False,"reflection=The level's northern direction continues to be a priority for exploration, and moving north from the current position may reveal more of the layout or"
f4e49053,reflexion_mh,MiniHack-River-Narrow-v0,6,24,N,0.0,False,"reflection=The level's northern direction continues to yield new areas, suggesting it may lead to important features like a staircase or more significant loot."
f4e49053,reflexion_mh,MiniHack-River-Narrow-v0,6,25,N,-0.01,False,"reflection=The level's northern direction appears to be a path of progression, with new areas being revealed as I move forward, suggesting that this direction ma"
f4e49053,reflexion_mh,MiniHack-River-Narrow-v0,6,26,N,-0.01,False,"reflection=The level's design suggests that progression is often linear, with the northern path being a primary route for advancement, but it's also important to"
f4e49053,reflexion_mh,MiniHack-River-Narrow-v0,6,27,E,0.0,False,"reflection=The level's design suggests that when a primary path is blocked, exploring adjacent areas can reveal alternative routes or important items, emphasizin"
f4e49053,reflexion_mh,MiniHack-River-Narrow-v0,6,28,E,0.0,False,"reflection=The level's design suggests that when a primary path is blocked, exploring adjacent areas can reveal alternative routes or important items, emphasizin"
f4e49053,reflexion_mh,MiniHack-River-Narrow-v0,6,29,E,0.0,False,reflection=The importance of exploring systematically to uncover the level's layout and potential dangers or items is reinforced. Each step should be chosen base
f4e49053,reflexion_mh,MiniHack-River-Narrow-v0,6,30,S,0.0,False,reflection=The importance of adapting the exploration strategy based on the layout as it is revealed is crucial. Moving in a direction that has not been recently
f4e49053,reflexion_mh,MiniHack-River-Narrow-v0,6,31,W,0.0,False,"reflection=The importance of adapting the exploration strategy based on the layout as it is revealed is crucial, and trying less recently used directions can hel"
f4e49053,reflexion_mh,MiniHack-River-Narrow-v0,6,32,E,0.0,False,"reflection=The importance of adapting the exploration strategy based on the layout as it is revealed is crucial, and trying less recently used directions can hel"
f4e49053,reflexion_mh,MiniHack-River-Narrow-v0,6,33,N,0.0,False,"reflection=The importance of exploring less recently used directions to uncover new areas is reinforced, and it's also clear that maintaining a balance between e"
f4e49053,reflexion_mh,MiniHack-River-Narrow-v0,6,34,N,-0.01,False,"reflection=The importance of exploring less recently used directions to uncover new areas is reinforced, and it's also clear that maintaining a balance between e"
f4e49053,reflexion_mh,MiniHack-River-Narrow-v0,6,35,N,-0.01,False,"reflection=The layout of this level seems to encourage exploration in less recently used directions, and moving north appears to be a viable path forward, sugges"
f4e49053,reflexion_mh,MiniHack-River-Narrow-v0,6,36,E,0.0,False,"reflection=The level's design seems to funnel movement towards the east or west, as northward movement is blocked by a wall, indicating that significant progress"
f4e49053,reflexion_mh,MiniHack-River-Narrow-v0,6,37,E,0.0,False,"reflection=The level's design seems to funnel movement towards the east or west, and exploring these directions may lead to finding the downstairs or other impor"
f4e49053,reflexion_mh,MiniHack-River-Narrow-v0,6,38,E,0.0,False,"reflection=The level's design continues to suggest that movement towards the east or west is preferred, and it's still unclear what lies in these directions, but"
f4e49053,reflexion_mh,MiniHack-River-Narrow-v0,6,39,E,0.0,False,"reflection=The level's design continues to suggest that movement towards the east or west is preferred, and exploring east may yield important discoveries, such "
f4e49053,reflexion_mh,MiniHack-River-Narrow-v0,6,40,E,0.0,False,"reflection=The level's design continues to suggest that movement towards the east or west is preferred, and exploring east may yield important discoveries, such "
f4e49053,reflexion_mh,MiniHack-River-Narrow-v0,6,41,E,0.0,False,"reflection=The level continues to be open to the east, suggesting that this direction may lead to important discoveries such as stairs, items, or other features."
f4e49053,reflexion_mh,MiniHack-River-Narrow-v0,6,42,E,0.0,False,"reflection=The level's openness to the east suggests a potential lack of immediate danger, allowing for further eastward exploration to uncover more of the level"
f4e49053,reflexion_mh,MiniHack-River-Narrow-v0,6,43,E,0.0,False,"reflection=The level's eastern area appears to be a large open space, which may indicate the presence of a significant feature or room in this direction, such as"
f4e49053,reflexion_mh,MiniHack-River-Narrow-v0,6,44,E,0.0,False,"reflection=The level's eastern area is larger than initially thought, with no immediate obstacles or features in sight, suggesting that there might be a larger r"
f4e49053,reflexion_mh,MiniHack-River-Narrow-v0,6,45,N,-0.01,False,"reflection=The level's eastern area is larger than initially thought, and there is water or lava to the south, suggesting that I should be cautious when moving i"
f4e49053,reflexion_mh,MiniHack-River-Narrow-v0,6,46,E,0.0,False,"reflection=The level's eastern area is larger than initially thought, and there is water or lava to the south, suggesting that I should be cautious when moving i"
f4e49053,reflexion_mh,MiniHack-River-Narrow-v0,6,47,N,-0.01,False,"reflection=The level's eastern area is larger than initially thought, and there is water or lava to the south. Moving north may reveal more of the level's layout"
f4e49053,reflexion_mh,MiniHack-River-Narrow-v0,6,48,N,-0.01,False,"reflection=The level's eastern area is larger than initially thought, and there is water or lava to the south. Moving north may reveal more of the level's layout"
f4e49053,reflexion_mh,MiniHack-River-Narrow-v0,6,49,W,0.0,False,"reflection=The level's northern edge is bounded by a wall, and further exploration of the eastern area is not yielding new information. Westward movement may unc"
f4e49053,reflexion_mh,MiniHack-River-Narrow-v0,6,50,W,0.0,False,"reflection=The level's western area is unexplored and may contain important elements for progression, such as items, stairs, or useful terrain features."
f4e49053,reflexion_mh,MiniHack-River-Narrow-v0,6,51,W,0.0,False,"reflection=The level's western area is still unexplored and may contain important elements for progression, such as items, stairs, or useful terrain features. Th"
f4e49053,reflexion_mh,MiniHack-River-Narrow-v0,6,52,W,0.0,False,"reflection=The level's western area is still unexplored and may contain important elements for progression, such as items, stairs, or useful terrain features. Th"
f4e49053,reflexion_mh,MiniHack-River-Narrow-v0,6,53,W,0.0,False,"reflection=The level's western area remains unexplored, and moving west from the current position does not result in hitting a wall, indicating it's a viable pat"
f4e49053,reflexion_mh,MiniHack-River-Narrow-v0,6,54,W,0.0,False,"reflection=The level's western area is larger than initially explored, and there's a body of water or lava to the south, which might be a natural boundary or an "
f4e49053,reflexion_mh,MiniHack-River-Narrow-v0,6,55,N,-0.01,False,"reflection=The level's western area is larger than initially explored, and there's a body of water or lava to the south. The northern and eastern areas remain un"
f4e49053,reflexion_mh,MiniHack-River-Narrow-v0,6,56,S,0.0,False,"reflection=The level's southern area contains lava or water, which might be surrounded by more floor space or could be adjacent to other level features such as c"
f4e49053,reflexion_mh,MiniHack-River-Narrow-v0,6,57,E,0.0,False,"reflection=The level's southern area contains lava or water, which might be surrounded by more floor space or could be adjacent to other level features such as c"
f4e49053,reflexion_mh,MiniHack-River-Narrow-v0,6,58,E,0.0,False,"reflection=The level's southern area contains lava or water, which might be surrounded by more floor space or could be adjacent to other level features such as c"
f4e49053,reflexion_mh,MiniHack-River-Narrow-v0,6,59,E,0.0,False,"reflection=The level's eastern area is still unexplored, and I will continue to head in that direction to learn more about its features and potential connections"
f4e49053,reflexion_mh,MiniHack-River-Narrow-v0,6,60,E,0.0,False,"reflection=The level's eastern area remains largely unexplored, but the presence of lava or water (represented by '}') to the east and southeast suggests a poten"
f4e49053,reflexion_mh,MiniHack-River-Narrow-v0,6,61,N,0.0,False,"reflection=The level's eastern area is bounded by lava or water, suggesting a need to find alternative paths or means to cross these hazards; the northern and we"
f4e49053,reflexion_mh,MiniHack-River-Narrow-v0,6,62,N,-0.01,False,"reflection=The level's eastern boundary by lava or water suggests a need for caution and potentially finding items or spells for crossing such hazards, while the"
f4e49053,reflexion_mh,MiniHack-River-Narrow-v0,6,63,N,-0.01,False,"reflection=The level's eastern boundary is hazardous, suggesting a need to explore north and west for safer paths or items that could aid in progression, such as"
f4e49053,reflexion_mh,MiniHack-River-Narrow-v0,6,64,W,0.0,False,"reflection=The level's eastern boundary is hazardous, and the northern path is blocked, suggesting a need to explore west and potentially south for safer paths o"
f4e49053,reflexion_mh,MiniHack-River-Narrow-v0,6,65,W,0.0,False,"reflection=The level's eastern boundary is hazardous, the northern path is blocked, and initial western exploration may yield useful items or a path south, with "
f4e49053,reflexion_mh,MiniHack-River-Narrow-v0,6,66,W,0.0,False,"reflection=The level's eastern boundary is hazardous, the northern path is blocked, and initial western exploration may yield useful items or a path south, with "
f4e49053,reflexion_mh,MiniHack-River-Narrow-v0,6,67,W,0.0,False,"reflection=The level's eastern boundary is hazardous, the northern path is blocked, and initial western exploration may yield useful items or a path south, with "
f4e49053,reflexion_mh,MiniHack-River-Narrow-v0,6,68,W,0.0,False,"reflection=The level's western area extends further than initially explored, suggesting potential for items, stairs, or other features of interest, and the absen"
f4e49053,reflexion_mh,MiniHack-River-Narrow-v0,6,69,W,0.0,False,"reflection=The level's western area is larger than initially thought, and exploring this direction may yield important discoveries for progression."
f4e49053,reflexion_mh,MiniHack-River-Narrow-v0,6,70,W,0.0,False,"reflection=The level's western area is expansive and worthy of further exploration, which may reveal crucial elements for progression or hidden dangers."
f4e49053,reflexion_mh,MiniHack-River-Narrow-v0,6,71,N,-0.01,False,"reflection=The level's western area is expansive but does not contain the staircase or immediate dangers, suggesting the need to explore north, east, or south fo"
f4e49053,reflexion_mh,MiniHack-River-Narrow-v0,6,72,N,-0.01,False,"reflection=The level's western area is expansive but does not contain the staircase or immediate dangers, suggesting the need to explore north, east, or south fo"
f4e49053,reflexion_mh,MiniHack-River-Narrow-v0,6,73,E,0.0,False,"reflection=The level's western and northern areas are bounded by solid stone, indicating that progression likely lies to the east or south, where new features or"
f4e49053,reflexion_mh,MiniHack-River-Narrow-v0,6,74,E,0.0,False,reflection=The level's eastern area remains unexplored and could potentially hold the staircase or other important features. The absence of immediate walls to th
f4e49053,reflexion_mh,MiniHack-River-Narrow-v0,6,75,E,0.0,False,"reflection=The level's eastern area is still unexplored and could hold the staircase or other important features, and since moving east does not hit a wall, it i"
f4e49053,reflexion_mh,MiniHack-River-Narrow-v0,6,76,E,0.0,False,"reflection=The level's eastern area remains unexplored, and continuing east may reveal the staircase, treasures, or dangers; the lack of walls in this direction "
f4e49053,reflexion_mh,MiniHack-River-Narrow-v0,6,77,E,0.0,False,"reflection=The level's eastern area is a priority for exploration due to its unknown contents and lack of walls, which may lead to important discoveries or chall"
f4e49053,reflexion_mh,MiniHack-River-Narrow-v0,6,78,E,0.0,False,"reflection=The level's eastern area remains a priority for exploration, and moving east may help determine if there are any boundaries or significant elements in"
f4e49053,reflexion_mh,MiniHack-River-Narrow-v0,6,79,E,0.0,False,"reflection=The level's eastern area remains a priority for exploration, and continuing east may reveal more about the layout and potential hazards or objectives."
f4e49053,reflexion_mh,MiniHack-River-Narrow-v0,6,80,S,0.0,False,"reflection=The eastern area of the level appears to be a large open space, possibly bounded by lava or water to the south, given the } symbol. Further exploratio"
f4e49053,reflexion_mh,MiniHack-River-Narrow-v0,6,81,N,0.0,False,"reflection=The level's eastern boundary is likely lava or water, suggesting caution when moving in that direction. Exploring north or west may yield more informa"
f4e49053,reflexion_mh,MiniHack-River-Narrow-v0,6,82,N,-0.01,False,"reflection=The level's eastern boundary is likely hazardous, so exploring north or west is a safer initial approach to uncover more of the level's layout and obj"
f4e49053,reflexion_mh,MiniHack-River-Narrow-v0,6,83,W,0.0,False,"reflection=The level's northern boundary is also solid stone, so exploring west or potentially south if west does not yield progress might be necessary to find t"
f4e49053,reflexion_mh,MiniHack-River-Narrow-v0,6,84,W,0.0,False,"reflection=The level's northern boundary is solid stone, and initial eastward exploration was blocked by lava or water, so exploring west or south might be neces"
f4e49053,reflexion_mh,MiniHack-River-Narrow-v0,6,85,S,0.0,False,"reflection=The level's northern boundary is solid stone, and initial eastward exploration was blocked by lava or water, so exploring west or south might be neces"
f4e49053,reflexion_mh,MiniHack-River-Narrow-v0,6,86,S,0.0,False,"reflection=The level's northern boundary is solid stone, and initial eastward exploration was blocked by lava or water. Exploring south reveals new floor tiles, "
f4e49053,reflexion_mh,MiniHack-River-Narrow-v0,6,87,S,0.0,False,"reflection=The level's southern direction appears to be the most promising for progression, with new floor tiles indicating potential pathways or rooms."
f4e49053,reflexion_mh,MiniHack-River-Narrow-v0,6,88,S,0.0,False,"reflection=The level's southern direction continues to show potential for progression, with the presence of new floor tiles and the lack of walls in this directi"
f4e49053,reflexion_mh,MiniHack-River-Narrow-v0,6,89,S,0.0,False,"reflection=The level's southern direction continues to show potential for progression, with the presence of new floor tiles and the lack of walls in this directi"
f4e49053,reflexion_mh,MiniHack-River-Narrow-v0,6,90,S,0.0,False,"reflection=The level's southern direction continues to be a viable path for progression, with new floor tiles and no walls encountered so far in this direction. "
f4e49053,reflexion_mh,MiniHack-River-Narrow-v0,6,91,S,-0.01,False,"reflection=The level's southern direction continues to be a viable path for progression, with new floor tiles and no walls encountered so far in this direction. "
f4e49053,reflexion_mh,MiniHack-River-Narrow-v0,6,92,S,-0.01,False,reflection=The level's southern direction continues to be a viable path for progression. The eastern boundary of the level remains unexplored. We have not encoun
f4e49053,reflexion_mh,MiniHack-River-Narrow-v0,6,93,E,0.0,False,reflection=The level's southern direction is bounded by a wall. The eastern boundary of the level remains unexplored and is now the next direction to try for pro
f4e49053,reflexion_mh,MiniHack-River-Narrow-v0,6,94,E,0.0,False,"reflection=The level's eastern boundary is now the primary direction for exploration, as the southern path is blocked by a wall."
f4e49053,reflexion_mh,MiniHack-River-Narrow-v0,6,95,E,0.0,False,"reflection=The level's eastern boundary is still the primary direction for exploration, and I have not yet found any obstacles or features that would suggest cha"
f4e49053,reflexion_mh,MiniHack-River-Narrow-v0,6,96,E,0.0,False,"reflection=The level's eastern boundary remains unexplored and potentially holds the staircase or other important features, so further eastward movement is warra"
f4e49053,reflexion_mh,MiniHack-River-Narrow-v0,6,97,E,0.0,False,"reflection=The level's eastern boundary is still being explored, and it's necessary to keep moving east to see if the staircase or other significant elements are"
f4e49053,reflexion_mh,MiniHack-River-Narrow-v0,6,98,E,0.0,False,"reflection=The level's eastern boundary continues to be explored with no obstacles or significant findings yet, suggesting the need to keep moving east."
f4e49053,reflexion_mh,MiniHack-River-Narrow-v0,6,99,S,0.0,False,"reflection=The level's eastern boundary is largely open, suggesting that other directions may hold more interest or obstacles, and it's necessary to explore thos"
f4e49053,reflexion_mh,MiniHack-River-Narrow-v0,6,100,N,0.0,False,"reflection=The level's openness to the east suggests that significant features or paths might be located in other directions, necessitating a change in explorati"
f4e49053,reflexion_mh,MiniHack-River-Narrow-v0,6,101,N,0.0,False,"reflection=The level's layout suggests that important features might be hidden from the initial eastward path, indicating a need to explore multiple directions t"
f4e49053,reflexion_mh,MiniHack-River-Narrow-v0,6,102,N,0.0,False,"reflection=The level's design implies that crucial elements like stairs or items might be situated off the initial eastward path, necessitating exploration in va"
f4e49053,reflexion_mh,MiniHack-River-Narrow-v0,6,103,S,0.0,False,"reflection=The level's design implies that crucial elements like stairs or items might be situated off the initial eastward path, necessitating exploration in va"
f4e49053,reflexion_mh,MiniHack-River-Narrow-v0,6,104,W,0.0,False,"reflection=The level's design implies that crucial elements like stairs or items might be situated off the initial eastward path, necessitating exploration in va"
f4e49053,reflexion_mh,MiniHack-River-Narrow-v0,6,105,W,0.0,False,"reflection=The level's design implies that crucial elements like stairs or items might be situated off the initial eastward path, necessitating exploration in va"
f4e49053,reflexion_mh,MiniHack-River-Narrow-v0,6,106,N,0.0,False,"reflection=The level's design implies that crucial elements like stairs or items might be situated off the initial eastward path, necessitating exploration in va"
f4e49053,reflexion_mh,MiniHack-River-Narrow-v0,6,107,E,0.0,False,"reflection=The level's design implies that crucial elements like stairs or items might be situated off the initial eastward path, necessitating exploration in va"
f4e49053,reflexion_mh,MiniHack-River-Narrow-v0,6,108,E,0.0,False,"reflection=The level's design implies that crucial elements like stairs or items might be situated off the initial eastward path, necessitating exploration in va"
f4e49053,reflexion_mh,MiniHack-River-Narrow-v0,6,109,E,0.0,False,"reflection=The level's design implies that crucial elements like stairs or items might be situated off the initial eastward path, necessitating exploration in va"
f4e49053,reflexion_mh,MiniHack-River-Narrow-v0,6,110,E,0.0,False,"reflection=The level's design implies that crucial elements like stairs or items might be situated off the initial eastward path, but so far, moving east has bee"
f4e49053,reflexion_mh,MiniHack-River-Narrow-v0,6,111,E,0.0,False,"reflection=The level's design implies that crucial elements like stairs or items might be situated off the initial eastward path, but so far, moving east has bee"
f4e49053,reflexion_mh,MiniHack-River-Narrow-v0,6,112,E,0.0,False,"reflection=The level's design continues to suggest that moving eastward is a viable strategy for exploration, potentially leading to crucial elements for progres"
f4e49053,reflexion_mh,MiniHack-River-Narrow-v0,6,113,S,0.0,False,"reflection=The level's design suggests that there are open paths to the south, which could lead to important items, stairs, or other significant features for cha"
f4e49053,reflexion_mh,MiniHack-River-Narrow-v0,6,114,S,0.0,False,"reflection=The level's open paths to the south may contain essential elements for progression, such as items, stairs, or other significant features, and explorin"
f4e49053,reflexion_mh,MiniHack-River-Narrow-v0,6,115,S,0.0,False,"reflection=The level's open paths to the south may contain essential elements for progression, such as items, stairs, or other significant features, and explorin"
f4e49053,reflexion_mh,MiniHack-River-Narrow-v0,6,116,S,0.0,False,"reflection=The level's layout suggests that the southward path may lead to important features or items, and it's essential to explore this direction while being "
f4e49053,reflexion_mh,MiniHack-River-Narrow-v0,6,117,S,0.0,False,"reflection=The level's layout suggests that the southward path may lead to important features or items, such as stairs or treasure, and it's essential to explore"
f4e49053,reflexion_mh,MiniHack-River-Narrow-v0,6,118,S,-0.01,False,"reflection=The level's layout suggests that the southward path may lead to important features or items, such as stairs or treasure, and it's essential to explore"
f4e49053,reflexion_mh,MiniHack-River-Narrow-v0,6,119,S,-0.01,False,"reflection=The level's southward path continues to be obstacle-free, suggesting a potential for significant exploration or discovery in this direction, and it's "
f4e49053,reflexion_mh,MiniHack-River-Narrow-v0,7,0,E,0.0,False,"reflection=The level seems to have a large open area with some lava or water to the east, and I'm not seeing any immediate threats or goals. I should be cautious"
f4e49053,reflexion_mh,MiniHack-River-Narrow-v0,7,1,N,0.0,False,"reflection=The level seems to have a large open area with some lava or water to the east, and I'm not seeing any immediate threats or goals. I should be cautious"
f4e49053,reflexion_mh,MiniHack-River-Narrow-v0,7,2,NE,0.0,False,"reflection=The level seems to have a large open area with some lava or water to the east, and I'm not seeing any immediate threats or goals. I've tried moving ea"
f4e49053,reflexion_mh,MiniHack-River-Narrow-v0,7,3,NW,0.0,False,"reflection=The level seems to have a large open area with some lava or water to the east, and I've found that I can move boulders, which might be useful for acce"
f4e49053,reflexion_mh,MiniHack-River-Narrow-v0,7,4,W,0.0,False,"reflection=The level seems to have a large open area with some lava or water to the east, and I've found that I can move boulders, which might be useful for acce"
f4e49053,reflexion_mh,MiniHack-River-Narrow-v0,7,5,NW,-0.01,False,"reflection=The level seems to have a large open area with some lava or water to the east, and I've found that the northwest direction is not blocked by a wall fr"
f4e49053,reflexion_mh,MiniHack-River-Narrow-v0,7,6,NW,-0.01,False,"reflection=The level seems to have a large open area with some lava or water to the east, and the northwest direction appears to be a viable path for exploration"
f4e49053,reflexion_mh,MiniHack-River-Narrow-v0,7,7,NE,-0.01,False,"reflection=The level has a large open area with lava or water to the east, and while NW is a wall, other directions like NE might offer a path forward, potential"
f4e49053,reflexion_mh,MiniHack-River-Narrow-v0,7,8,SE,0.0,False,"reflection=The level has a large open area with lava or water to the east, and while NW and NE are walls, other directions like SE might offer a path forward, po"
f4e49053,reflexion_mh,MiniHack-River-Narrow-v0,7,9,SE,0.0,False,"reflection=The level's open area to the east is inaccessible due to lava or water, making southeast the most promising direction for progression, potentially rev"
f4e49053,reflexion_mh,MiniHack-River-Narrow-v0,7,10,SE,0.0,False,"reflection=The level's open area to the east is inaccessible, making southeast the most promising direction for progression, potentially revealing new areas or t"
f4e49053,reflexion_mh,MiniHack-River-Narrow-v0,7,11,SE,0.0,False,"reflection=The level's open area to the east is inaccessible, making southeast the most promising direction for progression, potentially revealing new areas or t"
f4e49053,reflexion_mh,MiniHack-River-Narrow-v0,7,12,SE,0.0,False,"reflection=The level's open area to the east is inaccessible directly from the current position, making southeast the most promising direction for progression. R"
f4e49053,reflexion_mh,MiniHack-River-Narrow-v0,7,13,SE,-0.01,False,"reflection=The level's southeast path continues to be a promising route for exploration, and the ability to move boulders indicates potential for revealing hidde"
f4e49053,reflexion_mh,MiniHack-River-Narrow-v0,7,14,E,0.0,False,"reflection=The level's southeast path continues to be a promising route for exploration, and the inability to move the boulder suggests looking for alternative r"
f4e49053,reflexion_mh,MiniHack-River-Narrow-v0,7,15,N,0.0,False,"reflection=The level's southeast path is somewhat explored, and now it's necessary to check other directions for progression, possibly finding stairs or useful i"
f4e49053,reflexion_mh,MiniHack-River-Narrow-v0,7,16,N,0.0,False,"reflection=The level's southeast path is somewhat explored, and now it's necessary to check other directions, possibly finding stairs or useful items. The north "
f4e49053,reflexion_mh,MiniHack-River-Narrow-v0,7,17,N,0.0,False,"reflection=The level's north direction is now being explored, which may reveal new paths, items, or the staircase to the next level."
f4e49053,reflexion_mh,MiniHack-River-Narrow-v0,7,18,N,0.0,False,"reflection=The level's north direction continues to be explored without hitting any walls, suggesting a potential open path or area of interest in this direction"
f4e49053,reflexion_mh,MiniHack-River-Narrow-v0,7,19,N,0.0,False,"reflection=The level's north direction continues to be open, suggesting a large room or a long corridor in this direction. The absence of walls or obstacles in t"
f4e49053,reflexion_mh,MiniHack-River-Narrow-v0,7,20,N,-0.01,False,"reflection=The level's north direction continues to be open, suggesting a large room or a long corridor in this direction, and it may lead to important locations"
f4e49053,reflexion_mh,MiniHack-River-Narrow-v0,7,21,N,-0.01,False,"reflection=The level's north direction continues to be open, suggesting a large room or a long corridor in this direction, and it may lead to important locations"
f4e49053,reflexion_mh,MiniHack-River-Narrow-v0,7,22,W,0.0,False,"reflection=The level's north direction is bounded by a wall, and the eastern edge is hazardous, so westward exploration is necessary to uncover more of the level"
f4e49053,reflexion_mh,MiniHack-River-Narrow-v0,7,23,W,0.0,False,"reflection=The level's western area is still unexplored, and since the last actions were moving west without hitting a wall, it's likely that there's more floor "
f4e49053,reflexion_mh,MiniHack-River-Narrow-v0,7,24,W,0.0,False,"reflection=The level's western area is still largely unexplored, and since moving west has not yet hit a wall, it's likely that there's significant floor space i"
f4e49053,reflexion_mh,MiniHack-River-Narrow-v0,7,25,W,0.0,False,"reflection=The level's western area is still largely unexplored, and since moving west has not yet hit a wall, it's likely that there's significant floor space i"
f4e49053,reflexion_mh,MiniHack-River-Narrow-v0,7,26,W,0.0,False,"reflection=The level's western area is still largely unexplored, and since moving west has not yet hit a wall, it's likely that there's significant floor space i"
f4e49053,reflexion_mh,MiniHack-River-Narrow-v0,7,27,W,0.0,False,"reflection=The level's western area is still largely unexplored, and since moving west has not yet hit a wall, it's likely that there's significant floor space i"
f4e49053,reflexion_mh,MiniHack-River-Narrow-v0,7,28,W,-0.01,False,"reflection=The level's western area is still largely unexplored, and since moving west has not yet hit a wall, it's likely that there's significant floor space i"
f4e49053,reflexion_mh,MiniHack-River-Narrow-v0,7,29,W,-0.01,False,"reflection=The level's western area is still largely unexplored, and since moving west has not yet hit a wall, it's likely that there's significant floor space i"
f4e49053,reflexion_mh,MiniHack-River-Narrow-v0,7,30,N,-0.01,False,"reflection=The level's western area is bounded by a wall or obstacle, suggesting a need to explore north, south, or east for progression or clues."
f4e49053,reflexion_mh,MiniHack-River-Narrow-v0,7,31,E,0.0,False,"reflection=The level's western boundary is solid stone, suggesting exploration should focus on north, east, or south directions for now. The eastern area is unex"
f4e49053,reflexion_mh,MiniHack-River-Narrow-v0,7,32,E,0.0,False,"reflection=The level's eastern area is unexplored and could contain necessary items, stairs, or information. The northern area is partially explored but does not"
f4e49053,reflexion_mh,MiniHack-River-Narrow-v0,7,33,E,0.0,False,"reflection=The level's eastern area is unexplored and could contain necessary items, stairs, or information. The northern area is partially explored but does not"
f4e49053,reflexion_mh,MiniHack-River-Narrow-v0,7,34,E,0.0,False,reflection=The level's eastern area remains largely unexplored and is a priority for further investigation. The lack of immediate progress in the northern area s
f4e49053,reflexion_mh,MiniHack-River-Narrow-v0,7,35,E,0.0,False,"reflection=The level's eastern area remains a priority for exploration, and moving east from the current position may reveal new areas or objects of interest."
f4e49053,reflexion_mh,MiniHack-River-Narrow-v0,7,36,E,0.0,False,"reflection=The level's eastern area continues to be a priority for exploration, and the absence of walls in this direction suggests it may lead to significant fe"
f4e49053,reflexion_mh,MiniHack-River-Narrow-v0,7,37,E,0.0,False,"reflection=The eastern area of the level appears to be open and worthy of further exploration, potentially leading to significant discoveries or the staircase do"
f4e49053,reflexion_mh,MiniHack-River-Narrow-v0,7,38,E,0.0,False,"reflection=The eastern area of the level appears to be open and worthy of further exploration, potentially leading to significant discoveries or the staircase do"
f4e49053,reflexion_mh,MiniHack-River-Narrow-v0,7,39,E,0.0,False,"reflection=The eastern area of the level appears to be open and worthy of further exploration, potentially leading to significant discoveries or the staircase do"
f4e49053,reflexion_mh,MiniHack-River-Narrow-v0,7,40,E,0.0,False,"reflection=The eastern path remains unobstructed, suggesting potential for discovery or progression to the next level. Continuing in this direction may yield imp"
f4e49053,reflexion_mh,MiniHack-River-Narrow-v0,7,41,E,0.0,False,"reflection=The eastern path remains a priority for exploration, and continuing east may yield the staircase or other significant findings."
f4e49053,reflexion_mh,MiniHack-River-Narrow-v0,7,42,E,0.0,False,"reflection=The eastern path remains a priority for exploration, and continuing east may yield the staircase or other significant findings. No walls have been enc"
f4e49053,reflexion_mh,MiniHack-River-Narrow-v0,7,43,E,0.0,False,"reflection=The eastern path continues to be a priority for exploration, and no walls have been encountered in this direction yet, suggesting it may lead to impor"
f4e49053,reflexion_mh,MiniHack-River-Narrow-v0,7,44,E,0.0,False,"reflection=The eastern path remains a priority for exploration, and its continuation without encountering walls suggests potential for finding key locations like"
f4e49053,reflexion_mh,MiniHack-River-Narrow-v0,7,45,N,-0.01,False,"reflection=The level seems to have a large open area to the east, but exploring other directions may reveal more about the level's layout and objectives."
f4e49053,reflexion_mh,MiniHack-River-Narrow-v0,7,46,E,0.0,False,"reflection=The level's open area to the east is extensive, suggesting that important features might be located in this direction, and it's necessary to continue "
f4e49053,reflexion_mh,MiniHack-River-Narrow-v0,7,47,E,0.0,False,"reflection=The level's open area to the east is larger than initially thought, and continuing in this direction may reveal important features, stairs, or items, "
f4e49053,reflexion_mh,MiniHack-River-Narrow-v0,7,48,E,0.0,False,"reflection=The level's open area to the east is larger than initially thought and may contain bodies of water or lava, which could be important for navigation or"
f4e49053,reflexion_mh,MiniHack-River-Narrow-v0,7,49,N,0.0,False,reflection=The level's open area to the east is larger than initially thought and may contain bodies of water or lava. Continuing east may reveal more of the lev
f4e49053,reflexion_mh,MiniHack-River-Narrow-v0,7,50,N,-0.01,False,reflection=The level's open area to the east is larger than initially thought and may contain bodies of water or lava. Exploring north or south could provide mor
f4e49053,reflexion_mh,MiniHack-River-Narrow-v0,7,51,S,0.0,False,reflection=The level's open area to the east is larger than initially thought and may contain bodies of water or lava. Exploring north or south could provide mor
f4e49053,reflexion_mh,MiniHack-River-Narrow-v0,7,52,S,0.0,False,reflection=The level's open area to the east is larger than initially thought and may contain bodies of water or lava. Exploring north or south could provide mor
f4e49053,reflexion_mh,MiniHack-River-Narrow-v0,7,53,W,0.0,False,reflection=The level's open area to the east is larger than initially thought and may contain bodies of water or lava. Exploring north or south could provide mor
f4e49053,reflexion_mh,MiniHack-River-Narrow-v0,7,54,N,0.0,False,reflection=The level's open area to the east is larger than initially thought and may contain bodies of water or lava. Exploring north could provide more informa
f4e49053,reflexion_mh,MiniHack-River-Narrow-v0,7,55,N,0.0,False,reflection=The level's open area to the east is larger than initially thought and may contain bodies of water or lava. Exploring north could provide more informa
f4e49053,reflexion_mh,MiniHack-River-Narrow-v0,7,56,N,-0.01,False,reflection=The level's open area to the east is larger than initially thought and may contain bodies of water or lava. Exploring north could provide more informa
f4e49053,reflexion_mh,MiniHack-River-Narrow-v0,7,57,N,-0.01,False,reflection=The level's open area to the east is larger than initially thought and may contain bodies of water or lava. Exploring north could provide more informa
f4e49053,reflexion_mh,MiniHack-River-Narrow-v0,7,58,E,0.0,False,"reflection=The level's northern boundary is solid stone, and exploring east may reveal more about the level's content, such as bodies of water, lava, or other fe"
f4e49053,reflexion_mh,MiniHack-River-Narrow-v0,7,59,E,0.0,False,"reflection=The level's eastern part is still unexplored and may contain important features or items, and the presence of lava or water (}) to the east and southe"
f4e49053,reflexion_mh,MiniHack-River-Narrow-v0,7,60,N,-0.01,False,"reflection=The level's eastern part is still unexplored and may contain important features or items, and the presence of lava or water (}) to the east and southe"
f4e49053,reflexion_mh,MiniHack-River-Narrow-v0,7,61,W,0.0,False,"reflection=The level's eastern part is hazardous due to lava or water, and exploring other directions like west could provide safer and valuable insights into th"
f4e49053,reflexion_mh,MiniHack-River-Narrow-v0,7,62,W,0.0,False,"reflection=The level's eastern part is hazardous due to lava or water, and initial northern exploration has not yielded significant findings, suggesting western "
f4e49053,reflexion_mh,MiniHack-River-Narrow-v0,7,63,W,0.0,False,"reflection=The level's western part is still unexplored and could potentially hold valuable items or information, while the eastern and northern parts have been "
f4e49053,reflexion_mh,MiniHack-River-Narrow-v0,7,64,W,0.0,False,"reflection=The level's western part is still unexplored and could potentially hold valuable items or information, while the eastern and northern parts have been "
f4e49053,reflexion_mh,MiniHack-River-Narrow-v0,7,65,S,0.0,False,"reflection=The level's western part is still unexplored, the eastern and northern parts have been deemed hazardous or unremarkable, and the southern part, now be"
f4e49053,reflexion_mh,MiniHack-River-Narrow-v0,7,66,S,0.0,False,"reflection=The southern part of the level is still being explored, and its safety and usefulness are yet to be fully determined. The presence of water or lava (}"
f4e49053,reflexion_mh,MiniHack-River-Narrow-v0,7,67,N,0.0,False,"reflection=The northern area appears to be more open and less hazardous compared to the eastern and southeastern parts of the level, which may contain water or l"
f4e49053,reflexion_mh,MiniHack-River-Narrow-v0,7,68,N,0.0,False,"reflection=The northern area appears to be more open and less hazardous compared to the eastern and southeastern parts of the level, which may contain water or l"
f4e49053,reflexion_mh,MiniHack-River-Narrow-v0,7,69,N,-0.01,False,"reflection=The northern area appears to be more open and less hazardous compared to the eastern and southeastern parts of the level, which may contain water or l"
f4e49053,reflexion_mh,MiniHack-River-Narrow-v0,7,70,N,-0.01,False,"reflection=The northern area continues to be more open and less hazardous, suggesting it might be a primary path for progression on this level. No walls have bee"
f4e49053,reflexion_mh,MiniHack-River-Narrow-v0,7,71,E,0.0,False,"reflection=The northern boundary has been established, suggesting the need to explore lateral directions to uncover more of the level, potentially revealing door"
f4e49053,reflexion_mh,MiniHack-River-Narrow-v0,7,72,E,0.0,False,"reflection=The level's layout suggests a need to explore lateral directions to find key features, and the eastern direction has not been fully explored yet, maki"
f4e49053,reflexion_mh,MiniHack-River-Narrow-v0,7,73,E,0.0,False,"reflection=The level's layout suggests a need to explore lateral directions to find key features, and the eastern direction remains a priority for discovery. So "
f4e49053,reflexion_mh,MiniHack-River-Narrow-v0,7,74,E,0.0,False,"reflection=The level's eastern path continues to be a viable route for exploration, suggesting that there might be significant features or the staircase in this "
f4e49053,reflexion_mh,MiniHack-River-Narrow-v0,7,75,E,0.0,False,"reflection=The level's eastern path continues to be open, suggesting a possible route to the staircase or other significant features, and it's necessary to keep "
f4e49053,reflexion_mh,MiniHack-River-Narrow-v0,7,76,E,0.0,False,"reflection=The level's eastern path continues to be open, suggesting a possible route to the staircase or other significant features. We should keep exploring th"
f4e49053,reflexion_mh,MiniHack-River-Narrow-v0,7,77,E,0.0,False,"reflection=The level's eastern path continues to be open, suggesting a possible route to the staircase or other significant features. We should also note the pre"
f4e49053,reflexion_mh,MiniHack-River-Narrow-v0,7,78,E,0.0,False,"reflection=The level's eastern path continues to be open, suggesting a possible route to the staircase or other significant features. The absence of immediate th"
f4e49053,reflexion_mh,MiniHack-River-Narrow-v0,7,79,E,0.0,False,"reflection=The level's eastern path continues to be open, suggesting a possible route to the staircase or other significant features. The absence of immediate th"
f4e49053,reflexion_mh,MiniHack-River-Narrow-v0,7,80,N,0.0,False,"reflection=The level's eastern boundary has been reached, indicating a need to explore northward or consider other directions for progression, keeping in mind th"
f4e49053,reflexion_mh,MiniHack-River-Narrow-v0,7,81,N,0.0,False,"reflection=The level's eastern boundary is bounded by lava or water, making northward exploration the priority to find a staircase or other features."
f4e49053,reflexion_mh,MiniHack-River-Narrow-v0,7,82,N,-0.01,False,"reflection=The level's eastern boundary is bounded by lava or water, making northward exploration the priority to find a staircase or other features. So far, the"
f4e49053,reflexion_mh,MiniHack-River-Narrow-v0,7,83,N,-0.01,False,"reflection=The level's eastern boundary is bounded by lava or water, making northward exploration the priority to find a staircase or other features. So far, the"
f4e49053,reflexion_mh,MiniHack-River-Narrow-v0,7,84,W,0.0,False,"reflection=The level's northern boundary is also bounded by a wall, making westward exploration the priority to find a staircase, rooms, or other features that c"
f4e49053,reflexion_mh,MiniHack-River-Narrow-v0,7,85,W,0.0,False,"reflection=The level's western area is still unexplored and could contain important features such as a staircase, rooms, or items that could aid in progression o"
f4e49053,reflexion_mh,MiniHack-River-Narrow-v0,7,86,W,0.0,False,"reflection=The level's western area is still unexplored and could contain important features such as a staircase, rooms, or items that could aid in progression o"
f4e49053,reflexion_mh,MiniHack-River-Narrow-v0,7,87,W,0.0,False,"reflection=The level's western area is still unexplored and could contain important features such as a staircase, rooms, or items that could aid in progression o"
f4e49053,reflexion_mh,MiniHack-River-Narrow-v0,7,88,W,0.0,False,"reflection=The level's western area is still largely unexplored, and movement in this direction has not been restricted by walls, indicating potential for discov"
f4e49053,reflexion_mh,MiniHack-River-Narrow-v0,7,89,W,0.0,False,"reflection=The level's western area remains unexplored, and continued movement in this direction may reveal new items, stairs, or other important features. The p"
f4e49053,reflexion_mh,MiniHack-River-Narrow-v0,7,90,W,0.0,False,"reflection=The level's western area is still largely unexplored, and moving in this direction may reveal important elements for progression. The eastern and sout"
f4e49053,reflexion_mh,MiniHack-River-Narrow-v0,7,91,W,0.0,False,"reflection=The level's western area remains a priority for exploration due to its unknown contents, and caution should still be exercised near the eastern and so"
f4e49053,reflexion_mh,MiniHack-River-Narrow-v0,7,92,W,0.0,False,"reflection=The level's western area remains a priority for exploration, and so far, there are no obstacles preventing movement in that direction."
f4e49053,reflexion_mh,MiniHack-River-Narrow-v0,7,93,W,0.0,False,"reflection=The level's western area remains a priority for exploration, and so far, there are no obstacles preventing movement in that direction. The presence of"
f4e49053,reflexion_mh,MiniHack-River-Narrow-v0,7,94,W,0.0,False,"reflection=The level's western area remains a priority for exploration, and the absence of obstacles in this direction suggests it may be a key path for progress"
f4e49053,reflexion_mh,MiniHack-River-Narrow-v0,7,95,W,0.0,False,"reflection=The level's western area remains a priority for exploration, and the absence of obstacles in this direction suggests it may be a key path for progress"
f4e49053,reflexion_mh,MiniHack-River-Narrow-v0,7,96,W,0.0,False,"reflection=The level's western area remains a priority for exploration, and the continued lack of obstacles suggests it may lead to important locations or items."
f4e49053,reflexion_mh,MiniHack-River-Narrow-v0,7,97,W,0.0,False,"reflection=The level's western area remains a priority for exploration, and the lack of obstacles suggests it may lead to important locations or items. The easte"
f4e49053,reflexion_mh,MiniHack-River-Narrow-v0,7,98,W,0.0,False,"reflection=The level's western area remains a priority for exploration, and the lack of obstacles suggests it may lead to important locations or items. The easte"
f4e49053,reflexion_mh,MiniHack-River-Narrow-v0,7,99,W,0.0,False,"reflection=The level's western area remains a priority for exploration, and the lack of obstacles suggests it may lead to important locations or items. The fact "
f4e49053,reflexion_mh,MiniHack-River-Narrow-v0,7,100,W,-0.01,False,"reflection=The western path continues to be a priority for exploration, and its openness suggests potential for discovery. The absence of walls in this direction"
f4e49053,reflexion_mh,MiniHack-River-Narrow-v0,7,101,W,-0.01,False,"reflection=The western path remains a priority, and the inability to move the boulder suggests that either it's not meant to be moved or I need to find another w"
f4e49053,reflexion_mh,MiniHack-River-Narrow-v0,7,102,N,-0.01,False,"reflection=The level's design suggests that not all obstacles can be overcome directly, and alternative paths or tools might be required. The western path remain"
f4e49053,reflexion_mh,MiniHack-River-Narrow-v0,7,103,N,-0.01,False,"reflection=The level's design suggests that not all obstacles can be overcome directly, and alternative paths or tools might be required. Exploring north yields "
f4e49053,reflexion_mh,MiniHack-River-Narrow-v0,7,104,E,0.0,False,"reflection=The level's design suggests that not all obstacles can be overcome directly, and alternative paths or tools might be required. Exploring in different "
f4e49053,reflexion_mh,MiniHack-River-Narrow-v0,7,105,N,-0.01,False,"reflection=The level's design suggests that not all obstacles can be overcome directly, and alternative paths or tools might be required. Exploring in different "
f4e49053,reflexion_mh,MiniHack-River-Narrow-v0,7,106,E,0.0,False,"reflection=The level's design suggests that not all obstacles can be overcome directly, and alternative paths or tools might be required. Exploring in different "
f4e49053,reflexion_mh,MiniHack-River-Narrow-v0,7,107,E,0.0,False,"reflection=The level's design suggests that not all obstacles can be overcome directly, and alternative paths or tools might be required. Exploring in different "
f4e49053,reflexion_mh,MiniHack-River-Narrow-v0,7,108,E,0.0,False,reflection=The level's design suggests that consistent exploration in a direction can yield significant information about the layout and potential paths or items
f4e49053,reflexion_mh,MiniHack-River-Narrow-v0,7,109,W,0.0,False,reflection=The level's design suggests that consistent exploration in a direction can yield significant information about the layout and potential paths or items
f4e49053,reflexion_mh,MiniHack-River-Narrow-v0,7,110,W,0.0,False,reflection=The level's design suggests that consistent exploration in a direction can yield significant information about the layout and potential paths or items
f4e49053,reflexion_mh,MiniHack-River-Narrow-v0,7,111,S,0.0,False,reflection=The level's design suggests that consistent exploration in a direction can yield significant information about the layout and potential paths or items
f4e49053,reflexion_mh,MiniHack-River-Narrow-v0,7,112,E,0.0,False,reflection=The level's design suggests that consistent exploration in a direction can yield significant information about the layout and potential paths or items
f4e49053,reflexion_mh,MiniHack-River-Narrow-v0,7,113,E,0.0,False,reflection=The level's design suggests that consistent exploration in a direction can yield significant information about the layout and potential paths or items
f4e49053,reflexion_mh,MiniHack-River-Narrow-v0,7,114,S,0.0,False,reflection=The level's design suggests that consistent exploration in a direction can yield significant information about the layout and potential paths or items
f4e49053,reflexion_mh,MiniHack-River-Narrow-v0,7,115,S,0.0,False,reflection=The level's design suggests that consistent exploration in a direction can yield significant information about the layout and potential paths or items
f4e49053,reflexion_mh,MiniHack-River-Narrow-v0,7,116,E,0.0,False,reflection=The level's design suggests that consistent exploration in a direction can yield significant information about the layout and potential paths or items
f4e49053,reflexion_mh,MiniHack-River-Narrow-v0,7,117,N,0.0,False,"reflection=The level's design suggests that exploring in different directions can reveal new paths or items, and it's crucial to avoid actions that result in hit"
f4e49053,reflexion_mh,MiniHack-River-Narrow-v0,7,118,E,0.0,False,"reflection=The level's design suggests that exploring in different directions can reveal new paths or items, and it's crucial to avoid actions that result in hit"
f4e49053,reflexion_mh,MiniHack-River-Narrow-v0,7,119,E,0.0,False,"reflection=The level's design suggests that exploring in different directions can reveal new paths or items, and it's crucial to avoid actions that result in hit"
f4e49053,reflexion_mh,MiniHack-River-Narrow-v0,8,0,N,-0.01,False,"reflection=The level appears to have a large open area with water or lava to the east, and the north direction is unexplored. I'll need to be cautious of the wat"
f4e49053,reflexion_mh,MiniHack-River-Narrow-v0,8,1,E,0.0,False,"reflection=The level appears to have a large open area with water or lava to the east, and both north and the current spot have limitations, possibly walls or bo"
f4e49053,reflexion_mh,MiniHack-River-Narrow-v0,8,2,W,0.0,False,"reflection=The level has a large open area with water or lava to the east, and there are limitations to the north. The west and south directions remain unexplore"
f4e49053,reflexion_mh,MiniHack-River-Narrow-v0,8,3,S,0.0,False,"reflection=The level has a large open area with water or lava to the east, and there are limitations to the north. The west and south directions remain unexplore"
f4e49053,reflexion_mh,MiniHack-River-Narrow-v0,8,4,W,0.0,False,"reflection=The level has a large open area with water or lava to the east, and there are limitations to the north. The west direction remains unexplored and coul"
f4e49053,reflexion_mh,MiniHack-River-Narrow-v0,8,5,W,0.0,False,"reflection=The level has a large open area with water or lava to the east, limitations to the north, and the west direction remains unexplored and could potentia"
f4e49053,reflexion_mh,MiniHack-River-Narrow-v0,8,6,W,0.0,False,"reflection=The level has a large open area with water or lava to the east, limitations to the north, and the west direction remains unexplored and could potentia"
f4e49053,reflexion_mh,MiniHack-River-Narrow-v0,8,7,W,0.0,False,"reflection=The level has a large open area with water or lava to the east, limitations to the north, and the west direction is being explored for the downstairs "
f4e49053,reflexion_mh,MiniHack-River-Narrow-v0,8,8,W,0.0,False,"reflection=The level has a large open area with water or lava to the east, limitations to the north, and a partially explored west direction that may contain the"
f4e49053,reflexion_mh,MiniHack-River-Narrow-v0,8,9,S,0.0,False,"reflection=The level has a large open area with water or lava to the east, limitations to the north, a partially explored west direction, and now an unexplored s"
f4e49053,reflexion_mh,MiniHack-River-Narrow-v0,8,10,S,0.0,False,"reflection=The level has a large open area with water or lava to the east, limitations to the north, a partially explored west direction, and a potentially impor"
f4e49053,reflexion_mh,MiniHack-River-Narrow-v0,8,11,S,0.0,False,"reflection=The level has a large open area with water or lava to the east, limitations to the north, a partially explored west direction, and a potentially impor"
f4e49053,reflexion_mh,MiniHack-River-Narrow-v0,8,12,S,0.0,False,"reflection=The level's south direction remains a priority for exploration, and moving south will help determine if there are any significant features, such as th"
f4e49053,reflexion_mh,MiniHack-River-Narrow-v0,8,13,S,0.0,False,"reflection=The level's south direction remains a priority for exploration. Moving south has not hit a wall yet, suggesting it might lead to important locations o"
f4e49053,reflexion_mh,MiniHack-River-Narrow-v0,8,14,S,-0.01,False,"reflection=The level's south direction remains a priority for exploration. Continuing to move south may lead to important locations, items, or the downstairs."
f4e49053,reflexion_mh,MiniHack-River-Narrow-v0,8,15,S,-0.01,False,"reflection=The level's south direction remains a priority for exploration, and it seems that there are no immediate obstacles or walls blocking this path."
f4e49053,reflexion_mh,MiniHack-River-Narrow-v0,8,16,E,0.0,False,"reflection=The level has a solid stone wall to the south, so exploration should focus on other directions to find a way down or significant features."
f4e49053,reflexion_mh,MiniHack-River-Narrow-v0,8,17,E,0.0,False,"reflection=The level has a solid stone wall to the south, so exploration should focus on other directions to find a way down or significant features. Initial exp"
f4e49053,reflexion_mh,MiniHack-River-Narrow-v0,8,18,E,0.0,False,"reflection=The level has a solid stone wall to the south, initial exploration will focus on moving east to find significant features or a path forward."
f4e49053,reflexion_mh,MiniHack-River-Narrow-v0,8,19,N,0.0,False,"reflection=The level has a solid stone wall to the south, and initial eastward exploration has not revealed significant features or a path forward, suggesting th"
f4e49053,reflexion_mh,MiniHack-River-Narrow-v0,8,20,N,0.0,False,"reflection=The level has a solid stone wall to the south, initial eastward exploration has not revealed significant features or a path forward, and now it's time"
f4e49053,reflexion_mh,MiniHack-River-Narrow-v0,8,21,N,0.0,False,"reflection=The level has a solid stone wall to the south, initial eastward exploration has not revealed significant features or a path forward, and now initial n"
f4e49053,reflexion_mh,MiniHack-River-Narrow-v0,8,22,W,0.0,False,"reflection=The level has a solid stone wall to the south, initial eastward exploration has not revealed significant features or a path forward, initial northward"
f4e49053,reflexion_mh,MiniHack-River-Narrow-v0,8,23,W,0.0,False,"reflection=The level has a solid stone wall to the south, initial eastward exploration has not revealed significant features or a path forward, initial northward"
f4e49053,reflexion_mh,MiniHack-River-Narrow-v0,8,24,W,0.0,False,"reflection=The level has a solid stone wall to the south, initial eastward exploration has not revealed significant features or a path forward, initial northward"
f4e49053,reflexion_mh,MiniHack-River-Narrow-v0,8,25,W,0.0,False,"reflection=The level has a solid stone wall to the south, initial eastward exploration has not revealed significant features or a path forward, initial northward"
f4e49053,reflexion_mh,MiniHack-River-Narrow-v0,8,26,NW,0.0,False,"reflection=The level has a solid stone wall to the south, initial eastward exploration has not revealed significant features or a path forward, initial northward"
f4e49053,reflexion_mh,MiniHack-River-Narrow-v0,8,27,NE,0.0,False,"reflection=The level has a solid stone wall to the south, initial eastward exploration has not revealed significant features or a path forward, initial northward"
f4e49053,reflexion_mh,MiniHack-River-Narrow-v0,8,28,NW,0.0,False,"reflection=The level has a solid stone wall to the south, initial eastward exploration has not revealed significant features or a path forward, initial northward"
f4e49053,reflexion_mh,MiniHack-River-Narrow-v0,8,29,SE,0.0,False,"reflection=The level has a solid stone wall to the south, initial eastward exploration has not revealed significant features or a path forward, initial northward"
f4e49053,reflexion_mh,MiniHack-River-Narrow-v0,8,30,SE,0.0,False,"reflection=The level has a solid stone wall to the south, initial eastward and northward exploration has not revealed significant features or a path forward, ini"
f4e49053,reflexion_mh,MiniHack-River-Narrow-v0,8,31,NW,0.0,False,"reflection=The level's layout remains largely unknown, with initial explorations in the east and west directions not yielding significant features or paths, sugg"
f4e49053,reflexion_mh,MiniHack-River-Narrow-v0,8,32,N,0.0,False,"reflection=The level's layout remains largely unknown, with initial explorations in the east and west directions not yielding significant features or paths, and "
f4e49053,reflexion_mh,MiniHack-River-Narrow-v0,8,33,N,-0.01,False,"reflection=The level's layout remains largely unknown, but exploring the north direction may yield significant features or paths, including the downstairs."
f4e49053,reflexion_mh,MiniHack-River-Narrow-v0,8,34,N,-0.01,False,"reflection=The level's layout remains largely unknown, but exploring the north direction may yield significant features or paths, including the downstairs. So fa"
f4e49053,reflexion_mh,MiniHack-River-Narrow-v0,8,35,E,0.0,False,"reflection=The level's layout remains largely unknown, but it appears that the north direction is blocked by a wall, so I should focus on exploring other directi"
f4e49053,reflexion_mh,MiniHack-River-Narrow-v0,8,36,W,0.0,False,"reflection=The level's layout remains largely unknown, but it appears that the north direction is blocked by a wall, and initial eastward movement did not reveal"
f4e49053,reflexion_mh,MiniHack-River-Narrow-v0,8,37,S,0.0,False,"reflection=The level's layout remains largely unknown, but initial movements suggest focusing on southward exploration to uncover more of the map and find a down"
f4e49053,reflexion_mh,MiniHack-River-Narrow-v0,8,38,S,0.0,False,"reflection=The level's southward area remains unexplored, and given the lack of immediate obstacles or threats, continuing south may reveal important features su"
f4e49053,reflexion_mh,MiniHack-River-Narrow-v0,8,39,S,0.0,False,"reflection=The level's southward area is still unexplored, and moving in this direction may lead to discovering stairs, items, or corridors, which could be cruci"
f4e49053,reflexion_mh,MiniHack-River-Narrow-v0,8,40,S,0.0,False,"reflection=The level's southward area is still unexplored, and moving in this direction may lead to discovering stairs, items, or corridors, which could be cruci"
f4e49053,reflexion_mh,MiniHack-River-Narrow-v0,8,41,S,0.0,False,"reflection=The level's southward area remains unexplored, and continuing in this direction may lead to crucial discoveries for progression, such as stairs or ite"
f4e49053,reflexion_mh,MiniHack-River-Narrow-v0,8,42,S,-0.01,False,"reflection=The level's southward area remains a priority for exploration, and the ability to move boulders indicates potential for revealing hidden areas or item"
f4e49053,reflexion_mh,MiniHack-River-Narrow-v0,8,43,S,-0.01,False,"reflection=The level's southward area remains a priority for exploration, and the inability to move boulders suggests looking for alternative paths or mechanisms"
f4e49053,reflexion_mh,MiniHack-River-Narrow-v0,8,44,E,0.0,False,"reflection=The level's southward area remains a priority, but eastward exploration is now also a consideration for finding alternative paths or mechanisms for pr"
f4e49053,reflexion_mh,MiniHack-River-Narrow-v0,8,45,S,0.0,False,"reflection=The level's southward area continues to yield new floor space, suggesting that further exploration in this direction may lead to the downstairs or oth"
f4e49053,reflexion_mh,MiniHack-River-Narrow-v0,8,46,S,-0.01,False,"reflection=The level's southward area is likely to contain the downstairs or other key features, and exploration in this direction is a priority."
f4e49053,reflexion_mh,MiniHack-River-Narrow-v0,8,47,S,-0.01,False,"reflection=The level's southward area is likely to contain the downstairs or other key features, and exploration in this direction continues to be a priority. Th"
f4e49053,reflexion_mh,MiniHack-River-Narrow-v0,8,48,E,0.0,False,"reflection=The level's southward area is blocked, suggesting a need to explore east or west to find an alternative route or features, possibly including doors, c"
f4e49053,reflexion_mh,MiniHack-River-Narrow-v0,8,49,W,0.0,False,"reflection=The level's southward area is blocked, and initial eastward exploration did not reveal a downstairs or significant features, suggesting a need to expl"
f4e49053,reflexion_mh,MiniHack-River-Narrow-v0,8,50,W,0.0,False,"reflection=The level's southward area is blocked, initial eastward exploration was unfruitful, suggesting westward exploration may reveal necessary paths or feat"
f4e49053,reflexion_mh,MiniHack-River-Narrow-v0,8,51,N,0.0,False,"reflection=The level's southward area is blocked, initial eastward exploration was unfruitful, and moving boulders can create new paths, suggesting westward or n"
f4e49053,reflexion_mh,MiniHack-River-Narrow-v0,8,52,N,0.0,False,"reflection=The level's layout suggests that exploration in less visited directions (north or west) could yield important discoveries for progression, such as hid"
f4e49053,reflexion_mh,MiniHack-River-Narrow-v0,8,53,N,0.0,False,"reflection=The level's layout suggests that exploration in less visited directions (north or west) could yield important discoveries for progression, such as hid"
f4e49053,reflexion_mh,MiniHack-River-Narrow-v0,8,54,N,0.0,False,"reflection=The level's layout suggests prioritizing northward movement to uncover potential hidden doors, items, or routes to the downstairs, and it's also impor"
f4e49053,reflexion_mh,MiniHack-River-Narrow-v0,8,55,N,0.0,False,"reflection=The level's layout suggests prioritizing northward movement to uncover potential hidden doors, items, or routes to the downstairs, and it's also impor"
f4e49053,reflexion_mh,MiniHack-River-Narrow-v0,8,56,N,0.0,False,"reflection=The level's layout suggests prioritizing northward movement to uncover potential hidden doors, items, or routes to the downstairs, and it's also impor"
f4e49053,reflexion_mh,MiniHack-River-Narrow-v0,8,57,N,-0.01,False,"reflection=The level's layout suggests prioritizing northward movement to uncover potential hidden doors, items, or routes to the downstairs, and it's also impor"
f4e49053,reflexion_mh,MiniHack-River-Narrow-v0,8,58,N,-0.01,False,"reflection=The level's layout suggests prioritizing northward movement to uncover potential hidden doors, items, or routes to the downstairs, and it's also impor"
f4e49053,reflexion_mh,MiniHack-River-Narrow-v0,8,59,E,0.0,False,"reflection=The level's layout suggests prioritizing exploration of the unvisited areas to the east and west, as moving north is blocked by a wall, and it's cruci"
f4e49053,reflexion_mh,MiniHack-River-Narrow-v0,8,60,W,0.0,False,"reflection=The level's layout suggests prioritizing exploration of the unvisited areas to the east and west, and it's crucial to methodically check all possible "
f4e49053,reflexion_mh,MiniHack-River-Narrow-v0,8,61,W,0.0,False,"reflection=The level's layout suggests a larger area to the west that has not been explored, which could contain the path to the downstairs or other important fe"
f4e49053,reflexion_mh,MiniHack-River-Narrow-v0,8,62,W,0.0,False,"reflection=The level's layout suggests a larger area to the west that has not been explored, which could contain the path to the downstairs or other important fe"
f4e49053,reflexion_mh,MiniHack-River-Narrow-v0,8,63,W,-0.01,False,"reflection=The level's western area remains a priority for exploration, as it may contain crucial elements for progression, such as the downstairs or items. Cont"
f4e49053,reflexion_mh,MiniHack-River-Narrow-v0,8,64,W,-0.01,False,"reflection=The western area of the level remains a priority for exploration, and since there's no indication of hitting a wall, it's likely that further westward"
f4e49053,reflexion_mh,MiniHack-River-Narrow-v0,8,65,N,-0.01,False,"reflection=The western boundary of the level has been reached, so exploration should focus on the northern, southern, and eastern areas to find the downstairs or"
f4e49053,reflexion_mh,MiniHack-River-Narrow-v0,8,66,S,0.0,False,"reflection=The western and northern boundaries of the level have been partially mapped, indicating that further exploration should focus on the southern and east"
f4e49053,reflexion_mh,MiniHack-River-Narrow-v0,8,67,S,0.0,False,"reflection=The level's boundaries are slowly being revealed, with the west and north partially mapped; the next steps should prioritize the south and east for si"
f4e49053,reflexion_mh,MiniHack-River-Narrow-v0,8,68,E,0.0,False,"reflection=The level's boundaries are slowly being revealed, with the west and north partially mapped; the next steps should prioritize the south and east for si"
f4e49053,reflexion_mh,MiniHack-River-Narrow-v0,8,69,E,0.0,False,"reflection=The level's boundaries are slowly being revealed, with the west and north partially mapped; the next steps should prioritize the south and east for si"
f4e49053,reflexion_mh,MiniHack-River-Narrow-v0,8,70,E,0.0,False,"reflection=The level's boundaries are slowly being revealed, with the west and north partially mapped; moving east continues to be a priority for significant dis"
f4e49053,reflexion_mh,MiniHack-River-Narrow-v0,8,71,E,0.0,False,"reflection=The level's boundaries are slowly being revealed, with the west and north partially mapped; moving east continues to be a priority for significant dis"
f4e49053,reflexion_mh,MiniHack-River-Narrow-v0,8,72,E,0.0,False,"reflection=The level's eastward expansion continues to yield new areas, suggesting that significant features or the staircase could be located in this direction,"
f4e49053,reflexion_mh,MiniHack-River-Narrow-v0,8,73,E,0.0,False,"reflection=The level's eastward expansion continues to yield new areas, suggesting that significant features or the staircase could be located in this direction."
f4e49053,reflexion_mh,MiniHack-River-Narrow-v0,8,74,E,0.0,False,"reflection=The level's eastward expansion continues to yield new areas, suggesting that significant features or the staircase could be located in this direction."
f4e49053,reflexion_mh,MiniHack-River-Narrow-v0,8,75,E,0.0,False,"reflection=The level's eastward expansion continues to yield new areas, suggesting that significant features or the staircase could be located in this direction."
f4e49053,reflexion_mh,MiniHack-River-Narrow-v0,8,76,E,0.0,False,"reflection=The level's eastward expansion continues to yield new areas, suggesting that significant features or the staircase could be located in this direction."
f4e49053,reflexion_mh,MiniHack-River-Narrow-v0,8,77,E,0.0,False,"reflection=The level's eastward expansion continues to yield new areas, suggesting that significant features or the staircase could be located in this direction."
f4e49053,reflexion_mh,MiniHack-River-Narrow-v0,8,78,E,0.0,False,"reflection=The level's eastward expansion continues to yield new areas, suggesting that significant features or the staircase could be located in this direction."
f4e49053,reflexion_mh,MiniHack-River-Narrow-v0,8,79,E,0.0,False,"reflection=The level's eastward expansion continues to yield new areas, suggesting that significant features or the staircase could be located in this direction."
f4e49053,reflexion_mh,MiniHack-River-Narrow-v0,8,80,E,0.0,False,"reflection=The level's eastward expansion continues to yield new areas, suggesting that significant features or the staircase could be located in this direction."
f4e49053,reflexion_mh,MiniHack-River-Narrow-v0,8,81,E,0.0,False,"reflection=The level's eastward expansion continues to yield new areas, suggesting that significant features or the staircase could be located in this direction."
f4e49053,reflexion_mh,MiniHack-River-Narrow-v0,8,82,E,0.0,False,"reflection=The level's eastward expansion continues to yield new areas, suggesting that significant features or the staircase could be located in this direction."
f4e49053,reflexion_mh,MiniHack-River-Narrow-v0,8,83,E,0.0,False,"reflection=The level's eastward expansion continues to yield new areas, suggesting that significant features or the staircase could be located in this direction."
f4e49053,reflexion_mh,MiniHack-River-Narrow-v0,8,84,E,0.0,False,"reflection=The level's eastward expansion continues to yield new areas, suggesting that significant features or the staircase could be located in this direction."
f4e49053,reflexion_mh,MiniHack-River-Narrow-v0,8,85,E,0.0,False,"reflection=The level's eastward expansion continues to yield new areas, suggesting that significant features or the staircase could be located in this direction."
f4e49053,reflexion_mh,MiniHack-River-Narrow-v0,8,86,E,0.0,False,"reflection=The level's eastward expansion continues to yield new areas, suggesting that significant features or the staircase could be located in this direction."
f4e49053,reflexion_mh,MiniHack-River-Narrow-v0,8,87,E,0.0,False,"reflection=The level's eastward expansion continues to yield new areas, and water or lava bodies may separate different parts of the level, requiring careful nav"
f4e49053,reflexion_mh,MiniHack-River-Narrow-v0,8,88,S,0.0,False,"reflection=The level's eastward expansion continues to yield new areas, and water or lava bodies may separate different parts of the level, requiring careful nav"
f4e49053,reflexion_mh,MiniHack-River-Narrow-v0,8,89,S,0.0,False,"reflection=The level's layout suggests that the southern direction may be a priority for finding key features like the downstairs, and it's essential to keep exp"
f4e49053,reflexion_mh,MiniHack-River-Narrow-v0,8,90,S,0.0,False,"reflection=The level's layout suggests that the southern direction may be a priority for finding key features like the downstairs, and it's essential to keep exp"
f4e49053,reflexion_mh,MiniHack-River-Narrow-v0,8,91,S,-0.01,False,"reflection=The level's layout suggests that the southern direction may be a priority for finding key features like the downstairs, and it's essential to keep exp"
f4e49053,reflexion_mh,MiniHack-River-Narrow-v0,8,92,S,-0.01,False,"reflection=The level's layout suggests prioritizing southern movement while avoiding potential hazards like lava or water, and so far, this approach has been eff"
f4e49053,reflexion_mh,MiniHack-River-Narrow-v0,8,93,E,0.0,False,"reflection=The level's layout requires adapting to obstacles like walls and lava, and exploring different paths to find the downstairs, prioritizing movements th"
f4e49053,reflexion_mh,MiniHack-River-Narrow-v0,8,94,S,-0.01,False,"reflection=The level's layout requires adapting to obstacles like walls and lava, and exploring different paths to find the downstairs, prioritizing movements th"
f4e49053,reflexion_mh,MiniHack-River-Narrow-v0,8,95,E,0.0,False,"reflection=The level's layout requires adapting to obstacles like walls and lava, and exploring different paths to find the downstairs, prioritizing movements th"
f4e49053,reflexion_mh,MiniHack-River-Narrow-v0,8,96,E,0.0,False,"reflection=The level's layout requires adapting to obstacles like walls and lava, and exploring different paths to find the downstairs, prioritizing movements th"
f4e49053,reflexion_mh,MiniHack-River-Narrow-v0,8,97,E,-0.01,False,"reflection=The level's layout requires adapting to obstacles like walls and lava, and exploring different paths to find the downstairs, prioritizing movements th"
f4e49053,reflexion_mh,MiniHack-River-Narrow-v0,8,98,E,-0.01,False,"reflection=The level's layout requires adapting to obstacles like walls and lava, and exploring different paths to find the downstairs, prioritizing movements th"
f4e49053,reflexion_mh,MiniHack-River-Narrow-v0,8,99,N,0.0,False,"reflection=The level's layout requires adapting to obstacles like walls and lava, and exploring different paths to find the downstairs, prioritizing movements th"
f4e49053,reflexion_mh,MiniHack-River-Narrow-v0,8,100,N,0.0,False,"reflection=The level's layout requires adapting to obstacles like walls and lava, and exploring different paths to find the downstairs, prioritizing movements th"
f4e49053,reflexion_mh,MiniHack-River-Narrow-v0,8,101,N,0.0,False,"reflection=The level's layout requires adapting to obstacles like walls and lava, and exploring different paths to find the downstairs, prioritizing movements th"
f4e49053,reflexion_mh,MiniHack-River-Narrow-v0,8,102,N,1.0,True,"reflection=The level's layout requires adapting to obstacles like walls and lava, and exploring different paths to find the downstairs, prioritizing movements th"
f4e49053,reflexion_mh,MiniHack-River-Narrow-v0,9,0,S,0.0,False,"reflection=The level appears to have a body of water or lava to the east, and open space to the south. My current position is near the top of the map, and I have"
f4e49053,reflexion_mh,MiniHack-River-Narrow-v0,9,1,S,-0.01,False,"reflection=The level appears to have a body of water or lava to the east, and open space to the south, with my current position near the top of the map and no id"
f4e49053,reflexion_mh,MiniHack-River-Narrow-v0,9,2,E,0.0,False,"reflection=The level appears to have a body of water or lava to the east, and open space to the south, with my current position near the top of the map and no id"
f4e49053,reflexion_mh,MiniHack-River-Narrow-v0,9,3,N,0.0,False,"reflection=The level has water to the east, a large open area to the south that doesn't immediately reveal new features, and now it's time to explore north to se"
f4e49053,reflexion_mh,MiniHack-River-Narrow-v0,9,4,N,0.0,False,"reflection=The level has water to the east, a large open area to the south that doesn't immediately reveal new features, and now exploring north may reveal stair"
f4e49053,reflexion_mh,MiniHack-River-Narrow-v0,9,5,N,0.0,False,"reflection=The level has water to the east, a large open area to the south that doesn't immediately reveal new features, and exploring north may reveal stairs, d"
f4e49053,reflexion_mh,MiniHack-River-Narrow-v0,9,6,E,0.0,False,"reflection=The level has water to the east, which might be connected to other areas or features, and exploring this direction could yield more information about "
f4e49053,reflexion_mh,MiniHack-River-Narrow-v0,9,7,E,0.0,False,"reflection=The level has water to the east, which might be connected to other areas or features. Exploring this direction could yield more information about the "
f4e49053,reflexion_mh,MiniHack-River-Narrow-v0,9,8,S,0.0,False,"reflection=The level has water to the east and a staircase to the south, indicating that progression might involve navigating around or through water and reachin"
f4e49053,reflexion_mh,MiniHack-River-Narrow-v0,9,9,S,0.0,False,"reflection=The level's layout suggests that the staircase is accessible without needing to navigate through the water to the east, making a southern approach mor"
f4e49053,reflexion_mh,MiniHack-River-Narrow-v0,9,10,S,0.0,False,"reflection=The level's layout suggests that the staircase is likely to be found by exploring the southern areas, and it's necessary to be cautious of the water t"
f4e49053,reflexion_mh,MiniHack-River-Narrow-v0,9,11,S,-0.01,False,"reflection=The level's layout suggests that the staircase is likely to be found by exploring the southern areas, and it's necessary to be cautious of the water t"
f4e49053,reflexion_mh,MiniHack-River-Narrow-v0,9,12,S,-0.01,False,"reflection=The level's layout suggests that the staircase is likely to be found by exploring the southern areas, and it's necessary to be cautious of the water t"
f4e49053,reflexion_mh,MiniHack-River-Narrow-v0,9,13,NW,0.0,False,"reflection=The level's layout suggests that the staircase is likely to be found by exploring areas not immediately blocked by lava or water, and moving in direct"
f4e49053,reflexion_mh,MiniHack-River-Narrow-v0,9,14,N,0.0,False,"reflection=The level's layout suggests that the staircase is likely to be found by exploring areas not immediately blocked by lava or water, and moving in direct"
f4e49053,reflexion_mh,MiniHack-River-Narrow-v0,9,15,E,0.0,False,"reflection=The level's layout suggests that exploring less recently traveled directions, such as east or north, could reveal the staircase or useful items, and i"
f4e49053,reflexion_mh,MiniHack-River-Narrow-v0,9,16,E,0.0,False,"reflection=The level's layout suggests that exploring less recently traveled directions, such as east or north, could reveal the staircase or useful items, and i"
f4e49053,reflexion_mh,MiniHack-River-Narrow-v0,9,17,E,0.0,False,"reflection=The level's layout suggests that exploring less recently traveled directions, such as east or north, could reveal the staircase or useful items. Tryin"
f4e49053,reflexion_mh,MiniHack-River-Narrow-v0,9,18,N,0.0,False,"reflection=The level's layout suggests that exploring less recently traveled directions, such as north, could reveal the staircase or useful items, and it's cruc"
f4e49053,reflexion_mh,MiniHack-River-Narrow-v0,9,19,N,0.0,False,"reflection=The level's layout suggests that exploring less recently traveled directions, such as north, could reveal the staircase or useful items, and it's cruc"
f4e49053,reflexion_mh,MiniHack-River-Narrow-v0,9,20,N,0.0,False,"reflection=The level's layout suggests that exploring less recently traveled directions, such as north, could reveal the staircase or useful items, and it's cruc"
f4e49053,reflexion_mh,MiniHack-River-Narrow-v0,9,21,N,0.0,False,"reflection=The level's layout suggests that exploring less recently traveled directions, such as north, could reveal the staircase or useful items, and it's cruc"
f4e49053,reflexion_mh,MiniHack-River-Narrow-v0,9,22,N,-0.01,False,"reflection=The level's layout suggests that exploring less recently traveled directions, such as north, could reveal the staircase or useful items, and it's cruc"
f4e49053,reflexion_mh,MiniHack-River-Narrow-v0,9,23,NW,-0.01,False,"reflection=The level's layout suggests that exploring diagonals or other less traveled directions could reveal the staircase or useful items, and maintaining a s"
f4e49053,reflexion_mh,MiniHack-River-Narrow-v0,9,24,NE,-0.01,False,"reflection=The level's layout suggests that exploring diagonals or other less traveled directions could reveal the staircase or useful items, and maintaining a s"
f4e49053,reflexion_mh,MiniHack-River-Narrow-v0,9,25,S,0.0,False,"reflection=The level's layout suggests that exploring diagonals or other less traveled directions could reveal the staircase or useful items, and maintaining a s"
f4e49053,reflexion_mh,MiniHack-River-Narrow-v0,9,26,SE,0.0,False,"reflection=The level's layout suggests that exploring diagonals or other less traveled directions could reveal the staircase or useful items, and maintaining a s"
f4e49053,reflexion_mh,MiniHack-River-Narrow-v0,9,27,SE,0.0,False,"reflection=The level's layout suggests that exploring diagonals or other less traveled directions could reveal the staircase or useful items, and maintaining a s"
f4e49053,reflexion_mh,MiniHack-River-Narrow-v0,9,28,SE,0.0,False,"reflection=The level's layout suggests that exploring diagonals or other less traveled directions could reveal the staircase or useful items, and maintaining a s"
f4e49053,reflexion_mh,MiniHack-River-Narrow-v0,9,29,SE,0.0,False,"reflection=The level's layout suggests that exploring diagonals or other less traveled directions could reveal the staircase or useful items, and maintaining a s"
f4e49053,reflexion_mh,MiniHack-River-Narrow-v0,9,30,SE,-0.01,False,"reflection=The level's layout suggests that exploring diagonals or other less traveled directions could reveal the staircase or useful items, and maintaining a s"
f4e49053,reflexion_mh,MiniHack-River-Narrow-v0,9,31,SE,-0.01,False,"reflection=The level's layout suggests that exploring diagonals or other less traveled directions could reveal the staircase or useful items, and maintaining a s"
f4e49053,reflexion_mh,MiniHack-River-Narrow-v0,9,32,NW,0.0,False,"reflection=The level's layout suggests that exploring diagonals or other less traveled directions could reveal the staircase or useful items, and maintaining a s"
f4e49053,reflexion_mh,MiniHack-River-Narrow-v0,9,33,NW,0.0,False,"reflection=The level's layout suggests that exploring diagonals or other less traveled directions could reveal the staircase or useful items, and maintaining a s"
f4e49053,reflexion_mh,MiniHack-River-Narrow-v0,9,34,NW,0.0,False,"reflection=The level's layout suggests that exploring diagonals or other less traveled directions could reveal the staircase or useful items, and maintaining a s"
f4e49053,reflexion_mh,MiniHack-River-Narrow-v0,9,35,NW,0.0,False,"reflection=The level's layout suggests that exploring diagonals or other less traveled directions could reveal the staircase or useful items, and maintaining a s"
f4e49053,reflexion_mh,MiniHack-River-Narrow-v0,9,36,NW,0.0,False,"reflection=The level's layout suggests that exploring diagonals or other less traveled directions could reveal the staircase or useful items, and maintaining a s"
f4e49053,reflexion_mh,MiniHack-River-Narrow-v0,9,37,NW,0.0,False,"reflection=The level's layout suggests that exploring diagonals or other less traveled directions could reveal the staircase or useful items, and maintaining a s"
f4e49053,reflexion_mh,MiniHack-River-Narrow-v0,9,38,NW,-0.01,False,"reflection=The level's layout suggests that exploring diagonals or other less traveled directions could reveal the staircase or useful items, and maintaining a s"
f4e49053,reflexion_mh,MiniHack-River-Narrow-v0,9,39,NW,-0.01,False,"reflection=The level's layout suggests that exploring diagonals or other less traveled directions could reveal the staircase or useful items, and maintaining a s"
f4e49053,reflexion_mh,MiniHack-River-Narrow-v0,9,40,NE,-0.01,False,"reflection=The level's layout suggests that exploring diagonals or other less traveled directions could reveal the staircase or useful items, and maintaining a s"
f4e49053,reflexion_mh,MiniHack-River-Narrow-v0,9,41,SE,0.0,False,"reflection=The level's layout suggests that exploring diagonals or other less traveled directions could reveal the staircase or useful items, and maintaining a s"
f4e49053,reflexion_mh,MiniHack-River-Narrow-v0,9,42,SE,0.0,False,"reflection=The level's layout suggests that exploring diagonals or other less traveled directions could reveal the staircase or useful items, and maintaining a s"
f4e49053,reflexion_mh,MiniHack-River-Narrow-v0,9,43,SE,0.0,False,"reflection=The level's layout suggests that exploring diagonals or other less traveled directions could reveal the staircase or useful items, and maintaining a s"
f4e49053,reflexion_mh,MiniHack-River-Narrow-v0,9,44,SE,0.0,False,"reflection=The level's layout suggests that exploring diagonals or other less traveled directions could reveal the staircase or useful items, and maintaining a s"
f4e49053,reflexion_mh,MiniHack-River-Narrow-v0,9,45,NW,0.0,False,"reflection=The level's layout suggests that exploring diagonals or other less traveled directions could reveal the staircase or useful items, and maintaining a s"
f4e49053,reflexion_mh,MiniHack-River-Narrow-v0,9,46,NE,0.0,False,"reflection=The level's layout suggests that exploring diagonals or other less traveled directions could reveal the staircase or useful items, and maintaining a s"
f4e49053,reflexion_mh,MiniHack-River-Narrow-v0,9,47,N,0.0,False,"reflection=The level's layout suggests that exploring diagonals or other less traveled directions could reveal the staircase or useful items, and maintaining a s"
f4e49053,reflexion_mh,MiniHack-River-Narrow-v0,9,48,N,0.0,False,"reflection=The level's layout suggests that exploring diagonals or other less traveled directions could reveal the staircase or useful items, and maintaining a s"
f4e49053,reflexion_mh,MiniHack-River-Narrow-v0,9,49,N,-0.01,False,"reflection=The level's layout suggests that exploring diagonals or other less traveled directions could reveal the staircase or useful items, and maintaining a s"
f4e49053,reflexion_mh,MiniHack-River-Narrow-v0,9,50,N,-0.01,False,"reflection=The level's layout suggests that exploring diagonals or other less traveled directions could reveal the staircase or useful items, and maintaining a s"
f4e49053,reflexion_mh,MiniHack-River-Narrow-v0,9,51,E,0.0,False,"reflection=The level's layout suggests that exploring diagonals or other less traveled directions could reveal the staircase or useful items, and maintaining a s"
f4e49053,reflexion_mh,MiniHack-River-Narrow-v0,9,52,SE,0.0,False,"reflection=The level's layout suggests that exploring diagonals or other less traveled directions could reveal the staircase or useful items, and maintaining a s"
f4e49053,reflexion_mh,MiniHack-River-Narrow-v0,9,53,SE,0.0,False,"reflection=The level's layout suggests that exploring diagonals or other less traveled directions could reveal the staircase or useful items, and maintaining a s"
f4e49053,reflexion_mh,MiniHack-River-Narrow-v0,9,54,SE,0.0,False,"reflection=The level's layout suggests that exploring diagonals or other less traveled directions could reveal the staircase or useful items, and maintaining a s"
f4e49053,reflexion_mh,MiniHack-River-Narrow-v0,9,55,SE,0.0,False,"reflection=The level's layout suggests that exploring diagonals or other less traveled directions could reveal the staircase or useful items, and maintaining a s"
f4e49053,reflexion_mh,MiniHack-River-Narrow-v0,9,56,S,0.0,False,"reflection=The level's layout suggests that exploring diagonals or other less traveled directions could reveal the staircase or useful items, and maintaining a s"
f4e49053,reflexion_mh,MiniHack-River-Narrow-v0,9,57,NW,0.0,False,"reflection=The level's layout suggests that exploring diagonals or other less traveled directions could reveal the staircase or useful items, and maintaining a s"
f4e49053,reflexion_mh,MiniHack-River-Narrow-v0,9,58,NW,0.0,False,"reflection=The level's layout suggests that exploring diagonals or other less traveled directions could reveal the staircase or useful items, and maintaining a s"
f4e49053,reflexion_mh,MiniHack-River-Narrow-v0,9,59,NW,0.0,False,"reflection=The level's layout suggests that exploring diagonals or other less traveled directions could reveal the staircase or useful items, and maintaining a s"
f4e49053,reflexion_mh,MiniHack-River-Narrow-v0,9,60,NW,0.0,False,"reflection=The level's layout suggests that exploring diagonals or other less traveled directions could reveal the staircase or useful items, and maintaining a s"
f4e49053,reflexion_mh,MiniHack-River-Narrow-v0,9,61,NW,-0.01,False,"reflection=The level's layout suggests that exploring diagonals or other less traveled directions could reveal the staircase or useful items, and maintaining a s"
f4e49053,reflexion_mh,MiniHack-River-Narrow-v0,9,62,NW,-0.01,False,"reflection=The level's layout suggests that exploring diagonals or other less traveled directions could reveal the staircase or useful items, and maintaining a s"
f4e49053,reflexion_mh,MiniHack-River-Narrow-v0,9,63,NE,0.0,False,"reflection=The level's layout suggests that exploring diagonals or other less traveled directions could reveal the staircase or useful items, and maintaining a s"
f4e49053,reflexion_mh,MiniHack-River-Narrow-v0,9,64,NW,-0.01,False,"reflection=The level's layout suggests that exploring diagonals or other less traveled directions could reveal the staircase or useful items, and maintaining a s"
f4e49053,reflexion_mh,MiniHack-River-Narrow-v0,9,65,NW,-0.01,False,"reflection=The level's layout suggests that exploring diagonals or other less traveled directions could reveal the staircase or useful items, and maintaining a s"
f4e49053,reflexion_mh,MiniHack-River-Narrow-v0,9,66,NE,-0.01,False,"reflection=The level's layout suggests that exploring diagonals or other less traveled directions could reveal the staircase or useful items, and maintaining a s"
f4e49053,reflexion_mh,MiniHack-River-Narrow-v0,9,67,N,-0.01,False,"reflection=The level's layout suggests that exploring diagonals or other less traveled directions could reveal the staircase or useful items, and maintaining a s"
f4e49053,reflexion_mh,MiniHack-River-Narrow-v0,9,68,S,0.0,False,"reflection=The level's layout suggests that exploring diagonals or other less traveled directions could reveal the staircase or useful items, and maintaining a s"
f4e49053,reflexion_mh,MiniHack-River-Narrow-v0,9,69,S,0.0,False,"reflection=The level's layout suggests that exploring diagonals or other less traveled directions could reveal the staircase or useful items, and maintaining a s"
f4e49053,reflexion_mh,MiniHack-River-Narrow-v0,9,70,S,0.0,False,"reflection=The level's layout suggests that exploring diagonals or other less traveled directions could reveal the staircase or useful items, and maintaining a s"
f4e49053,reflexion_mh,MiniHack-River-Narrow-v0,9,71,S,0.0,False,"reflection=The level's layout suggests that exploring diagonals or other less traveled directions could reveal the staircase or useful items, and maintaining a s"
f4e49053,reflexion_mh,MiniHack-River-Narrow-v0,9,72,S,0.0,False,"reflection=The level's layout suggests that exploring diagonals or other less traveled directions could reveal the staircase or useful items, and maintaining a s"
f4e49053,reflexion_mh,MiniHack-River-Narrow-v0,9,73,S,-0.01,False,"reflection=The level's layout suggests that exploring diagonals or other less traveled directions could reveal the staircase or useful items, and maintaining a s"
f4e49053,reflexion_mh,MiniHack-River-Narrow-v0,9,74,S,-0.01,False,"reflection=The level's layout suggests that exploring diagonals or other less traveled directions could reveal the staircase or useful items, and maintaining a s"
f4e49053,reflexion_mh,MiniHack-River-Narrow-v0,9,75,W,0.0,False,"reflection=The level's layout suggests that exploring diagonals or other less traveled directions could reveal the staircase or useful items, and maintaining a s"
f4e49053,reflexion_mh,MiniHack-River-Narrow-v0,9,76,N,0.0,False,"reflection=The level's layout suggests that exploring diagonals or other less traveled directions could reveal the staircase or useful items, and maintaining a s"
f4e49053,reflexion_mh,MiniHack-River-Narrow-v0,9,77,NW,0.0,False,"reflection=The level's layout suggests that exploring diagonals or other less traveled directions could reveal the staircase or useful items, and maintaining a s"
f4e49053,reflexion_mh,MiniHack-River-Narrow-v0,9,78,NW,0.0,False,reflection=The level's layout suggests that exploring diagonals or other less traveled directions could reveal the staircase or useful items. The northwest direc
f4e49053,reflexion_mh,MiniHack-River-Narrow-v0,9,79,NW,0.0,False,reflection=The level's layout suggests that exploring diagonals or other less traveled directions could reveal the staircase or useful items. The northwest direc
f4e49053,reflexion_mh,MiniHack-River-Narrow-v0,9,80,NW,0.0,False,"reflection=The level's layout suggests that exploring diagonals or other less traveled directions could reveal the staircase or useful items, and it's crucial to"
f4e49053,reflexion_mh,MiniHack-River-Narrow-v0,9,81,NW,-0.01,False,"reflection=The level's layout suggests that exploring diagonals or other less traveled directions could reveal the staircase or useful items, and it's crucial to"
f4e49053,reflexion_mh,MiniHack-River-Narrow-v0,9,82,NW,-0.01,False,"reflection=The level's layout suggests that exploring diagonals or other less traveled directions could reveal the staircase or useful items, and it's crucial to"
f4e49053,reflexion_mh,MiniHack-River-Narrow-v0,9,83,NE,-0.01,False,reflection=The level's layout suggests that exploring diagonals or other less traveled directions could reveal the staircase or useful items. Northwest is a wall
f4e49053,reflexion_mh,MiniHack-River-Narrow-v0,9,84,E,0.0,False,"reflection=The level's layout suggests that exploring diagonals or other less traveled directions could reveal the staircase or useful items, and it's also impor"
f4e49053,reflexion_mh,MiniHack-River-Narrow-v0,9,85,N,-0.01,False,reflection=The level's layout suggests that exploring diagonals or other less traveled directions could reveal the staircase or useful items. Given the presence 
f4e49053,reflexion_mh,MiniHack-River-Narrow-v0,9,86,N,-0.01,False,"reflection=The level's layout suggests that exploring diagonals or other less traveled directions could reveal the staircase or useful items, and moving north is"
f4e49053,reflexion_mh,MiniHack-River-Narrow-v0,9,87,E,0.0,False,"reflection=The level's layout suggests that exploring diagonals or other less traveled directions could reveal the staircase or useful items, and moving east or "
f4e49053,reflexion_mh,MiniHack-River-Narrow-v0,9,88,E,0.0,False,"reflection=The level's layout suggests that exploring diagonals or other less traveled directions could reveal the staircase or useful items, and moving east or "
f4e49053,reflexion_mh,MiniHack-River-Narrow-v0,9,89,N,-0.01,False,"reflection=The level's layout suggests that exploring diagonals or other less traveled directions could reveal the staircase or useful items, and moving east or "
f4e49053,reflexion_mh,MiniHack-River-Narrow-v0,9,90,N,-0.01,False,"reflection=The level's layout suggests that exploring diagonals or other less traveled directions could reveal the staircase or useful items, and moving east or "
f4e49053,reflexion_mh,MiniHack-River-Narrow-v0,9,91,SE,0.0,False,reflection=The level's layout suggests that exploring diagonals or other less traveled directions could reveal the staircase or useful items. Moving north is not
f4e49053,reflexion_mh,MiniHack-River-Narrow-v0,9,92,SE,0.0,False,reflection=The level's layout suggests that exploring diagonals or other less traveled directions could reveal the staircase or useful items. Moving southeast co
f4e49053,reflexion_mh,MiniHack-River-Narrow-v0,9,93,SE,0.0,False,reflection=The level's layout suggests that exploring diagonals or other less traveled directions could reveal the staircase or useful items. Moving southeast co
f4e49053,reflexion_mh,MiniHack-River-Narrow-v0,9,94,SE,0.0,False,reflection=The level's layout suggests that exploring diagonals or other less traveled directions could reveal the staircase or useful items. Moving southeast ha
f4e49053,reflexion_mh,MiniHack-River-Narrow-v0,9,95,SE,0.0,False,"reflection=The level's layout suggests that exploring diagonals, especially southeast, could reveal the staircase or useful items, and it's beneficial to continu"
f4e49053,reflexion_mh,MiniHack-River-Narrow-v0,9,96,SE,0.0,False,"reflection=The level's layout suggests that exploring diagonals, especially southeast, could reveal the staircase or useful items. The presence of lava or water "
f4e49053,reflexion_mh,MiniHack-River-Narrow-v0,9,97,SE,-0.01,False,"reflection=The level's layout suggests that exploring diagonals, especially southeast, could reveal the staircase or useful items. The presence of lava or water "
f4e49053,reflexion_mh,MiniHack-River-Narrow-v0,9,98,SE,-0.01,False,"reflection=The level's layout suggests that exploring diagonals, especially southeast, could reveal the staircase or useful items. The presence of lava or water "
f4e49053,reflexion_mh,MiniHack-River-Narrow-v0,9,99,E,0.0,False,reflection=The level's layout suggests that exploring diagonals and cardinal directions systematically can reveal hidden paths or items. The presence of lava or 
f4e49053,reflexion_mh,MiniHack-River-Narrow-v0,9,100,N,0.0,False,reflection=The level's layout suggests that exploring diagonals and cardinal directions systematically can reveal hidden paths or items. The presence of lava or 
f4e49053,reflexion_mh,MiniHack-River-Narrow-v0,9,101,N,0.0,False,reflection=The level's layout suggests that exploring diagonals and cardinal directions systematically can reveal hidden paths or items. The presence of lava or 
f4e49053,reflexion_mh,MiniHack-River-Narrow-v0,9,102,N,0.0,False,"reflection=The level's layout suggests that exploring diagonals and cardinal directions systematically can reveal hidden paths or items, and it's crucial to avoi"
f4e49053,reflexion_mh,MiniHack-River-Narrow-v0,9,103,N,0.0,False,"reflection=The level's layout suggests that exploring diagonals and cardinal directions systematically can reveal hidden paths or items, and it's crucial to avoi"
f4e49053,reflexion_mh,MiniHack-River-Narrow-v0,9,104,N,0.0,False,reflection=The level's layout suggests that exploring diagonals and cardinal directions systematically can reveal hidden paths or items. Continuing north may rev
f4e49053,reflexion_mh,MiniHack-River-Narrow-v0,9,105,N,0.0,False,"reflection=The level's layout suggests that exploring diagonals and cardinal directions systematically can reveal hidden paths or items, and continuing north may"
f4e49053,reflexion_mh,MiniHack-River-Narrow-v0,9,106,N,-0.01,False,"reflection=The level's layout suggests that exploring diagonals and cardinal directions systematically can reveal hidden paths or items, and continuing north may"
f4e49053,reflexion_mh,MiniHack-River-Narrow-v0,9,107,N,-0.01,False,"reflection=The level's layout suggests that exploring diagonals and cardinal directions systematically can reveal hidden paths or items, and continuing north may"
f4e49053,reflexion_mh,MiniHack-River-Narrow-v0,9,108,W,0.0,False,"reflection=The level's layout suggests that exploring diagonals and cardinal directions systematically can reveal hidden paths or items, and continuing to explor"
f4e49053,reflexion_mh,MiniHack-River-Narrow-v0,9,109,N,-0.01,False,"reflection=The level's layout suggests that exploring diagonals and cardinal directions systematically can reveal hidden paths or items, and continuing to explor"
f4e49053,reflexion_mh,MiniHack-River-Narrow-v0,9,110,E,0.0,False,reflection=The level's layout suggests that exploring diagonals and cardinal directions systematically can reveal hidden paths or items. Continuing to explore in
f4e49053,reflexion_mh,MiniHack-River-Narrow-v0,9,111,E,0.0,False,reflection=The level's layout suggests that exploring diagonals and cardinal directions systematically can reveal hidden paths or items. The presence of lava or 
f4e49053,reflexion_mh,MiniHack-River-Narrow-v0,9,112,S,0.0,False,reflection=The level's layout suggests that exploring diagonals and cardinal directions systematically can reveal hidden paths or items. The presence of lava or 
f4e49053,reflexion_mh,MiniHack-River-Narrow-v0,9,113,S,0.0,False,reflection=The level's layout suggests that exploring diagonals and cardinal directions systematically can reveal hidden paths or items. The presence of lava or 
f4e49053,reflexion_mh,MiniHack-River-Narrow-v0,9,114,S,0.0,False,"reflection=The level's layout suggests that exploring diagonals and cardinal directions systematically can reveal hidden paths or items, and it's crucial to avoi"
f4e49053,reflexion_mh,MiniHack-River-Narrow-v0,9,115,S,0.0,False,"reflection=The level's layout suggests that exploring diagonals and cardinal directions systematically can reveal hidden paths or items, and it's crucial to avoi"
f4e49053,reflexion_mh,MiniHack-River-Narrow-v0,9,116,S,0.0,False,"reflection=The level's layout suggests that systematic exploration in the southern direction may yield useful discoveries, and it's essential to keep track of th"
f4e49053,reflexion_mh,MiniHack-River-Narrow-v0,9,117,W,0.0,False,"reflection=The level's layout suggests that systematic exploration in the southern and western directions may yield useful discoveries, and it's essential to kee"
f4e49053,reflexion_mh,MiniHack-River-Narrow-v0,9,118,S,-0.01,False,"reflection=The level's design suggests that there might be a path or items of interest in the southern and western areas, and careful navigation around the lava "
f4e49053,reflexion_mh,MiniHack-River-Narrow-v0,9,119,W,0.0,False,"reflection=The level's design suggests that the western area might hold more immediate interest or necessities for progression, given the lack of progress to the"
