run_id,variant,env_id,seed,step,action,reward,done,note
56e32a63,probe_mh,MiniHack-River-Narrow-v0,20,0,E,0.0,False,"belief={'layout': 'unknown, exploring', 'plan': 'move east to gather more information'} | mech=unknown; I do not yet know how the obstacles here work, so I must discover it by"
56e32a63,probe_mh,MiniHack-River-Narrow-v0,20,1,E,0.0,False,"belief={'layout': 'unknown, exploring', 'plan': 'move east to gather more information'} | mech=unknown; I do not yet know how the obstacles here work, so I must discover it by"
56e32a63,probe_mh,MiniHack-River-Narrow-v0,20,2,E,0.0,False,"belief={'layout': 'unknown, exploring', 'plan': 'move east to gather more information'} | mech=unknown; I do not yet know how the obstacles here work, so I must discover it by"
56e32a63,probe_mh,MiniHack-River-Narrow-v0,20,3,E,0.0,False,"belief={'layout': 'unknown, exploring', 'plan': 'move east to gather more information'} | mech=unknown; I do not yet know how the obstacles here work, so I must discover it by"
56e32a63,probe_mh,MiniHack-River-Narrow-v0,20,4,S,-0.01,False,"belief={'layout': 'unknown, exploring', 'plan': 'move south to gather more information' | mech=unknown; I do not yet know how the obstacles here work, so I must discover it by"
56e32a63,probe_mh,MiniHack-River-Narrow-v0,20,5,S,-0.01,False,"belief={'layout': 'unknown, exploring', 'plan': 'move south to gather more information' | mech=unknown; I do not yet know how the obstacles here work, so I must discover it by"
56e32a63,probe_mh,MiniHack-River-Narrow-v0,20,6,W,0.0,False,"belief={'layout': 'unknown, exploring', 'plan': 'move west to gather more information'} | mech=unknown; I do not yet know how the obstacles here work, so I must discover it by"
56e32a63,probe_mh,MiniHack-River-Narrow-v0,20,7,W,0.0,False,"belief={'layout': 'unknown, exploring', 'plan': 'move west to gather more information'} | mech=unknown; I do not yet know how the obstacles here work, so I must discover it by"
56e32a63,probe_mh,MiniHack-River-Narrow-v0,20,8,W,0.0,False,"belief={'layout': 'unknown, exploring', 'plan': 'move west to gather more information'} | mech=unknown; I do not yet know how the obstacles here work, so I must discover it by"
56e32a63,probe_mh,MiniHack-River-Narrow-v0,20,9,W,0.0,False,"belief={'layout': 'unknown, exploring', 'plan': 'move west to gather more information'} | mech=unknown; I do not yet know how the obstacles here work, so I must discover it by"
56e32a63,probe_mh,MiniHack-River-Narrow-v0,20,10,W,0.0,False,"belief={'layout': 'unknown, exploring', 'plan': 'move west to gather more information'} | mech=unknown; I do not yet know how the obstacles here work, so I must discover it by"
56e32a63,probe_mh,MiniHack-River-Narrow-v0,20,11,E,0.0,False,"belief={'layout': 'unknown, exploring', 'plan': 'test water mechanic by trying to enter | mech=unknown; I do not yet know how the obstacles here work, so I must discover it by | EXPERIMENT"
56e32a63,probe_mh,MiniHack-River-Narrow-v0,20,12,S,-0.01,False,"belief={'layout': 'unknown, exploring', 'plan': 'test water mechanic by trying to enter | mech=unknown; I do not yet know how the obstacles here work, so I must discover it by"
56e32a63,probe_mh,MiniHack-River-Narrow-v0,20,13,S,-0.01,False,"belief={'layout': 'unknown, exploring', 'plan': 'test water mechanic by trying to enter | mech=unknown; I do not yet know how the obstacles here work, so I must discover it by"
56e32a63,probe_mh,MiniHack-River-Narrow-v0,20,14,E,0.0,False,"belief={'layout': 'unknown, exploring', 'plan': 'test water mechanic by trying to enter | mech=unknown; I do not yet know how the obstacles here work, so I must discover it by"
56e32a63,probe_mh,MiniHack-River-Narrow-v0,20,15,E,0.0,False,"belief={'layout': 'unknown, exploring', 'plan': 'test water mechanic by trying to enter | mech=unknown; I do not yet know how the obstacles here work, so I must discover it by"
56e32a63,probe_mh,MiniHack-River-Narrow-v0,20,16,E,0.0,False,"belief={'layout': 'unknown, exploring', 'plan': 'move east to test water mechanic'} | mech=unknown; I do not yet know how the obstacles here work, so I must discover it by"
56e32a63,probe_mh,MiniHack-River-Narrow-v0,20,17,E,0.0,False,"belief={'layout': 'unknown, exploring', 'plan': 'move east to test water mechanic'} | mech=unknown; I do not yet know how the obstacles here work, so I must discover it by"
56e32a63,probe_mh,MiniHack-River-Narrow-v0,20,18,E,0.0,False,"belief={'layout': 'unknown, exploring', 'plan': 'move east to test water mechanic'} | mech=unknown; I do not yet know how the obstacles here work, so I must discover it by"
56e32a63,probe_mh,MiniHack-River-Narrow-v0,20,19,S,0.0,False,"belief={'layout': 'unknown, exploring', 'plan': 'move south to test lava/water mechanic | mech=unknown; I do not yet know how the obstacles here work, so I must discover it by"
56e32a63,probe_mh,MiniHack-River-Narrow-v0,20,20,S,-0.01,False,"belief={'layout': 'unknown, exploring', 'plan': 'move south to test lava/water mechanic | mech=unknown; I do not yet know how the obstacles here work, so I must discover it by"
56e32a63,probe_mh,MiniHack-River-Narrow-v0,20,21,S,-0.01,False,"belief={'layout': 'unknown, exploring', 'plan': 'move south to test lava/water mechanic | mech=unknown; I do not yet know how the obstacles here work, so I must discover it by"
56e32a63,probe_mh,MiniHack-River-Narrow-v0,20,22,W,0.0,False,"belief={'layout': 'unknown, exploring', 'plan': 'move west to explore and find alternat | mech=unknown; I do not yet know how the obstacles here work, so I must discover it by"
56e32a63,probe_mh,MiniHack-River-Narrow-v0,20,23,SW,-0.01,False,"belief={'layout': 'unknown, exploring', 'plan': 'test lava interaction'} | mech=unknown; I do not yet know how the obstacles here work, so I must discover it by | EXPERIMENT"
56e32a63,probe_mh,MiniHack-River-Narrow-v0,20,24,N,0.0,False,"belief={'layout': 'unknown, exploring', 'plan': 'explore north'} | mech=unknown; I do not yet know how the obstacles here work, so I must discover it by"
56e32a63,probe_mh,MiniHack-River-Narrow-v0,20,25,N,0.0,False,"belief={'layout': 'unknown, exploring', 'plan': 'explore north'} | mech=unknown; I do not yet know how the obstacles here work, so I must discover it by"
56e32a63,probe_mh,MiniHack-River-Narrow-v0,20,26,N,0.0,False,"belief={'layout': 'unknown, exploring', 'plan': 'explore north'} | mech=unknown; I do not yet know how the obstacles here work, so I must discover it by"
56e32a63,probe_mh,MiniHack-River-Narrow-v0,20,27,N,0.0,False,"belief={'layout': 'unknown, exploring', 'plan': 'explore north'} | mech=unknown; I do not yet know how the obstacles here work, so I must discover it by"
56e32a63,probe_mh,MiniHack-River-Narrow-v0,20,28,N,0.0,False,"belief={'layout': 'unknown, exploring', 'plan': 'explore north'} | mech=unknown; I do not yet know how the obstacles here work, so I must discover it by"
56e32a63,probe_mh,MiniHack-River-Narrow-v0,20,29,N,0.0,False,"belief={'layout': 'unknown, exploring', 'plan': 'explore north'} | mech=unknown; I do not yet know how the obstacles here work, so I must discover it by"
56e32a63,probe_mh,MiniHack-River-Narrow-v0,20,30,N,-0.01,False,"belief={'layout': 'unknown, exploring', 'plan': 'explore north'} | mech=unknown; I do not yet know how the obstacles here work, so I must discover it by"
56e32a63,probe_mh,MiniHack-River-Narrow-v0,20,31,E,0.0,False,"belief={'layout': 'unknown, exploring', 'plan': 'explore east'} | mech=unknown; I do not yet know how the obstacles here work, so I must discover it by"
56e32a63,probe_mh,MiniHack-River-Narrow-v0,20,32,E,0.0,False,"belief={'layout': 'unknown, exploring', 'plan': 'explore east'} | mech=unknown; I do not yet know how the obstacles here work, so I must discover it by"
56e32a63,probe_mh,MiniHack-River-Narrow-v0,20,33,E,0.0,False,"belief={'layout': 'unknown, exploring', 'plan': 'explore east'} | mech=unknown; I do not yet know how the obstacles here work, so I must discover it by"
56e32a63,probe_mh,MiniHack-River-Narrow-v0,20,34,E,0.0,False,"belief={'layout': 'unknown, exploring', 'plan': 'explore east'} | mech=unknown; I do not yet know how the obstacles here work, so I must discover it by"
56e32a63,probe_mh,MiniHack-River-Narrow-v0,20,35,S,0.0,False,"belief={'layout': 'unknown, exploring', 'plan': 'test lava'} | mech=unknown; I do not yet know how the obstacles here work, so I must discover it by | EXPERIMENT"
56e32a63,probe_mh,MiniHack-River-Narrow-v0,20,36,E,0.0,False,"belief={'layout': 'unknown, exploring', 'plan': 'approach lava to test'} | mech=unknown; I do not yet know how the obstacles here work, so I must discover it by"
56e32a63,probe_mh,MiniHack-River-Narrow-v0,20,37,E,0.0,False,"belief={'layout': 'unknown, exploring', 'plan': 'approach lava to test'} | mech=unknown; I do not yet know how the obstacles here work, so I must discover it by"
56e32a63,probe_mh,MiniHack-River-Narrow-v0,20,38,N,0.0,False,"belief={'layout': 'unknown, exploring', 'plan': 'approach lava to test'} | mech=unknown; I do not yet know how the obstacles here work, so I must discover it by"
56e32a63,probe_mh,MiniHack-River-Narrow-v0,20,39,E,0.0,False,"belief={'layout': 'unknown, exploring', 'plan': 'approach lava to test'} | mech=unknown; I do not yet know how the obstacles here work, so I must discover it by"
56e32a63,probe_mh,MiniHack-River-Narrow-v0,20,40,S,0.0,False,"belief={'layout': 'unknown, exploring', 'plan': 'approach lava to test, moving south'} | mech=unknown; I do not yet know how the obstacles here work, so I must discover it by"
56e32a63,probe_mh,MiniHack-River-Narrow-v0,20,41,S,0.0,False,"belief={'layout': 'unknown, exploring', 'plan': 'approach lava to test, moving south'} | mech=unknown; I do not yet know how the obstacles here work, so I must discover it by"
56e32a63,probe_mh,MiniHack-River-Narrow-v0,20,42,S,0.0,False,"belief={'layout': 'unknown, exploring', 'plan': 'approach lava to test, moving south'} | mech=unknown; I do not yet know how the obstacles here work, so I must discover it by"
56e32a63,probe_mh,MiniHack-River-Narrow-v0,20,43,S,0.0,False,"belief={'layout': 'unknown, exploring', 'plan': 'approach lava to test, moving south'} | mech=unknown; I do not yet know how the obstacles here work, so I must discover it by"
56e32a63,probe_mh,MiniHack-River-Narrow-v0,20,44,S,0.0,False,"belief={'layout': 'unknown, exploring', 'plan': 'approach lava to test, moving south'} | mech=unknown; I do not yet know how the obstacles here work, so I must discover it by"
56e32a63,probe_mh,MiniHack-River-Narrow-v0,20,45,S,-0.01,False,"belief={'layout': 'unknown, exploring', 'plan': 'approach lava to test, moving south'} | mech=unknown; I do not yet know how the obstacles here work, so I must discover it by"
56e32a63,probe_mh,MiniHack-River-Narrow-v0,20,46,W,0.0,False,"belief={'layout': 'unknown, exploring', 'plan': 'move west to explore and find a path a | mech=unknown; I do not yet know how the obstacles here work, so I must discover it by"
56e32a63,probe_mh,MiniHack-River-Narrow-v0,20,47,W,0.0,False,"belief={'layout': 'unknown, exploring', 'plan': 'test lava interaction'} | mech=unknown; I do not yet know how the obstacles here work, so I must discover it by | EXPERIMENT"
56e32a63,probe_mh,MiniHack-River-Narrow-v0,20,48,N,0.0,False,"belief={'layout': 'unknown, exploring', 'plan': 'move north to explore'} | mech=unknown; I do not yet know how the obstacles here work, so I must discover it by"
56e32a63,probe_mh,MiniHack-River-Narrow-v0,20,49,N,0.0,False,"belief={'layout': 'unknown, exploring', 'plan': 'move north to explore'} | mech=unknown; I do not yet know how the obstacles here work, so I must discover it by"
56e32a63,probe_mh,MiniHack-River-Narrow-v0,20,50,N,0.0,False,"belief={'layout': 'unknown, exploring', 'plan': 'move north to explore'} | mech=unknown; I do not yet know how the obstacles here work, so I must discover it by"
56e32a63,probe_mh,MiniHack-River-Narrow-v0,20,51,N,0.0,False,"belief={'layout': 'unknown, exploring', 'plan': 'move north to explore'} | mech=unknown; I do not yet know how the obstacles here work, so I must discover it by"
56e32a63,probe_mh,MiniHack-River-Narrow-v0,20,52,N,0.0,False,"belief={'layout': 'unknown, exploring', 'plan': 'move north to explore'} | mech=unknown; I do not yet know how the obstacles here work, so I must discover it by"
56e32a63,probe_mh,MiniHack-River-Narrow-v0,20,53,N,0.0,False,"belief={'layout': 'unknown, exploring', 'plan': 'move north to explore'} | mech=unknown; I do not yet know how the obstacles here work, so I must discover it by"
56e32a63,probe_mh,MiniHack-River-Narrow-v0,20,54,E,0.0,False,"belief={'layout': 'unknown, exploring', 'plan': 'move east to explore'} | mech=unknown; I do not yet know how the obstacles here work, so I must discover it by"
56e32a63,probe_mh,MiniHack-River-Narrow-v0,20,55,E,0.0,False,"belief={'layout': 'unknown, exploring', 'plan': 'move east to explore'} | mech=unknown; I do not yet know how the obstacles here work, so I must discover it by"
56e32a63,probe_mh,MiniHack-River-Narrow-v0,20,56,E,0.0,False,"belief={'layout': 'unknown, exploring', 'plan': 'move east to explore'} | mech=unknown; I do not yet know how the obstacles here work, so I must discover it by"
56e32a63,probe_mh,MiniHack-River-Narrow-v0,20,57,E,0.0,False,"belief={'layout': 'unknown, exploring', 'plan': 'move east to explore'} | mech=unknown; I do not yet know how the obstacles here work, so I must discover it by"
56e32a63,probe_mh,MiniHack-River-Narrow-v0,20,58,S,0.0,False,"belief={'layout': 'unknown, exploring', 'plan': 'move south to explore'} | mech=unknown; I do not yet know how the obstacles here work, so I must discover it by"
56e32a63,probe_mh,MiniHack-River-Narrow-v0,20,59,E,0.0,False,"belief={'layout': 'unknown, exploring', 'plan': 'test water mechanic by trying to enter | mech=unknown; I do not yet know how the obstacles here work, so I must discover it by | EXPERIMENT"
56e32a63,probe_mh,MiniHack-River-Narrow-v0,20,60,S,0.0,False,"belief={'layout': 'unknown, exploring', 'plan': 'test water mechanic by trying to enter | mech=unknown; I do not yet know how the obstacles here work, so I must discover it by"
56e32a63,probe_mh,MiniHack-River-Narrow-v0,20,61,S,0.0,False,"belief={'layout': 'unknown, exploring', 'plan': 'test water mechanic by trying to enter | mech=unknown; I do not yet know how the obstacles here work, so I must discover it by"
56e32a63,probe_mh,MiniHack-River-Narrow-v0,20,62,S,0.0,False,"belief={'layout': 'unknown, exploring', 'plan': 'test water mechanic by trying to enter | mech=unknown; I do not yet know how the obstacles here work, so I must discover it by"
56e32a63,probe_mh,MiniHack-River-Narrow-v0,20,63,S,0.0,False,"belief={'layout': 'unknown, exploring', 'plan': 'test water mechanic by trying to enter | mech=unknown; I do not yet know how the obstacles here work, so I must discover it by"
56e32a63,probe_mh,MiniHack-River-Narrow-v0,20,64,S,-0.01,False,"belief={'layout': 'unknown, exploring', 'plan': 'test water mechanic by trying to enter | mech=unknown; I do not yet know how the obstacles here work, so I must discover it by"
56e32a63,probe_mh,MiniHack-River-Narrow-v0,20,65,E,0.0,False,"belief={'layout': 'unknown, exploring', 'plan': 'test water mechanic by trying to enter | mech=unknown; I do not yet know how the obstacles here work, so I must discover it by"
56e32a63,probe_mh,MiniHack-River-Narrow-v0,20,66,E,0.0,False,"belief={'layout': 'unknown, exploring', 'plan': 'test water mechanic by trying to enter | mech=unknown; I do not yet know how the obstacles here work, so I must discover it by"
56e32a63,probe_mh,MiniHack-River-Narrow-v0,20,67,E,0.0,False,"belief={'layout': 'unknown, exploring', 'plan': 'test water mechanic by trying to enter | mech=unknown; I do not yet know how the obstacles here work, so I must discover it by"
56e32a63,probe_mh,MiniHack-River-Narrow-v0,20,68,N,0.0,False,"belief={'layout': 'unknown, exploring', 'plan': 'test water mechanic by trying to enter | mech=unknown; I do not yet know how the obstacles here work, so I must discover it by"
56e32a63,probe_mh,MiniHack-River-Narrow-v0,20,69,N,0.0,False,"belief={'layout': 'unknown, exploring', 'plan': 'test water mechanic by trying to enter | mech=unknown; I do not yet know how the obstacles here work, so I must discover it by"
56e32a63,probe_mh,MiniHack-River-Narrow-v0,20,70,E,0.0,False,"belief={'layout': 'unknown, exploring', 'plan': 'test water mechanic by trying to enter | mech=unknown; I do not yet know how the obstacles here work, so I must discover it by"
56e32a63,probe_mh,MiniHack-River-Narrow-v0,20,71,E,0.0,False,"belief={'layout': 'unknown, exploring', 'plan': 'test water crossing by trying to enter | mech=unknown; I do not yet know how the obstacles here work, so I must discover it by | EXPERIMENT"
56e32a63,probe_mh,MiniHack-River-Narrow-v0,20,72,E,0.0,False,"belief={'layout': 'unknown, exploring', 'plan': 'test water crossing by trying to enter | mech=unknown; I do not yet know how the obstacles here work, so I must discover it by"
56e32a63,probe_mh,MiniHack-River-Narrow-v0,20,73,E,0.0,False,"belief={'layout': 'unknown, exploring', 'plan': 'test water crossing by trying to enter | mech=unknown; I do not yet know how the obstacles here work, so I must discover it by"
56e32a63,probe_mh,MiniHack-River-Narrow-v0,20,74,E,0.0,False,"belief={'layout': 'unknown, exploring', 'plan': 'test water crossing by trying to enter | mech=unknown; I do not yet know how the obstacles here work, so I must discover it by"
56e32a63,probe_mh,MiniHack-River-Narrow-v0,20,75,E,0.0,False,"belief={'layout': 'unknown, exploring', 'plan': 'test water crossing by trying to enter | mech=unknown; I do not yet know how the obstacles here work, so I must discover it by"
56e32a63,probe_mh,MiniHack-River-Narrow-v0,20,76,E,0.0,False,"belief={'layout': 'unknown, exploring', 'plan': 'test water crossing by trying to enter | mech=unknown; I do not yet know how the obstacles here work, so I must discover it by"
56e32a63,probe_mh,MiniHack-River-Narrow-v0,20,77,S,0.0,False,"belief={'layout': 'unknown, exploring', 'plan': 'move south to test water crossing'} | mech=unknown; I do not yet know how the obstacles here work, so I must discover it by"
56e32a63,probe_mh,MiniHack-River-Narrow-v0,20,78,S,0.0,False,"belief={'layout': 'unknown, exploring', 'plan': 'move south to test water crossing'} | mech=unknown; I do not yet know how the obstacles here work, so I must discover it by"
56e32a63,probe_mh,MiniHack-River-Narrow-v0,20,79,S,0.0,False,"belief={'layout': 'unknown, exploring', 'plan': 'move south to test water crossing'} | mech=unknown; I do not yet know how the obstacles here work, so I must discover it by"
56e32a63,probe_mh,MiniHack-River-Narrow-v0,20,80,S,-0.01,False,"belief={'layout': 'unknown, exploring', 'plan': 'move south to test water crossing'} | mech=unknown; I do not yet know how the obstacles here work, so I must discover it by"
56e32a63,probe_mh,MiniHack-River-Narrow-v0,20,81,S,-0.01,False,"belief={'layout': 'unknown, exploring', 'plan': 'move south to test water crossing'} | mech=unknown; I do not yet know how the obstacles here work, so I must discover it by"
56e32a63,probe_mh,MiniHack-River-Narrow-v0,20,82,E,0.0,False,"belief={'layout': 'unknown, exploring', 'plan': 'move east to explore and find alternat | mech=unknown; I do not yet know how the obstacles here work, so I must discover it by"
56e32a63,probe_mh,MiniHack-River-Narrow-v0,20,83,E,-0.01,False,"belief={'layout': 'unknown, exploring', 'plan': 'test lava interaction'} | mech=unknown; I do not yet know how the obstacles here work, so I must discover it by | EXPERIMENT"
56e32a63,probe_mh,MiniHack-River-Narrow-v0,20,84,E,-0.01,False,"belief={'layout': 'unknown, exploring', 'plan': 'move towards the downstairs'} | mech=unknown; I do not yet know how the obstacles here work, so I must discover it by"
56e32a63,probe_mh,MiniHack-River-Narrow-v0,20,85,N,0.0,False,"belief={'layout': 'unknown, exploring', 'plan': 'move towards the downstairs'} | mech=unknown; I do not yet know how the obstacles here work, so I must discover it by"
56e32a63,probe_mh,MiniHack-River-Narrow-v0,20,86,E,-0.01,False,"belief={'layout': 'unknown, exploring', 'plan': 'move towards the downstairs, currently | mech=unknown; I do not yet know how the obstacles here work, so I must discover it by"
56e32a63,probe_mh,MiniHack-River-Narrow-v0,20,87,S,0.0,False,"belief={'layout': 'unknown, exploring', 'plan': ""move towards the downstairs, currently | mech=unknown; I do not yet know how the obstacles here work, so I must discover it by"
56e32a63,probe_mh,MiniHack-River-Narrow-v0,20,88,S,-0.01,False,"belief={'layout': 'unknown, exploring', 'plan': 'move towards the downstairs, currently | mech=unknown; I do not yet know how the obstacles here work, so I must discover it by"
56e32a63,probe_mh,MiniHack-River-Narrow-v0,20,89,S,-0.01,False,"belief={'layout': 'unknown, exploring', 'plan': 'move towards the downstairs, currently | mech=unknown; I do not yet know how the obstacles here work, so I must discover it by"
56e32a63,probe_mh,MiniHack-River-Narrow-v0,20,90,W,0.0,False,"belief={'layout': 'unknown, exploring', 'plan': 'try going around the obstacle by movin | mech=unknown; I do not yet know how the obstacles here work, so I must discover it by"
56e32a63,probe_mh,MiniHack-River-Narrow-v0,20,91,S,-0.01,False,"belief={'layout': 'unknown, exploring', 'plan': 'try going around the obstacle by movin | mech=unknown; I do not yet know how the obstacles here work, so I must discover it by"
56e32a63,probe_mh,MiniHack-River-Narrow-v0,20,92,E,0.0,False,"belief={'layout': 'unknown, exploring', 'plan': 'try going around the obstacle by movin | mech=unknown; I do not yet know how the obstacles here work, so I must discover it by"
56e32a63,probe_mh,MiniHack-River-Narrow-v0,20,93,S,-0.01,False,"belief={'layout': 'unknown, exploring', 'plan': 'try going around the obstacle by movin | mech=unknown; I do not yet know how the obstacles here work, so I must discover it by"
56e32a63,probe_mh,MiniHack-River-Narrow-v0,20,94,W,0.0,False,"belief={'layout': 'unknown, exploring', 'plan': 'try going around the obstacle by movin | mech=unknown; I do not yet know how the obstacles here work, so I must discover it by"
56e32a63,probe_mh,MiniHack-River-Narrow-v0,20,95,W,0.0,False,"belief={'layout': 'unknown, exploring', 'plan': 'investigate the water/lava'} | mech=unknown; I do not yet know how the obstacles here work, so I must discover it by | EXPERIMENT"
56e32a63,probe_mh,MiniHack-River-Narrow-v0,20,96,W,0.0,False,"belief={'layout': 'unknown, exploring', 'plan': 'investigate the water/lava'} | mech=unknown; I do not yet know how the obstacles here work, so I must discover it by"
56e32a63,probe_mh,MiniHack-River-Narrow-v0,20,97,S,-0.01,False,"belief={'layout': 'unknown, exploring', 'plan': 'investigate the water/lava, move south | mech=unknown; I do not yet know how the obstacles here work, so I must discover it by"
56e32a63,probe_mh,MiniHack-River-Narrow-v0,20,98,S,-0.01,False,"belief={'layout': 'unknown, exploring', 'plan': 'investigate the water/lava, move south | mech=unknown; I do not yet know how the obstacles here work, so I must discover it by"
56e32a63,probe_mh,MiniHack-River-Narrow-v0,20,99,E,0.0,False,"belief={'layout': 'unknown, exploring', 'plan': 'investigate the water/lava, move east' | mech=unknown; I do not yet know how the obstacles here work, so I must discover it by"
56e32a63,probe_mh,MiniHack-River-Narrow-v0,20,100,E,0.0,False,"belief={'layout': 'unknown, exploring', 'plan': 'investigate the water/lava, move east' | mech=unknown; I do not yet know how the obstacles here work, so I must discover it by"
56e32a63,probe_mh,MiniHack-River-Narrow-v0,20,101,E,0.0,False,"belief={'layout': 'unknown, exploring', 'plan': 'investigate the water/lava, move east' | mech=unknown; I do not yet know how the obstacles here work, so I must discover it by"
56e32a63,probe_mh,MiniHack-River-Narrow-v0,20,102,E,-0.01,False,"belief={'layout': 'unknown, exploring', 'plan': 'investigate the water/lava, move east' | mech=unknown; I do not yet know how the obstacles here work, so I must discover it by"
56e32a63,probe_mh,MiniHack-River-Narrow-v0,20,103,N,0.0,False,"belief={'layout': 'unknown, exploring', 'plan': 'investigate the water/lava, move north | mech=unknown; I do not yet know how the obstacles here work, so I must discover it by"
56e32a63,probe_mh,MiniHack-River-Narrow-v0,20,104,N,0.0,False,"belief={'layout': 'unknown, exploring', 'plan': 'investigate the water/lava, move north | mech=unknown; I do not yet know how the obstacles here work, so I must discover it by"
56e32a63,probe_mh,MiniHack-River-Narrow-v0,20,105,N,0.0,False,"belief={'layout': 'unknown, exploring', 'plan': 'investigate the water/lava, move north | mech=unknown; I do not yet know how the obstacles here work, so I must discover it by"
56e32a63,probe_mh,MiniHack-River-Narrow-v0,20,106,N,1.0,True,"belief={'layout': 'unknown, exploring', 'plan': 'investigate the water/lava, move north | mech=unknown; I do not yet know how the obstacles here work, so I must discover it by"
56e32a63,probe_mh,MiniHack-River-Narrow-v0,21,0,E,0.0,False,"belief=The goal is likely to be downstairs, but its location is unknown. The initial pl | mech=The full moon message might have an effect on the game world or creatures, but i"
56e32a63,probe_mh,MiniHack-River-Narrow-v0,21,1,E,0.0,False,"belief={'layout': 'The goal is likely to be downstairs, but its location is unknown. Th | mech=The full moon message might have an effect on the game world or creatures, but i"
56e32a63,probe_mh,MiniHack-River-Narrow-v0,21,2,E,0.0,False,"belief={'layout': 'The goal is likely to be downstairs, but its location is unknown. Th | mech=The full moon message might have an effect on the game world or creatures, but i"
56e32a63,probe_mh,MiniHack-River-Narrow-v0,21,3,E,0.0,False,"belief={'layout': 'The goal is likely to be downstairs, but its location is unknown. Th | mech=The full moon message might have an effect on the game world or creatures, but i"
56e32a63,probe_mh,MiniHack-River-Narrow-v0,21,4,S,0.0,False,"belief={'layout': 'The goal is likely to be downstairs, but its location is unknown. Th | mech=The full moon message might have an effect on the game world or creatures, but i"
56e32a63,probe_mh,MiniHack-River-Narrow-v0,21,5,E,0.0,False,"belief={'layout': 'The goal is likely to be downstairs, but its location is unknown. Th | mech=The full moon message might have an effect on the game world or creatures, but i"
56e32a63,probe_mh,MiniHack-River-Narrow-v0,21,6,S,0.0,False,"belief={'layout': 'The goal is likely to be downstairs, but its location is unknown. Th | mech=The full moon message might have an effect on the game world or creatures, but i"
56e32a63,probe_mh,MiniHack-River-Narrow-v0,21,7,E,0.0,False,"belief={'layout': 'The goal is likely to be downstairs, but its location is unknown. Th | mech=The full moon message might have an effect on the game world or creatures, but i"
56e32a63,probe_mh,MiniHack-River-Narrow-v0,21,8,S,-0.01,False,"belief={'layout': 'The goal is likely to be downstairs, but its location is unknown. Th | mech=The full moon message might have an effect on the game world or creatures, but i"
56e32a63,probe_mh,MiniHack-River-Narrow-v0,21,9,E,0.0,False,"belief={'layout': 'The goal is likely to be downstairs, but its location is unknown. Th | mech=The full moon message might have an effect on the game world or creatures, but i"
56e32a63,probe_mh,MiniHack-River-Narrow-v0,21,10,S,-0.01,False,"belief={'layout': 'The goal is likely to be downstairs, but its location is unknown. Th | mech=The full moon message might have an effect on the game world or creatures, but i"
56e32a63,probe_mh,MiniHack-River-Narrow-v0,21,11,E,0.0,False,"belief={'layout': 'The goal is likely to be downstairs, but its location is unknown. Th | mech=The full moon message might have an effect on the game world or creatures, but i"
56e32a63,probe_mh,MiniHack-River-Narrow-v0,21,12,S,-0.01,False,"belief={'layout': 'The goal is likely to be downstairs, but its location is unknown. Th | mech=The full moon message might have an effect on the game world or creatures, but i"
56e32a63,probe_mh,MiniHack-River-Narrow-v0,21,13,W,0.0,False,"belief={'layout': 'The goal is likely to be downstairs, but its location is unknown. Th | mech=The full moon message might have an effect on the game world or creatures, but i"
56e32a63,probe_mh,MiniHack-River-Narrow-v0,21,14,W,0.0,False,"belief={'layout': 'The goal is likely to be downstairs, but its location is unknown. Th | mech=The full moon message might have an effect on the game world or creatures, but i"
56e32a63,probe_mh,MiniHack-River-Narrow-v0,21,15,W,0.0,False,"belief={'layout': 'The goal is likely to be downstairs, but its location is unknown. Th | mech=The full moon message might have an effect on the game world or creatures, but i"
56e32a63,probe_mh,MiniHack-River-Narrow-v0,21,16,W,0.0,False,"belief={'layout': 'The goal is likely to be downstairs, but its location is unknown. Th | mech=The full moon message might have an effect on the game world or creatures, but i"
56e32a63,probe_mh,MiniHack-River-Narrow-v0,21,17,N,0.0,False,"belief={'layout': 'The goal is likely to be downstairs, but its location is unknown. Th | mech=The full moon message might have an effect on the game world or creatures, but i"
56e32a63,probe_mh,MiniHack-River-Narrow-v0,21,18,N,0.0,False,"belief={'layout': 'The goal is likely to be downstairs, but its location is unknown. Th | mech=The full moon message might have an effect on the game world or creatures, but i"
56e32a63,probe_mh,MiniHack-River-Narrow-v0,21,19,N,0.0,False,"belief={'layout': 'The goal is likely to be downstairs, but its location is unknown. Th | mech=The full moon message might have an effect on the game world or creatures, but i"
56e32a63,probe_mh,MiniHack-River-Narrow-v0,21,20,N,0.0,False,"belief={'layout': 'The goal is likely to be downstairs, but its location is unknown. Th | mech=The full moon message might have an effect on the game world or creatures, but i"
56e32a63,probe_mh,MiniHack-River-Narrow-v0,21,21,N,0.0,False,"belief={'layout': 'The goal is likely to be downstairs, but its location is unknown. Th | mech=The full moon message might have an effect on the game world or creatures, but i"
56e32a63,probe_mh,MiniHack-River-Narrow-v0,21,22,N,0.0,False,"belief={'layout': 'The goal is likely to be downstairs, but its location is unknown. Th | mech=The full moon message might have an effect on the game world or creatures, but i"
56e32a63,probe_mh,MiniHack-River-Narrow-v0,21,23,N,-0.01,False,"belief={'layout': 'The goal is likely to be downstairs, but its location is unknown. Th | mech=The full moon message might have an effect on the game world or creatures, but i"
56e32a63,probe_mh,MiniHack-River-Narrow-v0,21,24,E,0.0,False,"belief={'layout': 'The goal is likely to be downstairs, but its location is unknown. Th | mech=The full moon message might have an effect on the game world or creatures, but i"
56e32a63,probe_mh,MiniHack-River-Narrow-v0,21,25,S,0.0,False,"belief={'layout': 'The goal is likely to be downstairs, but its location is unknown. Th | mech=The full moon message might have an effect on the game world or creatures, but i"
56e32a63,probe_mh,MiniHack-River-Narrow-v0,21,26,S,0.0,False,"belief={'layout': 'The goal is likely to be downstairs, but its location is unknown. Th | mech=The full moon message might have an effect on the game world or creatures, but i"
56e32a63,probe_mh,MiniHack-River-Narrow-v0,21,27,S,0.0,False,"belief={'layout': 'The goal is likely to be downstairs, but its location is unknown. Th | mech=The full moon message might have an effect on the game world or creatures, but i"
56e32a63,probe_mh,MiniHack-River-Narrow-v0,21,28,S,0.0,False,"belief={'layout': 'The goal is likely to be downstairs, but its location is unknown. Th | mech=The full moon message might have an effect on the game world or creatures, but i"
56e32a63,probe_mh,MiniHack-River-Narrow-v0,21,29,W,0.0,False,"belief={'layout': 'The goal is likely to be downstairs, but its location is unknown. Th | mech=The full moon message might have an effect on the game world or creatures, but i"
56e32a63,probe_mh,MiniHack-River-Narrow-v0,21,30,W,0.0,False,"belief={'layout': 'The goal is likely to be downstairs, but its location is unknown. Th | mech=The full moon message might have an effect on the game world or creatures, but i"
56e32a63,probe_mh,MiniHack-River-Narrow-v0,21,31,W,0.0,False,"belief={'layout': 'The goal is likely to be downstairs, but its location is unknown. Th | mech=The full moon message might have an effect on the game world or creatures, but i"
56e32a63,probe_mh,MiniHack-River-Narrow-v0,21,32,W,0.0,False,"belief={'layout': 'The goal is likely to be downstairs, but its location is unknown. Th | mech=The full moon message might have an effect on the game world or creatures, but i"
56e32a63,probe_mh,MiniHack-River-Narrow-v0,21,33,W,0.0,False,"belief={'layout': 'The goal is likely to be downstairs, but its location is unknown. Th | mech=The full moon message might have an effect on the game world or creatures, but i"
56e32a63,probe_mh,MiniHack-River-Narrow-v0,21,34,W,0.0,False,"belief={'layout': 'The goal is likely to be downstairs, but its location is unknown. Th | mech=The full moon message might have an effect on the game world or creatures, but i"
56e32a63,probe_mh,MiniHack-River-Narrow-v0,21,35,W,0.0,False,"belief={'layout': 'The goal is likely to be downstairs, but its location is unknown. Th | mech=The full moon message might have an effect on the game world or creatures, but i"
56e32a63,probe_mh,MiniHack-River-Narrow-v0,21,36,W,0.0,False,"belief={'layout': 'The goal is likely to be downstairs, but its location is unknown. Th | mech=The full moon message might have an effect on the game world or creatures, but i"
56e32a63,probe_mh,MiniHack-River-Narrow-v0,21,37,W,0.0,False,"belief={'layout': 'The goal is likely to be downstairs, but its location is unknown. Th | mech=The full moon message might have an effect on the game world or creatures, but i"
56e32a63,probe_mh,MiniHack-River-Narrow-v0,21,38,W,0.0,False,"belief={'layout': 'The goal is likely to be downstairs, but its location is unknown. Th | mech=The full moon message might have an effect on the game world or creatures, but i"
56e32a63,probe_mh,MiniHack-River-Narrow-v0,21,39,W,0.0,False,"belief={'layout': 'The goal is likely to be downstairs, but its location is unknown. Th | mech=The full moon message might have an effect on the game world or creatures, but i"
56e32a63,probe_mh,MiniHack-River-Narrow-v0,21,40,W,0.0,False,"belief={'layout': 'The goal is likely to be downstairs, but its location is unknown. Th | mech=The full moon message might have an effect on the game world or creatures, but i"
56e32a63,probe_mh,MiniHack-River-Narrow-v0,21,41,S,0.0,False,"belief={'layout': 'The goal is likely to be downstairs, but its location is unknown. Th | mech=The full moon message might have an effect on the game world or creatures, but i"
56e32a63,probe_mh,MiniHack-River-Narrow-v0,21,42,S,-0.01,False,"belief={'layout': 'The goal is likely to be downstairs, but its location is unknown. Th | mech=The full moon message might have an effect on the game world or creatures, but i"
56e32a63,probe_mh,MiniHack-River-Narrow-v0,21,43,S,-0.01,False,"belief={'layout': 'The goal is likely to be downstairs, but its location is unknown. Th | mech=The full moon message might have an effect on the game world or creatures, but i"
56e32a63,probe_mh,MiniHack-River-Narrow-v0,21,44,E,0.0,False,"belief={'layout': 'The goal is likely to be downstairs, but its location is unknown. Si | mech=The full moon message might have an effect on the game world or creatures, but i"
56e32a63,probe_mh,MiniHack-River-Narrow-v0,21,45,N,0.0,False,"belief={'layout': 'The goal is likely to be downstairs, but its location is unknown. Si | mech=The full moon message might have an effect on the game world or creatures, but i"
56e32a63,probe_mh,MiniHack-River-Narrow-v0,21,46,N,0.0,False,"belief={'layout': 'The goal is likely to be downstairs, but its location is unknown. Si | mech=The full moon message might have an effect on the game world or creatures, but i"
56e32a63,probe_mh,MiniHack-River-Narrow-v0,21,47,N,0.0,False,"belief={'layout': 'The goal is likely to be downstairs, but its location is unknown. Si | mech=The full moon message might have an effect on the game world or creatures, but i"
56e32a63,probe_mh,MiniHack-River-Narrow-v0,21,48,N,0.0,False,"belief={'layout': 'The goal is likely to be downstairs, but its location is unknown. Si | mech=The full moon message might have an effect on the game world or creatures, but i"
56e32a63,probe_mh,MiniHack-River-Narrow-v0,21,49,W,0.0,False,"belief={'layout': 'The goal is likely to be downstairs, but its location is unknown. Si | mech=The full moon message might have an effect on the game world or creatures, but i"
56e32a63,probe_mh,MiniHack-River-Narrow-v0,21,50,W,0.0,False,"belief={'layout': 'The goal is likely to be downstairs, but its location is unknown. Si | mech=The full moon message might have an effect on the game world or creatures, but i"
56e32a63,probe_mh,MiniHack-River-Narrow-v0,21,51,W,0.0,False,"belief={'layout': 'The goal is likely to be downstairs, but its location is unknown. Si | mech=The full moon message might have an effect on the game world or creatures, but i"
56e32a63,probe_mh,MiniHack-River-Narrow-v0,21,52,W,-0.01,False,"belief={'layout': 'The goal is likely to be downstairs, but its location is unknown. Si | mech=The full moon message might have an effect on the game world or creatures, but i"
56e32a63,probe_mh,MiniHack-River-Narrow-v0,21,53,S,0.0,False,"belief={'layout': 'The goal is likely to be downstairs, but its location is unknown. Si | mech=The full moon message might have an effect on the game world or creatures, but i"
56e32a63,probe_mh,MiniHack-River-Narrow-v0,21,54,S,0.0,False,"belief={'layout': 'The goal is likely to be downstairs, but its location is unknown. Si | mech=The full moon message might have an effect on the game world or creatures, but i"
56e32a63,probe_mh,MiniHack-River-Narrow-v0,21,55,S,0.0,False,"belief={'layout': 'The goal is likely to be downstairs, but its location is unknown. Si | mech=The full moon message might have an effect on the game world or creatures, but i"
56e32a63,probe_mh,MiniHack-River-Narrow-v0,21,56,S,0.0,False,"belief={'layout': 'The goal is likely to be downstairs, but its location is unknown. Si | mech=The full moon message might have an effect on the game world or creatures, but i"
56e32a63,probe_mh,MiniHack-River-Narrow-v0,21,57,S,0.0,False,"belief={'layout': 'The goal is likely to be downstairs, but its location is unknown. Si | mech=The full moon message might have an effect on the game world or creatures, but i"
56e32a63,probe_mh,MiniHack-River-Narrow-v0,21,58,S,-0.01,False,"belief={'layout': 'The goal is likely to be downstairs, but its location is unknown. Si | mech=The full moon message might have an effect on the game world or creatures, but i"
56e32a63,probe_mh,MiniHack-River-Narrow-v0,21,59,E,0.0,False,"belief={'layout': 'The goal is likely to be downstairs, but its location is unknown. Si | mech=The full moon message might have an effect on the game world or creatures, but i"
56e32a63,probe_mh,MiniHack-River-Narrow-v0,21,60,N,0.0,False,"belief={'layout': 'The goal is likely to be downstairs, but its location is unknown. Si | mech=The full moon message might have an effect on the game world or creatures, but i"
56e32a63,probe_mh,MiniHack-River-Narrow-v0,21,61,N,0.0,False,"belief={'layout': 'The goal is likely to be downstairs, but its location is unknown. Si | mech=The full moon message might have an effect on the game world or creatures, but i"
56e32a63,probe_mh,MiniHack-River-Narrow-v0,21,62,N,0.0,False,"belief={'layout': 'The goal is likely to be downstairs, but its location is unknown. Si | mech=The full moon message might have an effect on the game world or creatures, but i"
56e32a63,probe_mh,MiniHack-River-Narrow-v0,21,63,N,0.0,False,"belief={'layout': 'The goal is likely to be downstairs, but its location is unknown. Si | mech=The full moon message might have an effect on the game world or creatures, but i"
56e32a63,probe_mh,MiniHack-River-Narrow-v0,21,64,N,0.0,False,"belief={'layout': 'The goal is likely to be downstairs, but its location is unknown. Si | mech=The full moon message might have an effect on the game world or creatures, but i"
56e32a63,probe_mh,MiniHack-River-Narrow-v0,21,65,N,0.0,False,"belief={'layout': 'The goal is likely to be downstairs, but its location is unknown. Si | mech=The full moon message might have an effect on the game world or creatures, but i"
56e32a63,probe_mh,MiniHack-River-Narrow-v0,21,66,W,0.0,False,"belief={'layout': 'The goal is likely to be downstairs, but its location is unknown. Si | mech=The full moon message might have an effect on the game world or creatures, but i"
56e32a63,probe_mh,MiniHack-River-Narrow-v0,21,67,W,-0.01,False,"belief={'layout': 'The goal is likely to be downstairs, but its location is unknown. Si | mech=The full moon message might have an effect on the game world or creatures, but i"
56e32a63,probe_mh,MiniHack-River-Narrow-v0,21,68,N,-0.01,False,"belief={'layout': 'The goal is likely to be downstairs, but its location is unknown. Si | mech=The full moon message might have an effect on the game world or creatures, but i"
56e32a63,probe_mh,MiniHack-River-Narrow-v0,21,69,E,0.0,False,"belief={'layout': 'The goal is likely to be downstairs, but its location is unknown. Si | mech=The full moon message might have an effect on the game world or creatures, but i"
56e32a63,probe_mh,MiniHack-River-Narrow-v0,21,70,E,0.0,False,"belief={'layout': 'The goal is likely to be downstairs, but its location is unknown. Si | mech=The full moon message might have an effect on the game world or creatures, but i"
56e32a63,probe_mh,MiniHack-River-Narrow-v0,21,71,E,0.0,False,"belief={'layout': 'The goal is likely to be downstairs, but its location is unknown. Si | mech=The full moon message might have an effect on the game world or creatures, but i"
56e32a63,probe_mh,MiniHack-River-Narrow-v0,21,72,E,0.0,False,"belief={'layout': 'The goal is likely to be downstairs, but its location is unknown. Si | mech=The full moon message might have an effect on the game world or creatures, but i"
56e32a63,probe_mh,MiniHack-River-Narrow-v0,21,73,E,0.0,False,"belief={'layout': 'The goal is likely to be downstairs, but its location is unknown. Si | mech=The full moon message might have an effect on the game world or creatures, but i"
56e32a63,probe_mh,MiniHack-River-Narrow-v0,21,74,E,0.0,False,"belief={'layout': 'The goal is likely to be downstairs, but its location is unknown. Si | mech=The full moon message might have an effect on the game world or creatures, but i"
56e32a63,probe_mh,MiniHack-River-Narrow-v0,21,75,E,0.0,False,"belief={'layout': 'The goal is likely to be downstairs, but its location is unknown. Si | mech=The full moon message might have an effect on the game world or creatures, but i"
56e32a63,probe_mh,MiniHack-River-Narrow-v0,21,76,S,0.0,False,"belief={'layout': 'The goal is likely to be downstairs, but its location is unknown. Si | mech=The lava or water (represented by '}') could be an obstacle or a hazard. I have "
56e32a63,probe_mh,MiniHack-River-Narrow-v0,21,77,S,0.0,False,"belief={'layout': 'The goal is likely to be downstairs, but its location is unknown. Si | mech=The lava or water (represented by '}') could be an obstacle or a hazard. I have "
56e32a63,probe_mh,MiniHack-River-Narrow-v0,21,78,S,0.0,False,"belief={'layout': 'The goal is likely to be downstairs, but its location is unknown. Si | mech=The lava or water (represented by '}') could be an obstacle or a hazard. I have "
56e32a63,probe_mh,MiniHack-River-Narrow-v0,21,79,S,0.0,False,"belief={'layout': 'The goal is likely to be downstairs, but its location is unknown. Si | mech=The lava or water (represented by '}') could be an obstacle or a hazard. I have "
56e32a63,probe_mh,MiniHack-River-Narrow-v0,21,80,W,0.0,False,"belief={'layout': 'The goal is likely to be downstairs, but its location is unknown. Si | mech=The lava or water (represented by '}') could be an obstacle or a hazard. I have "
56e32a63,probe_mh,MiniHack-River-Narrow-v0,21,81,W,0.0,False,"belief={'layout': 'The goal is likely to be downstairs, but its location is unknown. Si | mech=The lava or water (represented by '}') could be an obstacle or a hazard. I have "
56e32a63,probe_mh,MiniHack-River-Narrow-v0,21,82,W,0.0,False,"belief={'layout': 'The goal is likely to be downstairs, but its location is unknown. Si | mech=The lava or water (represented by '}') could be an obstacle or a hazard. I have "
56e32a63,probe_mh,MiniHack-River-Narrow-v0,21,83,W,0.0,False,"belief={'layout': 'The goal is likely to be downstairs, but its location is unknown. Si | mech=The lava or water (represented by '}') could be an obstacle or a hazard. I have "
56e32a63,probe_mh,MiniHack-River-Narrow-v0,21,84,W,0.0,False,"belief={'layout': 'The goal is likely to be downstairs, but its location is unknown. Si | mech=The lava or water (represented by '}') could be an obstacle or a hazard. I have "
56e32a63,probe_mh,MiniHack-River-Narrow-v0,21,85,W,0.0,False,"belief={'layout': 'The goal is likely to be downstairs, but its location is unknown. Si | mech=The lava or water (represented by '}') could be an obstacle or a hazard. I have "
56e32a63,probe_mh,MiniHack-River-Narrow-v0,21,86,W,0.0,False,"belief={'layout': 'The goal is likely to be downstairs, but its location is unknown. Si | mech=The lava or water (represented by '}') could be an obstacle or a hazard. I have "
56e32a63,probe_mh,MiniHack-River-Narrow-v0,21,87,N,0.0,False,"belief={'layout': 'The goal is likely to be downstairs, but its location is unknown. Si | mech=The lava or water (represented by '}') could be an obstacle or a hazard. I have "
56e32a63,probe_mh,MiniHack-River-Narrow-v0,21,88,N,0.0,False,"belief={'layout': 'The goal is likely to be downstairs, but its location is unknown. Si | mech=The lava or water (represented by '}') could be an obstacle or a hazard. I have "
56e32a63,probe_mh,MiniHack-River-Narrow-v0,21,89,N,0.0,False,"belief={'layout': 'The goal is likely to be downstairs, but its location is unknown. Si | mech=The lava or water (represented by '}') could be an obstacle or a hazard. I have "
56e32a63,probe_mh,MiniHack-River-Narrow-v0,21,90,N,0.0,False,"belief={'layout': 'The goal is likely to be downstairs, but its location is unknown. Si | mech=The lava or water (represented by '}') could be an obstacle or a hazard. I have "
56e32a63,probe_mh,MiniHack-River-Narrow-v0,21,91,N,-0.01,False,"belief={'layout': 'The goal is likely to be downstairs, but its location is unknown. Si | mech=The lava or water (represented by '}') could be an obstacle or a hazard. I have "
56e32a63,probe_mh,MiniHack-River-Narrow-v0,21,92,W,-0.01,False,"belief={'layout': 'The goal is likely to be downstairs, but its location is unknown. Si | mech=The lava or water (represented by '}') could be an obstacle or a hazard. I have "
56e32a63,probe_mh,MiniHack-River-Narrow-v0,21,93,S,0.0,False,"belief={'layout': 'The goal is likely to be downstairs, but its location is unknown. Si | mech=The lava or water (represented by '}') could be an obstacle or a hazard. I have "
56e32a63,probe_mh,MiniHack-River-Narrow-v0,21,94,S,0.0,False,"belief={'layout': 'The goal is likely to be downstairs, but its location is unknown. Si | mech=The lava or water (represented by '}') could be an obstacle or a hazard. I have "
56e32a63,probe_mh,MiniHack-River-Narrow-v0,21,95,E,0.0,False,"belief={'layout': 'The goal is likely to be downstairs, but its location is unknown. Si | mech=The lava or water (represented by '}') could be an obstacle or a hazard. I have "
56e32a63,probe_mh,MiniHack-River-Narrow-v0,21,96,E,0.0,False,"belief={'layout': 'The goal is likely to be downstairs, but its location is unknown. Si | mech=The lava or water (represented by '}') could be an obstacle or a hazard. I have "
56e32a63,probe_mh,MiniHack-River-Narrow-v0,21,97,S,0.0,False,"belief={'layout': 'The goal is likely to be downstairs, but its location is unknown. Si | mech=The lava or water (represented by '}') could be an obstacle or a hazard. I have "
56e32a63,probe_mh,MiniHack-River-Narrow-v0,21,98,E,0.0,False,"belief={'layout': 'The goal is likely to be downstairs, but its location is unknown. Si | mech=The lava or water (represented by '}') could be an obstacle or a hazard. I have "
56e32a63,probe_mh,MiniHack-River-Narrow-v0,21,99,S,0.0,False,"belief={'layout': 'The goal is likely to be downstairs, but its location is unknown. Si | mech=The lava or water (represented by '}') could be an obstacle or a hazard. I have "
56e32a63,probe_mh,MiniHack-River-Narrow-v0,21,100,S,0.0,False,"belief={'layout': 'The goal is likely to be downstairs, but its location is unknown. Si | mech=The lava or water (represented by '}') could be an obstacle or a hazard. I have "
56e32a63,probe_mh,MiniHack-River-Narrow-v0,21,101,S,0.0,False,"belief={'layout': 'The goal is likely to be downstairs, but its location is unknown. Si | mech=The lava or water (represented by '}') could be an obstacle or a hazard. I have "
56e32a63,probe_mh,MiniHack-River-Narrow-v0,21,102,S,-0.01,False,"belief={'layout': 'The goal is likely to be downstairs, but its location is unknown. Si | mech=The lava or water (represented by '}') could be an obstacle or a hazard. I have "
56e32a63,probe_mh,MiniHack-River-Narrow-v0,21,103,S,-0.01,False,"belief={'layout': 'The goal is likely to be downstairs, but its location is unknown. Si | mech=The lava or water (represented by '}') could be an obstacle or a hazard. I have "
56e32a63,probe_mh,MiniHack-River-Narrow-v0,21,104,E,0.0,False,"belief={'layout': 'The goal is likely to be downstairs, but its location is unknown. Si | mech=The lava or water (represented by '}') could be an obstacle or a hazard. I have "
56e32a63,probe_mh,MiniHack-River-Narrow-v0,21,105,E,0.0,False,"belief={'layout': 'The goal is likely to be downstairs, but its location is unknown. Si | mech=The lava or water (represented by '}') could be an obstacle or a hazard. I have "
56e32a63,probe_mh,MiniHack-River-Narrow-v0,21,106,E,0.0,False,"belief={'layout': 'The goal is likely to be downstairs, but its location is unknown. Si | mech=The lava or water (represented by '}') could be an obstacle or a hazard. I have "
56e32a63,probe_mh,MiniHack-River-Narrow-v0,21,107,E,0.0,False,"belief={'layout': 'The goal is likely to be downstairs, but its location is unknown. Si | mech=The lava or water (represented by '}') could be an obstacle or a hazard. I have "
56e32a63,probe_mh,MiniHack-River-Narrow-v0,21,108,E,0.0,False,"belief={'layout': 'The goal is likely to be downstairs, but its location is unknown. Si | mech=The lava or water (represented by '}') could be an obstacle or a hazard. I have "
56e32a63,probe_mh,MiniHack-River-Narrow-v0,21,109,E,0.0,False,"belief={'layout': 'The goal is likely to be downstairs, but its location is unknown. Si | mech=The lava or water (represented by '}') could be an obstacle or a hazard. I have "
56e32a63,probe_mh,MiniHack-River-Narrow-v0,21,110,E,0.0,False,"belief={'layout': 'The goal is likely to be downstairs, but its location is unknown. Si | mech=The lava or water (represented by '}') could be an obstacle or a hazard. I have "
56e32a63,probe_mh,MiniHack-River-Narrow-v0,21,111,E,0.0,False,"belief={'layout': 'The goal is likely to be downstairs, but its location is unknown. Si | mech=The lava or water (represented by '}') could be an obstacle or a hazard. I have "
56e32a63,probe_mh,MiniHack-River-Narrow-v0,21,112,E,0.0,False,"belief={'layout': 'The goal is likely to be downstairs, but its location is unknown. Si | mech=The lava or water (represented by '}') could be an obstacle or a hazard. I have "
56e32a63,probe_mh,MiniHack-River-Narrow-v0,21,113,E,0.0,False,"belief={'layout': 'The goal is likely to be downstairs, but its location is unknown. Si | mech=The lava or water (represented by '}') could be an obstacle or a hazard. I have "
56e32a63,probe_mh,MiniHack-River-Narrow-v0,21,114,E,0.0,False,"belief={'layout': 'The goal is likely to be downstairs, but its location is unknown. Si | mech=The lava or water (represented by '}') could be an obstacle or a hazard. I have "
56e32a63,probe_mh,MiniHack-River-Narrow-v0,21,115,E,0.0,False,"belief={'layout': 'The goal is likely to be downstairs, but its location is unknown. Si | mech=The lava or water (represented by '}') could be an obstacle or a hazard. I have "
56e32a63,probe_mh,MiniHack-River-Narrow-v0,21,116,E,0.0,False,"belief={'layout': 'The goal is likely to be downstairs, but its location is unknown. Si | mech=The lava or water (represented by '}') could be an obstacle or a hazard. I have "
56e32a63,probe_mh,MiniHack-River-Narrow-v0,21,117,N,0.0,False,"belief={'layout': 'The goal is likely to be downstairs, but its location is unknown. Si | mech=The lava or water (represented by '}') could be an obstacle or a hazard. I have "
56e32a63,probe_mh,MiniHack-River-Narrow-v0,21,118,E,0.0,False,"belief={'layout': 'The goal is likely to be downstairs, but its location is unknown. Si | mech=The lava or water (represented by '}') could be an obstacle or a hazard. I have "
56e32a63,probe_mh,MiniHack-River-Narrow-v0,21,119,E,0.0,False,"belief={'layout': 'The goal is likely to be downstairs, but its location is unknown. Si | mech=The lava or water (represented by '}') could be an obstacle or a hazard. I have "
56e32a63,probe_mh,MiniHack-River-Narrow-v0,22,0,N,0.0,False,"belief=The goal is likely to be downstairs, but its location is unknown. The initial pl | mech=The full moon might have an effect on the game world or creatures. Since there a"
56e32a63,probe_mh,MiniHack-River-Narrow-v0,22,1,N,0.0,False,belief=The goal is likely to be downstairs. The next move will be to head north to expl | mech=Basic movement mechanics seem to be unrestricted in the given directions. The fu
56e32a63,probe_mh,MiniHack-River-Narrow-v0,22,2,E,0.0,False,belief=The goal is likely to be downstairs. The next move will be to head north to expl | mech=Basic movement mechanics seem to be unrestricted in the given directions. The fu
56e32a63,probe_mh,MiniHack-River-Narrow-v0,22,3,E,0.0,False,belief=The goal is likely to be downstairs. The next move will be to head north to expl | mech=Basic movement mechanics seem to be unrestricted in the given directions. The fu
56e32a63,probe_mh,MiniHack-River-Narrow-v0,22,4,S,0.0,False,"belief=The goal is likely to be downstairs, and since moving north and east did not rev | mech=Basic movement mechanics seem to be unrestricted in the given directions. The fu"
56e32a63,probe_mh,MiniHack-River-Narrow-v0,22,5,S,0.0,False,belief=The goal is likely to be downstairs. Since moving north and east did not reveal  | mech=Basic movement mechanics seem to be unrestricted in the given directions. The fu
56e32a63,probe_mh,MiniHack-River-Narrow-v0,22,6,S,0.0,False,belief=The goal is likely to be downstairs. The next move will be to head south to expl | mech=Basic movement mechanics seem to be unrestricted in the given directions. The fu
56e32a63,probe_mh,MiniHack-River-Narrow-v0,22,7,S,0.0,False,belief=The goal is likely to be downstairs. The next move will be to head south to expl | mech=Basic movement mechanics seem to be unrestricted in the given directions. The fu
56e32a63,probe_mh,MiniHack-River-Narrow-v0,22,8,S,0.0,False,belief=The goal is likely to be downstairs. The next move will be to head south to expl | mech=Basic movement mechanics seem to be unrestricted in the given directions. The fu
56e32a63,probe_mh,MiniHack-River-Narrow-v0,22,9,S,-0.01,False,"belief=The goal is likely to be downstairs, and the next move will be to head south to  | mech=Basic movement mechanics seem to be unrestricted in the given directions. The fu"
56e32a63,probe_mh,MiniHack-River-Narrow-v0,22,10,S,-0.01,False,"belief={'layout': 'The goal is likely to be downstairs, and the next move will be to he | mech=Basic movement mechanics seem to be unrestricted in the given directions. The fu"
56e32a63,probe_mh,MiniHack-River-Narrow-v0,22,11,E,0.0,False,"belief={'layout': 'The goal is likely to be downstairs, and the next move will be to he | mech=Basic movement mechanics seem to be unrestricted in the given directions. The fu"
56e32a63,probe_mh,MiniHack-River-Narrow-v0,22,12,E,0.0,False,"belief={'layout': 'The goal is likely to be downstairs, and the next move will be to he | mech=Basic movement mechanics seem to be unrestricted in the given directions. The fu"
56e32a63,probe_mh,MiniHack-River-Narrow-v0,22,13,E,0.0,False,"belief={'layout': 'The goal is likely to be downstairs, and the next move will be to he | mech=Basic movement mechanics seem to be unrestricted in the given directions. The fu"
56e32a63,probe_mh,MiniHack-River-Narrow-v0,22,14,E,0.0,False,"belief={'layout': 'The goal is likely to be downstairs, and the next move will be to he | mech=Basic movement mechanics seem to be unrestricted in the given directions. The fu"
56e32a63,probe_mh,MiniHack-River-Narrow-v0,22,15,N,0.0,False,"belief={'layout': 'The goal is likely to be downstairs, and the next move will be to he | mech=Basic movement mechanics seem to be unrestricted in the given directions. The fu"
56e32a63,probe_mh,MiniHack-River-Narrow-v0,22,16,E,0.0,False,"belief={'layout': 'The goal is likely to be downstairs, and the next move will be to he | mech=Basic movement mechanics seem to be unrestricted in the given directions. The fu"
56e32a63,probe_mh,MiniHack-River-Narrow-v0,22,17,E,0.0,False,"belief={'layout': 'The goal is likely to be downstairs, and the next move will be to he | mech=Basic movement mechanics seem to be unrestricted in the given directions. The fu"
56e32a63,probe_mh,MiniHack-River-Narrow-v0,22,18,E,0.0,False,"belief={'layout': 'The goal is likely to be downstairs, and the next move will be to he | mech=Basic movement mechanics seem to be unrestricted in the given directions. The fu"
56e32a63,probe_mh,MiniHack-River-Narrow-v0,22,19,E,0.0,False,"belief={'layout': 'The goal is likely to be downstairs, and the next move will be to he | mech=Basic movement mechanics seem to be unrestricted in the given directions. The fu"
56e32a63,probe_mh,MiniHack-River-Narrow-v0,22,20,E,0.0,False,"belief={'layout': 'The goal is likely to be downstairs, and the next move will be to he | mech=Basic movement mechanics seem to be unrestricted in the given directions. The fu"
56e32a63,probe_mh,MiniHack-River-Narrow-v0,22,21,E,0.0,False,"belief={'layout': 'The goal is likely to be downstairs, and the next move will be to he | mech=Basic movement mechanics seem to be unrestricted in the given directions. The fu"
56e32a63,probe_mh,MiniHack-River-Narrow-v0,22,22,E,0.0,False,"belief={'layout': 'The goal is likely to be downstairs, and the next move will be to he | mech=Basic movement mechanics seem to be unrestricted in the given directions. The fu"
56e32a63,probe_mh,MiniHack-River-Narrow-v0,22,23,E,0.0,False,"belief={'layout': 'The goal is likely to be downstairs, and the next move will be to he | mech=Basic movement mechanics seem to be unrestricted in the given directions. The fu"
56e32a63,probe_mh,MiniHack-River-Narrow-v0,22,24,E,0.0,False,"belief={'layout': 'The goal is likely to be downstairs, and the next move will be to he | mech=Basic movement mechanics seem to be unrestricted in the given directions. The fu"
56e32a63,probe_mh,MiniHack-River-Narrow-v0,22,25,E,-0.01,False,"belief={'layout': 'The goal is likely to be downstairs, and the next move will be to he | mech=Basic movement mechanics seem to be unrestricted in the given directions. The fu"
56e32a63,probe_mh,MiniHack-River-Narrow-v0,22,26,S,0.0,False,"belief={'layout': 'The goal is likely to be downstairs, and the next move will be to he | mech=Basic movement mechanics seem to be unrestricted in the given directions. The fu"
56e32a63,probe_mh,MiniHack-River-Narrow-v0,22,27,S,-0.01,False,"belief={'layout': 'The goal is likely to be downstairs, and the next move will be to he | mech=Basic movement mechanics seem to be unrestricted in the given directions. The fu"
56e32a63,probe_mh,MiniHack-River-Narrow-v0,22,28,W,0.0,False,"belief={'layout': 'The goal is likely to be downstairs, and the next move will be to he | mech=Basic movement mechanics seem to be unrestricted in the given directions. The fu"
56e32a63,probe_mh,MiniHack-River-Narrow-v0,22,29,W,0.0,False,"belief={'layout': 'The goal is likely to be downstairs, and the next move will be to he | mech=Basic movement mechanics seem to be unrestricted in the given directions. The fu"
56e32a63,probe_mh,MiniHack-River-Narrow-v0,22,30,W,0.0,False,"belief={'layout': 'The goal is likely to be downstairs, and the next move will be to he | mech=Basic movement mechanics seem to be unrestricted in the given directions. The fu"
56e32a63,probe_mh,MiniHack-River-Narrow-v0,22,31,W,0.0,False,"belief={'layout': 'The goal is likely to be downstairs, and the next move will be to he | mech=Basic movement mechanics seem to be unrestricted in the given directions. The fu"
56e32a63,probe_mh,MiniHack-River-Narrow-v0,22,32,W,0.0,False,"belief={'layout': 'The goal is likely to be downstairs, and the next move will be to he | mech=Basic movement mechanics seem to be unrestricted in the given directions. The fu"
56e32a63,probe_mh,MiniHack-River-Narrow-v0,22,33,W,0.0,False,"belief={'layout': 'The goal is likely to be downstairs, and the next move will be to he | mech=Basic movement mechanics seem to be unrestricted in the given directions. The fu"
56e32a63,probe_mh,MiniHack-River-Narrow-v0,22,34,W,0.0,False,"belief={'layout': 'The goal is likely to be downstairs, and the next move will be to he | mech=Basic movement mechanics seem to be unrestricted in the given directions. The fu"
56e32a63,probe_mh,MiniHack-River-Narrow-v0,22,35,S,-0.01,False,"belief={'layout': 'The goal is likely to be downstairs, and the next move will be to he | mech=Basic movement mechanics seem to be unrestricted in the given directions. The fu"
56e32a63,probe_mh,MiniHack-River-Narrow-v0,22,36,E,0.0,False,"belief={'layout': 'The goal is likely to be downstairs, and the next move will be to he | mech=Basic movement mechanics seem to be unrestricted in the given directions. The fu"
56e32a63,probe_mh,MiniHack-River-Narrow-v0,22,37,E,0.0,False,"belief={'layout': 'The goal is likely to be downstairs, and the next move will be to he | mech=Basic movement mechanics seem to be unrestricted in the given directions. The fu"
56e32a63,probe_mh,MiniHack-River-Narrow-v0,22,38,E,0.0,False,"belief={'layout': 'The goal is likely to be downstairs, and the next move will be to he | mech=Basic movement mechanics seem to be unrestricted in the given directions. The fu"
56e32a63,probe_mh,MiniHack-River-Narrow-v0,22,39,E,0.0,False,"belief={'layout': 'The goal is likely to be downstairs, and the next move will be to he | mech=Basic movement mechanics seem to be unrestricted in the given directions. The fu"
56e32a63,probe_mh,MiniHack-River-Narrow-v0,22,40,E,-0.01,False,"belief={'layout': 'The goal is likely to be downstairs, and the next move will be to he | mech=Basic movement mechanics seem to be unrestricted in the given directions. The fu"
56e32a63,probe_mh,MiniHack-River-Narrow-v0,22,41,S,-0.01,False,"belief={'layout': 'The goal is likely to be downstairs, and the next move will be to he | mech=Basic movement mechanics seem to be unrestricted in the given directions. The fu"
56e32a63,probe_mh,MiniHack-River-Narrow-v0,22,42,E,-0.01,False,"belief={'layout': 'The goal is likely to be downstairs, and since moving south is block | mech=Basic movement mechanics seem to be unrestricted in the given directions. The fu"
56e32a63,probe_mh,MiniHack-River-Narrow-v0,22,43,N,0.0,False,"belief={'layout': 'The goal is likely to be downstairs, and since moving south and east | mech=Basic movement mechanics seem to be unrestricted in the given directions. The fu"
56e32a63,probe_mh,MiniHack-River-Narrow-v0,22,44,N,0.0,False,"belief={'layout': 'The goal is likely to be downstairs, and since moving south and east | mech=Basic movement mechanics seem to be unrestricted in the given directions. The fu"
56e32a63,probe_mh,MiniHack-River-Narrow-v0,22,45,N,0.0,False,"belief={'layout': 'The goal is likely to be downstairs, and since moving south and east | mech=Basic movement mechanics seem to be unrestricted in the given directions. The fu"
56e32a63,probe_mh,MiniHack-River-Narrow-v0,22,46,N,1.0,True,"belief={'layout': 'The goal is likely to be downstairs, and since moving south and east | mech=Basic movement mechanics seem to be unrestricted in the given directions. The fu"
56e32a63,probe_mh,MiniHack-River-Narrow-v0,23,0,E,0.0,False,"belief={'layout': 'no plan yet; I need to locate the goal and a path to it', 'next_move | mech=unknown; I do not yet know how the obstacles here work, so I must discover it by"
56e32a63,probe_mh,MiniHack-River-Narrow-v0,23,1,E,0.0,False,"belief={'layout': 'explore east to find the goal and a path to it', 'next_move': 'move  | mech=unknown; I do not yet know how the obstacles here work, so I must discover it by"
56e32a63,probe_mh,MiniHack-River-Narrow-v0,23,2,E,0.0,False,"belief={'layout': 'explore east to find the goal and a path to it', 'next_move': 'move  | mech=unknown; I do not yet know how the obstacles here work, so I must discover it by"
56e32a63,probe_mh,MiniHack-River-Narrow-v0,23,3,E,0.0,False,"belief={'layout': 'explore east to find the goal and a path to it', 'next_move': 'move  | mech=unknown; I do not yet know how the obstacles here work, so I must discover it by"
56e32a63,probe_mh,MiniHack-River-Narrow-v0,23,4,E,0.0,False,"belief={'layout': 'explore east to find the goal and a path to it', 'next_move': 'move  | mech=unknown; I do not yet know how the obstacles here work, so I must discover it by"
56e32a63,probe_mh,MiniHack-River-Narrow-v0,23,5,E,0.0,False,"belief={'layout': 'explore east to find the goal and a path to it', 'next_move': 'move  | mech=unknown; I do not yet know how the obstacles here work, so I must discover it by"
56e32a63,probe_mh,MiniHack-River-Narrow-v0,23,6,E,0.0,False,"belief={'layout': 'explore east to find the goal and a path to it', 'next_move': 'move  | mech=unknown; I do not yet know how the obstacles here work, so I must discover it by"
56e32a63,probe_mh,MiniHack-River-Narrow-v0,23,7,E,0.0,False,"belief={'layout': 'explore east to find the goal and a path to it', 'next_move': 'move  | mech=unknown; I do not yet know how the obstacles here work, so I must discover it by"
56e32a63,probe_mh,MiniHack-River-Narrow-v0,23,8,E,0.0,False,"belief={'layout': 'explore east to find the goal and a path to it', 'next_move': 'move  | mech=unknown; I do not yet know how the obstacles here work, so I must discover it by"
56e32a63,probe_mh,MiniHack-River-Narrow-v0,23,9,E,0.0,False,"belief={'layout': 'explore east to find the goal and a path to it', 'next_move': 'move  | mech=unknown; I do not yet know how the obstacles here work, so I must discover it by"
56e32a63,probe_mh,MiniHack-River-Narrow-v0,23,10,S,0.0,False,"belief={'layout': 'explore east to find the goal and a path to it', 'next_move': 'move  | mech=unknown; I do not yet know how the obstacles here work, so I must discover it by"
56e32a63,probe_mh,MiniHack-River-Narrow-v0,23,11,E,0.0,False,"belief={'layout': 'explore the surroundings to understand the lava or water obstacle',  | mech=the lava or water may be crossable or have a hidden path, and walking into it or | EXPERIMENT"
56e32a63,probe_mh,MiniHack-River-Narrow-v0,23,12,E,0.0,False,"belief={'layout': 'explore the surroundings to understand the lava or water obstacle',  | mech=the lava or water may be crossable or have a hidden path, and walking into it or"
56e32a63,probe_mh,MiniHack-River-Narrow-v0,23,13,S,0.0,False,"belief={'layout': 'explore the surroundings to understand the lava or water obstacle',  | mech=the lava or water may be crossable or have a hidden path, and walking into it or"
56e32a63,probe_mh,MiniHack-River-Narrow-v0,23,14,S,-0.01,False,"belief={'layout': 'explore the surroundings to understand the lava or water obstacle',  | mech=the lava or water may be crossable or have a hidden path, and walking into it or"
56e32a63,probe_mh,MiniHack-River-Narrow-v0,23,15,E,0.0,False,"belief={'layout': 'explore the surroundings to understand the lava or water obstacle',  | mech=the lava or water may be crossable or have a hidden path, and walking into it or"
56e32a63,probe_mh,MiniHack-River-Narrow-v0,23,16,E,0.0,False,"belief={'layout': 'explore the surroundings to understand the lava or water obstacle',  | mech=the lava or water may be crossable or have a hidden path, and walking into it or"
56e32a63,probe_mh,MiniHack-River-Narrow-v0,23,17,S,0.0,False,"belief={'layout': 'explore the surroundings to understand the lava or water obstacle',  | mech=the lava or water may be crossable or have a hidden path, and walking into it or"
56e32a63,probe_mh,MiniHack-River-Narrow-v0,23,18,S,-0.01,False,"belief={'layout': 'explore the surroundings to understand the lava or water obstacle',  | mech=the lava or water may be crossable or have a hidden path, and walking into it or"
56e32a63,probe_mh,MiniHack-River-Narrow-v0,23,19,E,0.0,False,"belief={'layout': 'explore the surroundings to understand the lava or water obstacle',  | mech=the lava or water may be crossable or have a hidden path, and walking into it or"
56e32a63,probe_mh,MiniHack-River-Narrow-v0,23,20,S,-0.01,False,"belief={'layout': 'explore the surroundings to understand the lava or water obstacle',  | mech=the lava or water may be crossable or have a hidden path, and walking into it or"
56e32a63,probe_mh,MiniHack-River-Narrow-v0,23,21,E,0.0,False,"belief={'layout': 'explore the lava or water obstacle directly', 'next_move': 'test if  | mech=the lava or water may be crossable or have a hidden path, and walking into it or | EXPERIMENT"
56e32a63,probe_mh,MiniHack-River-Narrow-v0,23,22,N,0.0,False,"belief={'layout': 'explore the lava or water obstacle directly', 'next_move': 'test if  | mech=the lava or water may be crossable or have a hidden path, and walking into it or | EXPERIMENT"
56e32a63,probe_mh,MiniHack-River-Narrow-v0,23,23,SE,0.0,False,"belief={'layout': 'explore the lava or water obstacle directly', 'next_move': 'test if  | mech=the lava or water may be crossable or have a hidden path, and walking into it or"
56e32a63,probe_mh,MiniHack-River-Narrow-v0,23,24,SE,-0.01,False,"belief={'layout': 'explore the lava or water obstacle directly', 'next_move': 'test if  | mech=the lava or water may be crossable or have a hidden path, and walking into it or"
56e32a63,probe_mh,MiniHack-River-Narrow-v0,23,25,SE,-0.01,False,"belief={'layout': 'explore the lava or water obstacle directly', 'next_move': 'test if  | mech=the lava or water may be crossable or have a hidden path, and walking into it or"
56e32a63,probe_mh,MiniHack-River-Narrow-v0,23,26,NW,0.0,False,"belief={'layout': 'explore the perimeter of the lava or water obstacle', 'next_move': ' | mech=the lava or water may be crossable or have a hidden path, and walking into it or"
56e32a63,probe_mh,MiniHack-River-Narrow-v0,23,27,NW,0.0,False,"belief={'layout': 'explore the perimeter of the lava or water obstacle', 'next_move': ' | mech=the lava or water may be crossable or have a hidden path, and walking into it or"
56e32a63,probe_mh,MiniHack-River-Narrow-v0,23,28,NW,0.0,False,"belief={'layout': 'explore the perimeter of the lava or water obstacle', 'next_move': ' | mech=the lava or water may be crossable or have a hidden path, and walking into it or"
56e32a63,probe_mh,MiniHack-River-Narrow-v0,23,29,NW,0.0,False,"belief={'layout': 'explore the perimeter of the lava or water obstacle', 'next_move': ' | mech=the lava or water may be crossable or have a hidden path, and walking into it or"
56e32a63,probe_mh,MiniHack-River-Narrow-v0,23,30,NW,0.0,False,"belief={'layout': 'explore the perimeter of the lava or water obstacle', 'next_move': ' | mech=the lava or water may be crossable or have a hidden path, and walking into it or"
56e32a63,probe_mh,MiniHack-River-Narrow-v0,23,31,NW,0.0,False,"belief={'layout': 'explore the perimeter of the lava or water obstacle', 'next_move': ' | mech=the lava or water may be crossable or have a hidden path, and walking into it or"
56e32a63,probe_mh,MiniHack-River-Narrow-v0,23,32,NW,-0.01,False,"belief={'layout': 'explore the perimeter of the lava or water obstacle', 'next_move': ' | mech=the lava or water may be crossable or have a hidden path, and walking into it or"
56e32a63,probe_mh,MiniHack-River-Narrow-v0,23,33,NE,-0.01,False,"belief={'layout': 'explore the perimeter of the lava or water obstacle', 'next_move': ' | mech=the lava or water may be crossable or have a hidden path, and walking into it or"
56e32a63,probe_mh,MiniHack-River-Narrow-v0,23,34,NW,-0.01,False,"belief={'layout': 'explore the perimeter of the lava or water obstacle', 'next_move': ' | mech=the lava or water may be crossable or have a hidden path, and walking into it or"
56e32a63,probe_mh,MiniHack-River-Narrow-v0,23,35,SE,0.0,False,"belief={'layout': 'explore the perimeter of the lava or water obstacle', 'next_move': ' | mech=the lava or water may be crossable or have a hidden path, and walking into it or"
56e32a63,probe_mh,MiniHack-River-Narrow-v0,23,36,SE,0.0,False,"belief={'layout': 'explore the perimeter of the lava or water obstacle', 'next_move': ' | mech=the lava or water may be crossable or have a hidden path, and walking into it or"
56e32a63,probe_mh,MiniHack-River-Narrow-v0,23,37,SE,0.0,False,"belief={'layout': 'explore the perimeter of the lava or water obstacle', 'next_move': ' | mech=the lava or water may be crossable or have a hidden path, and walking into it or"
56e32a63,probe_mh,MiniHack-River-Narrow-v0,23,38,SE,0.0,False,"belief={'layout': 'explore the perimeter of the lava or water obstacle', 'next_move': ' | mech=the lava or water may be crossable or have a hidden path, and walking into it or"
56e32a63,probe_mh,MiniHack-River-Narrow-v0,23,39,SE,0.0,False,"belief={'layout': 'explore the perimeter of the lava or water obstacle', 'next_move': ' | mech=the lava or water may be crossable or have a hidden path, and walking into it or"
56e32a63,probe_mh,MiniHack-River-Narrow-v0,23,40,SE,0.0,False,"belief={'layout': 'explore the perimeter of the lava or water obstacle', 'next_move': ' | mech=the lava or water may be crossable or have a hidden path, and walking into it or"
56e32a63,probe_mh,MiniHack-River-Narrow-v0,23,41,S,-0.01,False,"belief={'layout': 'explore the perimeter of the lava or water obstacle', 'next_move': ' | mech=the lava or water may be crossable or have a hidden path, and walking into it or"
56e32a63,probe_mh,MiniHack-River-Narrow-v0,23,42,E,0.0,False,"belief={'layout': 'explore the perimeter of the lava or water obstacle', 'next_move': ' | mech=the lava or water may be crossable or have a hidden path, and walking into it or"
56e32a63,probe_mh,MiniHack-River-Narrow-v0,23,43,E,0.0,False,"belief={'layout': 'explore the perimeter of the lava or water obstacle', 'next_move': ' | mech=the lava or water may be crossable or have a hidden path, and walking into it or"
56e32a63,probe_mh,MiniHack-River-Narrow-v0,23,44,S,0.0,False,"belief={'layout': 'explore the perimeter of the lava or water obstacle', 'next_move': ' | mech=the lava or water may be crossable or have a hidden path, and walking into it or"
56e32a63,probe_mh,MiniHack-River-Narrow-v0,23,45,E,0.0,False,"belief={'layout': 'explore the perimeter of the lava or water obstacle', 'next_move': ' | mech=the lava or water may be crossable or have a hidden path, and walking into it or"
56e32a63,probe_mh,MiniHack-River-Narrow-v0,23,46,S,-0.01,False,"belief={'layout': 'explore the perimeter of the lava or water obstacle', 'next_move': ' | mech=the lava or water may be crossable or have a hidden path, and walking into it or"
56e32a63,probe_mh,MiniHack-River-Narrow-v0,23,47,E,0.0,False,"belief={'layout': 'explore the perimeter of the lava or water obstacle', 'next_move': ' | mech=the lava or water may be crossable or have a hidden path, and walking into it or"
56e32a63,probe_mh,MiniHack-River-Narrow-v0,23,48,S,-0.01,False,"belief={'layout': 'explore the perimeter of the lava or water obstacle', 'next_move': ' | mech=the lava or water may be crossable or have a hidden path, and walking into it or"
56e32a63,probe_mh,MiniHack-River-Narrow-v0,23,49,W,0.0,False,"belief={'layout': 'explore the perimeter of the lava or water obstacle', 'next_move': ' | mech=the lava or water may be crossable or have a hidden path, and walking into it or"
56e32a63,probe_mh,MiniHack-River-Narrow-v0,23,50,W,0.0,False,"belief={'layout': 'explore the perimeter of the lava or water obstacle', 'next_move': ' | mech=the lava or water may be crossable or have a hidden path, and walking into it or"
56e32a63,probe_mh,MiniHack-River-Narrow-v0,23,51,N,0.0,False,"belief={'layout': 'explore the perimeter of the lava or water obstacle', 'next_move': ' | mech=the lava or water may be crossable or have a hidden path, and walking into it or"
56e32a63,probe_mh,MiniHack-River-Narrow-v0,23,52,N,0.0,False,"belief={'layout': 'explore the perimeter of the lava or water obstacle', 'next_move': ' | mech=the lava or water may be crossable or have a hidden path, and walking into it or"
56e32a63,probe_mh,MiniHack-River-Narrow-v0,23,53,N,0.0,False,"belief={'layout': 'explore the perimeter of the lava or water obstacle', 'next_move': ' | mech=the lava or water may be crossable or have a hidden path, and walking into it or"
56e32a63,probe_mh,MiniHack-River-Narrow-v0,23,54,N,0.0,False,"belief={'layout': 'explore the perimeter of the lava or water obstacle', 'next_move': ' | mech=the lava or water may be crossable or have a hidden path, and walking into it or"
56e32a63,probe_mh,MiniHack-River-Narrow-v0,23,55,E,0.0,False,"belief={'layout': 'explore the perimeter of the lava or water obstacle', 'next_move': ' | mech=the lava or water may be crossable or have a hidden path, and walking into it or"
56e32a63,probe_mh,MiniHack-River-Narrow-v0,23,56,E,0.0,False,"belief={'layout': 'explore the perimeter of the lava or water obstacle', 'next_move': ' | mech=the lava or water may be crossable or have a hidden path, and walking into it or"
56e32a63,probe_mh,MiniHack-River-Narrow-v0,23,57,E,0.0,False,"belief={'layout': 'explore the perimeter of the lava or water obstacle', 'next_move': ' | mech=the lava or water may be crossable or have a hidden path, and walking into it or"
56e32a63,probe_mh,MiniHack-River-Narrow-v0,23,58,E,0.0,False,"belief={'layout': 'explore the perimeter of the lava or water obstacle', 'next_move': ' | mech=the lava or water may be crossable or have a hidden path, and walking into it or"
56e32a63,probe_mh,MiniHack-River-Narrow-v0,23,59,S,0.0,False,"belief={'layout': 'explore the perimeter of the lava or water obstacle', 'next_move': ' | mech=the lava or water may be crossable or have a hidden path, and walking into it or"
56e32a63,probe_mh,MiniHack-River-Narrow-v0,23,60,S,0.0,False,"belief={'layout': 'explore the perimeter of the lava or water obstacle', 'next_move': ' | mech=the lava or water may be crossable or have a hidden path, and walking into it or"
56e32a63,probe_mh,MiniHack-River-Narrow-v0,23,61,S,0.0,False,"belief={'layout': 'explore the perimeter of the lava or water obstacle', 'next_move': ' | mech=the lava or water may be crossable or have a hidden path, and walking into it or"
56e32a63,probe_mh,MiniHack-River-Narrow-v0,23,62,S,0.0,False,"belief={'layout': 'explore the perimeter of the lava or water obstacle', 'next_move': ' | mech=the lava or water may be crossable or have a hidden path, and walking into it or"
56e32a63,probe_mh,MiniHack-River-Narrow-v0,23,63,S,-0.01,False,"belief={'layout': 'explore the perimeter of the lava or water obstacle', 'next_move': ' | mech=the lava or water may be crossable or have a hidden path, and walking into it or"
56e32a63,probe_mh,MiniHack-River-Narrow-v0,23,64,E,0.0,False,"belief={'layout': 'explore the perimeter of the lava or water obstacle', 'next_move': ' | mech=the lava or water may be crossable or have a hidden path, and walking into it or"
56e32a63,probe_mh,MiniHack-River-Narrow-v0,23,65,S,0.0,False,"belief={'layout': 'explore the perimeter of the lava or water obstacle', 'next_move': ' | mech=the lava or water may be crossable or have a hidden path, and walking into it or"
56e32a63,probe_mh,MiniHack-River-Narrow-v0,23,66,E,0.0,False,"belief={'layout': 'explore the perimeter of the lava or water obstacle', 'next_move': ' | mech=the lava or water may be crossable or have a hidden path, and walking into it or"
56e32a63,probe_mh,MiniHack-River-Narrow-v0,23,67,E,0.0,False,"belief={'layout': 'explore the perimeter of the lava or water obstacle', 'next_move': ' | mech=the lava or water may be crossable or have a hidden path, and walking into it or"
56e32a63,probe_mh,MiniHack-River-Narrow-v0,23,68,S,0.0,False,"belief={'layout': 'explore the perimeter of the lava or water obstacle', 'next_move': ' | mech=the lava or water may be crossable or have a hidden path, and walking into it or"
56e32a63,probe_mh,MiniHack-River-Narrow-v0,23,69,E,0.0,False,"belief={'layout': 'explore the perimeter of the lava or water obstacle', 'next_move': ' | mech=the lava or water may be crossable or have a hidden path, and walking into it or"
56e32a63,probe_mh,MiniHack-River-Narrow-v0,23,70,S,-0.01,False,"belief={'layout': 'explore the perimeter of the lava or water obstacle', 'next_move': ' | mech=the lava or water may be crossable or have a hidden path, and walking into it or"
56e32a63,probe_mh,MiniHack-River-Narrow-v0,23,71,W,0.0,False,"belief={'layout': 'explore the perimeter of the lava or water obstacle', 'next_move': ' | mech=the lava or water may be crossable or have a hidden path, and walking into it or"
56e32a63,probe_mh,MiniHack-River-Narrow-v0,23,72,N,0.0,False,"belief={'layout': 'explore the perimeter of the lava or water obstacle', 'next_move': ' | mech=the lava or water may be crossable or have a hidden path, and walking into it or"
56e32a63,probe_mh,MiniHack-River-Narrow-v0,23,73,N,0.0,False,"belief={'layout': 'explore the perimeter of the lava or water obstacle', 'next_move': ' | mech=the lava or water may be crossable or have a hidden path, and walking into it or"
56e32a63,probe_mh,MiniHack-River-Narrow-v0,23,74,N,0.0,False,"belief={'layout': 'explore the perimeter of the lava or water obstacle', 'next_move': ' | mech=the lava or water may be crossable or have a hidden path, and walking into it or"
56e32a63,probe_mh,MiniHack-River-Narrow-v0,23,75,E,0.0,False,"belief={'layout': 'explore the perimeter of the lava or water obstacle', 'next_move': ' | mech=the lava or water may be crossable or have a hidden path, and walking into it or"
56e32a63,probe_mh,MiniHack-River-Narrow-v0,23,76,E,0.0,False,"belief={'layout': 'explore the perimeter of the lava or water obstacle', 'next_move': ' | mech=the lava or water may be crossable or have a hidden path, and walking into it or"
56e32a63,probe_mh,MiniHack-River-Narrow-v0,23,77,E,0.0,False,"belief={'layout': 'explore the perimeter of the lava or water obstacle', 'next_move': ' | mech=the lava or water may be crossable or have a hidden path, and walking into it or"
56e32a63,probe_mh,MiniHack-River-Narrow-v0,23,78,S,0.0,False,"belief={'layout': 'explore the perimeter of the lava or water obstacle', 'next_move': ' | mech=the lava or water may be crossable or have a hidden path, and walking into it or"
56e32a63,probe_mh,MiniHack-River-Narrow-v0,23,79,S,0.0,False,"belief={'layout': 'explore the perimeter of the lava or water obstacle', 'next_move': ' | mech=the lava or water may be crossable or have a hidden path, and walking into it or"
56e32a63,probe_mh,MiniHack-River-Narrow-v0,23,80,E,0.0,False,"belief={'layout': 'explore the perimeter of the lava or water obstacle', 'next_move': ' | mech=the lava or water may be crossable or have a hidden path, and walking into it or"
56e32a63,probe_mh,MiniHack-River-Narrow-v0,23,81,E,0.0,False,"belief={'layout': 'explore the perimeter of the lava or water obstacle', 'next_move': ' | mech=the lava or water may be crossable or have a hidden path, and walking into it or"
56e32a63,probe_mh,MiniHack-River-Narrow-v0,23,82,S,0.0,False,"belief={'layout': 'explore the perimeter of the lava or water obstacle', 'next_move': ' | mech=the lava or water may be crossable or have a hidden path, and walking into it or"
56e32a63,probe_mh,MiniHack-River-Narrow-v0,23,83,S,0.0,False,"belief={'layout': 'explore the perimeter of the lava or water obstacle', 'next_move': ' | mech=the lava or water may be crossable or have a hidden path, and walking into it or"
56e32a63,probe_mh,MiniHack-River-Narrow-v0,23,84,S,0.0,False,"belief={'layout': 'explore the perimeter of the lava or water obstacle', 'next_move': ' | mech=the lava or water may be crossable or have a hidden path, and walking into it or"
56e32a63,probe_mh,MiniHack-River-Narrow-v0,23,85,E,0.0,False,"belief={'layout': 'explore the perimeter of the lava or water obstacle', 'next_move': ' | mech=the lava or water may be crossable or have a hidden path, and walking into it or"
56e32a63,probe_mh,MiniHack-River-Narrow-v0,23,86,S,-0.01,False,"belief={'layout': 'explore the perimeter of the lava or water obstacle', 'next_move': ' | mech=the lava or water may be crossable or have a hidden path, and walking into it or"
56e32a63,probe_mh,MiniHack-River-Narrow-v0,23,87,E,0.0,False,"belief={'layout': 'explore the perimeter of the lava or water obstacle', 'next_move': ' | mech=the lava or water may be crossable or have a hidden path, and walking into it or"
56e32a63,probe_mh,MiniHack-River-Narrow-v0,23,88,S,-0.01,False,"belief={'layout': 'explore the perimeter of the lava or water obstacle', 'next_move': ' | mech=the lava or water may be crossable or have a hidden path, and walking into it or"
56e32a63,probe_mh,MiniHack-River-Narrow-v0,23,89,E,0.0,False,"belief={'layout': 'explore the perimeter of the lava or water obstacle', 'next_move': ' | mech=the lava or water may be crossable or have a hidden path, and walking into it or"
56e32a63,probe_mh,MiniHack-River-Narrow-v0,23,90,S,-0.01,False,"belief={'layout': 'explore the perimeter of the lava or water obstacle', 'next_move': ' | mech=the lava or water may be crossable or have a hidden path, and walking into it or"
56e32a63,probe_mh,MiniHack-River-Narrow-v0,23,91,E,0.0,False,"belief={'layout': 'explore the perimeter of the lava or water obstacle', 'next_move': ' | mech=the lava or water may be crossable or have a hidden path, and walking into it or"
56e32a63,probe_mh,MiniHack-River-Narrow-v0,23,92,N,0.0,False,"belief={'layout': 'explore the perimeter of the lava or water obstacle', 'next_move': ' | mech=the lava or water may be crossable or have a hidden path, and walking into it or"
56e32a63,probe_mh,MiniHack-River-Narrow-v0,23,93,E,0.0,False,"belief={'layout': 'explore the perimeter of the lava or water obstacle', 'next_move': ' | mech=the lava or water may be crossable or have a hidden path, and walking into it or"
56e32a63,probe_mh,MiniHack-River-Narrow-v0,23,94,S,0.0,False,"belief={'layout': 'explore the perimeter of the lava or water obstacle', 'next_move': ' | mech=the lava or water may be crossable or have a hidden path, and walking into it or"
56e32a63,probe_mh,MiniHack-River-Narrow-v0,23,95,E,0.0,False,"belief={'layout': 'explore the perimeter of the lava or water obstacle', 'next_move': ' | mech=the lava or water may be crossable or have a hidden path, and walking into it or"
56e32a63,probe_mh,MiniHack-River-Narrow-v0,23,96,S,0.0,False,"belief={'layout': 'explore the perimeter of the lava or water obstacle', 'next_move': ' | mech=the lava or water may be crossable or have a hidden path, and walking into it or"
56e32a63,probe_mh,MiniHack-River-Narrow-v0,23,97,N,0.0,False,"belief={'layout': 'explore the perimeter of the lava or water obstacle', 'next_move': ' | mech=the lava or water may be crossable or have a hidden path, and walking into it or | EXPERIMENT"
56e32a63,probe_mh,MiniHack-River-Narrow-v0,23,98,S,0.0,False,"belief={'layout': 'explore the perimeter of the lava or water obstacle', 'next_move': ' | mech=the lava or water may be crossable or have a hidden path, and walking into it or"
56e32a63,probe_mh,MiniHack-River-Narrow-v0,23,99,S,0.0,False,"belief={'layout': 'explore the perimeter of the lava or water obstacle', 'next_move': ' | mech=the lava or water may be crossable or have a hidden path, and walking into it or"
56e32a63,probe_mh,MiniHack-River-Narrow-v0,23,100,S,-0.01,False,"belief={'layout': 'explore the perimeter of the lava or water obstacle', 'next_move': ' | mech=the lava or water may be crossable or have a hidden path, and walking into it or"
56e32a63,probe_mh,MiniHack-River-Narrow-v0,23,101,E,0.0,False,"belief={'layout': 'explore the perimeter of the lava or water obstacle', 'next_move': ' | mech=the lava or water may be crossable or have a hidden path, and walking into it or"
56e32a63,probe_mh,MiniHack-River-Narrow-v0,23,102,S,0.0,False,"belief={'layout': 'explore the perimeter of the lava or water obstacle', 'next_move': ' | mech=the lava or water may be crossable or have a hidden path, and walking into it or"
56e32a63,probe_mh,MiniHack-River-Narrow-v0,23,103,E,0.0,False,"belief={'layout': 'explore the perimeter of the lava or water obstacle', 'next_move': ' | mech=the lava or water may be crossable or have a hidden path, and walking into it or"
56e32a63,probe_mh,MiniHack-River-Narrow-v0,23,104,E,0.0,False,"belief={'layout': 'explore the perimeter of the lava or water obstacle', 'next_move': ' | mech=the lava or water may be crossable or have a hidden path, and walking into it or"
56e32a63,probe_mh,MiniHack-River-Narrow-v0,23,105,S,-0.01,False,"belief={'layout': 'explore the perimeter of the lava or water obstacle', 'next_move': ' | mech=the lava or water may be crossable or have a hidden path, and walking into it or"
56e32a63,probe_mh,MiniHack-River-Narrow-v0,23,106,E,0.0,False,"belief={'layout': 'explore the perimeter of the lava or water obstacle', 'next_move': ' | mech=the lava or water may be crossable or have a hidden path, and walking into it or"
56e32a63,probe_mh,MiniHack-River-Narrow-v0,23,107,S,0.0,False,"belief={'layout': 'explore the perimeter of the lava or water obstacle', 'next_move': ' | mech=the lava or water may be crossable or have a hidden path, and walking into it or"
56e32a63,probe_mh,MiniHack-River-Narrow-v0,23,108,E,0.0,False,"belief={'layout': 'explore the perimeter of the lava or water obstacle', 'next_move': ' | mech=the lava or water may be crossable or have a hidden path, and walking into it or"
56e32a63,probe_mh,MiniHack-River-Narrow-v0,23,109,S,0.0,False,"belief={'layout': 'explore the perimeter of the lava or water obstacle', 'next_move': ' | mech=the lava or water may be crossable or have a hidden path, and walking into it or"
56e32a63,probe_mh,MiniHack-River-Narrow-v0,23,110,S,-0.01,False,"belief={'layout': 'explore the perimeter of the lava or water obstacle', 'next_move': ' | mech=the lava or water may be crossable or have a hidden path, and walking into it or"
56e32a63,probe_mh,MiniHack-River-Narrow-v0,23,111,E,0.0,False,"belief={'layout': 'explore the area to find an alternative route or a way to cross the  | mech=the lava or water may be crossable or have a hidden path, and walking into it or | EXPERIMENT"
56e32a63,probe_mh,MiniHack-River-Narrow-v0,23,112,S,-0.01,False,"belief={'layout': 'there may be a hidden path or mechanism to cross the lava/water, and | mech=the lava or water may be crossable or have a hidden path, and walking into it or | EXPERIMENT"
56e32a63,probe_mh,MiniHack-River-Narrow-v0,23,113,S,-0.01,False,"belief={'layout': 'there may be a hidden mechanism to cross the lava/water, and the cur | mech=the lava or water may be crossable or have a hidden path, and walking into it or | EXPERIMENT"
56e32a63,probe_mh,MiniHack-River-Narrow-v0,23,114,E,0.0,False,"belief={'layout': 'there may be a hidden passage or mechanism near the lava/water', 'ne | mech=the lava or water may be crossable or have a hidden path, and walking into it or | EXPERIMENT"
56e32a63,probe_mh,MiniHack-River-Narrow-v0,23,115,W,0.0,False,"belief={'layout': 'there may be a hidden mechanism or passage near the lava/water that  | mech=the lava or water may be crossable by finding a way to fill it, cool it, or use  | EXPERIMENT"
56e32a63,probe_mh,MiniHack-River-Narrow-v0,23,116,E,0.0,False,"belief={'layout': 'there may be a hidden mechanism or passage near the lava/water that  | mech=the lava or water may be crossable by finding a way to fill it, cool it, or use "
56e32a63,probe_mh,MiniHack-River-Narrow-v0,23,117,E,0.0,False,"belief={'layout': 'there may be a hidden mechanism or passage near the lava/water that  | mech=the lava or water may be crossable by finding a way to fill it, cool it, or use "
56e32a63,probe_mh,MiniHack-River-Narrow-v0,23,118,N,0.0,False,"belief={'layout': 'there may be a hidden mechanism or passage near the lava/water that  | mech=the lava or water may be crossable by finding a way to fill it, cool it, or use "
56e32a63,probe_mh,MiniHack-River-Narrow-v0,23,119,E,0.0,False,"belief={'layout': 'there may be a hidden mechanism or passage near the lava/water that  | mech=the lava or water may be crossable by finding a way to fill it, cool it, or use "
56e32a63,probe_mh,MiniHack-River-Narrow-v0,24,0,E,0.0,False,"belief={'layout': 'no plan yet; I need to locate the goal and a path to it', 'next_move | mech=unknown; I do not yet know how the obstacles here work, so I must discover it by"
56e32a63,probe_mh,MiniHack-River-Narrow-v0,24,1,E,0.0,False,"belief={'layout': 'still no clear plan; exploring east to gather more information', 'ne | mech=unknown; I do not yet know how the obstacles here work, so I must discover it by"
56e32a63,probe_mh,MiniHack-River-Narrow-v0,24,2,E,0.0,False,"belief={'layout': 'still no clear plan; exploring east to gather more information', 'ne | mech=unknown; I do not yet know how the obstacles here work, so I must discover it by"
56e32a63,probe_mh,MiniHack-River-Narrow-v0,24,3,E,0.0,False,"belief={'layout': 'exploring east to gather more information', 'next_move': 'continue e | mech=unknown; I do not yet know how the obstacles here work, so I must discover it by"
56e32a63,probe_mh,MiniHack-River-Narrow-v0,24,4,E,0.0,False,"belief={'layout': 'exploring east to gather more information', 'next_move': 'continue e | mech=unknown; I do not yet know how the obstacles here work, so I must discover it by"
56e32a63,probe_mh,MiniHack-River-Narrow-v0,24,5,E,0.0,False,"belief={'layout': 'exploring east to gather more information', 'next_move': 'continue e | mech=unknown; I do not yet know how the obstacles here work, so I must discover it by"
56e32a63,probe_mh,MiniHack-River-Narrow-v0,24,6,E,0.0,False,"belief={'layout': 'exploring east to gather more information', 'next_move': 'continue e | mech=unknown; I do not yet know how the obstacles here work, so I must discover it by"
56e32a63,probe_mh,MiniHack-River-Narrow-v0,24,7,E,0.0,False,"belief={'layout': 'exploring east to gather more information', 'next_move': 'continue e | mech=unknown; I do not yet know how the obstacles here work, so I must discover it by"
56e32a63,probe_mh,MiniHack-River-Narrow-v0,24,8,E,0.0,False,"belief={'layout': 'exploring east to gather more information', 'next_move': 'continue e | mech=unknown; I do not yet know how the obstacles here work, so I must discover it by"
56e32a63,probe_mh,MiniHack-River-Narrow-v0,24,9,E,0.0,False,"belief={'layout': 'exploring east to gather more information', 'next_move': 'continue e | mech=unknown; I do not yet know how the obstacles here work, so I must discover it by"
56e32a63,probe_mh,MiniHack-River-Narrow-v0,24,10,E,0.0,False,"belief={'layout': 'exploring east to gather more information', 'next_move': 'continue e | mech=unknown; I do not yet know how the obstacles here work, so I must discover it by"
56e32a63,probe_mh,MiniHack-River-Narrow-v0,24,11,S,0.0,False,"belief={'layout': 're-evaluating the path due to lack of progress', 'next_move': 'test  | mech=unknown; I do not yet know how the obstacles here work, so I must discover it by | EXPERIMENT"
56e32a63,probe_mh,MiniHack-River-Narrow-v0,24,12,SE,0.0,False,"belief={'layout': 'the goal is likely downstairs, but the path is blocked by water or l | mech=unknown; I do not yet know how the obstacles here work, so I must discover it by"
56e32a63,probe_mh,MiniHack-River-Narrow-v0,24,13,SE,0.0,False,"belief={'layout': 'the goal is likely downstairs, but the path is blocked by water or l | mech=unknown; I do not yet know how the obstacles here work, so I must discover it by"
56e32a63,probe_mh,MiniHack-River-Narrow-v0,24,14,SE,0.0,False,"belief={'layout': 'the goal is likely downstairs, but the path is blocked by water or l | mech=unknown; I do not yet know how the obstacles here work, so I must discover it by"
56e32a63,probe_mh,MiniHack-River-Narrow-v0,24,15,SE,-0.01,False,"belief={'layout': 'the goal is likely downstairs, but the path is blocked by water or l | mech=unknown; I do not yet know how the obstacles here work, so I must discover it by"
56e32a63,probe_mh,MiniHack-River-Narrow-v0,24,16,SE,-0.01,False,"belief={'layout': 'the goal is likely downstairs, but the path is blocked by lava or wa | mech=unknown; I do not yet know how the obstacles here work, so I must discover it by"
56e32a63,probe_mh,MiniHack-River-Narrow-v0,24,17,SW,-0.01,False,"belief={'layout': 'the goal is likely downstairs, but the path is blocked by lava or wa | mech=unknown; I do not yet know how the obstacles here work, so I must discover it by"
56e32a63,probe_mh,MiniHack-River-Narrow-v0,24,18,N,0.0,False,"belief={'layout': 'the goal is likely downstairs, but the path is blocked by lava or wa | mech=unknown; I do not yet know how the obstacles here work, so I must discover it by"
56e32a63,probe_mh,MiniHack-River-Narrow-v0,24,19,SE,0.0,False,"belief={'layout': 'the goal is likely downstairs, but the path is blocked by lava or wa | mech=unknown; I do not yet know how the obstacles here work, so I must discover it by"
56e32a63,probe_mh,MiniHack-River-Narrow-v0,24,20,SE,-0.01,False,"belief={'layout': 'the goal is likely downstairs, but the path is blocked by lava or wa | mech=unknown; I do not yet know how the obstacles here work, so I must discover it by"
56e32a63,probe_mh,MiniHack-River-Narrow-v0,24,21,SE,-0.01,False,"belief={'layout': 'the goal is likely downstairs, but the path is blocked by lava or wa | mech=unknown; I do not yet know how the obstacles here work, so I must discover it by"
56e32a63,probe_mh,MiniHack-River-Narrow-v0,24,22,SW,-0.01,False,"belief={'layout': 'the goal is likely downstairs, but the path is blocked by lava or wa | mech=unknown; I do not yet know how the obstacles here work, so I must discover it by"
56e32a63,probe_mh,MiniHack-River-Narrow-v0,24,23,N,0.0,False,"belief={'layout': 'the goal is likely downstairs, but the path is blocked by lava or wa | mech=the lava/water may be passable or interactable in some way, such as by using an  | EXPERIMENT"
56e32a63,probe_mh,MiniHack-River-Narrow-v0,24,24,SE,0.0,False,"belief={'layout': 'the goal is likely downstairs, but the path is blocked by lava or wa | mech=the lava/water may be passable or interactable in some way, such as by using an "
56e32a63,probe_mh,MiniHack-River-Narrow-v0,24,25,SW,-0.01,False,"belief={'layout': 'the goal is likely downstairs, but the path is blocked by lava or wa | mech=the lava/water may be passable or interactable in some way, such as by using an "
56e32a63,probe_mh,MiniHack-River-Narrow-v0,24,26,SE,-0.01,False,"belief={'layout': 'the goal is likely downstairs, but the path is blocked by lava or wa | mech=the lava/water may be passable or interactable in some way, such as by using an "
56e32a63,probe_mh,MiniHack-River-Narrow-v0,24,27,N,0.0,False,"belief={'layout': 'the goal is likely downstairs, but the path is blocked by lava or wa | mech=the lava/water may be passable or interactable in some way, such as by using an "
56e32a63,probe_mh,MiniHack-River-Narrow-v0,24,28,SE,0.0,False,"belief={'layout': 'the goal is likely downstairs, but the path is blocked by lava or wa | mech=the lava/water may be passable or interactable in some way, such as by using an "
56e32a63,probe_mh,MiniHack-River-Narrow-v0,24,29,SE,-0.01,False,"belief={'layout': 'the goal is likely downstairs, but the path is blocked by lava or wa | mech=the lava/water may be passable or interactable in some way, such as by using an "
56e32a63,probe_mh,MiniHack-River-Narrow-v0,24,30,SE,-0.01,False,"belief={'layout': 'the goal is likely downstairs, but the path is blocked by lava or wa | mech=the lava/water may be passable or interactable in some way, such as by using an "
56e32a63,probe_mh,MiniHack-River-Narrow-v0,24,31,N,0.0,False,"belief={'layout': ""the goal is likely downstairs, but the path is blocked by lava or wa | mech=the lava/water may be passable or interactable in some way, such as by using an "
56e32a63,probe_mh,MiniHack-River-Narrow-v0,24,32,SE,0.0,False,"belief={'layout': ""the goal is likely downstairs, but the path is blocked by lava or wa | mech=the lava/water may be passable or interactable in some way, such as by using an "
56e32a63,probe_mh,MiniHack-River-Narrow-v0,24,33,SW,-0.01,False,"belief={'layout': ""the goal is likely downstairs, but the path is blocked by lava or wa | mech=the lava/water may be passable or interactable in some way, such as by using an "
56e32a63,probe_mh,MiniHack-River-Narrow-v0,24,34,SE,-0.01,False,"belief={'layout': ""the goal is likely downstairs, but the path is blocked by lava or wa | mech=the lava/water may be passable or interactable in some way, such as by using an "
56e32a63,probe_mh,MiniHack-River-Narrow-v0,24,35,N,0.0,False,"belief={'layout': ""the goal is likely downstairs, but the path is blocked by lava or wa | mech=the lava/water may be passable or interactable in some way, such as by using an "
56e32a63,probe_mh,MiniHack-River-Narrow-v0,24,36,SE,0.0,False,"belief={'layout': ""the goal is likely downstairs, but the path is blocked by lava or wa | mech=the lava/water may be passable or interactable in some way, such as by using an "
56e32a63,probe_mh,MiniHack-River-Narrow-v0,24,37,SE,-0.01,False,"belief={'layout': ""the goal is likely downstairs, but the path is blocked by lava or wa | mech=the lava/water may be passable or interactable in some way, such as by using an "
56e32a63,probe_mh,MiniHack-River-Narrow-v0,24,38,N,0.0,False,"belief={'layout': ""the goal is likely downstairs, but the path is blocked by lava or wa | mech=the lava/water may be passable or interactable in some way, such as by using an "
56e32a63,probe_mh,MiniHack-River-Narrow-v0,24,39,E,0.0,False,"belief={'layout': ""the goal is likely downstairs, but the path is blocked by lava or wa | mech=the lava/water may be passable or interactable in some way, such as by using an "
56e32a63,probe_mh,MiniHack-River-Narrow-v0,24,40,SE,-0.01,False,"belief={'layout': ""the goal is likely downstairs, but the path is blocked by lava or wa | mech=the lava/water may be passable or interactable in some way, such as by using an "
56e32a63,probe_mh,MiniHack-River-Narrow-v0,24,41,SE,-0.01,False,"belief={'layout': ""the goal is likely downstairs, but the path is blocked by lava or wa | mech=the lava/water may be passable or interactable in some way, such as by using an "
56e32a63,probe_mh,MiniHack-River-Narrow-v0,24,42,N,0.0,False,"belief={'layout': ""the goal is likely downstairs, but the path is blocked by lava or wa | mech=the lava/water may be passable or interactable in some way, such as by using an "
56e32a63,probe_mh,MiniHack-River-Narrow-v0,24,43,SE,0.0,False,"belief={'layout': ""the goal is likely downstairs, but the path is blocked by lava or wa | mech=the lava/water may be passable or interactable in some way, such as by using an "
56e32a63,probe_mh,MiniHack-River-Narrow-v0,24,44,SE,-0.01,False,"belief={'layout': ""the goal is likely downstairs, but the path is blocked by lava or wa | mech=the lava/water may be passable or interactable in some way, such as by using an "
56e32a63,probe_mh,MiniHack-River-Narrow-v0,24,45,S,-0.01,False,"belief={'layout': ""the goal is likely downstairs, but the path is blocked by lava or wa | mech=the lava/water may be passable or interactable in some way, such as by using an "
56e32a63,probe_mh,MiniHack-River-Narrow-v0,24,46,N,0.0,False,"belief={'layout': ""the goal is likely downstairs, but the path is blocked by lava or wa | mech=the lava/water may be passable or interactable in some way, such as by using an "
56e32a63,probe_mh,MiniHack-River-Narrow-v0,24,47,SE,0.0,False,"belief={'layout': ""the goal is likely downstairs, but the path is blocked by lava or wa | mech=the lava/water may be passable or interactable in some way, such as by using an "
56e32a63,probe_mh,MiniHack-River-Narrow-v0,24,48,SE,0.0,False,"belief={'layout': ""the goal is likely downstairs, but the path is blocked by lava or wa | mech=the lava/water may be passable or interactable in some way, such as by using an "
56e32a63,probe_mh,MiniHack-River-Narrow-v0,24,49,N,0.0,False,"belief={'layout': ""the goal is likely downstairs, but the path is blocked by lava or wa | mech=the lava/water may be passable or interactable in some way, such as by using an "
56e32a63,probe_mh,MiniHack-River-Narrow-v0,24,50,E,0.0,False,"belief={'layout': ""the goal is likely downstairs, but the path is blocked by lava or wa | mech=the lava/water may be passable or interactable in some way, such as by using an "
56e32a63,probe_mh,MiniHack-River-Narrow-v0,24,51,SE,0.0,False,"belief={'layout': ""the goal is likely downstairs, but the path is blocked by lava or wa | mech=the lava/water may be passable or interactable in some way, such as by using an "
56e32a63,probe_mh,MiniHack-River-Narrow-v0,24,52,S,0.0,False,"belief={'layout': ""the goal is likely downstairs, but the path is blocked by lava or wa | mech=the lava/water may be passable or interactable in some way, such as by using an "
56e32a63,probe_mh,MiniHack-River-Narrow-v0,24,53,E,0.0,False,"belief={'layout': ""the goal is likely downstairs, but the path is blocked by lava or wa | mech=the lava/water may be passable or interactable in some way, such as by using an "
56e32a63,probe_mh,MiniHack-River-Narrow-v0,24,54,E,0.0,False,"belief={'layout': ""the goal is likely downstairs, but the path is blocked by lava or wa | mech=the lava/water may be passable or interactable in some way, such as by using an "
56e32a63,probe_mh,MiniHack-River-Narrow-v0,24,55,SE,-0.01,False,"belief={'layout': ""the goal is likely downstairs, but the path is blocked by lava or wa | mech=the lava/water may be passable or interactable in some way, such as by using an "
56e32a63,probe_mh,MiniHack-River-Narrow-v0,24,56,SE,-0.01,False,"belief={'layout': ""the goal is likely downstairs, but the path is blocked by lava or wa | mech=the lava/water may be passable or interactable in some way, such as by using an "
56e32a63,probe_mh,MiniHack-River-Narrow-v0,24,57,E,0.0,False,"belief={'layout': ""the goal is likely downstairs, but the path is blocked by lava or wa | mech=the lava/water may be passable or interactable in some way, such as by using an "
56e32a63,probe_mh,MiniHack-River-Narrow-v0,24,58,E,0.0,False,"belief={'layout': ""the goal is likely downstairs, but the path is blocked by lava or wa | mech=the lava/water may be passable or interactable in some way, such as by using an "
56e32a63,probe_mh,MiniHack-River-Narrow-v0,24,59,E,0.0,False,"belief={'layout': ""the goal is likely downstairs, but the path is blocked by lava or wa | mech=the lava/water may be passable or interactable in some way, such as by using an "
56e32a63,probe_mh,MiniHack-River-Narrow-v0,24,60,E,0.0,False,"belief={'layout': ""the goal is likely downstairs, but the path is blocked by lava or wa | mech=the lava/water may be passable or interactable in some way, such as by using an "
56e32a63,probe_mh,MiniHack-River-Narrow-v0,24,61,N,0.0,False,"belief={'layout': ""the goal is likely downstairs, but the path is blocked by lava or wa | mech=the lava/water may be passable or interactable in some way, such as by using an "
56e32a63,probe_mh,MiniHack-River-Narrow-v0,24,62,SE,0.0,False,"belief={'layout': ""the goal is likely downstairs, but the path is blocked by lava or wa | mech=the lava/water may be passable or interactable in some way, such as by using an "
56e32a63,probe_mh,MiniHack-River-Narrow-v0,24,63,N,0.0,False,"belief={'layout': ""the goal is likely downstairs, but the path is blocked by lava or wa | mech=the lava/water may be passable or interactable in some way, such as by using an "
56e32a63,probe_mh,MiniHack-River-Narrow-v0,24,64,SE,0.0,False,"belief={'layout': ""the goal is likely downstairs, but the path is blocked by lava or wa | mech=the lava/water may be passable or interactable in some way, such as by using an "
56e32a63,probe_mh,MiniHack-River-Narrow-v0,24,65,S,-0.01,False,"belief={'layout': 'the goal is likely downstairs, but the path is blocked by lava or wa | mech=the lava/water may be filled or crossed using an item or a specific action, such | EXPERIMENT"
56e32a63,probe_mh,MiniHack-River-Narrow-v0,24,66,SE,-0.01,False,"belief={'layout': 'the goal is likely downstairs, but the path is blocked by lava or wa | mech=the lava/water may be crossable by using a specific action, such as wading or se | EXPERIMENT"
56e32a63,probe_mh,MiniHack-River-Narrow-v0,24,67,N,0.0,False,"belief={'layout': 'the goal is likely downstairs, but the path is blocked by lava or wa | mech=the lava/water may be crossable by using a specific action, such as wading or se | EXPERIMENT"
56e32a63,probe_mh,MiniHack-River-Narrow-v0,24,68,SE,0.0,False,"belief={'layout': 'the goal is likely downstairs, but the path is blocked by lava or wa | mech=the lava/water may be crossable by using a specific action, such as wading or se"
56e32a63,probe_mh,MiniHack-River-Narrow-v0,24,69,SE,-0.01,False,"belief={'layout': 'the goal is likely downstairs, but the path is blocked by lava or wa | mech=the lava/water may be crossable by using a specific action, such as wading or se"
56e32a63,probe_mh,MiniHack-River-Narrow-v0,24,70,N,0.0,False,"belief={'layout': 'the goal is likely downstairs, but the path is blocked by lava or wa | mech=the lava/water may be crossable by using a specific action, such as wading or se"
56e32a63,probe_mh,MiniHack-River-Narrow-v0,24,71,N,0.0,False,"belief={'layout': 'the goal is likely downstairs, but the path is blocked by lava or wa | mech=the lava/water may be crossable by using a specific action, such as wading or se"
56e32a63,probe_mh,MiniHack-River-Narrow-v0,24,72,N,0.0,False,"belief={'layout': 'the goal is likely downstairs, but the path is blocked by lava or wa | mech=the lava/water may be crossable by using a specific action, such as wading or se"
56e32a63,probe_mh,MiniHack-River-Narrow-v0,24,73,N,0.0,False,"belief={'layout': 'the goal is likely downstairs, but the path is blocked by lava or wa | mech=the lava/water may be crossable by using a specific action, such as wading or se"
56e32a63,probe_mh,MiniHack-River-Narrow-v0,24,74,N,0.0,False,"belief={'layout': 'the goal is likely downstairs, but the path is blocked by lava or wa | mech=the lava/water may be crossable by using a specific action, such as wading or se"
56e32a63,probe_mh,MiniHack-River-Narrow-v0,24,75,N,-0.01,False,"belief={'layout': 'the goal is likely downstairs, but the path is blocked by lava or wa | mech=the lava/water may be crossable by using a specific action, such as wading or se"
56e32a63,probe_mh,MiniHack-River-Narrow-v0,24,76,W,0.0,False,"belief={'layout': 'the goal is likely downstairs, but the path is blocked by lava or wa | mech=the lava/water may be crossable by using a specific action, such as wading or se"
56e32a63,probe_mh,MiniHack-River-Narrow-v0,24,77,W,0.0,False,"belief={'layout': 'the goal is likely downstairs, but the path is blocked by lava or wa | mech=the lava/water may be crossable by using a specific action, such as wading or se"
56e32a63,probe_mh,MiniHack-River-Narrow-v0,24,78,W,0.0,False,"belief={'layout': 'the goal is likely downstairs, but the path is blocked by lava or wa | mech=the lava/water may be crossable by using a specific action, such as wading or se"
56e32a63,probe_mh,MiniHack-River-Narrow-v0,24,79,W,0.0,False,"belief={'layout': 'the goal is likely downstairs, but the path is blocked by lava or wa | mech=the lava/water may be crossable by using a specific action, such as wading or se"
56e32a63,probe_mh,MiniHack-River-Narrow-v0,24,80,S,0.0,False,"belief={'layout': 'the goal is likely downstairs, but the path is blocked by lava or wa | mech=the lava/water may be crossable by using a specific action, such as wading or se"
56e32a63,probe_mh,MiniHack-River-Narrow-v0,24,81,S,0.0,False,"belief={'layout': 'the goal is likely downstairs, but the path is blocked by lava or wa | mech=the lava/water may be crossable by using a specific action, such as wading or se"
56e32a63,probe_mh,MiniHack-River-Narrow-v0,24,82,S,0.0,False,"belief={'layout': 'the goal is likely downstairs, but the path is blocked by lava or wa | mech=the lava/water may be crossable by using a specific action, such as wading or se"
56e32a63,probe_mh,MiniHack-River-Narrow-v0,24,83,E,0.0,False,"belief={'layout': 'the goal is likely downstairs, but the path is blocked by lava or wa | mech=the lava/water may be crossable by using a specific action, such as wading or se"
56e32a63,probe_mh,MiniHack-River-Narrow-v0,24,84,E,0.0,False,"belief={'layout': 'the goal is likely downstairs, but the path is blocked by lava or wa | mech=the lava/water may be crossable by using a specific action, such as wading or se"
56e32a63,probe_mh,MiniHack-River-Narrow-v0,24,85,E,0.0,False,"belief={'layout': 'the goal is likely downstairs, but the path is blocked by lava or wa | mech=the lava/water may be crossable by using a specific action, such as wading or se"
56e32a63,probe_mh,MiniHack-River-Narrow-v0,24,86,S,0.0,False,"belief={'layout': 'the goal is likely downstairs, but the path is blocked by lava or wa | mech=the lava/water may be crossable by using a specific action, such as wading or se"
56e32a63,probe_mh,MiniHack-River-Narrow-v0,24,87,E,0.0,False,"belief={'layout': 'the goal is likely downstairs, but the path is blocked by lava or wa | mech=the lava/water may be crossable by using a specific action, such as wading or se"
56e32a63,probe_mh,MiniHack-River-Narrow-v0,24,88,E,0.0,False,"belief={'layout': 'the goal is likely downstairs, but the path is blocked by lava or wa | mech=the lava/water may be crossable by using a specific action, such as wading or se"
56e32a63,probe_mh,MiniHack-River-Narrow-v0,24,89,S,0.0,False,"belief={'layout': 'the goal is likely downstairs, but the path is blocked by lava or wa | mech=the lava/water may be crossable by using a specific action, such as wading or se"
56e32a63,probe_mh,MiniHack-River-Narrow-v0,24,90,S,-0.01,False,"belief={'layout': 'the goal is likely downstairs, but the path is blocked by lava or wa | mech=the lava/water may be crossable by using a specific action, such as wading or se"
56e32a63,probe_mh,MiniHack-River-Narrow-v0,24,91,W,0.0,False,"belief={'layout': 'the goal is likely downstairs, but the path is blocked by lava or wa | mech=the lava/water may be crossable by using a specific action, such as wading or se"
56e32a63,probe_mh,MiniHack-River-Narrow-v0,24,92,W,0.0,False,"belief={'layout': 'the goal is likely downstairs, but the path is blocked by lava or wa | mech=the lava/water may be crossable by using a specific action, such as wading or se"
56e32a63,probe_mh,MiniHack-River-Narrow-v0,24,93,W,0.0,False,"belief={'layout': 'the goal is likely downstairs, but the path is blocked by lava or wa | mech=the lava/water may be crossable by using a specific action, such as wading or se"
56e32a63,probe_mh,MiniHack-River-Narrow-v0,24,94,N,0.0,False,"belief={'layout': 'the goal is likely downstairs, but the path is blocked by lava or wa | mech=the lava/water may be crossable by using a specific action, such as wading or se"
56e32a63,probe_mh,MiniHack-River-Narrow-v0,24,95,N,0.0,False,"belief={'layout': 'the goal is likely downstairs, but the path is blocked by lava or wa | mech=the lava/water may be crossable by using a specific action, such as wading or se"
56e32a63,probe_mh,MiniHack-River-Narrow-v0,24,96,N,0.0,False,"belief={'layout': 'the goal is likely downstairs, but the path is blocked by lava or wa | mech=the lava/water may be crossable by using a specific action, such as wading or se"
56e32a63,probe_mh,MiniHack-River-Narrow-v0,24,97,N,0.0,False,"belief={'layout': 'the goal is likely downstairs, but the path is blocked by lava or wa | mech=the lava/water may be crossable by using a specific action, such as wading or se"
56e32a63,probe_mh,MiniHack-River-Narrow-v0,24,98,N,0.0,False,"belief={'layout': 'the goal is likely downstairs, but the path is blocked by lava or wa | mech=the lava/water may be crossable by using a specific action, such as wading or se"
56e32a63,probe_mh,MiniHack-River-Narrow-v0,24,99,N,0.0,False,"belief={'layout': 'the goal is likely downstairs, but the path is blocked by lava or wa | mech=the lava/water may be crossable by using a specific action, such as wading or se"
56e32a63,probe_mh,MiniHack-River-Narrow-v0,24,100,E,0.0,False,"belief={'layout': 'the goal is likely downstairs, but the path is blocked by lava or wa | mech=the lava/water may be crossable by using a specific action, such as wading or se"
56e32a63,probe_mh,MiniHack-River-Narrow-v0,24,101,E,0.0,False,"belief={'layout': 'the goal is likely downstairs, but the path is blocked by lava or wa | mech=the lava/water may be crossable by using a specific action, such as wading or se"
56e32a63,probe_mh,MiniHack-River-Narrow-v0,24,102,S,0.0,False,"belief={'layout': 'the goal is likely downstairs, but the path is blocked by lava or wa | mech=the lava/water may be crossable by using a specific action, such as wading or se"
56e32a63,probe_mh,MiniHack-River-Narrow-v0,24,103,S,0.0,False,"belief={'layout': 'the goal is likely downstairs, but the path is blocked by lava or wa | mech=the lava/water may be crossable by using a specific action, such as wading or se"
56e32a63,probe_mh,MiniHack-River-Narrow-v0,24,104,S,0.0,False,"belief={'layout': 'the goal is likely downstairs, but the path is blocked by lava or wa | mech=the lava/water may be crossable by using a specific action, such as wading or se"
56e32a63,probe_mh,MiniHack-River-Narrow-v0,24,105,S,0.0,False,"belief={'layout': 'the goal is likely downstairs, but the path is blocked by lava or wa | mech=the lava/water may be crossable by using a specific action, such as wading or se"
56e32a63,probe_mh,MiniHack-River-Narrow-v0,24,106,E,0.0,False,"belief={'layout': 'the goal is likely downstairs, but the path is blocked by lava or wa | mech=the lava/water may be crossable by using a specific action, such as wading or se"
56e32a63,probe_mh,MiniHack-River-Narrow-v0,24,107,S,0.0,False,"belief={'layout': 'the goal is likely downstairs, but the path is blocked by lava or wa | mech=the lava/water may be crossable by using a specific action, such as wading or se"
56e32a63,probe_mh,MiniHack-River-Narrow-v0,24,108,S,0.0,False,"belief={'layout': 'the goal is likely downstairs, but the path is blocked by lava or wa | mech=the lava/water may be crossable by using a specific action, such as wading or se"
56e32a63,probe_mh,MiniHack-River-Narrow-v0,24,109,S,-0.01,False,"belief={'layout': 'the goal is likely downstairs, but the path is blocked by lava or wa | mech=the lava/water may be crossable by using a specific action, such as wading or se"
56e32a63,probe_mh,MiniHack-River-Narrow-v0,24,110,E,0.0,False,"belief={'layout': 'the goal is likely downstairs, but the path is blocked by lava or wa | mech=the lava/water may be crossable by using a specific action, such as wading or se"
56e32a63,probe_mh,MiniHack-River-Narrow-v0,24,111,E,0.0,False,"belief={'layout': 'the goal is likely downstairs, but the path is blocked by lava or wa | mech=the lava/water may be crossable by using a specific action, such as wading or se"
56e32a63,probe_mh,MiniHack-River-Narrow-v0,24,112,E,0.0,False,"belief={'layout': 'the goal is likely downstairs, but the path is blocked by lava or wa | mech=the lava/water may be crossable by using a specific action, such as wading or se"
56e32a63,probe_mh,MiniHack-River-Narrow-v0,24,113,S,-0.01,False,"belief={'layout': 'the goal is likely downstairs, but the path is blocked by lava or wa | mech=the lava/water may be crossable by using a specific action, such as wading or se"
56e32a63,probe_mh,MiniHack-River-Narrow-v0,24,114,E,0.0,False,"belief={'layout': 'the goal is likely downstairs, but the path is blocked by lava or wa | mech=the lava/water may be crossable by using a specific action, such as wading or se"
56e32a63,probe_mh,MiniHack-River-Narrow-v0,24,115,S,-0.01,False,"belief={'layout': 'the goal is likely downstairs, but the path is blocked by lava or wa | mech=the lava/water may be crossable by using a specific action, such as wading or se"
56e32a63,probe_mh,MiniHack-River-Narrow-v0,24,116,W,0.0,False,"belief={'layout': 'the goal is likely downstairs, but the path is blocked by lava or wa | mech=the lava/water may be crossable by using a specific action, such as wading or se"
56e32a63,probe_mh,MiniHack-River-Narrow-v0,24,117,W,0.0,False,"belief={'layout': 'the goal is likely downstairs, but the path is blocked by lava or wa | mech=the lava/water may be crossable by using a specific action, such as wading or se"
56e32a63,probe_mh,MiniHack-River-Narrow-v0,24,118,W,0.0,False,"belief={'layout': 'the goal is likely downstairs, but the path is blocked by lava or wa | mech=the lava/water may be crossable by using a specific action, such as wading or se"
56e32a63,probe_mh,MiniHack-River-Narrow-v0,24,119,N,0.0,False,"belief={'layout': 'the goal is likely downstairs, but the path is blocked by lava or wa | mech=the lava/water may be crossable by using a specific action, such as wading or se"
56e32a63,probe_mh,MiniHack-River-Narrow-v0,25,0,E,0.0,False,"belief=The goal is likely to be downstairs, but I need to explore to find it. My next m | mech=I believe that moving into a wall or obstacle will not change my position. I hav"
56e32a63,probe_mh,MiniHack-River-Narrow-v0,25,1,E,0.0,False,"belief=The goal is likely to be downstairs, and my next move will be to head east to ga | mech=I believe that moving into a wall or obstacle will not change my position. I hav"
56e32a63,probe_mh,MiniHack-River-Narrow-v0,25,2,E,0.0,False,"belief=The goal is likely to be downstairs, and my next move will be to head east to ga | mech=I believe that moving into a wall or obstacle will not change my position. The p"
56e32a63,probe_mh,MiniHack-River-Narrow-v0,25,3,E,0.0,False,"belief=The goal is likely to be downstairs, and my next move will be to head east to ga | mech=I believe that moving into a wall or obstacle will not change my position. The p"
56e32a63,probe_mh,MiniHack-River-Narrow-v0,25,4,E,0.0,False,"belief=The goal is likely to be downstairs, and my next move will be to head east to ga | mech=I believe that moving into a wall or obstacle will not change my position. The p"
56e32a63,probe_mh,MiniHack-River-Narrow-v0,25,5,E,0.0,False,"belief=The goal is likely to be downstairs, and my next move will be to head east to ga | mech=I believe that moving into a wall or obstacle will not change my position. The p"
56e32a63,probe_mh,MiniHack-River-Narrow-v0,25,6,E,0.0,False,"belief=The goal is likely to be downstairs, and my next move will be to head east to ga | mech=I believe that moving into a wall or obstacle will not change my position. The p"
56e32a63,probe_mh,MiniHack-River-Narrow-v0,25,7,E,0.0,False,"belief=The goal is likely to be downstairs, and my next move will be to head east to ga | mech=I believe that moving into a wall or obstacle will not change my position. The p"
56e32a63,probe_mh,MiniHack-River-Narrow-v0,25,8,E,0.0,False,"belief=The goal is likely to be downstairs, and my next move will be to head east to ga | mech=I believe that moving into a wall or obstacle will not change my position. The p"
56e32a63,probe_mh,MiniHack-River-Narrow-v0,25,9,E,0.0,False,"belief=The goal is likely to be downstairs, and my next move will be to head east to ga | mech=I believe that moving into a wall or obstacle will not change my position. The p"
56e32a63,probe_mh,MiniHack-River-Narrow-v0,25,10,E,0.0,False,"belief=The goal is likely to be downstairs, and my next move will be to head east to ga | mech=I believe that moving into a wall or obstacle will not change my position. The p"
56e32a63,probe_mh,MiniHack-River-Narrow-v0,25,11,E,0.0,False,"belief=The goal is likely to be downstairs, and my next move will be to head east to ga | mech=I believe that moving into a wall or obstacle will not change my position. The p"
56e32a63,probe_mh,MiniHack-River-Narrow-v0,25,12,E,0.0,False,"belief=The goal is likely to be downstairs, and my next move will be to head east to ga | mech=I believe that moving into a wall or obstacle will not change my position. The p"
56e32a63,probe_mh,MiniHack-River-Narrow-v0,25,13,E,0.0,False,"belief=The goal is likely to be downstairs, and my next move will be to head east to ga | mech=I believe that moving into a wall or obstacle will not change my position. The p"
56e32a63,probe_mh,MiniHack-River-Narrow-v0,25,14,S,-0.01,False,"belief=The goal is likely to be downstairs, and since moving east is blocked by a wall, | mech=I believe that moving into a wall or obstacle will not change my position. I hav"
56e32a63,probe_mh,MiniHack-River-Narrow-v0,25,15,S,-0.01,False,"belief=The goal is likely to be downstairs, and since moving east is blocked by a wall, | mech=I believe that moving into a wall or obstacle will not change my position. I hav"
56e32a63,probe_mh,MiniHack-River-Narrow-v0,25,16,W,0.0,False,"belief=The goal is likely to be downstairs, and since moving east and south are blocked | mech=I believe that moving into a wall or obstacle will not change my position. I hav"
56e32a63,probe_mh,MiniHack-River-Narrow-v0,25,17,W,0.0,False,"belief=The goal is likely to be downstairs, and since moving east and south are blocked | mech=I believe that moving into a wall or obstacle will not change my position. I hav"
56e32a63,probe_mh,MiniHack-River-Narrow-v0,25,18,W,0.0,False,"belief=The goal is likely to be downstairs, and since moving east and south are blocked | mech=I believe that moving into a wall or obstacle will not change my position. I hav"
56e32a63,probe_mh,MiniHack-River-Narrow-v0,25,19,W,0.0,False,"belief=The goal is likely to be downstairs, and since moving east and south are blocked | mech=I believe that moving into a wall or obstacle will not change my position. I hav"
56e32a63,probe_mh,MiniHack-River-Narrow-v0,25,20,W,0.0,False,"belief=The goal is likely to be downstairs, and since moving east and south are blocked | mech=I believe that moving into a wall or obstacle will not change my position. I hav"
56e32a63,probe_mh,MiniHack-River-Narrow-v0,25,21,W,0.0,False,"belief=The goal is likely to be downstairs, and since moving east and south are blocked | mech=I believe that moving into a wall or obstacle will not change my position. I hav"
56e32a63,probe_mh,MiniHack-River-Narrow-v0,25,22,W,0.0,False,"belief=The goal is likely to be downstairs, and since moving east and south are blocked | mech=I believe that moving into a wall or obstacle will not change my position. I hav"
56e32a63,probe_mh,MiniHack-River-Narrow-v0,25,23,W,0.0,False,"belief=The goal is likely to be downstairs, and since moving east and south are blocked | mech=I believe that moving into a wall or obstacle will not change my position. I hav"
56e32a63,probe_mh,MiniHack-River-Narrow-v0,25,24,W,0.0,False,belief=The goal is likely to be downstairs. Since moving east and south are blocked by  | mech=I believe that moving into a wall or obstacle will not change my position. I hav
56e32a63,probe_mh,MiniHack-River-Narrow-v0,25,25,W,0.0,False,"belief=The goal is likely to be downstairs, and since moving east and south are blocked | mech=I believe that moving into a wall or obstacle will not change my position. I hav"
56e32a63,probe_mh,MiniHack-River-Narrow-v0,25,26,W,0.0,False,"belief=The goal is likely to be downstairs, and since moving east and south are blocked | mech=I believe that moving into a wall or obstacle will not change my position. I hav"
56e32a63,probe_mh,MiniHack-River-Narrow-v0,25,27,W,0.0,False,"belief=The goal is likely to be downstairs, and since moving east and south are blocked | mech=I believe that moving into a wall or obstacle will not change my position. I hav"
56e32a63,probe_mh,MiniHack-River-Narrow-v0,25,28,W,0.0,False,"belief=The goal is likely to be downstairs, and since moving east and south are blocked | mech=I believe that moving into a wall or obstacle will not change my position. I hav"
56e32a63,probe_mh,MiniHack-River-Narrow-v0,25,29,W,0.0,False,"belief=The goal is likely to be downstairs, and since moving east and south are blocked | mech=I believe that moving into a wall or obstacle will not change my position. I hav"
56e32a63,probe_mh,MiniHack-River-Narrow-v0,25,30,W,0.0,False,"belief=The goal is likely to be downstairs, and since moving east and south are blocked | mech=I believe that moving into a wall or obstacle will not change my position. I hav"
56e32a63,probe_mh,MiniHack-River-Narrow-v0,25,31,W,0.0,False,"belief=The goal is likely to be downstairs, and since moving east and south are blocked | mech=I believe that moving into a wall or obstacle will not change my position. I hav"
56e32a63,probe_mh,MiniHack-River-Narrow-v0,25,32,W,0.0,False,"belief=The goal is likely to be downstairs, and since moving east and south are blocked | mech=I believe that moving into a wall or obstacle will not change my position. I hav"
56e32a63,probe_mh,MiniHack-River-Narrow-v0,25,33,W,-0.01,False,"belief=The goal is likely to be downstairs, and since moving east and south are blocked | mech=I believe that moving into a wall or obstacle will not change my position. I hav"
56e32a63,probe_mh,MiniHack-River-Narrow-v0,25,34,W,-0.01,False,"belief=The goal is likely to be downstairs, and since moving east and south are blocked | mech=I believe that moving into a wall or obstacle will not change my position. I hav"
56e32a63,probe_mh,MiniHack-River-Narrow-v0,25,35,N,0.0,False,"belief=The goal is likely to be downstairs, and since moving east, south, and west are  | mech=I believe that moving into a wall or obstacle will not change my position. I hav"
56e32a63,probe_mh,MiniHack-River-Narrow-v0,25,36,N,0.0,False,"belief=The goal is likely to be downstairs, and since moving east, south, and west are  | mech=I believe that moving into a wall or obstacle will not change my position. I hav"
56e32a63,probe_mh,MiniHack-River-Narrow-v0,25,37,N,0.0,False,"belief=The goal is likely to be downstairs, and my next move will be to head north to g | mech=I believe that moving into a wall or obstacle will not change my position. I hav"
56e32a63,probe_mh,MiniHack-River-Narrow-v0,25,38,N,0.0,False,"belief=The goal is likely to be downstairs, and my next move will be to head north to g | mech=I believe that moving into a wall or obstacle will not change my position. I hav"
56e32a63,probe_mh,MiniHack-River-Narrow-v0,25,39,N,0.0,False,"belief=The goal is likely to be downstairs, and my next move will be to head north to g | mech=I believe that moving into a wall or obstacle will not change my position. I hav"
56e32a63,probe_mh,MiniHack-River-Narrow-v0,25,40,N,0.0,False,"belief=The goal is likely to be downstairs, and my next move will be to head north to g | mech=I believe that moving into a wall or obstacle will not change my position. I hav"
56e32a63,probe_mh,MiniHack-River-Narrow-v0,25,41,N,-0.01,False,"belief=The goal is likely to be downstairs, and my next move will be to head north to g | mech=I believe that moving into a wall or obstacle will not change my position. I hav"
56e32a63,probe_mh,MiniHack-River-Narrow-v0,25,42,N,-0.01,False,"belief=The goal is likely to be downstairs, and my next move will be to head north to g | mech=I believe that moving into a wall or obstacle will not change my position. I hav"
56e32a63,probe_mh,MiniHack-River-Narrow-v0,25,43,E,0.0,False,"belief=The goal is likely to be downstairs, but since moving north is blocked by a wall | mech=I believe that moving into a wall or obstacle will not change my position. I hav"
56e32a63,probe_mh,MiniHack-River-Narrow-v0,25,44,E,0.0,False,"belief=The goal is likely to be downstairs, and my next move will be to head east to ga | mech=I believe that moving into a wall or obstacle will not change my position. I hav"
56e32a63,probe_mh,MiniHack-River-Narrow-v0,25,45,E,0.0,False,"belief=The goal is likely to be downstairs, and my next move will be to head east to ga | mech=I believe that moving into a wall or obstacle will not change my position. I hav"
56e32a63,probe_mh,MiniHack-River-Narrow-v0,25,46,E,0.0,False,"belief=The goal is likely to be downstairs, and my next move will be to head east to ga | mech=I believe that moving into a wall or obstacle will not change my position. I hav"
56e32a63,probe_mh,MiniHack-River-Narrow-v0,25,47,E,0.0,False,"belief=The goal is likely to be downstairs, and my next move will be to head east to ga | mech=I believe that moving into a wall or obstacle will not change my position. I hav"
56e32a63,probe_mh,MiniHack-River-Narrow-v0,25,48,S,0.0,False,"belief=The goal is likely to be downstairs, and my next move will be to head south to g | mech=I believe that moving into a wall or obstacle will not change my position. I hav"
56e32a63,probe_mh,MiniHack-River-Narrow-v0,25,49,S,0.0,False,"belief=The goal is likely to be downstairs, and my next move will be to head south to g | mech=I believe that moving into a wall or obstacle will not change my position. I hav"
56e32a63,probe_mh,MiniHack-River-Narrow-v0,25,50,S,0.0,False,"belief=The goal is likely to be downstairs, and my next move will be to head south to g | mech=I believe that moving into a wall or obstacle will not change my position. I hav"
56e32a63,probe_mh,MiniHack-River-Narrow-v0,25,51,S,0.0,False,"belief=The goal is likely to be downstairs, and my next move will be to head south to g | mech=I believe that moving into a wall or obstacle will not change my position. I hav"
56e32a63,probe_mh,MiniHack-River-Narrow-v0,25,52,S,0.0,False,"belief=The goal is likely to be downstairs, and my next move will be to head south to g | mech=I believe that moving into a wall or obstacle will not change my position. I hav"
56e32a63,probe_mh,MiniHack-River-Narrow-v0,25,53,E,0.0,False,"belief=The goal is likely to be downstairs, and my next move will be to head east to ga | mech=I believe that moving into a wall or obstacle will not change my position. I hav"
56e32a63,probe_mh,MiniHack-River-Narrow-v0,25,54,E,0.0,False,"belief=The goal is likely to be downstairs, and my next move will be to head east to ga | mech=I believe that moving into a wall or obstacle will not change my position. I hav"
56e32a63,probe_mh,MiniHack-River-Narrow-v0,25,55,E,0.0,False,"belief=The goal is likely to be downstairs, and my next move will be to head east to ga | mech=I believe that moving into a wall or obstacle will not change my position. I hav"
56e32a63,probe_mh,MiniHack-River-Narrow-v0,25,56,E,0.0,False,"belief=The goal is likely to be downstairs, and my next move will be to head east to ga | mech=I believe that moving into a wall or obstacle will not change my position. I hav"
56e32a63,probe_mh,MiniHack-River-Narrow-v0,25,57,E,0.0,False,"belief=The goal is likely to be downstairs, and my next move will be to head east to ga | mech=I believe that moving into a wall or obstacle will not change my position. I hav"
56e32a63,probe_mh,MiniHack-River-Narrow-v0,25,58,E,0.0,False,"belief=The goal is likely to be downstairs, and my next move will be to head east to ga | mech=I believe that moving into a wall or obstacle will not change my position. I hav"
56e32a63,probe_mh,MiniHack-River-Narrow-v0,25,59,E,0.0,False,"belief=The goal is likely to be downstairs, and my next move will be to head east to ga | mech=I believe that moving into a wall or obstacle will not change my position. I hav"
56e32a63,probe_mh,MiniHack-River-Narrow-v0,25,60,S,0.0,False,"belief=The goal is likely to be downstairs, and my next move will be to head south to g | mech=I believe that moving into a wall or obstacle will not change my position. I hav"
56e32a63,probe_mh,MiniHack-River-Narrow-v0,25,61,E,0.0,False,"belief=The goal is likely to be downstairs, and my next move will be to head east to ga | mech=I believe that moving into a wall or obstacle will not change my position. I hav"
56e32a63,probe_mh,MiniHack-River-Narrow-v0,25,62,S,-0.01,False,"belief=The goal is likely to be downstairs, and my next move will be to head south to g | mech=I believe that moving into a wall or obstacle will not change my position. I hav"
56e32a63,probe_mh,MiniHack-River-Narrow-v0,25,63,E,0.0,False,"belief=The goal is likely to be downstairs, and my next move will be to head east to te | mech=I believe that moving into a wall or obstacle will not change my position. I hav"
56e32a63,probe_mh,MiniHack-River-Narrow-v0,25,64,E,0.0,False,"belief=The goal is likely to be downstairs, and my next move will be to head east to te | mech=I believe that moving into a wall or obstacle will not change my position. I hav"
56e32a63,probe_mh,MiniHack-River-Narrow-v0,25,65,E,0.0,False,"belief=The goal is likely to be downstairs, and my next move will be to head east to te | mech=I believe that moving into a wall or obstacle will not change my position. I hav"
56e32a63,probe_mh,MiniHack-River-Narrow-v0,25,66,E,0.0,False,"belief=The goal is likely to be downstairs, and my next move will be to head east to te | mech=I believe that moving into a wall or obstacle will not change my position. I hav"
56e32a63,probe_mh,MiniHack-River-Narrow-v0,25,67,S,-0.01,False,"belief=The goal is likely to be downstairs, and my next move will be to head south to t | mech=I believe that moving into a wall or obstacle will not change my position. I hav"
56e32a63,probe_mh,MiniHack-River-Narrow-v0,25,68,S,-0.01,False,"belief=The goal is likely to be downstairs, and my next move will be to head south to t | mech=I believe that moving into a wall or obstacle will not change my position. I hav"
56e32a63,probe_mh,MiniHack-River-Narrow-v0,25,69,E,0.0,False,"belief=The goal is likely to be downstairs, and since moving south is blocked by a wall | mech=I believe that moving into a wall or obstacle will not change my position. I hav"
56e32a63,probe_mh,MiniHack-River-Narrow-v0,25,70,E,0.0,False,"belief=The goal is likely to be downstairs, and since moving south is blocked by a wall | mech=I believe that moving into a wall or obstacle will not change my position. I hav"
56e32a63,probe_mh,MiniHack-River-Narrow-v0,25,71,E,0.0,False,"belief=The goal is likely to be downstairs, and since moving south is blocked by a wall | mech=I believe that moving into a wall or obstacle will not change my position. I hav"
56e32a63,probe_mh,MiniHack-River-Narrow-v0,25,72,E,0.0,False,"belief=The goal is likely to be downstairs, and since moving south is blocked by a wall | mech=I believe that moving into a wall or obstacle will not change my position. I hav"
56e32a63,probe_mh,MiniHack-River-Narrow-v0,25,73,E,0.0,False,"belief=The goal is likely to be downstairs, and since moving south is blocked by a wall | mech=I believe that moving into a wall or obstacle will not change my position. I hav"
56e32a63,probe_mh,MiniHack-River-Narrow-v0,25,74,E,0.0,False,"belief=The goal is likely to be downstairs, and since moving south is blocked by a wall | mech=I believe that moving into a wall or obstacle will not change my position. I hav"
56e32a63,probe_mh,MiniHack-River-Narrow-v0,25,75,E,0.0,False,"belief=The goal is likely to be downstairs, and since moving south is blocked by a wall | mech=I believe that moving into a wall or obstacle will not change my position. I hav"
56e32a63,probe_mh,MiniHack-River-Narrow-v0,25,76,W,0.0,False,"belief=The goal is likely to be downstairs, and since moving south and east are blocked | mech=I believe that moving into a wall or obstacle will not change my position. I hav"
56e32a63,probe_mh,MiniHack-River-Narrow-v0,25,77,W,0.0,False,"belief=The goal is likely to be downstairs, and since moving south and east are blocked | mech=I believe that moving into a wall or obstacle will not change my position. I hav"
56e32a63,probe_mh,MiniHack-River-Narrow-v0,25,78,W,0.0,False,"belief=The goal is likely to be downstairs, and my next move will be to head west to ex | mech=I believe that moving into a wall or obstacle will not change my position. I hav"
56e32a63,probe_mh,MiniHack-River-Narrow-v0,25,79,W,0.0,False,"belief=The goal is likely to be downstairs, and my next move will be to head west to ex | mech=I believe that moving into a wall or obstacle will not change my position. I hav"
56e32a63,probe_mh,MiniHack-River-Narrow-v0,25,80,W,0.0,False,"belief=The goal is likely to be downstairs, and my next move will be to head west to ex | mech=I believe that moving into a wall or obstacle will not change my position. I hav"
56e32a63,probe_mh,MiniHack-River-Narrow-v0,25,81,W,0.0,False,"belief=The goal is likely to be downstairs, and my next move will be to head west to ex | mech=I believe that moving into a wall or obstacle will not change my position. I hav"
56e32a63,probe_mh,MiniHack-River-Narrow-v0,25,82,W,0.0,False,"belief=The goal is likely to be downstairs, and my next move will be to head west to ex | mech=I believe that moving into a wall or obstacle will not change my position. I hav"
56e32a63,probe_mh,MiniHack-River-Narrow-v0,25,83,W,0.0,False,"belief=The goal is likely to be downstairs, and my next move will be to head west to ex | mech=I believe that moving into a wall or obstacle will not change my position. I hav"
56e32a63,probe_mh,MiniHack-River-Narrow-v0,25,84,W,0.0,False,"belief=The goal is likely to be downstairs, and my next move will be to head west to ex | mech=I believe that moving into a wall or obstacle will not change my position. I hav"
56e32a63,probe_mh,MiniHack-River-Narrow-v0,25,85,W,0.0,False,"belief=The goal is likely to be downstairs, and my next move will be to head west to ex | mech=I believe that moving into a wall or obstacle will not change my position. I hav"
56e32a63,probe_mh,MiniHack-River-Narrow-v0,25,86,W,0.0,False,"belief=The goal is likely to be downstairs, and my next move will be to head west to ex | mech=I believe that moving into a wall or obstacle will not change my position. I hav"
56e32a63,probe_mh,MiniHack-River-Narrow-v0,25,87,W,0.0,False,"belief=The goal is likely to be downstairs, and my next move will be to head west to ex | mech=I believe that moving into a wall or obstacle will not change my position. I hav"
56e32a63,probe_mh,MiniHack-River-Narrow-v0,25,88,W,0.0,False,"belief=The goal is likely to be downstairs, and my next move will be to head west to ex | mech=I believe that moving into a wall or obstacle will not change my position. I hav"
56e32a63,probe_mh,MiniHack-River-Narrow-v0,25,89,W,0.0,False,"belief=The goal is likely to be downstairs, and my next move will be to head west to ex | mech=I believe that moving into a wall or obstacle will not change my position. I hav"
56e32a63,probe_mh,MiniHack-River-Narrow-v0,25,90,W,0.0,False,"belief=The goal is likely to be downstairs, and my next move will be to head west to ex | mech=I believe that moving into a wall or obstacle will not change my position. I hav"
56e32a63,probe_mh,MiniHack-River-Narrow-v0,25,91,W,0.0,False,"belief=The goal is likely to be downstairs, and my next move will be to head west to ex | mech=I believe that moving into a wall or obstacle will not change my position. I hav"
56e32a63,probe_mh,MiniHack-River-Narrow-v0,25,92,W,0.0,False,"belief=The goal is likely to be downstairs, and my next move will be to head west to ex | mech=I believe that moving into a wall or obstacle will not change my position. I hav"
56e32a63,probe_mh,MiniHack-River-Narrow-v0,25,93,W,-0.01,False,"belief=The goal is likely to be downstairs, and my next move will be to head west to ex | mech=I believe that moving into a wall or obstacle will not change my position. I hav"
56e32a63,probe_mh,MiniHack-River-Narrow-v0,25,94,W,-0.01,False,"belief=The goal is likely to be downstairs, and my next move will be to head west to ex | mech=I believe that moving into a wall or obstacle will not change my position. I hav"
56e32a63,probe_mh,MiniHack-River-Narrow-v0,25,95,N,0.0,False,"belief=The goal is likely to be downstairs, and since moving west is blocked, my next m | mech=I believe that moving into a wall or obstacle will not change my position. I hav"
56e32a63,probe_mh,MiniHack-River-Narrow-v0,25,96,N,0.0,False,"belief=The goal is likely to be downstairs, and since moving west is blocked, my next m | mech=I believe that moving into a wall or obstacle will not change my position. I hav"
56e32a63,probe_mh,MiniHack-River-Narrow-v0,25,97,N,0.0,False,belief=The goal is likely to be downstairs. My next move will be to try moving north to | mech=I believe that moving into a wall or obstacle will not change my position. I hav
56e32a63,probe_mh,MiniHack-River-Narrow-v0,25,98,N,0.0,False,"belief=The goal is likely to be downstairs, and my next move will be to try moving nort | mech=I believe that moving into a wall or obstacle will not change my position. I hav"
56e32a63,probe_mh,MiniHack-River-Narrow-v0,25,99,N,-0.01,False,"belief=The goal is likely to be downstairs, and my next move will be to try moving nort | mech=I believe that moving into a wall or obstacle will not change my position. I hav"
56e32a63,probe_mh,MiniHack-River-Narrow-v0,25,100,N,-0.01,False,"belief=The goal is likely to be downstairs, and my next move will be to try moving nort | mech=I believe that moving into a wall or obstacle will not change my position. I hav"
56e32a63,probe_mh,MiniHack-River-Narrow-v0,25,101,E,0.0,False,"belief=The goal is likely to be downstairs, and since moving north is blocked by solid  | mech=I believe that moving into a wall or obstacle will not change my position. I hav"
56e32a63,probe_mh,MiniHack-River-Narrow-v0,25,102,E,0.0,False,"belief=The goal is likely to be downstairs, and since moving north is blocked by solid  | mech=I believe that moving into a wall or obstacle will not change my position. I hav"
56e32a63,probe_mh,MiniHack-River-Narrow-v0,25,103,E,0.0,False,"belief=The goal is likely to be downstairs, and since moving north is blocked by solid  | mech=I believe that moving into a wall or obstacle will not change my position. I hav"
56e32a63,probe_mh,MiniHack-River-Narrow-v0,25,104,E,0.0,False,"belief=The goal is likely to be downstairs, and since moving north is blocked by solid  | mech=I believe that moving into a wall or obstacle will not change my position. I hav"
56e32a63,probe_mh,MiniHack-River-Narrow-v0,25,105,E,0.0,False,"belief=The goal is likely to be downstairs, and since moving north is blocked by solid  | mech=I believe that moving into a wall or obstacle will not change my position. I hav"
56e32a63,probe_mh,MiniHack-River-Narrow-v0,25,106,E,0.0,False,"belief=The goal is likely to be downstairs, and since moving north is blocked by solid  | mech=I believe that moving into a wall or obstacle will not change my position. I hav"
56e32a63,probe_mh,MiniHack-River-Narrow-v0,25,107,E,0.0,False,"belief=The goal is likely to be downstairs, and since moving north is blocked by solid  | mech=I believe that moving into a wall or obstacle will not change my position. I hav"
56e32a63,probe_mh,MiniHack-River-Narrow-v0,25,108,E,0.0,False,belief=The goal is likely to be downstairs. My next move will be to try moving east to  | mech=I believe that moving into a wall or obstacle will not change my position. I hav
56e32a63,probe_mh,MiniHack-River-Narrow-v0,25,109,S,0.0,False,"belief=The goal is likely to be downstairs, and my next move will be to try moving sout | mech=I believe that moving into a wall or obstacle will not change my position. I hav"
56e32a63,probe_mh,MiniHack-River-Narrow-v0,25,110,S,0.0,False,"belief=The goal is likely to be downstairs, and my next move will be to try moving sout | mech=I believe that moving into a wall or obstacle will not change my position. I hav"
56e32a63,probe_mh,MiniHack-River-Narrow-v0,25,111,S,0.0,False,"belief=The goal is likely to be downstairs, and my next move will be to try moving sout | mech=I believe that moving into a wall or obstacle will not change my position. I hav"
56e32a63,probe_mh,MiniHack-River-Narrow-v0,25,112,E,0.0,False,"belief=The goal is likely to be downstairs, and my next move will be to try moving sout | mech=I believe that moving into a wall or obstacle will not change my position. I hav"
56e32a63,probe_mh,MiniHack-River-Narrow-v0,25,113,W,0.0,False,"belief=The goal is likely to be downstairs, and my next move will be to try moving west | mech=I believe that moving into a wall or obstacle will not change my position. I hav"
56e32a63,probe_mh,MiniHack-River-Narrow-v0,25,114,W,0.0,False,"belief=The goal is likely to be downstairs, and my next move will be to try moving west | mech=I believe that moving into a wall or obstacle will not change my position. I hav"
56e32a63,probe_mh,MiniHack-River-Narrow-v0,25,115,W,0.0,False,"belief=The goal is likely to be downstairs, and my next move will be to try moving west | mech=I believe that moving into a wall or obstacle will not change my position. I hav"
56e32a63,probe_mh,MiniHack-River-Narrow-v0,25,116,W,0.0,False,"belief=The goal is likely to be downstairs, and my next move will be to try moving west | mech=I believe that moving into a wall or obstacle will not change my position. I hav"
56e32a63,probe_mh,MiniHack-River-Narrow-v0,25,117,W,0.0,False,"belief=The goal is likely to be downstairs, and my next move will be to try moving west | mech=I believe that moving into a wall or obstacle will not change my position. I hav"
56e32a63,probe_mh,MiniHack-River-Narrow-v0,25,118,W,0.0,False,"belief=The goal is likely to be downstairs, and my next move will be to try moving west | mech=I believe that moving into a wall or obstacle will not change my position. I hav"
56e32a63,probe_mh,MiniHack-River-Narrow-v0,25,119,W,0.0,False,"belief=The goal is likely to be downstairs, and my next move will be to try moving west | mech=I believe that moving into a wall or obstacle will not change my position. I hav"
56e32a63,probe_mh,MiniHack-River-Narrow-v0,26,0,N,0.0,False,"belief={'layout': 'I am in a room with lava or water to the east and south, my goal is  | mech=unknown; I do not yet know how the obstacles here work, so I must discover it by"
56e32a63,probe_mh,MiniHack-River-Narrow-v0,26,1,N,0.0,False,"belief={'layout': 'I am in a room with lava or water to the east and south, my goal is  | mech=unknown; I do not yet know how the obstacles here work, so I must discover it by"
56e32a63,probe_mh,MiniHack-River-Narrow-v0,26,2,N,-0.01,False,"belief={'layout': 'I am in a room with lava or water to the east and south, my goal is  | mech=unknown; I do not yet know how the obstacles here work, so I must discover it by"
56e32a63,probe_mh,MiniHack-River-Narrow-v0,26,3,N,-0.01,False,"belief={'layout': 'I am in a room with lava or water to the east and south, my goal is  | mech=unknown; I do not yet know how the obstacles here work, so I must discover it by"
56e32a63,probe_mh,MiniHack-River-Narrow-v0,26,4,W,0.0,False,"belief={'layout': 'I am in a room with lava or water to the east and south, my goal is  | mech=unknown; I do not yet know how the obstacles here work, so I must discover it by"
56e32a63,probe_mh,MiniHack-River-Narrow-v0,26,5,W,0.0,False,"belief={'layout': 'I am in a room with lava or water to the east and south, my goal is  | mech=unknown; I do not yet know how the obstacles here work, so I must discover it by"
56e32a63,probe_mh,MiniHack-River-Narrow-v0,26,6,W,0.0,False,"belief={'layout': 'I am in a room with lava or water to the east and south, my goal is  | mech=unknown; I do not yet know how the obstacles here work, so I must discover it by"
56e32a63,probe_mh,MiniHack-River-Narrow-v0,26,7,W,0.0,False,"belief={'layout': 'I am in a room with lava or water to the east and south, my goal is  | mech=unknown; I do not yet know how the obstacles here work, so I must discover it by"
56e32a63,probe_mh,MiniHack-River-Narrow-v0,26,8,W,0.0,False,"belief={'layout': 'I am in a room with lava or water to the east and south, my goal is  | mech=unknown; I do not yet know how the obstacles here work, so I must discover it by"
56e32a63,probe_mh,MiniHack-River-Narrow-v0,26,9,W,0.0,False,"belief={'layout': 'I am in a room with lava or water to the east and south, my goal is  | mech=unknown; I do not yet know how the obstacles here work, so I must discover it by"
56e32a63,probe_mh,MiniHack-River-Narrow-v0,26,10,W,0.0,False,"belief={'layout': 'I am in a room with lava or water to the east and south, my goal is  | mech=unknown; I do not yet know how the obstacles here work, so I must discover it by"
56e32a63,probe_mh,MiniHack-River-Narrow-v0,26,11,E,0.0,False,"belief={'layout': 'I am in a room with lava or water to the east and south, my goal is  | mech=unknown; I do not yet know how the obstacles here work, so I must discover it by | EXPERIMENT"
56e32a63,probe_mh,MiniHack-River-Narrow-v0,26,12,E,0.0,False,"belief={'layout': 'I am in a room with lava or water to the east and south, my goal is  | mech=unknown; I do not yet know how the obstacles here work, so I must discover it by"
56e32a63,probe_mh,MiniHack-River-Narrow-v0,26,13,E,0.0,False,"belief={'layout': 'I am in a room with lava or water to the east and south, my goal is  | mech=unknown; I do not yet know how the obstacles here work, so I must discover it by"
56e32a63,probe_mh,MiniHack-River-Narrow-v0,26,14,E,0.0,False,"belief={'layout': 'I am in a room with lava or water to the east and south, my goal is  | mech=unknown; I do not yet know how the obstacles here work, so I must discover it by"
56e32a63,probe_mh,MiniHack-River-Narrow-v0,26,15,E,0.0,False,"belief={'layout': 'I am in a room with lava or water to the east and south, my goal is  | mech=unknown; I do not yet know how the obstacles here work, so I must discover it by"
56e32a63,probe_mh,MiniHack-River-Narrow-v0,26,16,E,0.0,False,"belief={'layout': 'I am in a room with lava or water to the east and south, my goal is  | mech=unknown; I do not yet know how the obstacles here work, so I must discover it by"
56e32a63,probe_mh,MiniHack-River-Narrow-v0,26,17,E,0.0,False,"belief={'layout': 'I am in a room with lava or water to the east and south, my goal is  | mech=unknown; I do not yet know how the obstacles here work, so I must discover it by"
56e32a63,probe_mh,MiniHack-River-Narrow-v0,26,18,E,0.0,False,"belief={'layout': 'I am in a room with lava or water to the east and south, my goal is  | mech=unknown; I do not yet know how the obstacles here work, so I must discover it by"
56e32a63,probe_mh,MiniHack-River-Narrow-v0,26,19,E,0.0,False,"belief={'layout': 'I am in a room with lava or water to the east and south, my goal is  | mech=unknown; I do not yet know how the obstacles here work, so I must discover it by"
56e32a63,probe_mh,MiniHack-River-Narrow-v0,26,20,E,0.0,False,"belief={'layout': 'I am in a room with lava or water to the east and south, my goal is  | mech=unknown; I do not yet know how the obstacles here work, so I must discover it by"
56e32a63,probe_mh,MiniHack-River-Narrow-v0,26,21,E,0.0,False,"belief={'layout': 'I am in a room with lava or water to the east and south, my goal is  | mech=unknown; I do not yet know how the obstacles here work, so I must discover it by"
56e32a63,probe_mh,MiniHack-River-Narrow-v0,26,22,E,0.0,False,"belief={'layout': 'I am in a room with lava or water to the east and south, my goal is  | mech=unknown; I do not yet know how the obstacles here work, so I must discover it by"
56e32a63,probe_mh,MiniHack-River-Narrow-v0,26,23,E,0.0,False,"belief={'layout': ""I am in a room with lava or water to the east and south, my goal is  | mech=I hypothesize that the water may be swimmable or that there's a hidden mechanism | EXPERIMENT"
56e32a63,probe_mh,MiniHack-River-Narrow-v0,26,24,N,-0.01,False,"belief={'layout': ""I am in a room with lava or water to the east and south, my goal is  | mech=I hypothesize that the water may be uncrossable directly, and I need to find an "
56e32a63,probe_mh,MiniHack-River-Narrow-v0,26,25,W,0.0,False,"belief={'layout': ""I am in a room with lava or water to the east and south, my goal is  | mech=I hypothesize that the water may be uncrossable directly, and I need to find an "
56e32a63,probe_mh,MiniHack-River-Narrow-v0,26,26,W,0.0,False,"belief={'layout': ""I am in a room with lava or water to the east and south, my goal is  | mech=I hypothesize that the water may be uncrossable directly, and I need to find an "
56e32a63,probe_mh,MiniHack-River-Narrow-v0,26,27,W,0.0,False,"belief={'layout': ""I am in a room with lava or water to the east and south, my goal is  | mech=I hypothesize that the water may be uncrossable directly, and I need to find an "
56e32a63,probe_mh,MiniHack-River-Narrow-v0,26,28,W,0.0,False,"belief={'layout': ""I am in a room with lava or water to the east and south, my goal is  | mech=I hypothesize that the water may be uncrossable directly, and I need to find an "
56e32a63,probe_mh,MiniHack-River-Narrow-v0,26,29,N,-0.01,False,"belief={'layout': ""I am in a room with lava or water to the east and south, my goal is  | mech=I hypothesize that the water may be uncrossable directly, and I need to find an "
56e32a63,probe_mh,MiniHack-River-Narrow-v0,26,30,W,0.0,False,"belief={'layout': ""I am in a room with lava or water to the east and south, my goal is  | mech=I hypothesize that the lava or water may be uncrossable directly, and I need to "
56e32a63,probe_mh,MiniHack-River-Narrow-v0,26,31,W,0.0,False,"belief={'layout': ""I am in a room with lava or water to the east and south, my goal is  | mech=I hypothesize that the lava or water may be uncrossable directly, and I need to "
56e32a63,probe_mh,MiniHack-River-Narrow-v0,26,32,W,0.0,False,"belief={'layout': ""I am in a room with lava or water to the east and south, my goal is  | mech=I hypothesize that the lava or water may be uncrossable directly, and I need to "
56e32a63,probe_mh,MiniHack-River-Narrow-v0,26,33,N,-0.01,False,"belief={'layout': ""I am in a room with lava or water to the east and south, my goal is  | mech=I hypothesize that the lava or water may be uncrossable directly, and I need to "
56e32a63,probe_mh,MiniHack-River-Narrow-v0,26,34,W,0.0,False,"belief={'layout': ""I am in a room with lava or water to the east and south, my goal is  | mech=I hypothesize that the lava or water may be uncrossable directly, and I need to "
56e32a63,probe_mh,MiniHack-River-Narrow-v0,26,35,N,-0.01,False,"belief={'layout': ""I am in a room with lava or water to the east and south, my goal is  | mech=I hypothesize that the lava or water may be uncrossable directly, and I need to "
56e32a63,probe_mh,MiniHack-River-Narrow-v0,26,36,N,-0.01,False,"belief={'layout': ""I am in a room with lava or water to the east and south, my goal is  | mech=I hypothesize that the lava or water may be uncrossable directly, and I need to "
56e32a63,probe_mh,MiniHack-River-Narrow-v0,26,37,W,0.0,False,"belief={'layout': ""I am in a room with lava or water to the east and south, my goal is  | mech=I hypothesize that the lava or water may be uncrossable directly, and I need to "
56e32a63,probe_mh,MiniHack-River-Narrow-v0,26,38,N,-0.01,False,"belief={'layout': ""I am in a room with lava or water to the east and south, my goal is  | mech=I hypothesize that the lava or water may be uncrossable directly, and I need to "
56e32a63,probe_mh,MiniHack-River-Narrow-v0,26,39,N,-0.01,False,"belief={'layout': ""I am in a room with lava or water to the east and south, my goal is  | mech=I hypothesize that the lava or water may be uncrossable directly, and I need to "
56e32a63,probe_mh,MiniHack-River-Narrow-v0,26,40,W,0.0,False,"belief={'layout': ""I am in a room with lava or water to the east and south, my goal is  | mech=I hypothesize that the lava or water may be uncrossable directly, and I need to "
56e32a63,probe_mh,MiniHack-River-Narrow-v0,26,41,N,-0.01,False,"belief={'layout': ""I am in a room with lava or water to the east and south, my goal is  | mech=I hypothesize that the lava or water may be uncrossable directly, and I need to "
56e32a63,probe_mh,MiniHack-River-Narrow-v0,26,42,W,0.0,False,"belief={'layout': ""I am in a room with lava or water to the east and south, my goal is  | mech=I hypothesize that the lava or water may be uncrossable directly, and I need to "
56e32a63,probe_mh,MiniHack-River-Narrow-v0,26,43,W,0.0,False,"belief={'layout': ""I am in a room with lava or water to the east and south, my goal is  | mech=I hypothesize that the lava or water may be uncrossable directly, and I need to "
56e32a63,probe_mh,MiniHack-River-Narrow-v0,26,44,W,0.0,False,"belief={'layout': ""I am in a room with lava or water to the east and south, my goal is  | mech=I hypothesize that the lava or water may be uncrossable directly, and I need to "
56e32a63,probe_mh,MiniHack-River-Narrow-v0,26,45,W,0.0,False,"belief={'layout': ""I am in a room with lava or water to the east and south, my goal is  | mech=I hypothesize that the lava or water may be uncrossable directly, and I need to "
56e32a63,probe_mh,MiniHack-River-Narrow-v0,26,46,W,0.0,False,"belief={'layout': ""I am in a room with lava or water to the east and south, my goal is  | mech=I hypothesize that the lava or water may be uncrossable directly, and I need to "
56e32a63,probe_mh,MiniHack-River-Narrow-v0,26,47,W,0.0,False,"belief={'layout': ""I am in a room with lava or water to the east and south, my goal is  | mech=I hypothesize that the lava or water may be uncrossable directly, and I need to "
56e32a63,probe_mh,MiniHack-River-Narrow-v0,26,48,W,0.0,False,"belief={'layout': ""I am in a room with lava or water to the east and south, my goal is  | mech=I hypothesize that the lava or water may be uncrossable directly, and I need to "
56e32a63,probe_mh,MiniHack-River-Narrow-v0,26,49,N,-0.01,False,"belief={'layout': ""I am in a room with lava or water to the east and south, my goal is  | mech=I hypothesize that the lava or water may be uncrossable directly, and I need to "
56e32a63,probe_mh,MiniHack-River-Narrow-v0,26,50,N,-0.01,False,"belief={'layout': ""I am in a room with lava or water to the east and south, my goal is  | mech=I hypothesize that the lava or water may be uncrossable directly, and I need to "
56e32a63,probe_mh,MiniHack-River-Narrow-v0,26,51,W,-0.01,False,"belief={'layout': ""I am in a room with lava or water to the east and south, my goal is  | mech=I hypothesize that the lava or water may be uncrossable directly, and I need to "
56e32a63,probe_mh,MiniHack-River-Narrow-v0,26,52,S,0.0,False,"belief={'layout': ""I am in a room with lava or water to the east and south, my goal is  | mech=I hypothesize that the lava or water may be uncrossable directly, and I need to "
56e32a63,probe_mh,MiniHack-River-Narrow-v0,26,53,S,0.0,False,"belief={'layout': ""I am in a room with lava or water to the east and south, my goal is  | mech=I hypothesize that the lava or water may be uncrossable directly, and I need to "
56e32a63,probe_mh,MiniHack-River-Narrow-v0,26,54,S,0.0,False,"belief={'layout': ""I am in a room with lava or water to the east and south, my goal is  | mech=I hypothesize that the lava or water may be uncrossable directly, and I need to "
56e32a63,probe_mh,MiniHack-River-Narrow-v0,26,55,S,0.0,False,"belief={'layout': ""I am in a room with lava or water to the east and south, my goal is  | mech=I hypothesize that the lava or water may be uncrossable directly, and I need to "
56e32a63,probe_mh,MiniHack-River-Narrow-v0,26,56,S,0.0,False,"belief={'layout': ""I am in a room with lava or water to the east and south, my goal is  | mech=I hypothesize that the lava or water may be uncrossable directly, and I need to "
56e32a63,probe_mh,MiniHack-River-Narrow-v0,26,57,S,0.0,False,"belief={'layout': ""I am in a room with lava or water to the east and south, my goal is  | mech=I hypothesize that the lava or water may be uncrossable directly, and I need to "
56e32a63,probe_mh,MiniHack-River-Narrow-v0,26,58,S,-0.01,False,"belief={'layout': ""I am in a room with lava or water to the east and south, my goal is  | mech=I hypothesize that the lava or water may be uncrossable directly, and I need to "
56e32a63,probe_mh,MiniHack-River-Narrow-v0,26,59,S,-0.01,False,"belief={'layout': ""I am in a room with lava or water to the east and south, my goal is  | mech=I hypothesize that the lava or water may be uncrossable directly, and I need to "
56e32a63,probe_mh,MiniHack-River-Narrow-v0,26,60,E,0.0,False,"belief={'layout': ""I am in a room with lava or water to the east and south, my goal is  | mech=I hypothesize that the lava or water may be uncrossable directly, and I need to "
56e32a63,probe_mh,MiniHack-River-Narrow-v0,26,61,E,0.0,False,"belief={'layout': ""I am in a room with lava or water to the east and south, my goal is  | mech=I hypothesize that the lava or water may be uncrossable directly, and I need to "
56e32a63,probe_mh,MiniHack-River-Narrow-v0,26,62,E,0.0,False,"belief={'layout': ""I am in a room with lava or water to the east and south, my goal is  | mech=I hypothesize that the lava or water may be uncrossable directly, and I need to "
56e32a63,probe_mh,MiniHack-River-Narrow-v0,26,63,E,0.0,False,"belief={'layout': ""I am in a room with lava or water to the east and south, my goal is  | mech=I hypothesize that the lava or water may be uncrossable directly, and I need to "
56e32a63,probe_mh,MiniHack-River-Narrow-v0,26,64,E,0.0,False,"belief={'layout': ""I am in a room with lava or water to the east and south, my goal is  | mech=I hypothesize that the lava or water may be uncrossable directly, and I need to "
56e32a63,probe_mh,MiniHack-River-Narrow-v0,26,65,E,0.0,False,"belief={'layout': ""I am in a room with lava or water to the east and south, my goal is  | mech=I hypothesize that the lava or water may be uncrossable directly, and I need to "
56e32a63,probe_mh,MiniHack-River-Narrow-v0,26,66,E,0.0,False,"belief={'layout': ""I am in a room with lava or water to the east and south, my goal is  | mech=I hypothesize that the lava or water may be uncrossable directly, and I need to "
56e32a63,probe_mh,MiniHack-River-Narrow-v0,26,67,E,0.0,False,"belief={'layout': ""I am in a room with lava or water to the east and south, my goal is  | mech=I hypothesize that the lava or water may be uncrossable directly, and I need to "
56e32a63,probe_mh,MiniHack-River-Narrow-v0,26,68,N,0.0,False,"belief={'layout': ""I am in a room with lava or water to the east and south, my goal is  | mech=I hypothesize that the lava or water may be uncrossable directly, and I need to "
56e32a63,probe_mh,MiniHack-River-Narrow-v0,26,69,N,0.0,False,"belief={'layout': ""I am in a room with lava or water to the east and south, my goal is  | mech=I hypothesize that the lava or water may be uncrossable directly, and I need to "
56e32a63,probe_mh,MiniHack-River-Narrow-v0,26,70,N,0.0,False,"belief={'layout': ""I am in a room with lava or water to the east and south, my goal is  | mech=I hypothesize that the lava or water may be uncrossable directly, and I need to "
56e32a63,probe_mh,MiniHack-River-Narrow-v0,26,71,N,0.0,False,"belief={'layout': ""I am in a room with lava or water to the east and south, my goal is  | mech=I hypothesize that the lava or water may be uncrossable directly, and I need to "
56e32a63,probe_mh,MiniHack-River-Narrow-v0,26,72,W,0.0,False,"belief={'layout': ""I am in a room with lava or water to the east and south, my goal is  | mech=I hypothesize that the lava or water may be uncrossable directly, and I need to "
56e32a63,probe_mh,MiniHack-River-Narrow-v0,26,73,W,0.0,False,"belief={'layout': ""I am in a room with lava or water to the east and south, my goal is  | mech=I hypothesize that the lava or water may be uncrossable directly, and I need to "
56e32a63,probe_mh,MiniHack-River-Narrow-v0,26,74,W,0.0,False,"belief={'layout': ""I am in a room with lava or water to the east and south, my goal is  | mech=I hypothesize that the lava or water may be uncrossable directly, and I need to "
56e32a63,probe_mh,MiniHack-River-Narrow-v0,26,75,W,0.0,False,"belief={'layout': ""I am in a room with lava or water to the east and south, my goal is  | mech=I hypothesize that the lava or water may be uncrossable directly, and I need to "
56e32a63,probe_mh,MiniHack-River-Narrow-v0,26,76,E,0.0,False,"belief={'layout': ""I am in a room with lava or water to the east and south, my goal is  | mech=I hypothesize that the lava or water may be uncrossable directly, and I need to "
56e32a63,probe_mh,MiniHack-River-Narrow-v0,26,77,E,0.0,False,"belief={'layout': ""I am in a room with lava or water to the east and south, my goal is  | mech=I hypothesize that the lava or water may be uncrossable directly, and I need to "
56e32a63,probe_mh,MiniHack-River-Narrow-v0,26,78,E,0.0,False,"belief={'layout': ""I am in a room with lava or water to the east and south, my goal is  | mech=I hypothesize that the lava or water may be uncrossable directly, and I need to "
56e32a63,probe_mh,MiniHack-River-Narrow-v0,26,79,E,0.0,False,"belief={'layout': ""I am in a room with lava or water to the east and south, my goal is  | mech=I hypothesize that the lava or water may be uncrossable directly, and I need to "
56e32a63,probe_mh,MiniHack-River-Narrow-v0,26,80,E,0.0,False,"belief={'layout': ""I am in a room with lava or water to the east and south, my goal is  | mech=I hypothesize that the lava or water may be uncrossable directly, and I need to "
56e32a63,probe_mh,MiniHack-River-Narrow-v0,26,81,E,0.0,False,"belief={'layout': ""I am in a room with lava or water to the east and south, my goal is  | mech=I hypothesize that the lava or water may be uncrossable directly, and I need to "
56e32a63,probe_mh,MiniHack-River-Narrow-v0,26,82,E,0.0,False,"belief={'layout': ""I am in a room with lava or water to the east and south, my goal is  | mech=I hypothesize that the lava or water may be uncrossable directly, and I need to "
56e32a63,probe_mh,MiniHack-River-Narrow-v0,26,83,E,0.0,False,"belief={'layout': ""I am in a room with lava or water to the east and south, my goal is  | mech=I hypothesize that the lava or water may be uncrossable directly, and I need to "
56e32a63,probe_mh,MiniHack-River-Narrow-v0,26,84,N,0.0,False,"belief={'layout': ""I am in a room with lava or water to the east and south, my goal is  | mech=I hypothesize that the lava or water may be uncrossable directly, and I need to "
56e32a63,probe_mh,MiniHack-River-Narrow-v0,26,85,N,0.0,False,"belief={'layout': ""I am in a room with lava or water to the east and south, my goal is  | mech=I hypothesize that the lava or water may be uncrossable directly, and I need to "
56e32a63,probe_mh,MiniHack-River-Narrow-v0,26,86,N,-0.01,False,"belief={'layout': ""I am in a room with lava or water to the east and south, my goal is  | mech=I hypothesize that the lava or water may be uncrossable directly, and I need to "
56e32a63,probe_mh,MiniHack-River-Narrow-v0,26,87,W,0.0,False,"belief={'layout': ""I am in a room with lava or water to the east and south, my goal is  | mech=I hypothesize that the lava or water may be uncrossable directly, and I need to "
56e32a63,probe_mh,MiniHack-River-Narrow-v0,26,88,W,0.0,False,"belief={'layout': ""I am in a room with lava or water to the east and south, my goal is  | mech=I hypothesize that the lava or water may be uncrossable directly, and I need to "
56e32a63,probe_mh,MiniHack-River-Narrow-v0,26,89,W,0.0,False,"belief={'layout': ""I am in a room with lava or water to the east and south, my goal is  | mech=I hypothesize that the lava or water may be uncrossable directly, and I need to "
56e32a63,probe_mh,MiniHack-River-Narrow-v0,26,90,W,0.0,False,"belief={'layout': ""I am in a room with lava or water to the east and south, my goal is  | mech=I hypothesize that the lava or water may be uncrossable directly, and I need to "
56e32a63,probe_mh,MiniHack-River-Narrow-v0,26,91,N,-0.01,False,"belief={'layout': ""I am in a room with lava or water to the east and south, my goal is  | mech=I hypothesize that the lava or water may be uncrossable directly, and I need to "
56e32a63,probe_mh,MiniHack-River-Narrow-v0,26,92,E,0.0,False,"belief={'layout': ""I am in a room with lava or water to the east and south, my goal is  | mech=I hypothesize that the lava or water may be uncrossable directly, and I need to "
56e32a63,probe_mh,MiniHack-River-Narrow-v0,26,93,E,0.0,False,"belief={'layout': ""I am in a room with lava or water to the east and south, my goal is  | mech=I hypothesize that the lava or water may be uncrossable directly, and I need to "
56e32a63,probe_mh,MiniHack-River-Narrow-v0,26,94,E,0.0,False,"belief={'layout': ""I am in a room with lava or water to the east and south, my goal is  | mech=I hypothesize that the lava or water may be uncrossable directly, and I need to "
56e32a63,probe_mh,MiniHack-River-Narrow-v0,26,95,E,0.0,False,"belief={'layout': ""I am in a room with lava or water to the east and south, my goal is  | mech=I hypothesize that the lava or water may be uncrossable directly, and I need to "
56e32a63,probe_mh,MiniHack-River-Narrow-v0,26,96,E,0.0,False,"belief={'layout': ""I am in a room with lava or water to the east and south, my goal is  | mech=I hypothesize that the lava or water may be uncrossable directly, and I need to "
56e32a63,probe_mh,MiniHack-River-Narrow-v0,26,97,E,0.0,False,"belief={'layout': ""I am in a room with lava or water to the east and south, my goal is  | mech=I hypothesize that the lava or water may be uncrossable directly, and I need to "
56e32a63,probe_mh,MiniHack-River-Narrow-v0,26,98,E,0.0,False,"belief={'layout': ""I am in a room with lava or water to the east and south, my goal is  | mech=I hypothesize that the lava or water may be uncrossable directly, and I need to "
56e32a63,probe_mh,MiniHack-River-Narrow-v0,26,99,E,0.0,False,"belief={'layout': ""I am in a room with lava or water to the east and south, my goal is  | mech=I hypothesize that the lava or water may be uncrossable directly, and I need to "
56e32a63,probe_mh,MiniHack-River-Narrow-v0,26,100,N,-0.01,False,"belief={'layout': ""I am in a room with lava or water to the east and south, my goal is  | mech=I hypothesize that the lava or water may be uncrossable directly, and I need to "
56e32a63,probe_mh,MiniHack-River-Narrow-v0,26,101,W,0.0,False,"belief={'layout': ""I am in a room with lava or water to the east and south, my goal is  | mech=I hypothesize that the lava or water may be uncrossable directly, and I need to "
56e32a63,probe_mh,MiniHack-River-Narrow-v0,26,102,W,0.0,False,"belief={'layout': ""I am in a room with lava or water to the east and south, my goal is  | mech=I hypothesize that the lava or water may be uncrossable directly, and I need to "
56e32a63,probe_mh,MiniHack-River-Narrow-v0,26,103,W,0.0,False,"belief={'layout': ""I am in a room with lava or water to the east and south, my goal is  | mech=I hypothesize that the lava or water may be uncrossable directly, and I need to "
56e32a63,probe_mh,MiniHack-River-Narrow-v0,26,104,W,0.0,False,"belief={'layout': ""I am in a room with lava or water to the east and south, my goal is  | mech=I hypothesize that the lava or water may be uncrossable directly, and I need to "
56e32a63,probe_mh,MiniHack-River-Narrow-v0,26,105,W,0.0,False,"belief={'layout': ""I am in a room with lava or water to the east and south, my goal is  | mech=I hypothesize that the lava or water may be uncrossable directly, and I need to "
56e32a63,probe_mh,MiniHack-River-Narrow-v0,26,106,W,0.0,False,"belief={'layout': ""I am in a room with lava or water to the east and south, my goal is  | mech=I hypothesize that the lava or water may be uncrossable directly, and I need to "
56e32a63,probe_mh,MiniHack-River-Narrow-v0,26,107,W,0.0,False,"belief={'layout': ""I am in a room with lava or water to the east and south, my goal is  | mech=I hypothesize that the lava or water may be uncrossable directly, and I need to "
56e32a63,probe_mh,MiniHack-River-Narrow-v0,26,108,E,0.0,False,"belief={'layout': ""I am in a room with lava or water to the east and south, my goal is  | mech=I hypothesize that the lava or water may be uncrossable directly, and I need to "
56e32a63,probe_mh,MiniHack-River-Narrow-v0,26,109,E,0.0,False,"belief={'layout': ""I am in a room with lava or water to the east and south, my goal is  | mech=I hypothesize that the lava or water may be uncrossable directly, and I need to "
56e32a63,probe_mh,MiniHack-River-Narrow-v0,26,110,E,0.0,False,"belief={'layout': ""I am in a room with lava or water to the east and south, my goal is  | mech=I hypothesize that the lava or water may be uncrossable directly, and I need to "
56e32a63,probe_mh,MiniHack-River-Narrow-v0,26,111,E,0.0,False,"belief={'layout': ""I am in a room with lava or water to the east and south, my goal is  | mech=I hypothesize that the lava or water may be uncrossable directly, and I need to "
56e32a63,probe_mh,MiniHack-River-Narrow-v0,26,112,E,0.0,False,"belief={'layout': ""I am in a room with lava or water to the east and south, my goal is  | mech=I hypothesize that the lava or water may be uncrossable directly, and I need to "
56e32a63,probe_mh,MiniHack-River-Narrow-v0,26,113,E,0.0,False,"belief={'layout': ""I am in a room with lava or water to the east and south, my goal is  | mech=I hypothesize that the lava or water may be uncrossable directly, and I need to "
56e32a63,probe_mh,MiniHack-River-Narrow-v0,26,114,E,0.0,False,"belief={'layout': ""I am in a room with lava or water to the east and south, my goal is  | mech=I hypothesize that the lava or water may be uncrossable directly, and I need to "
56e32a63,probe_mh,MiniHack-River-Narrow-v0,26,115,E,0.0,False,"belief={'layout': ""I am in a room with lava or water to the east and south, my goal is  | mech=I hypothesize that the lava or water may be uncrossable directly, and I need to "
56e32a63,probe_mh,MiniHack-River-Narrow-v0,26,116,N,-0.01,False,"belief={'layout': ""I am in a room with lava or water to the east and south, my goal is  | mech=I hypothesize that the lava or water may be uncrossable directly, and I need to "
56e32a63,probe_mh,MiniHack-River-Narrow-v0,26,117,W,0.0,False,"belief={'layout': ""I am in a room with lava or water to the east and south, my goal is  | mech=I hypothesize that the lava or water may be uncrossable directly, and I need to "
56e32a63,probe_mh,MiniHack-River-Narrow-v0,26,118,W,0.0,False,"belief={'layout': ""I am in a room with lava or water to the east and south, my goal is  | mech=I hypothesize that the lava or water may be uncrossable directly, and I need to "
56e32a63,probe_mh,MiniHack-River-Narrow-v0,26,119,W,0.0,False,"belief={'layout': ""I am in a room with lava or water to the east and south, my goal is  | mech=I hypothesize that the lava or water may be uncrossable directly, and I need to "
56e32a63,probe_mh,MiniHack-River-Narrow-v0,27,0,E,0.0,False,"belief=My current plan is to explore the surroundings to locate the goal and a path to  | mech=I believe that the } symbol represents an obstacle, possibly lava or water, that"
56e32a63,probe_mh,MiniHack-River-Narrow-v0,27,1,E,0.0,False,"belief=My current plan is to explore the surroundings to locate the goal and a path to  | mech=I believe that the } symbol represents an obstacle, possibly lava or water, that"
56e32a63,probe_mh,MiniHack-River-Narrow-v0,27,2,E,0.0,False,"belief=My current plan is to explore the surroundings to locate the goal and a path to  | mech=I believe that the } symbol represents an obstacle, possibly lava or water, that"
56e32a63,probe_mh,MiniHack-River-Narrow-v0,27,3,E,0.0,False,"belief=My current plan is to explore the surroundings to locate the goal and a path to  | mech=I believe that the } symbol represents an obstacle, possibly lava or water, that"
56e32a63,probe_mh,MiniHack-River-Narrow-v0,27,4,E,0.0,False,"belief=My current plan is to explore the surroundings to locate the goal and a path to  | mech=I believe that the } symbol represents an obstacle, possibly lava or water, that"
56e32a63,probe_mh,MiniHack-River-Narrow-v0,27,5,E,0.0,False,"belief=My current plan is to explore the surroundings to locate the goal and a path to  | mech=I believe that the } symbol represents an obstacle, possibly lava or water, that"
56e32a63,probe_mh,MiniHack-River-Narrow-v0,27,6,S,0.0,False,"belief=My current plan is to explore the surroundings to locate the goal and a path to  | mech=I still believe that the } symbol represents an obstacle, possibly lava or water"
56e32a63,probe_mh,MiniHack-River-Narrow-v0,27,7,S,0.0,False,"belief=My current plan is to explore the surroundings to locate the goal and a path to  | mech=I still believe that the } symbol represents an obstacle, possibly lava or water"
56e32a63,probe_mh,MiniHack-River-Narrow-v0,27,8,W,0.0,False,"belief=My current plan is to explore the surroundings to locate the goal and a path to  | mech=I still believe that the } symbol represents an obstacle, possibly lava or water"
56e32a63,probe_mh,MiniHack-River-Narrow-v0,27,9,W,0.0,False,"belief=My current plan is to explore the surroundings to locate the goal and a path to  | mech=I still believe that the } symbol represents an obstacle, possibly lava or water"
56e32a63,probe_mh,MiniHack-River-Narrow-v0,27,10,N,0.0,False,"belief=My current plan is to explore the surroundings to locate the goal and a path to  | mech=I still believe that the } symbol represents an obstacle, possibly lava or water"
56e32a63,probe_mh,MiniHack-River-Narrow-v0,27,11,N,0.0,False,"belief=My current plan is to explore the surroundings to locate the goal and a path to  | mech=I still believe that the } symbol represents an obstacle, possibly lava or water"
56e32a63,probe_mh,MiniHack-River-Narrow-v0,27,12,N,0.0,False,"belief=My current plan is to explore the surroundings to locate the goal and a path to  | mech=I still believe that the } symbol represents an obstacle, possibly lava or water"
56e32a63,probe_mh,MiniHack-River-Narrow-v0,27,13,N,0.0,False,"belief=My current plan is to explore the surroundings to locate the goal and a path to  | mech=I still believe that the } symbol represents an obstacle, possibly lava or water"
56e32a63,probe_mh,MiniHack-River-Narrow-v0,27,14,N,0.0,False,"belief=My current plan is to explore the surroundings to locate the goal and a path to  | mech=I still believe that the } symbol represents an obstacle, possibly lava or water"
56e32a63,probe_mh,MiniHack-River-Narrow-v0,27,15,N,0.0,False,"belief=My current plan is to explore the surroundings to locate the goal and a path to  | mech=I still believe that the } symbol represents an obstacle, possibly lava or water"
56e32a63,probe_mh,MiniHack-River-Narrow-v0,27,16,N,-0.01,False,"belief=My current plan is to explore the surroundings to locate the goal and a path to  | mech=I still believe that the } symbol represents an obstacle, possibly lava or water"
56e32a63,probe_mh,MiniHack-River-Narrow-v0,27,17,W,0.0,False,"belief=My current plan is to explore the surroundings to locate the goal and a path to  | mech=I still believe that the } symbol represents an obstacle, possibly lava or water"
56e32a63,probe_mh,MiniHack-River-Narrow-v0,27,18,W,0.0,False,"belief=My current plan is to explore the surroundings to locate the goal and a path to  | mech=I still believe that the } symbol represents an obstacle, possibly lava or water"
56e32a63,probe_mh,MiniHack-River-Narrow-v0,27,19,W,0.0,False,"belief=My current plan is to explore the surroundings to locate the goal and a path to  | mech=I still believe that the } symbol represents an obstacle, possibly lava or water"
56e32a63,probe_mh,MiniHack-River-Narrow-v0,27,20,W,0.0,False,"belief=My current plan is to explore the surroundings to locate the goal and a path to  | mech=I still believe that the } symbol represents an obstacle, possibly lava or water"
56e32a63,probe_mh,MiniHack-River-Narrow-v0,27,21,W,0.0,False,"belief=My current plan is to explore the surroundings to locate the goal and a path to  | mech=I still believe that the } symbol represents an obstacle, possibly lava or water"
56e32a63,probe_mh,MiniHack-River-Narrow-v0,27,22,W,0.0,False,"belief=My current plan is to explore the surroundings to locate the goal and a path to  | mech=I still believe that the } symbol represents an obstacle, possibly lava or water"
56e32a63,probe_mh,MiniHack-River-Narrow-v0,27,23,W,0.0,False,"belief=My current plan is to explore the surroundings to locate the goal and a path to  | mech=I still believe that the } symbol represents an obstacle, possibly lava or water"
56e32a63,probe_mh,MiniHack-River-Narrow-v0,27,24,N,-0.01,False,"belief=My current plan is to explore the surroundings to locate the goal and a path to  | mech=I still believe that the } symbol represents an obstacle, possibly lava or water"
56e32a63,probe_mh,MiniHack-River-Narrow-v0,27,25,W,0.0,False,"belief=My current plan is to explore the surroundings to locate the goal and a path to  | mech=I still believe that the } symbol represents an obstacle, possibly lava or water"
56e32a63,probe_mh,MiniHack-River-Narrow-v0,27,26,W,0.0,False,"belief=My current plan is to explore the surroundings to locate the goal and a path to  | mech=I still believe that the } symbol represents an obstacle, possibly lava or water"
56e32a63,probe_mh,MiniHack-River-Narrow-v0,27,27,W,0.0,False,"belief=My current plan is to explore the surroundings to locate the goal and a path to  | mech=I still believe that the } symbol represents an obstacle, possibly lava or water"
56e32a63,probe_mh,MiniHack-River-Narrow-v0,27,28,W,0.0,False,"belief=My current plan is to explore the surroundings to locate the goal and a path to  | mech=I still believe that the } symbol represents an obstacle, possibly lava or water"
56e32a63,probe_mh,MiniHack-River-Narrow-v0,27,29,W,-0.01,False,"belief=My current plan is to explore the surroundings to locate the goal and a path to  | mech=I still believe that the } symbol represents an obstacle, possibly lava or water"
56e32a63,probe_mh,MiniHack-River-Narrow-v0,27,30,N,-0.01,False,belief=My current plan is to explore the surroundings to locate the goal and a path to  | mech=I believe that the solid stone message indicates a wall or impassable terrain. I
56e32a63,probe_mh,MiniHack-River-Narrow-v0,27,31,W,-0.01,False,belief=My current plan is to explore the surroundings to locate the goal and a path to  | mech=I believe that the solid stone message indicates a wall or impassable terrain. I
56e32a63,probe_mh,MiniHack-River-Narrow-v0,27,32,E,0.0,False,belief=My current plan is to explore the surroundings to locate the goal and a path to  | mech=I believe that the solid stone message indicates a wall or impassable terrain. I
56e32a63,probe_mh,MiniHack-River-Narrow-v0,27,33,E,0.0,False,belief=My current plan is to explore the surroundings to locate the goal and a path to  | mech=I believe that the solid stone message indicates a wall or impassable terrain. I
56e32a63,probe_mh,MiniHack-River-Narrow-v0,27,34,S,0.0,False,belief=My current plan is to explore the surroundings to locate the goal and a path to  | mech=I believe that the solid stone message indicates a wall or impassable terrain. I
56e32a63,probe_mh,MiniHack-River-Narrow-v0,27,35,S,0.0,False,belief=My current plan is to explore the surroundings to locate the goal and a path to  | mech=I believe that the solid stone message indicates a wall or impassable terrain. I
56e32a63,probe_mh,MiniHack-River-Narrow-v0,27,36,S,0.0,False,belief=My current plan is to explore the surroundings to locate the goal and a path to  | mech=I believe that the solid stone message indicates a wall or impassable terrain. I
56e32a63,probe_mh,MiniHack-River-Narrow-v0,27,37,S,0.0,False,belief=My current plan is to explore the surroundings to locate the goal and a path to  | mech=I believe that the solid stone message indicates a wall or impassable terrain. I
56e32a63,probe_mh,MiniHack-River-Narrow-v0,27,38,S,0.0,False,belief=My current plan is to explore the surroundings to locate the goal and a path to  | mech=I believe that the solid stone message indicates a wall or impassable terrain. I
56e32a63,probe_mh,MiniHack-River-Narrow-v0,27,39,E,0.0,False,belief=My current plan is to explore the surroundings to locate the goal and a path to  | mech=I believe that the solid stone message indicates a wall or impassable terrain. I
56e32a63,probe_mh,MiniHack-River-Narrow-v0,27,40,E,0.0,False,belief=My current plan is to explore the surroundings to locate the goal and a path to  | mech=I believe that the solid stone message indicates a wall or impassable terrain. I
56e32a63,probe_mh,MiniHack-River-Narrow-v0,27,41,E,0.0,False,belief=My current plan is to explore the surroundings to locate the goal and a path to  | mech=I believe that the solid stone message indicates a wall or impassable terrain. I
56e32a63,probe_mh,MiniHack-River-Narrow-v0,27,42,E,0.0,False,belief=My current plan is to explore the surroundings to locate the goal and a path to  | mech=I believe that the solid stone message indicates a wall or impassable terrain. I
56e32a63,probe_mh,MiniHack-River-Narrow-v0,27,43,E,0.0,False,belief=My current plan is to explore the surroundings to locate the goal and a path to  | mech=I believe that the solid stone message indicates a wall or impassable terrain. I
56e32a63,probe_mh,MiniHack-River-Narrow-v0,27,44,E,0.0,False,belief=My current plan is to explore the surroundings to locate the goal and a path to  | mech=I believe that the solid stone message indicates a wall or impassable terrain. I
56e32a63,probe_mh,MiniHack-River-Narrow-v0,27,45,E,0.0,False,belief=My current plan is to explore the surroundings to locate the goal and a path to  | mech=I believe that the solid stone message indicates a wall or impassable terrain. I
56e32a63,probe_mh,MiniHack-River-Narrow-v0,27,46,S,0.0,False,belief=My current plan is to explore the surroundings to locate the goal and a path to  | mech=I believe that the solid stone message indicates a wall or impassable terrain. I
56e32a63,probe_mh,MiniHack-River-Narrow-v0,27,47,S,-0.01,False,belief=My current plan is to explore the surroundings to locate the goal and a path to  | mech=I believe that the solid stone message indicates a wall or impassable terrain. I
56e32a63,probe_mh,MiniHack-River-Narrow-v0,27,48,S,-0.01,False,belief=My current plan is to explore the surroundings to locate the goal and a path to  | mech=I believe that the solid stone message indicates a wall or impassable terrain. I
56e32a63,probe_mh,MiniHack-River-Narrow-v0,27,49,E,0.0,False,belief=My current plan is to explore the surroundings to locate the goal and a path to  | mech=I believe that the solid stone message indicates a wall or impassable terrain. I
56e32a63,probe_mh,MiniHack-River-Narrow-v0,27,50,E,0.0,False,belief=My current plan is to explore the surroundings to locate the goal and a path to  | mech=I believe that the solid stone message indicates a wall or impassable terrain. I
56e32a63,probe_mh,MiniHack-River-Narrow-v0,27,51,E,0.0,False,belief=My current plan is to explore the surroundings to locate the goal and a path to  | mech=I believe that the solid stone message indicates a wall or impassable terrain. I
56e32a63,probe_mh,MiniHack-River-Narrow-v0,27,52,E,0.0,False,belief=My current plan is to explore the surroundings to locate the goal and a path to  | mech=I believe that the solid stone message indicates a wall or impassable terrain. I
56e32a63,probe_mh,MiniHack-River-Narrow-v0,27,53,E,0.0,False,belief=My current plan is to explore the surroundings to locate the goal and a path to  | mech=I believe that the solid stone message indicates a wall or impassable terrain. I
56e32a63,probe_mh,MiniHack-River-Narrow-v0,27,54,E,0.0,False,belief=My current plan is to explore the surroundings to locate the goal and a path to  | mech=I believe that the solid stone message indicates a wall or impassable terrain. I
56e32a63,probe_mh,MiniHack-River-Narrow-v0,27,55,E,0.0,False,belief=My current plan is to explore the surroundings to locate the goal and a path to  | mech=I believe that the solid stone message indicates a wall or impassable terrain. I
56e32a63,probe_mh,MiniHack-River-Narrow-v0,27,56,S,-0.01,False,belief=My current plan is to explore the surroundings to locate the goal and a path to  | mech=I believe that the solid stone message indicates a wall or impassable terrain. I
56e32a63,probe_mh,MiniHack-River-Narrow-v0,27,57,S,-0.01,False,belief=My current plan is to explore the surroundings to locate the goal and a path to  | mech=I believe that the solid stone message indicates a wall or impassable terrain. I
56e32a63,probe_mh,MiniHack-River-Narrow-v0,27,58,E,0.0,False,belief=My current plan is to explore the surroundings to locate the goal and a path to  | mech=I believe that the solid stone message indicates a wall or impassable terrain. I
56e32a63,probe_mh,MiniHack-River-Narrow-v0,27,59,E,0.0,False,belief=My current plan is to explore the surroundings to locate the goal and a path to  | mech=I believe that the solid stone message indicates a wall or impassable terrain. I
56e32a63,probe_mh,MiniHack-River-Narrow-v0,27,60,E,0.0,False,belief=My current plan is to explore the surroundings to locate the goal and a path to  | mech=I believe that the solid stone message indicates a wall or impassable terrain. I
56e32a63,probe_mh,MiniHack-River-Narrow-v0,27,61,N,0.0,False,belief=My current plan is to explore the surroundings to locate the goal and a path to  | mech=I believe that the solid stone message indicates a wall or impassable terrain. I
56e32a63,probe_mh,MiniHack-River-Narrow-v0,27,62,N,0.0,False,belief=My current plan is to explore the surroundings to locate the goal and a path to  | mech=I believe that the solid stone message indicates a wall or impassable terrain. I
56e32a63,probe_mh,MiniHack-River-Narrow-v0,27,63,N,0.0,False,belief=My current plan is to explore the surroundings to locate the goal and a path to  | mech=I believe that the solid stone message indicates a wall or impassable terrain. I
56e32a63,probe_mh,MiniHack-River-Narrow-v0,27,64,N,0.0,False,belief=My current plan is to explore the surroundings to locate the goal and a path to  | mech=I believe that the solid stone message indicates a wall or impassable terrain. I
56e32a63,probe_mh,MiniHack-River-Narrow-v0,27,65,W,0.0,False,belief=My current plan is to explore the surroundings to locate the goal and a path to  | mech=I believe that the solid stone message indicates a wall or impassable terrain. I
56e32a63,probe_mh,MiniHack-River-Narrow-v0,27,66,W,0.0,False,belief=My current plan is to explore the surroundings to locate the goal and a path to  | mech=I believe that the solid stone message indicates a wall or impassable terrain. I
56e32a63,probe_mh,MiniHack-River-Narrow-v0,27,67,W,0.0,False,belief=My current plan is to explore the surroundings to locate the goal and a path to  | mech=I believe that the solid stone message indicates a wall or impassable terrain. I
56e32a63,probe_mh,MiniHack-River-Narrow-v0,27,68,W,0.0,False,belief=My current plan is to explore the surroundings to locate the goal and a path to  | mech=I believe that the solid stone message indicates a wall or impassable terrain. I
56e32a63,probe_mh,MiniHack-River-Narrow-v0,27,69,W,0.0,False,belief=My current plan is to explore the surroundings to locate the goal and a path to  | mech=I believe that the solid stone message indicates a wall or impassable terrain. I
56e32a63,probe_mh,MiniHack-River-Narrow-v0,27,70,W,0.0,False,belief=My current plan is to explore the surroundings to locate the goal and a path to  | mech=I believe that the solid stone message indicates a wall or impassable terrain. I
56e32a63,probe_mh,MiniHack-River-Narrow-v0,27,71,W,0.0,False,belief=My current plan is to explore the surroundings to locate the goal and a path to  | mech=I believe that the solid stone message indicates a wall or impassable terrain. I
56e32a63,probe_mh,MiniHack-River-Narrow-v0,27,72,W,0.0,False,belief=My current plan is to explore the surroundings to locate the goal and a path to  | mech=I believe that the solid stone message indicates a wall or impassable terrain. I
56e32a63,probe_mh,MiniHack-River-Narrow-v0,27,73,W,0.0,False,belief=My current plan is to explore the surroundings to locate the goal and a path to  | mech=I believe that the solid stone message indicates a wall or impassable terrain. I
56e32a63,probe_mh,MiniHack-River-Narrow-v0,27,74,W,0.0,False,belief=My current plan is to explore the surroundings to locate the goal and a path to  | mech=I believe that the solid stone message indicates a wall or impassable terrain. I
56e32a63,probe_mh,MiniHack-River-Narrow-v0,27,75,W,0.0,False,belief=My current plan is to explore the surroundings to locate the goal and a path to  | mech=I believe that the solid stone message indicates a wall or impassable terrain. I
56e32a63,probe_mh,MiniHack-River-Narrow-v0,27,76,W,0.0,False,belief=My current plan is to explore the surroundings to locate the goal and a path to  | mech=I believe that the solid stone message indicates a wall or impassable terrain. I
56e32a63,probe_mh,MiniHack-River-Narrow-v0,27,77,W,0.0,False,belief=My current plan is to explore the surroundings to locate the goal and a path to  | mech=I believe that the solid stone message indicates a wall or impassable terrain. I
56e32a63,probe_mh,MiniHack-River-Narrow-v0,27,78,S,0.0,False,belief=My current plan is to explore the surroundings to locate the goal and a path to  | mech=I believe that the solid stone message indicates a wall or impassable terrain. I
56e32a63,probe_mh,MiniHack-River-Narrow-v0,27,79,S,0.0,False,belief=My current plan is to explore the surroundings to locate the goal and a path to  | mech=I believe that the solid stone message indicates a wall or impassable terrain. I
56e32a63,probe_mh,MiniHack-River-Narrow-v0,27,80,S,0.0,False,belief=My current plan is to explore the surroundings to locate the goal and a path to  | mech=I believe that the solid stone message indicates a wall or impassable terrain. I
56e32a63,probe_mh,MiniHack-River-Narrow-v0,27,81,S,0.0,False,belief=My current plan is to explore the surroundings to locate the goal and a path to  | mech=I believe that the solid stone message indicates a wall or impassable terrain. I
56e32a63,probe_mh,MiniHack-River-Narrow-v0,27,82,S,-0.01,False,belief=My current plan is to explore the surroundings to locate the goal and a path to  | mech=I believe that the solid stone message indicates a wall or impassable terrain. I
56e32a63,probe_mh,MiniHack-River-Narrow-v0,27,83,S,-0.01,False,belief=My current plan is to explore the surroundings to locate the goal and a path to  | mech=I believe that the solid stone message indicates a wall or impassable terrain. I
56e32a63,probe_mh,MiniHack-River-Narrow-v0,27,84,W,0.0,False,belief=My current plan is to explore the surroundings to locate the goal and a path to  | mech=I believe that the solid stone message indicates a wall or impassable terrain. I
56e32a63,probe_mh,MiniHack-River-Narrow-v0,27,85,W,0.0,False,belief=My current plan is to explore the surroundings to locate the goal and a path to  | mech=I believe that the solid stone message indicates a wall or impassable terrain. I
56e32a63,probe_mh,MiniHack-River-Narrow-v0,27,86,W,0.0,False,belief=My current plan is to explore the surroundings to locate the goal and a path to  | mech=I believe that the solid stone message indicates a wall or impassable terrain. I
56e32a63,probe_mh,MiniHack-River-Narrow-v0,27,87,W,-0.01,False,belief=My current plan is to explore the surroundings to locate the goal and a path to  | mech=I believe that the solid stone message indicates a wall or impassable terrain. I
56e32a63,probe_mh,MiniHack-River-Narrow-v0,27,88,N,0.0,False,belief=My current plan is to explore the surroundings to locate the goal and a path to  | mech=I believe that the solid stone message indicates a wall or impassable terrain. I
56e32a63,probe_mh,MiniHack-River-Narrow-v0,27,89,N,0.0,False,belief=My current plan is to explore the surroundings to locate the goal and a path to  | mech=I believe that the solid stone message indicates a wall or impassable terrain. I
56e32a63,probe_mh,MiniHack-River-Narrow-v0,27,90,N,0.0,False,belief=My current plan is to explore the surroundings to locate the goal and a path to  | mech=I believe that the solid stone message indicates a wall or impassable terrain. I
56e32a63,probe_mh,MiniHack-River-Narrow-v0,27,91,E,0.0,False,belief=My current plan is to explore the surroundings to locate the goal and a path to  | mech=I believe that the solid stone message indicates a wall or impassable terrain. I
56e32a63,probe_mh,MiniHack-River-Narrow-v0,27,92,E,0.0,False,belief=My current plan is to explore the surroundings to locate the goal and a path to  | mech=I believe that the solid stone message indicates a wall or impassable terrain. I
56e32a63,probe_mh,MiniHack-River-Narrow-v0,27,93,E,0.0,False,belief=My current plan is to explore the surroundings to locate the goal and a path to  | mech=I believe that the solid stone message indicates a wall or impassable terrain. I
56e32a63,probe_mh,MiniHack-River-Narrow-v0,27,94,E,0.0,False,belief=My current plan is to explore the surroundings to locate the goal and a path to  | mech=I believe that the solid stone message indicates a wall or impassable terrain. I
56e32a63,probe_mh,MiniHack-River-Narrow-v0,27,95,E,0.0,False,belief=My current plan is to explore the surroundings to locate the goal and a path to  | mech=I believe that the solid stone message indicates a wall or impassable terrain. I
56e32a63,probe_mh,MiniHack-River-Narrow-v0,27,96,S,0.0,False,belief=My current plan is to explore the surroundings to locate the goal and a path to  | mech=I believe that the solid stone message indicates a wall or impassable terrain. I
56e32a63,probe_mh,MiniHack-River-Narrow-v0,27,97,E,0.0,False,belief=My current plan is to explore the surroundings to locate the goal and a path to  | mech=I believe that the solid stone message indicates a wall or impassable terrain. I
56e32a63,probe_mh,MiniHack-River-Narrow-v0,27,98,E,0.0,False,belief=My current plan is to explore the surroundings to locate the goal and a path to  | mech=I believe that the solid stone message indicates a wall or impassable terrain. I
56e32a63,probe_mh,MiniHack-River-Narrow-v0,27,99,E,0.0,False,belief=My current plan is to explore the surroundings to locate the goal and a path to  | mech=I believe that the solid stone message indicates a wall or impassable terrain. I
56e32a63,probe_mh,MiniHack-River-Narrow-v0,27,100,S,0.0,False,belief=My current plan is to explore the surroundings to locate the goal and a path to  | mech=I believe that the solid stone message indicates a wall or impassable terrain. I
56e32a63,probe_mh,MiniHack-River-Narrow-v0,27,101,S,0.0,False,belief=My current plan is to explore the surroundings to locate the goal and a path to  | mech=I believe that the solid stone message indicates a wall or impassable terrain. I
56e32a63,probe_mh,MiniHack-River-Narrow-v0,27,102,S,-0.01,False,belief=My current plan is to explore the surroundings to locate the goal and a path to  | mech=I believe that the solid stone message indicates a wall or impassable terrain. I
56e32a63,probe_mh,MiniHack-River-Narrow-v0,27,103,W,0.0,False,belief=My current plan is to explore the surroundings to locate the goal and a path to  | mech=I believe that the solid stone message indicates a wall or impassable terrain. I
56e32a63,probe_mh,MiniHack-River-Narrow-v0,27,104,W,0.0,False,belief=My current plan is to explore the surroundings to locate the goal and a path to  | mech=I believe that the solid stone message indicates a wall or impassable terrain. I
56e32a63,probe_mh,MiniHack-River-Narrow-v0,27,105,W,0.0,False,belief=My current plan is to explore the surroundings to locate the goal and a path to  | mech=I believe that the solid stone message indicates a wall or impassable terrain. I
56e32a63,probe_mh,MiniHack-River-Narrow-v0,27,106,W,0.0,False,belief=My current plan is to explore the surroundings to locate the goal and a path to  | mech=I believe that the solid stone message indicates a wall or impassable terrain. I
56e32a63,probe_mh,MiniHack-River-Narrow-v0,27,107,W,0.0,False,belief=My current plan is to explore the surroundings to locate the goal and a path to  | mech=I believe that the solid stone message indicates a wall or impassable terrain. I
56e32a63,probe_mh,MiniHack-River-Narrow-v0,27,108,W,0.0,False,belief=My current plan is to explore the surroundings to locate the goal and a path to  | mech=I believe that the solid stone message indicates a wall or impassable terrain. I
56e32a63,probe_mh,MiniHack-River-Narrow-v0,27,109,W,0.0,False,belief=My current plan is to explore the surroundings to locate the goal and a path to  | mech=I believe that the solid stone message indicates a wall or impassable terrain. I
56e32a63,probe_mh,MiniHack-River-Narrow-v0,27,110,W,0.0,False,belief=My current plan is to explore the surroundings to locate the goal and a path to  | mech=I believe that the solid stone message indicates a wall or impassable terrain. I
56e32a63,probe_mh,MiniHack-River-Narrow-v0,27,111,W,-0.01,False,belief=My current plan is to explore the surroundings to locate the goal and a path to  | mech=I believe that the solid stone message indicates a wall or impassable terrain. I
56e32a63,probe_mh,MiniHack-River-Narrow-v0,27,112,W,-0.01,False,belief=My current plan is to explore the surroundings to locate the goal and a path to  | mech=I believe that the solid stone message indicates a wall or impassable terrain. I
56e32a63,probe_mh,MiniHack-River-Narrow-v0,27,113,N,0.0,False,belief=My current plan is to explore the surroundings to locate the goal and a path to  | mech=I believe that the solid stone message indicates a wall or impassable terrain. I
56e32a63,probe_mh,MiniHack-River-Narrow-v0,27,114,N,0.0,False,belief=My current plan is to explore the surroundings to locate the goal and a path to  | mech=I believe that the solid stone message indicates a wall or impassable terrain. I
56e32a63,probe_mh,MiniHack-River-Narrow-v0,27,115,N,0.0,False,belief=My current plan is to explore the surroundings to locate the goal and a path to  | mech=I believe that the solid stone message indicates a wall or impassable terrain. I
56e32a63,probe_mh,MiniHack-River-Narrow-v0,27,116,E,0.0,False,belief=My current plan is to explore the surroundings to locate the goal and a path to  | mech=I believe that the solid stone message indicates a wall or impassable terrain. I
56e32a63,probe_mh,MiniHack-River-Narrow-v0,27,117,N,0.0,False,belief=My current plan is to explore the surroundings to locate the goal and a path to  | mech=I believe that the solid stone message indicates a wall or impassable terrain. I
56e32a63,probe_mh,MiniHack-River-Narrow-v0,27,118,E,0.0,False,belief=My current plan is to explore the surroundings to locate the goal and a path to  | mech=I believe that the solid stone message indicates a wall or impassable terrain. I
56e32a63,probe_mh,MiniHack-River-Narrow-v0,27,119,E,0.0,False,belief=My current plan is to explore the surroundings to locate the goal and a path to  | mech=I believe that the solid stone message indicates a wall or impassable terrain. I
56e32a63,probe_mh,MiniHack-River-Narrow-v0,28,0,N,0.0,False,"belief={'layout': ""I am in a room with lava or water to the east, my goal is likely dow | mech=unknown; I do not yet know how the obstacles here work, so I must discover it by"
56e32a63,probe_mh,MiniHack-River-Narrow-v0,28,1,N,0.0,False,"belief={'layout': ""I am in a room with lava or water to the east, my goal is likely dow | mech=unknown; I do not yet know how the obstacles here work, so I must discover it by"
56e32a63,probe_mh,MiniHack-River-Narrow-v0,28,2,E,0.0,False,"belief={'layout': ""I am in a room with lava or water to the east, my goal is likely dow | mech=unknown; I do not yet know how the obstacles here work, so I must discover it by"
56e32a63,probe_mh,MiniHack-River-Narrow-v0,28,3,E,0.0,False,"belief={'layout': ""I am in a room with lava or water to the east, my goal is likely dow | mech=unknown; I do not yet know how the obstacles here work, so I must discover it by"
56e32a63,probe_mh,MiniHack-River-Narrow-v0,28,4,E,0.0,False,"belief={'layout': ""I am in a room with lava or water to the east, my goal is likely dow | mech=unknown; I do not yet know how the obstacles here work, so I must discover it by"
56e32a63,probe_mh,MiniHack-River-Narrow-v0,28,5,E,0.0,False,"belief={'layout': ""I am in a room with lava or water to the east, my goal is likely dow | mech=unknown; I do not yet know how the obstacles here work, so I must discover it by"
56e32a63,probe_mh,MiniHack-River-Narrow-v0,28,6,S,0.0,False,"belief={'layout': ""I am in a room with lava or water to the east, my goal is likely dow | mech=unknown; I do not yet know how the obstacles here work, so I must discover it by"
56e32a63,probe_mh,MiniHack-River-Narrow-v0,28,7,S,0.0,False,"belief={'layout': ""I am in a room with lava or water to the east, my goal is likely dow | mech=unknown; I do not yet know how the obstacles here work, so I must discover it by"
56e32a63,probe_mh,MiniHack-River-Narrow-v0,28,8,S,0.0,False,"belief={'layout': ""I am in a room with lava or water to the east, my goal is likely dow | mech=unknown; I do not yet know how the obstacles here work, so I must discover it by"
56e32a63,probe_mh,MiniHack-River-Narrow-v0,28,9,S,0.0,False,"belief={'layout': ""I am in a room with lava or water to the east, my goal is likely dow | mech=unknown; I do not yet know how the obstacles here work, so I must discover it by"
56e32a63,probe_mh,MiniHack-River-Narrow-v0,28,10,S,0.0,False,"belief={'layout': ""I am in a room with lava or water to the east, my goal is likely dow | mech=unknown; I do not yet know how the obstacles here work, so I must discover it by"
56e32a63,probe_mh,MiniHack-River-Narrow-v0,28,11,E,0.0,False,"belief={'layout': ""I am in a room with lava or water to the east, my goal is likely dow | mech=I hypothesize that the lava or water may be crossable by finding a way to intera | EXPERIMENT"
56e32a63,probe_mh,MiniHack-River-Narrow-v0,28,12,N,0.0,False,"belief={'layout': ""I am in a room with lava or water to the east, my goal is likely dow | mech=I hypothesize that the lava or water may be crossable by finding a way to intera"
56e32a63,probe_mh,MiniHack-River-Narrow-v0,28,13,N,0.0,False,"belief={'layout': ""I am in a room with lava or water to the east, my goal is likely dow | mech=I hypothesize that the lava or water may be crossable by finding a way to intera"
56e32a63,probe_mh,MiniHack-River-Narrow-v0,28,14,N,0.0,False,"belief={'layout': ""I am in a room with lava or water to the east, my goal is likely dow | mech=I hypothesize that the lava or water may be crossable by finding a way to intera"
56e32a63,probe_mh,MiniHack-River-Narrow-v0,28,15,N,0.0,False,"belief={'layout': ""I am in a room with lava or water to the east, my goal is likely dow | mech=I hypothesize that the lava or water may be crossable by finding a way to intera"
56e32a63,probe_mh,MiniHack-River-Narrow-v0,28,16,N,0.0,False,"belief={'layout': ""I am in a room with lava or water to the east, my goal is likely dow | mech=I hypothesize that the lava or water may be crossable by finding a way to intera"
56e32a63,probe_mh,MiniHack-River-Narrow-v0,28,17,N,0.0,False,"belief={'layout': ""I am in a room with lava or water to the east, my goal is likely dow | mech=I hypothesize that the lava or water may be crossable by finding a way to intera"
56e32a63,probe_mh,MiniHack-River-Narrow-v0,28,18,N,-0.01,False,"belief={'layout': ""I am in a room with lava or water to the east, my goal is likely dow | mech=I hypothesize that the lava or water may be crossable by finding a way to intera"
56e32a63,probe_mh,MiniHack-River-Narrow-v0,28,19,W,0.0,False,"belief={'layout': ""I am in a room with lava or water to the east, my goal is likely dow | mech=I hypothesize that the lava or water may be crossable by finding a way to intera"
56e32a63,probe_mh,MiniHack-River-Narrow-v0,28,20,W,0.0,False,"belief={'layout': ""I am in a room with lava or water to the east, my goal is likely dow | mech=I hypothesize that the lava or water may be crossable by finding a way to intera"
56e32a63,probe_mh,MiniHack-River-Narrow-v0,28,21,W,0.0,False,"belief={'layout': ""I am in a room with lava or water to the east, my goal is likely dow | mech=I hypothesize that the lava or water may be crossable by finding a way to intera"
56e32a63,probe_mh,MiniHack-River-Narrow-v0,28,22,W,0.0,False,"belief={'layout': ""I am in a room with lava or water to the east, my goal is likely dow | mech=I hypothesize that the lava or water may be crossable by finding a way to intera"
56e32a63,probe_mh,MiniHack-River-Narrow-v0,28,23,S,0.0,False,"belief={'layout': ""I am in a room with lava or water to the east, my goal is likely dow | mech=I hypothesize that the lava or water may be crossable by finding a way to intera"
56e32a63,probe_mh,MiniHack-River-Narrow-v0,28,24,S,0.0,False,"belief={'layout': ""I am in a room with lava or water to the east, my goal is likely dow | mech=I hypothesize that the lava or water may be crossable by finding a way to intera"
56e32a63,probe_mh,MiniHack-River-Narrow-v0,28,25,S,0.0,False,"belief={'layout': ""I am in a room with lava or water to the east, my goal is likely dow | mech=I hypothesize that the lava or water may be crossable by finding a way to intera"
56e32a63,probe_mh,MiniHack-River-Narrow-v0,28,26,S,0.0,False,"belief={'layout': ""I am in a room with lava or water to the east, my goal is likely dow | mech=I hypothesize that the lava or water may be crossable by finding a way to intera"
56e32a63,probe_mh,MiniHack-River-Narrow-v0,28,27,S,0.0,False,"belief={'layout': ""I am in a room with lava or water to the east, my goal is likely dow | mech=I hypothesize that the lava or water may be crossable by finding a way to intera"
56e32a63,probe_mh,MiniHack-River-Narrow-v0,28,28,S,0.0,False,"belief={'layout': ""I am in a room with lava or water to the east, my goal is likely dow | mech=I hypothesize that the lava or water may be crossable by finding a way to intera"
56e32a63,probe_mh,MiniHack-River-Narrow-v0,28,29,S,-0.01,False,"belief={'layout': ""I am in a room with lava or water to the east, my goal is likely dow | mech=I hypothesize that the lava or water may be crossable by finding a way to intera"
56e32a63,probe_mh,MiniHack-River-Narrow-v0,28,30,W,0.0,False,"belief={'layout': ""I am in a room with lava or water to the east, my goal is likely dow | mech=I hypothesize that the lava or water may be crossable by finding a way to intera"
56e32a63,probe_mh,MiniHack-River-Narrow-v0,28,31,W,0.0,False,"belief={'layout': ""I am in a room with lava or water to the east, my goal is likely dow | mech=I hypothesize that the lava or water may be crossable by finding a way to intera"
56e32a63,probe_mh,MiniHack-River-Narrow-v0,28,32,N,0.0,False,"belief={'layout': ""I am in a room with lava or water to the east, my goal is likely dow | mech=I hypothesize that the lava or water may be crossable by finding a way to intera"
56e32a63,probe_mh,MiniHack-River-Narrow-v0,28,33,N,0.0,False,"belief={'layout': ""I am in a room with lava or water to the east, my goal is likely dow | mech=I hypothesize that the lava or water may be crossable by finding a way to intera"
56e32a63,probe_mh,MiniHack-River-Narrow-v0,28,34,N,0.0,False,"belief={'layout': ""I am in a room with lava or water to the east, my goal is likely dow | mech=I hypothesize that the lava or water may be crossable by finding a way to intera"
56e32a63,probe_mh,MiniHack-River-Narrow-v0,28,35,N,0.0,False,"belief={'layout': ""I am in a room with lava or water to the east, my goal is likely dow | mech=I hypothesize that the lava or water may be crossable by finding a way to intera"
56e32a63,probe_mh,MiniHack-River-Narrow-v0,28,36,N,0.0,False,"belief={'layout': ""I am in a room with lava or water to the east, my goal is likely dow | mech=I hypothesize that the lava or water may be crossable by finding a way to intera"
56e32a63,probe_mh,MiniHack-River-Narrow-v0,28,37,N,-0.01,False,"belief={'layout': ""I am in a room with lava or water to the east, my goal is likely dow | mech=I hypothesize that the lava or water may be crossable by finding a way to intera"
56e32a63,probe_mh,MiniHack-River-Narrow-v0,28,38,N,-0.01,False,"belief={'layout': ""I am in a room with lava or water to the east, my goal is likely dow | mech=I hypothesize that the lava or water may be crossable by finding a way to intera"
56e32a63,probe_mh,MiniHack-River-Narrow-v0,28,39,W,0.0,False,"belief={'layout': ""I am in a room with lava or water to the east, my goal is likely dow | mech=I hypothesize that the lava or water may be crossable by finding a way to intera"
56e32a63,probe_mh,MiniHack-River-Narrow-v0,28,40,W,0.0,False,"belief={'layout': ""I am in a room with lava or water to the east, my goal is likely dow | mech=I hypothesize that the lava or water may be crossable by finding a way to intera"
56e32a63,probe_mh,MiniHack-River-Narrow-v0,28,41,W,0.0,False,"belief={'layout': ""I am in a room with lava or water to the east, my goal is likely dow | mech=I hypothesize that the lava or water may be crossable by finding a way to intera"
56e32a63,probe_mh,MiniHack-River-Narrow-v0,28,42,W,0.0,False,"belief={'layout': ""I am in a room with lava or water to the east, my goal is likely dow | mech=I hypothesize that the lava or water may be crossable by finding a way to intera"
56e32a63,probe_mh,MiniHack-River-Narrow-v0,28,43,S,0.0,False,"belief={'layout': ""I am in a room with lava or water to the east, my goal is likely dow | mech=I hypothesize that the lava or water may be crossable by finding a way to intera"
56e32a63,probe_mh,MiniHack-River-Narrow-v0,28,44,W,0.0,False,"belief={'layout': ""I am in a room with lava or water to the east, my goal is likely dow | mech=I hypothesize that the lava or water may be crossable by finding a way to intera"
56e32a63,probe_mh,MiniHack-River-Narrow-v0,28,45,W,0.0,False,"belief={'layout': ""I am in a room with lava or water to the east, my goal is likely dow | mech=I hypothesize that the lava or water may be crossable by finding a way to intera"
56e32a63,probe_mh,MiniHack-River-Narrow-v0,28,46,W,-0.01,False,"belief={'layout': ""I am in a room with lava or water to the east, my goal is likely dow | mech=I hypothesize that the lava or water may be crossable by finding a way to intera"
56e32a63,probe_mh,MiniHack-River-Narrow-v0,28,47,N,0.0,False,"belief={'layout': ""I am in a room with lava or water to the east, my goal is likely dow | mech=I hypothesize that the lava or water may be crossable by finding a way to intera"
56e32a63,probe_mh,MiniHack-River-Narrow-v0,28,48,N,0.0,False,"belief={'layout': ""I am in a room with lava or water to the east, my goal is likely dow | mech=I hypothesize that the lava or water may be crossable by finding a way to intera"
56e32a63,probe_mh,MiniHack-River-Narrow-v0,28,49,N,-0.01,False,"belief={'layout': ""I am in a room with lava or water to the east, my goal is likely dow | mech=I hypothesize that the lava or water may be crossable by finding a way to intera"
56e32a63,probe_mh,MiniHack-River-Narrow-v0,28,50,N,-0.01,False,"belief={'layout': ""I am in a room with lava or water to the east, my goal is likely dow | mech=I hypothesize that the lava or water may be crossable by finding a way to intera"
56e32a63,probe_mh,MiniHack-River-Narrow-v0,28,51,W,-0.01,False,"belief={'layout': ""I am in a room with lava or water to the east, my goal is likely dow | mech=I hypothesize that the lava or water may be crossable by finding a way to intera"
56e32a63,probe_mh,MiniHack-River-Narrow-v0,28,52,S,0.0,False,"belief={'layout': ""I am in a room with lava or water to the east, my goal is likely dow | mech=I hypothesize that the lava or water may be crossable by finding a way to intera"
56e32a63,probe_mh,MiniHack-River-Narrow-v0,28,53,S,0.0,False,"belief={'layout': ""I am in a room with lava or water to the east, my goal is likely dow | mech=I hypothesize that the lava or water may be crossable by finding a way to intera"
56e32a63,probe_mh,MiniHack-River-Narrow-v0,28,54,S,0.0,False,"belief={'layout': ""I am in a room with lava or water to the east, my goal is likely dow | mech=I hypothesize that the lava or water may be crossable by finding a way to intera"
56e32a63,probe_mh,MiniHack-River-Narrow-v0,28,55,S,0.0,False,"belief={'layout': ""I am in a room with lava or water to the east, my goal is likely dow | mech=I hypothesize that the lava or water may be crossable by finding a way to intera"
56e32a63,probe_mh,MiniHack-River-Narrow-v0,28,56,S,0.0,False,"belief={'layout': ""I am in a room with lava or water to the east, my goal is likely dow | mech=I hypothesize that the lava or water may be crossable by finding a way to intera"
56e32a63,probe_mh,MiniHack-River-Narrow-v0,28,57,S,0.0,False,"belief={'layout': ""I am in a room with lava or water to the east, my goal is likely dow | mech=I hypothesize that the lava or water may be crossable by finding a way to intera"
56e32a63,probe_mh,MiniHack-River-Narrow-v0,28,58,E,0.0,False,"belief={'layout': ""I am in a room with lava or water to the east, my goal is likely dow | mech=I hypothesize that the lava or water may be crossable by finding a way to intera"
56e32a63,probe_mh,MiniHack-River-Narrow-v0,28,59,E,0.0,False,"belief={'layout': ""I am in a room with lava or water to the east, my goal is likely dow | mech=I hypothesize that the lava or water may be crossable by finding a way to intera"
56e32a63,probe_mh,MiniHack-River-Narrow-v0,28,60,S,-0.01,False,"belief={'layout': ""I am in a room with lava or water to the east, my goal is likely dow | mech=I hypothesize that the lava or water may be crossable by finding a way to intera"
56e32a63,probe_mh,MiniHack-River-Narrow-v0,28,61,W,0.0,False,"belief={'layout': ""I am in a room with lava or water to the east, my goal is likely dow | mech=I hypothesize that the lava or water may be crossable by finding a way to intera"
56e32a63,probe_mh,MiniHack-River-Narrow-v0,28,62,S,-0.01,False,"belief={'layout': ""I am in a room with lava or water to the east, my goal is likely dow | mech=I hypothesize that the lava or water may be crossable by finding a way to intera"
56e32a63,probe_mh,MiniHack-River-Narrow-v0,28,63,S,-0.01,False,"belief={'layout': ""I am in a room with lava or water to the east, my goal is likely dow | mech=I hypothesize that the lava or water may be crossable by finding a way to intera"
56e32a63,probe_mh,MiniHack-River-Narrow-v0,28,64,W,0.0,False,"belief={'layout': ""I am in a room with lava or water to the east, my goal is likely dow | mech=I hypothesize that the lava or water may be crossable by finding a way to intera"
56e32a63,probe_mh,MiniHack-River-Narrow-v0,28,65,W,-0.01,False,"belief={'layout': ""I am in a room with lava or water to the east, my goal is likely dow | mech=I hypothesize that the lava or water may be crossable by finding a way to intera"
56e32a63,probe_mh,MiniHack-River-Narrow-v0,28,66,N,0.0,False,"belief={'layout': ""I am in a room with lava or water to the east, my goal is likely dow | mech=I hypothesize that the lava or water may be crossable by finding a way to intera"
56e32a63,probe_mh,MiniHack-River-Narrow-v0,28,67,N,0.0,False,"belief={'layout': ""I am in a room with lava or water to the east, my goal is likely dow | mech=I hypothesize that the lava or water may be crossable by finding a way to intera"
56e32a63,probe_mh,MiniHack-River-Narrow-v0,28,68,N,0.0,False,"belief={'layout': ""I am in a room with lava or water to the east, my goal is likely dow | mech=I hypothesize that the lava or water may be crossable by finding a way to intera"
56e32a63,probe_mh,MiniHack-River-Narrow-v0,28,69,N,0.0,False,"belief={'layout': ""I am in a room with lava or water to the east, my goal is likely dow | mech=I hypothesize that the lava or water may be crossable by finding a way to intera"
56e32a63,probe_mh,MiniHack-River-Narrow-v0,28,70,N,0.0,False,"belief={'layout': ""I am in a room with lava or water to the east, my goal is likely dow | mech=I hypothesize that the lava or water may be crossable by finding a way to intera"
56e32a63,probe_mh,MiniHack-River-Narrow-v0,28,71,N,0.0,False,"belief={'layout': ""I am in a room with lava or water to the east, my goal is likely dow | mech=I hypothesize that the lava or water may be crossable by finding a way to intera"
56e32a63,probe_mh,MiniHack-River-Narrow-v0,28,72,N,-0.01,False,"belief={'layout': ""I am in a room with lava or water to the east, my goal is likely dow | mech=I hypothesize that the lava or water may be crossable by finding a way to intera"
56e32a63,probe_mh,MiniHack-River-Narrow-v0,28,73,S,0.0,False,"belief={'layout': ""I am in a room with lava or water to the east, my goal is likely dow | mech=I hypothesize that the lava or water may be crossable by finding a way to intera"
56e32a63,probe_mh,MiniHack-River-Narrow-v0,28,74,S,0.0,False,"belief={'layout': ""I am in a room with lava or water to the east, my goal is likely dow | mech=I hypothesize that the lava or water may be crossable by finding a way to intera"
56e32a63,probe_mh,MiniHack-River-Narrow-v0,28,75,S,0.0,False,"belief={'layout': ""I am in a room with lava or water to the east, my goal is likely dow | mech=I hypothesize that the lava or water may be crossable by finding a way to intera"
56e32a63,probe_mh,MiniHack-River-Narrow-v0,28,76,S,0.0,False,"belief={'layout': ""I am in a room with lava or water to the east, my goal is likely dow | mech=I hypothesize that the lava or water may be crossable by finding a way to intera"
56e32a63,probe_mh,MiniHack-River-Narrow-v0,28,77,S,0.0,False,"belief={'layout': ""I am in a room with lava or water to the east, my goal is likely dow | mech=I hypothesize that the lava or water may be crossable by finding a way to intera"
56e32a63,probe_mh,MiniHack-River-Narrow-v0,28,78,S,0.0,False,"belief={'layout': ""I am in a room with lava or water to the east, my goal is likely dow | mech=I hypothesize that the lava or water may be crossable by finding a way to intera"
56e32a63,probe_mh,MiniHack-River-Narrow-v0,28,79,S,-0.01,False,"belief={'layout': ""I am in a room with lava or water to the east, my goal is likely dow | mech=I hypothesize that the lava or water may be crossable by finding a way to intera"
56e32a63,probe_mh,MiniHack-River-Narrow-v0,28,80,E,0.0,False,"belief={'layout': ""I am in a room with lava or water to the east, my goal is likely dow | mech=I hypothesize that the lava or water may be crossable by finding a way to intera"
56e32a63,probe_mh,MiniHack-River-Narrow-v0,28,81,E,0.0,False,"belief={'layout': ""I am in a room with lava or water to the east, my goal is likely dow | mech=I hypothesize that the lava or water may be crossable by finding a way to intera"
56e32a63,probe_mh,MiniHack-River-Narrow-v0,28,82,S,-0.01,False,"belief={'layout': ""I am in a room with lava or water to the east, my goal is likely dow | mech=I hypothesize that the lava or water may be crossable by finding a way to intera"
56e32a63,probe_mh,MiniHack-River-Narrow-v0,28,83,W,0.0,False,"belief={'layout': ""I am in a room with lava or water to the east, my goal is likely dow | mech=I hypothesize that the lava or water may be crossable by finding a way to intera"
56e32a63,probe_mh,MiniHack-River-Narrow-v0,28,84,W,0.0,False,"belief={'layout': ""I am in a room with lava or water to the east, my goal is likely dow | mech=I hypothesize that the lava or water may be crossable by finding a way to intera"
56e32a63,probe_mh,MiniHack-River-Narrow-v0,28,85,W,-0.01,False,"belief={'layout': ""I am in a room with lava or water to the east, my goal is likely dow | mech=I hypothesize that the lava or water may be crossable by finding a way to intera"
56e32a63,probe_mh,MiniHack-River-Narrow-v0,28,86,N,0.0,False,"belief={'layout': ""I am in a room with lava or water to the east, my goal is likely dow | mech=I hypothesize that the lava or water may be crossable by finding a way to intera"
56e32a63,probe_mh,MiniHack-River-Narrow-v0,28,87,N,0.0,False,"belief={'layout': ""I am in a room with lava or water to the east, my goal is likely dow | mech=I hypothesize that the lava or water may be crossable by finding a way to intera"
56e32a63,probe_mh,MiniHack-River-Narrow-v0,28,88,N,0.0,False,"belief={'layout': ""I am in a room with lava or water to the east, my goal is likely dow | mech=I hypothesize that the lava or water may be crossable by finding a way to intera"
56e32a63,probe_mh,MiniHack-River-Narrow-v0,28,89,N,0.0,False,"belief={'layout': ""I am in a room with lava or water to the east, my goal is likely dow | mech=I hypothesize that the lava or water may be crossable by finding a way to intera"
56e32a63,probe_mh,MiniHack-River-Narrow-v0,28,90,N,0.0,False,"belief={'layout': ""I am in a room with lava or water to the east, my goal is likely dow | mech=I hypothesize that the lava or water may be crossable by finding a way to intera"
56e32a63,probe_mh,MiniHack-River-Narrow-v0,28,91,N,0.0,False,"belief={'layout': ""I am in a room with lava or water to the east, my goal is likely dow | mech=I hypothesize that the lava or water may be crossable by finding a way to intera"
56e32a63,probe_mh,MiniHack-River-Narrow-v0,28,92,N,-0.01,False,"belief={'layout': ""I am in a room with lava or water to the east, my goal is likely dow | mech=I hypothesize that the lava or water may be crossable by finding a way to intera"
56e32a63,probe_mh,MiniHack-River-Narrow-v0,28,93,S,0.0,False,"belief={'layout': ""I am in a room with lava or water to the east, my goal is likely dow | mech=I hypothesize that the lava or water may be crossable by finding a way to intera"
56e32a63,probe_mh,MiniHack-River-Narrow-v0,28,94,S,0.0,False,"belief={'layout': ""I am in a room with lava or water to the east, my goal is likely dow | mech=I hypothesize that the lava or water may be crossable by finding a way to intera"
56e32a63,probe_mh,MiniHack-River-Narrow-v0,28,95,S,0.0,False,"belief={'layout': ""I am in a room with lava or water to the east, my goal is likely dow | mech=I hypothesize that the lava or water may be crossable by finding a way to intera"
56e32a63,probe_mh,MiniHack-River-Narrow-v0,28,96,S,0.0,False,"belief={'layout': ""I am in a room with lava or water to the east, my goal is likely dow | mech=I hypothesize that the lava or water may be crossable by finding a way to intera"
56e32a63,probe_mh,MiniHack-River-Narrow-v0,28,97,S,0.0,False,"belief={'layout': ""I am in a room with lava or water to the east, my goal is likely dow | mech=I hypothesize that the lava or water may be crossable by finding a way to intera"
56e32a63,probe_mh,MiniHack-River-Narrow-v0,28,98,S,0.0,False,"belief={'layout': ""I am in a room with lava or water to the east, my goal is likely dow | mech=I hypothesize that the lava or water may be crossable by finding a way to intera"
56e32a63,probe_mh,MiniHack-River-Narrow-v0,28,99,S,-0.01,False,"belief={'layout': ""I am in a room with lava or water to the east, my goal is likely dow | mech=I hypothesize that the lava or water may be crossable by finding a way to intera"
56e32a63,probe_mh,MiniHack-River-Narrow-v0,28,100,E,0.0,False,"belief={'layout': ""I am in a room with lava or water to the east, my goal is likely dow | mech=I hypothesize that the lava or water may be crossable by finding a way to intera"
56e32a63,probe_mh,MiniHack-River-Narrow-v0,28,101,S,-0.01,False,"belief={'layout': ""I am in a room with lava or water to the east, my goal is likely dow | mech=I hypothesize that the lava or water may be crossable by finding a way to intera"
56e32a63,probe_mh,MiniHack-River-Narrow-v0,28,102,W,0.0,False,"belief={'layout': ""I am in a room with lava or water to the east, my goal is likely dow | mech=I hypothesize that the lava or water may be crossable by finding a way to intera"
56e32a63,probe_mh,MiniHack-River-Narrow-v0,28,103,W,-0.01,False,"belief={'layout': ""I am in a room with lava or water to the east, my goal is likely dow | mech=I hypothesize that the lava or water may be crossable by finding a way to intera"
56e32a63,probe_mh,MiniHack-River-Narrow-v0,28,104,N,0.0,False,"belief={'layout': ""I am in a room with lava or water to the east, my goal is likely dow | mech=I hypothesize that the lava or water may be crossable by finding a way to intera"
56e32a63,probe_mh,MiniHack-River-Narrow-v0,28,105,N,0.0,False,"belief={'layout': ""I am in a room with lava or water to the east, my goal is likely dow | mech=I hypothesize that the lava or water may be crossable by finding a way to intera"
56e32a63,probe_mh,MiniHack-River-Narrow-v0,28,106,N,0.0,False,"belief={'layout': ""I am in a room with lava or water to the east, my goal is likely dow | mech=I hypothesize that the lava or water may be crossable by finding a way to intera"
56e32a63,probe_mh,MiniHack-River-Narrow-v0,28,107,N,0.0,False,"belief={'layout': ""I am in a room with lava or water to the east, my goal is likely dow | mech=I hypothesize that the lava or water may be crossable by finding a way to intera"
56e32a63,probe_mh,MiniHack-River-Narrow-v0,28,108,N,0.0,False,"belief={'layout': ""I am in a room with lava or water to the east, my goal is likely dow | mech=I hypothesize that the lava or water may be crossable by finding a way to intera"
56e32a63,probe_mh,MiniHack-River-Narrow-v0,28,109,N,0.0,False,"belief={'layout': ""I am in a room with lava or water to the east, my goal is likely dow | mech=I hypothesize that the lava or water may be crossable by finding a way to intera"
56e32a63,probe_mh,MiniHack-River-Narrow-v0,28,110,N,-0.01,False,"belief={'layout': ""I am in a room with lava or water to the east, my goal is likely dow | mech=I hypothesize that the lava or water may be crossable by finding a way to intera"
56e32a63,probe_mh,MiniHack-River-Narrow-v0,28,111,S,0.0,False,"belief={'layout': ""I am in a room with lava or water to the east, my goal is likely dow | mech=I hypothesize that the lava or water may be crossable by finding a way to intera"
56e32a63,probe_mh,MiniHack-River-Narrow-v0,28,112,S,0.0,False,"belief={'layout': ""I am in a room with lava or water to the east, my goal is likely dow | mech=I hypothesize that the lava or water may be crossable by finding a way to intera"
56e32a63,probe_mh,MiniHack-River-Narrow-v0,28,113,S,0.0,False,"belief={'layout': ""I am in a room with lava or water to the east, my goal is likely dow | mech=I hypothesize that the lava or water may be crossable by finding a way to intera"
56e32a63,probe_mh,MiniHack-River-Narrow-v0,28,114,S,0.0,False,"belief={'layout': ""I am in a room with lava or water to the east, my goal is likely dow | mech=I hypothesize that the lava or water may be crossable by finding a way to intera"
56e32a63,probe_mh,MiniHack-River-Narrow-v0,28,115,S,0.0,False,"belief={'layout': ""I am in a room with lava or water to the east, my goal is likely dow | mech=I hypothesize that the lava or water may be crossable by finding a way to intera"
56e32a63,probe_mh,MiniHack-River-Narrow-v0,28,116,S,0.0,False,"belief={'layout': ""I am in a room with lava or water to the east, my goal is likely dow | mech=I hypothesize that the lava or water may be crossable by finding a way to intera"
56e32a63,probe_mh,MiniHack-River-Narrow-v0,28,117,S,-0.01,False,"belief={'layout': ""I am in a room with lava or water to the east, my goal is likely dow | mech=I hypothesize that the lava or water may be crossable by finding a way to intera"
56e32a63,probe_mh,MiniHack-River-Narrow-v0,28,118,W,-0.01,False,"belief={'layout': ""I am in a room with lava or water to the east, my goal is likely dow | mech=I hypothesize that the lava or water may be crossable by finding a way to intera"
56e32a63,probe_mh,MiniHack-River-Narrow-v0,28,119,N,0.0,False,"belief={'layout': ""I am in a room with lava or water to the east, my goal is likely dow | mech=I hypothesize that the lava or water may be crossable by finding a way to intera"
56e32a63,probe_mh,MiniHack-River-Narrow-v0,29,0,N,0.0,False,"belief=My current plan is to explore the surroundings to locate the goal. I will move n | mech=I believe that moving into a '.' will allow me to pass through, and I have not y"
56e32a63,probe_mh,MiniHack-River-Narrow-v0,29,1,N,0.0,False,belief=My current plan is to explore the surroundings to locate the goal. I will move n | mech=I believe that moving into a '.' will allow me to pass through. I have not yet r
56e32a63,probe_mh,MiniHack-River-Narrow-v0,29,2,E,0.0,False,belief=My current plan is to explore the surroundings to locate the goal. I will move e | mech=I believe that moving into a '.' will allow me to pass through. I have not yet r
56e32a63,probe_mh,MiniHack-River-Narrow-v0,29,3,E,0.0,False,belief=My current plan is to explore the surroundings to locate the goal. I will move e | mech=I believe that moving into a '.' will allow me to pass through. I have not yet r
56e32a63,probe_mh,MiniHack-River-Narrow-v0,29,4,E,0.0,False,belief=My current plan is to explore the surroundings to locate the goal. I will move e | mech=I believe that moving into a '.' will allow me to pass through. I have not yet r
56e32a63,probe_mh,MiniHack-River-Narrow-v0,29,5,E,0.0,False,belief=My current plan is to explore the surroundings to locate the goal. I will move e | mech=I believe that moving into a '.' will allow me to pass through. I have not yet r
56e32a63,probe_mh,MiniHack-River-Narrow-v0,29,6,E,0.0,False,belief=My current plan is to explore the surroundings to locate the goal. I will move e | mech=I believe that moving into a '.' will allow me to pass through. I have not yet r
56e32a63,probe_mh,MiniHack-River-Narrow-v0,29,7,E,0.0,False,belief=My current plan is to explore the surroundings to locate the goal. I will move e | mech=I believe that moving into a '.' will allow me to pass through. I have not yet r
56e32a63,probe_mh,MiniHack-River-Narrow-v0,29,8,E,0.0,False,belief=My current plan is to explore the surroundings to locate the goal. I will move e | mech=I believe that moving into a '.' will allow me to pass through. I have not yet r
56e32a63,probe_mh,MiniHack-River-Narrow-v0,29,9,E,0.0,False,belief={'layout': 'My current plan is to explore the surroundings to locate the goal. I | mech=I believe that moving into a '.' will allow me to pass through. I have not yet r
56e32a63,probe_mh,MiniHack-River-Narrow-v0,29,10,S,0.0,False,belief={'layout': 'My current plan is to explore the surroundings to locate the goal. S | mech=I believe that moving into a '.' will allow me to pass through. I have not yet r
56e32a63,probe_mh,MiniHack-River-Narrow-v0,29,11,S,0.0,False,belief={'layout': 'My current plan is to explore the surroundings to locate the goal. S | mech=I believe that moving into a '.' will allow me to pass through. I have not yet r
56e32a63,probe_mh,MiniHack-River-Narrow-v0,29,12,S,0.0,False,belief={'layout': 'My current plan is to explore the surroundings to locate the goal. S | mech=I believe that moving into a '.' will allow me to pass through. I have not yet r
56e32a63,probe_mh,MiniHack-River-Narrow-v0,29,13,S,0.0,False,belief={'layout': 'My current plan is to explore the surroundings to locate the goal. S | mech=I believe that moving into a '.' will allow me to pass through. I have not yet r
56e32a63,probe_mh,MiniHack-River-Narrow-v0,29,14,S,-0.01,False,belief={'layout': 'My current plan is to explore the surroundings to locate the goal. S | mech=I believe that moving into a '.' will allow me to pass through. I have not yet r
56e32a63,probe_mh,MiniHack-River-Narrow-v0,29,15,S,-0.01,False,belief={'layout': 'My current plan is to explore the surroundings to locate the goal. S | mech=I believe that moving into a '.' will allow me to pass through. I have not yet r
56e32a63,probe_mh,MiniHack-River-Narrow-v0,29,16,W,0.0,False,belief={'layout': 'My current plan is to explore the surroundings to locate the goal. S | mech=I believe that moving into a '.' will allow me to pass through. I have not yet r
56e32a63,probe_mh,MiniHack-River-Narrow-v0,29,17,W,0.0,False,belief={'layout': 'My current plan is to explore the surroundings to locate the goal. S | mech=I believe that moving into a '.' will allow me to pass through. I have not yet r
56e32a63,probe_mh,MiniHack-River-Narrow-v0,29,18,W,0.0,False,belief={'layout': 'My current plan is to explore the surroundings to locate the goal. S | mech=I believe that moving into a '.' will allow me to pass through. I have not yet r
56e32a63,probe_mh,MiniHack-River-Narrow-v0,29,19,W,0.0,False,belief={'layout': 'My current plan is to explore the surroundings to locate the goal. S | mech=I believe that moving into a '.' will allow me to pass through. I have not yet r
56e32a63,probe_mh,MiniHack-River-Narrow-v0,29,20,W,0.0,False,belief={'layout': 'My current plan is to explore the surroundings to locate the goal. S | mech=I believe that moving into a '.' will allow me to pass through. I have not yet r
56e32a63,probe_mh,MiniHack-River-Narrow-v0,29,21,W,0.0,False,belief={'layout': 'My current plan is to explore the surroundings to locate the goal. S | mech=I believe that moving into a '.' will allow me to pass through. I have not yet r
56e32a63,probe_mh,MiniHack-River-Narrow-v0,29,22,W,0.0,False,belief={'layout': 'My current plan is to explore the surroundings to locate the goal. S | mech=I believe that moving into a '.' will allow me to pass through. I have not yet r
56e32a63,probe_mh,MiniHack-River-Narrow-v0,29,23,W,0.0,False,belief={'layout': 'My current plan is to explore the surroundings to locate the goal. S | mech=I believe that moving into a '.' will allow me to pass through. I have not yet r
56e32a63,probe_mh,MiniHack-River-Narrow-v0,29,24,W,0.0,False,belief={'layout': 'My current plan is to explore the surroundings to locate the goal. S | mech=I believe that moving into a '.' will allow me to pass through. I have not yet r
56e32a63,probe_mh,MiniHack-River-Narrow-v0,29,25,N,0.0,False,belief={'layout': 'My current plan is to explore the surroundings to locate the goal. S | mech=I believe that moving into a '.' will allow me to pass through. I have not yet r
56e32a63,probe_mh,MiniHack-River-Narrow-v0,29,26,N,0.0,False,belief={'layout': 'My current plan is to explore the surroundings to locate the goal. S | mech=I believe that moving into a '.' will allow me to pass through. I have not yet r
56e32a63,probe_mh,MiniHack-River-Narrow-v0,29,27,N,0.0,False,belief={'layout': 'My current plan is to explore the surroundings to locate the goal. S | mech=I believe that moving into a '.' will allow me to pass through. I have not yet r
56e32a63,probe_mh,MiniHack-River-Narrow-v0,29,28,N,0.0,False,belief={'layout': 'My current plan is to explore the surroundings to locate the goal. S | mech=I believe that moving into a '.' will allow me to pass through. I have not yet r
56e32a63,probe_mh,MiniHack-River-Narrow-v0,29,29,N,0.0,False,belief={'layout': 'My current plan is to explore the surroundings to locate the goal. S | mech=I believe that moving into a '.' will allow me to pass through. I have not yet r
56e32a63,probe_mh,MiniHack-River-Narrow-v0,29,30,N,-0.01,False,belief={'layout': 'My current plan is to explore the surroundings to locate the goal. S | mech=I believe that moving into a '.' will allow me to pass through. I have not yet r
56e32a63,probe_mh,MiniHack-River-Narrow-v0,29,31,W,0.0,False,"belief={'layout': ""My current plan is to explore the surroundings to locate the goal. S | mech=I believe that moving into a '.' will allow me to pass through. I have not yet r"
56e32a63,probe_mh,MiniHack-River-Narrow-v0,29,32,N,0.0,False,"belief={'layout': ""My current plan is to explore the surroundings to locate the goal. S | mech=I believe that moving into a '.' will allow me to pass through. I have not yet r"
56e32a63,probe_mh,MiniHack-River-Narrow-v0,29,33,E,0.0,False,"belief={'layout': ""My current plan is to explore the surroundings to locate the goal. S | mech=I believe that moving into a '.' will allow me to pass through. I have not yet r"
56e32a63,probe_mh,MiniHack-River-Narrow-v0,29,34,E,0.0,False,"belief={'layout': ""My current plan is to explore the surroundings to locate the goal. S | mech=I believe that moving into a '.' will allow me to pass through. I have not yet r"
56e32a63,probe_mh,MiniHack-River-Narrow-v0,29,35,E,0.0,False,"belief={'layout': ""My current plan is to explore the surroundings to locate the goal. S | mech=I believe that moving into a '.' will allow me to pass through. I have not yet r"
56e32a63,probe_mh,MiniHack-River-Narrow-v0,29,36,E,0.0,False,"belief={'layout': ""My current plan is to explore the surroundings to locate the goal. S | mech=I believe that moving into a '.' will allow me to pass through. I have not yet r"
56e32a63,probe_mh,MiniHack-River-Narrow-v0,29,37,E,0.0,False,"belief={'layout': ""My current plan is to explore the surroundings to locate the goal. S | mech=I believe that moving into a '.' will allow me to pass through. I have not yet r"
56e32a63,probe_mh,MiniHack-River-Narrow-v0,29,38,N,-0.01,False,belief={'layout': 'My current plan is to explore the surroundings to locate the goal. S | mech=I believe that moving into a '.' will allow me to pass through. I have not yet r
56e32a63,probe_mh,MiniHack-River-Narrow-v0,29,39,E,0.0,False,belief={'layout': 'My current plan is to explore the surroundings to locate the goal. S | mech=I believe that moving into a '.' will allow me to pass through. I have ruled out
56e32a63,probe_mh,MiniHack-River-Narrow-v0,29,40,E,0.0,False,belief={'layout': 'My current plan is to explore the surroundings to locate the goal. S | mech=I believe that moving into a '.' will allow me to pass through. I have ruled out
56e32a63,probe_mh,MiniHack-River-Narrow-v0,29,41,E,0.0,False,belief={'layout': 'My current plan is to explore the surroundings to locate the goal. S | mech=I believe that moving into a '.' will allow me to pass through. I have ruled out
56e32a63,probe_mh,MiniHack-River-Narrow-v0,29,42,E,0.0,False,belief={'layout': 'My current plan is to explore the surroundings to locate the goal. S | mech=I believe that moving into a '.' will allow me to pass through. I have ruled out
56e32a63,probe_mh,MiniHack-River-Narrow-v0,29,43,E,0.0,False,belief={'layout': 'My current plan is to explore the surroundings to locate the goal. S | mech=I believe that moving into a '.' will allow me to pass through. I have ruled out
56e32a63,probe_mh,MiniHack-River-Narrow-v0,29,44,E,0.0,False,belief={'layout': 'My current plan is to explore the surroundings to locate the goal. S | mech=I believe that moving into a '.' will allow me to pass through. I have ruled out
56e32a63,probe_mh,MiniHack-River-Narrow-v0,29,45,E,0.0,False,belief={'layout': 'My current plan is to explore the surroundings to locate the goal. S | mech=I believe that moving into a '.' will allow me to pass through. I have ruled out
56e32a63,probe_mh,MiniHack-River-Narrow-v0,29,46,E,0.0,False,belief={'layout': 'My current plan is to explore the surroundings to locate the goal. S | mech=I believe that moving into a '.' will allow me to pass through. I have ruled out
56e32a63,probe_mh,MiniHack-River-Narrow-v0,29,47,E,0.0,False,belief={'layout': 'My current plan is to explore the surroundings to locate the goal. S | mech=I believe that moving into a '.' will allow me to pass through. I have ruled out
56e32a63,probe_mh,MiniHack-River-Narrow-v0,29,48,E,0.0,False,belief={'layout': 'My current plan is to explore the surroundings to locate the goal. S | mech=I believe that moving into a '.' will allow me to pass through. I have ruled out
56e32a63,probe_mh,MiniHack-River-Narrow-v0,29,49,E,0.0,False,belief={'layout': 'My current plan is to explore the surroundings to locate the goal. S | mech=I believe that moving into a '.' will allow me to pass through. I have ruled out
56e32a63,probe_mh,MiniHack-River-Narrow-v0,29,50,E,-0.01,False,belief={'layout': 'My current plan is to explore the surroundings to locate the goal. S | mech=I believe that moving into a '.' will allow me to pass through. I have ruled out
56e32a63,probe_mh,MiniHack-River-Narrow-v0,29,51,S,0.0,False,belief={'layout': 'My current plan is to explore the surroundings to locate the goal. S | mech=I believe that moving into a '.' will allow me to pass through. I have ruled out
56e32a63,probe_mh,MiniHack-River-Narrow-v0,29,52,S,1.0,True,belief={'layout': 'My current plan is to explore the surroundings to locate the goal. S | mech=I believe that moving into a '.' will allow me to pass through. I have ruled out
