run_id,variant,seed,step,command,reward,score,max_score,won,note
5657aced,probe3_tw,50,0,drop iron,0.0,0,1,False,"belief=I have just arrived and do not yet know the layout or the go | rule=unknown; I do not yet know what earns score, so I must disco | STUCK"
5657aced,probe3_tw,50,1,examine gateway,0.0,0,1,False,"belief=I have just arrived and do not yet know the layout or the go | rule=unknown; I do not yet know what earns score, so I must disco | STUCK"
5657aced,probe3_tw,50,2,examine iron,0.0,0,1,False,"belief=I am at the gateway and need to explore other locations to g | rule=I still don't know what earns score, but I've ruled out exam | STUCK"
5657aced,probe3_tw,50,3,go south,0.0,0,1,False,"belief=I am at the basement and need to explore other locations to  | rule=I still don't know what earns score, but I've ruled out exam"
5657aced,probe3_tw,50,4,go north,0.0,0,1,False,"belief=0 | rule=I still don't know what earns score, but I've ruled out exam"
5657aced,probe3_tw,50,5,take type 1 passkey,0.0,0,1,False,belief=I'm in the basement with a locked chest and a passkey. My ne | rule=I've ruled out examining the gateway and iron. I'll try taki
5657aced,probe3_tw,50,6,unlock type 1 chest with type 1 passkey,0.0,0,1,False,belief=I'm in the basement with a type 1 passkey and a locked chest | rule=I've ruled out examining the gateway and iron. I'll try inte
5657aced,probe3_tw,50,7,examine type 1 chest,0.0,0,1,False,belief=I'm in the basement with a type 1 passkey and an unlocked ty | rule=I've ruled out examining the gateway and iron. I'll try inte
5657aced,probe3_tw,50,8,open type 1 chest,0.0,0,1,False,"belief=I'm in the basement with a type 1 passkey and a type 1 chest | rule=I've ruled out examining the gateway, iron, and the type 1 c"
5657aced,probe3_tw,50,9,examine pair of headphones,0.0,0,1,False,"belief=I'm in the basement with a type 1 passkey and a type 1 chest | rule=I've ruled out examining the gateway, iron, and the type 1 c"
5657aced,probe3_tw,50,10,take pair of headphones from type 1 chest,1.0,1,1,True,"belief=I'm in the basement with a type 1 passkey and a type 1 chest | rule=I've ruled out examining the gateway, iron, type 1 chest, an"
5657aced,probe3_tw,51,0,go south,0.0,0,1,False,"belief=I have just arrived and do not yet know the layout or the go | rule=unknown; I do not yet know what earns score, so I must disco | STUCK"
5657aced,probe3_tw,51,1,examine box,0.0,0,1,False,"belief=I am in the bedroom with a box and need to explore the surro | rule=I still don't know what earns score, but trying different ac | STUCK"
5657aced,probe3_tw,51,2,look,0.0,0,1,False,"belief=I am in the bedroom with a box and need to explore the surro | rule=I still don't know what earns score, but trying different ac"
5657aced,probe3_tw,51,3,open box,0.0,0,1,False,"belief=I am in the bedroom with a box and need to explore the surro | rule=I still don't know what earns score, but trying different ac"
5657aced,probe3_tw,51,4,go east,0.0,0,1,False,"belief=I am in the bedroom with an open box and need to explore the | rule=I still don't know what earns score, but trying different ac"
5657aced,probe3_tw,51,5,examine tablet,0.0,0,1,False,"belief=I am in the playroom with various objects and an exit. My ne | rule=I still don't know what earns score, but trying different ac"
5657aced,probe3_tw,51,6,examine bar,0.0,0,1,False,"belief=I am in the playroom with various objects and an exit. My ne | rule=I still don't know what earns score, but trying different ac"
5657aced,probe3_tw,51,7,examine shelf,0.0,0,1,False,"belief=I am in the playroom with various objects and an exit. My ne | rule=I still don't know what earns score, but trying different ac"
5657aced,probe3_tw,51,8,take tablet,0.0,0,1,False,"belief=I am in the playroom with a wobbly shelf and various objects | rule=I still don't know what earns score, but trying different ac"
5657aced,probe3_tw,51,9,put tablet on shelf,0.0,0,1,False,"belief=I am in the playroom with a wobbly shelf and various objects | rule=I still don't know what earns score, but trying different ac"
5657aced,probe3_tw,51,10,take tablet from shelf,0.0,0,1,False,"belief=I am in the playroom with a wobbly shelf and various objects | rule=I still don't know what earns score, but trying different ac"
5657aced,probe3_tw,51,11,go west,0.0,0,1,False,"belief=I am in the playroom with a tablet in my inventory. My next  | rule=I still don't know what earns score, but trying different ac"
5657aced,probe3_tw,51,12,go south,0.0,0,1,False,"belief=I am in the playroom with a tablet in my inventory. My next  | rule=I still don't know what raises the score, but trying differe"
5657aced,probe3_tw,51,13,examine cucumber,0.0,0,1,False,"belief=I am in the cookery with a tablet and I see a cucumber and a | rule=I still don't know what raises the score, but trying differe"
5657aced,probe3_tw,51,14,examine spoon,0.0,0,1,False,"belief=I am in the cookery with a tablet and I see a cucumber and a | rule=I still don't know what raises the score, but trying differe"
5657aced,probe3_tw,51,15,examine cucumber,0.0,0,1,False,"belief=I am in the cookery with a tablet and I see a cucumber and a | rule=I still don't know what raises the score, but trying differe"
5657aced,probe3_tw,51,16,examine tablet,0.0,0,1,False,"belief=I am in the cookery with a tablet and I see a cucumber and a | rule=I still don't know what raises the score, but trying differe"
5657aced,probe3_tw,51,17,take cucumber,0.0,0,1,False,"belief=I am in the cookery with a tablet, and I need to try a new a | rule=I still don't know what raises the score, but trying differe"
5657aced,probe3_tw,51,18,drop cucumber,0.0,0,1,False,"belief=I am in the cookery with a tablet and a cucumber, my next st | rule=I still don't know what raises the score, but trying differe"
5657aced,probe3_tw,51,19,go north,0.0,0,1,False,"belief=I am in the cookery with a tablet and a dropped cucumber, my | rule=I still don't know what raises the score, but trying differe"
5657aced,probe3_tw,51,20,go east,0.0,0,1,False,"belief=I am in the bedroom with a tablet, my next step is to try mo | rule=I still don't know what raises the score, but trying differe"
5657aced,probe3_tw,51,21,go west,0.0,0,1,False,"belief=I am in the playroom with a tablet, my next step is to try m | rule=I still don't know what raises the score, but trying differe"
5657aced,probe3_tw,51,22,go north,0.0,0,1,False,"belief=I am in the bedroom with a tablet, my next step is to try mo | rule=I still don't know what raises the score, but trying differe"
5657aced,probe3_tw,51,23,go south,0.0,0,1,False,"belief=I am in the pantry with a tablet, my next step is to try mov | rule=I still don't know what raises the score, but trying differe"
5657aced,probe3_tw,51,24,insert tablet into box,0.0,0,1,False,"belief=I am in the bedroom with a tablet, my next step is to try mo | rule=I still don't know what raises the score, but trying differe"
5657aced,probe3_tw,51,25,close box,0.0,0,1,False,"belief=I am in the bedroom with a tablet in the box, my next step i | rule=I still don't know what raises the score, but interacting wi"
5657aced,probe3_tw,51,26,examine box,0.0,0,1,False,"belief=I am in the bedroom with a tablet in the box, my next step i | rule=I still don't know what raises the score, but interacting wi"
5657aced,probe3_tw,51,27,go east,0.0,0,1,False,"belief=I am in the bedroom with a box, my next step is to try closi | rule=I still don't know what raises the score, but interacting wi"
5657aced,probe3_tw,51,28,examine bar,0.0,0,1,False,"belief=I am in the playroom with a bar and a shelf, my next step is | rule=I still don't know what raises the score, but interacting wi"
5657aced,probe3_tw,51,29,examine shelf,0.0,0,1,False,"belief=I am in the playroom with a bar and a shelf, my next step is | rule=I still don't know what raises the score, but interacting wi"
5657aced,probe3_tw,52,0,drop stick of butter,0.0,0,1,False,"belief=I have just arrived and do not yet know the layout or the go | rule=unknown; I do not yet know what earns score, so I must disco | STUCK"
5657aced,probe3_tw,52,1,examine hatch,0.0,0,1,False,"belief=I have just arrived and do not yet know the layout or the go | rule=unknown; I do not yet know what earns score, so I must disco | STUCK"
5657aced,probe3_tw,52,2,examine stick of butter,0.0,0,1,False,"belief=I am in a bedroom with a closed hatch and no inventory. My n | rule=I still don't know what raises the score, but trying to move | STUCK"
5657aced,probe3_tw,52,3,open hatch,0.0,0,1,False,"belief=I am in a bedroom with a closed hatch and no inventory. My n | rule=I still don't know what raises the score, but trying to move"
5657aced,probe3_tw,52,4,go east,0.0,0,1,False,"belief=I am now in a bedroom with an open hatch and still no invent | rule=I still don't know what raises the score, but interacting wi"
5657aced,probe3_tw,52,5,examine counter,0.0,0,1,False,"belief=I am in a cookhouse with various objects and exits. My next  | rule=I still don't know what raises the score, but interacting wi"
5657aced,probe3_tw,52,6,examine knife,0.0,0,1,False,"belief=I am in a cookhouse with a counter and a knife on it. My nex | rule=Interacting with objects, especially ones that can be taken,"
5657aced,probe3_tw,52,7,take knife from counter,0.0,0,1,False,"belief=I am in a cookhouse with a counter and a knife on it. My nex | rule=Interacting with objects, especially ones that can be taken,"
5657aced,probe3_tw,52,8,examine salad,0.0,0,1,False,"belief=I am in a cookhouse with a knife. My next step is to examine | rule=Interacting with objects, especially ones that can be taken "
5657aced,probe3_tw,52,9,take salad,0.0,0,1,False,"belief=I am in a cookhouse with a knife and my next step is to try  | rule=Interacting with objects, especially ones that can be taken,"
5657aced,probe3_tw,52,10,examine chest,0.0,0,1,False,"belief=I am in a cookhouse with a knife and a salad, my next step i | rule=Interacting with objects, especially ones that can be taken "
5657aced,probe3_tw,52,11,insert knife into chest,1.0,1,1,True,"belief=I am in a cookhouse with a knife and a salad, my next step i | rule=Interacting with objects, especially ones that can be taken "
5657aced,probe3_tw,53,0,close cabinet,0.0,0,1,False,"belief=I have just arrived and do not yet know the layout or the go | rule=unknown; I do not yet know what earns score, so I must disco | STUCK"
5657aced,probe3_tw,53,1,drop grape,0.0,0,1,False,"belief=I have just arrived and do not yet know the layout or the go | rule=unknown; I do not yet know what earns score, so I must disco | STUCK"
5657aced,probe3_tw,53,2,drop passkey,0.0,0,1,False,"belief=I have just arrived and do not yet know the layout or the go | rule=unknown; I do not yet know what earns score, so I must disco | STUCK"
5657aced,probe3_tw,53,3,examine cabinet,0.0,0,1,False,"belief=I have just arrived and do not yet know the layout or the go | rule=unknown; I do not yet know what earns score, so I must disco | STUCK"
5657aced,probe3_tw,53,4,examine chest,0.0,0,1,False,"belief=I am stuck and need to try a different action. My next step  | rule=I still do not know what earns score, but I have ruled out e | STUCK"
5657aced,probe3_tw,53,5,go north,0.0,0,1,False,"belief=I am in a laundromat with a chest and need to explore other  | rule=I still do not know what earns score, but I have ruled out e"
5657aced,probe3_tw,53,6,go south,0.0,0,1,False,"belief=I am in a dish-pit with a loaf of bread and need to explore  | rule=I still do not know what earns score, but I will try moving "
5657aced,probe3_tw,53,7,examine grape,0.0,0,1,False,"belief=I am in a laundromat with various objects and exits. My next | rule=I still do not know what earns score, but I will try interac"
5657aced,probe3_tw,53,8,examine gateway,0.0,0,1,False,"belief=I am in a laundromat with various objects and exits. My next | rule=I still do not know what earns score, but I will try interac"
5657aced,probe3_tw,53,9,open gateway,0.0,0,1,False,"belief=I am in a laundromat with various objects and exits. My next | rule=I still do not know what earns score, but I will try interac"
5657aced,probe3_tw,53,10,examine passkey,0.0,0,1,False,"belief=I am in a laundromat with various objects and exits. My next | rule=I still do not know what earns score, but I will try interac"
5657aced,probe3_tw,53,11,take passkey,0.0,0,1,False,"belief=I am in a laundromat with various objects and exits. My next | rule=I still do not know what earns score, but I will try interac"
5657aced,probe3_tw,53,12,unlock chest with passkey,0.0,0,1,False,"belief=I am in a laundromat with a passkey, and my next step is to  | rule=I still do not know what earns score, but I will try interac"
5657aced,probe3_tw,53,13,examine chest,0.0,0,1,False,"belief=I am in a laundromat with a passkey and an unlocked chest, a | rule=I still do not know what earns score, but I will continue in"
5657aced,probe3_tw,53,14,open chest,0.0,0,1,False,"belief=I am in a laundromat with a passkey and an unlocked chest, a | rule=I still do not know what earns score, but I will continue in"
5657aced,probe3_tw,53,15,close gateway,0.0,0,1,False,"belief=1 | rule=I still do not know what earns score, but I will continue in"
5657aced,probe3_tw,53,16,drop passkey,0.0,0,1,False,"belief=1 | rule=I still do not know what earns score, but I will continue in"
5657aced,probe3_tw,53,17,take iron from chest,0.0,0,1,False,"belief=I am in a laundromat with a chest and other objects, my next | rule=I still do not know what earns score, but I will continue in"
5657aced,probe3_tw,53,18,examine iron,0.0,0,1,False,"belief=I am in a laundromat with a chest and other objects, my next | rule=I still do not know what earns score, but I will continue in"
5657aced,probe3_tw,53,19,go north,0.0,0,1,False,"belief=I am in a laundromat with a chest and other objects, my next | rule=I still do not know what earns score, but I will continue in"
5657aced,probe3_tw,53,20,examine loaf of bread,0.0,0,1,False,"belief=I am in a dish-pit with a loaf of bread and an iron, my next | rule=I still do not know what earns score, but I will continue in"
5657aced,probe3_tw,53,21,look,0.0,0,1,False,"belief=I am in a dish-pit with a loaf of bread and an iron, my next | rule=I still do not know what earns score, but I will continue in"
5657aced,probe3_tw,53,22,take loaf of bread,0.0,0,1,False,"belief=I am in a dish-pit with a loaf of bread and an iron, my next | rule=I still do not know what earns score, but I will continue in"
5657aced,probe3_tw,53,23,eat loaf of bread,0.0,0,1,False,"belief=I am in a dish-pit with a loaf of bread and an iron, my next | rule=I still do not know what earns score, but I will continue in"
5657aced,probe3_tw,53,24,drop iron,0.0,0,1,False,"belief=I am in a dish-pit with an iron, my next step is to try drop | rule=I still do not know what earns score, but I will continue in"
5657aced,probe3_tw,53,25,examine iron,0.0,0,1,False,"belief=I am in a dish-pit with a dropped iron, my next step is to e | rule=I still do not know what earns score, but I will continue in"
5657aced,probe3_tw,53,26,take iron,0.0,0,1,False,"belief=I am in a dish-pit with a brand new iron, my next step is to | rule=I still do not know what earns score, but I will continue in"
5657aced,probe3_tw,53,27,go south,0.0,0,1,False,"belief=I am in a dish-pit with an iron, my next step is to go south | rule=I still do not know what earns score, but I will continue in"
5657aced,probe3_tw,53,28,examine cabinet,0.0,0,1,False,"belief=I am in a laundromat with an iron, my next step is to examin | rule=I still do not know what earns score, but I will continue in"
5657aced,probe3_tw,53,29,open cabinet,0.0,0,1,False,"belief=I am in a laundromat with an iron, my next step is to try op | rule=I still do not know what earns score, but I will continue in"
5657aced,probe3_tw,54,0,drop teacup,0.0,0,1,False,"belief=I have just arrived and do not yet know the layout or the go | rule=unknown; I do not yet know what earns score, so I must disco | STUCK"
5657aced,probe3_tw,54,1,examine teacup,0.0,0,1,False,"belief=I have just arrived and do not yet know the layout or the go | rule=unknown; I do not yet know what earns score, so I must disco | STUCK"
5657aced,probe3_tw,54,2,examine trunk,0.0,0,1,False,"belief=I am in the basement and need to explore to find clues. My n | rule=unknown; I do not yet know what earns score, so I must disco | STUCK"
5657aced,probe3_tw,54,3,go north,0.0,0,1,False,"belief=I am in the basement and need to explore to find clues. Sinc | rule=unknown; I do not yet know what earns score, so I must disco | STUCK"
5657aced,probe3_tw,54,4,close cabinet,0.0,0,1,False,"belief=I am in an office and need to explore to find clues. Since I | rule=unknown; I do not yet know what earns score, so I must disco | STUCK"
5657aced,probe3_tw,54,5,examine cabinet,0.0,0,1,False,"belief=I am in an office and need to explore to find clues. Since I | rule=unknown; I still do not know what earns score, but I am star | STUCK"
5657aced,probe3_tw,54,6,go south,0.0,0,1,False,"belief=I am in an office and need to explore to find clues. My next | rule=I still do not know what earns score, but I am starting to s | STUCK"
5657aced,probe3_tw,54,7,go west,0.0,0,1,False,"belief=I am in a basement and need to explore to find clues. My nex | rule=I still do not know what earns score, but I am starting to s"
5657aced,probe3_tw,54,8,take whisk,0.0,0,1,False,"belief=I am in a kitchenette and need to explore to find clues. My  | rule=I still do not know what earns score, but I suspect that mov"
5657aced,probe3_tw,54,9,examine whisk,0.0,0,1,False,"belief=I am in a kitchenette with a whisk, my next step is to exami | rule=I still do not know what earns score, but I suspect that exa"
5657aced,probe3_tw,54,10,look,0.0,0,1,False,"belief=I am in a kitchenette with a whisk, my next step is to look  | rule=I still do not know what earns score, but I suspect that exa"
5657aced,probe3_tw,54,11,go east,0.0,0,1,False,"belief=I am in a kitchenette with a whisk, my next step is to move  | rule=I still do not know what earns score, but I suspect that exa"
5657aced,probe3_tw,54,12,examine teacup,0.0,0,1,False,"belief=I am in a basement with a whisk, my next step is to examine  | rule=I still do not know what earns score, but I suspect that exa"
5657aced,probe3_tw,54,13,examine trunk,0.0,0,1,False,"belief=I am in a basement with a whisk, my next step is to examine  | rule=I still do not know what earns score, but I suspect that exa"
5657aced,probe3_tw,54,14,open trunk,0.0,0,1,False,"belief=I am in a basement with a whisk, my next step is to try open | rule=I still do not know what earns score, but I suspect that int"
5657aced,probe3_tw,54,15,insert whisk into trunk,0.0,0,1,False,"belief=I am in a basement with a whisk and an open trunk, my next s | rule=I still do not know what earns score, but I suspect that int"
5657aced,probe3_tw,54,16,examine whisk,0.0,0,1,False,"belief=I am in a basement with a whisk in the trunk, my next step i | rule=I still do not know what earns score, but I suspect that int"
5657aced,probe3_tw,54,17,take whisk from trunk,0.0,0,1,False,"belief=I am in a basement with a whisk in the trunk, my next step i | rule=I still do not know what earns score, but I suspect that int"
5657aced,probe3_tw,54,18,go north,0.0,0,1,False,"belief=I am in a basement with a whisk, my next step is to explore  | rule=I still do not know what earns score, but I suspect that mov"
5657aced,probe3_tw,54,19,examine cabinet,0.0,0,1,False,"belief=I am in an office with a whisk, my next step is to explore t | rule=I still do not know what earns score, but I suspect that int"
5657aced,probe3_tw,54,20,open cabinet,0.0,0,1,False,"belief=I am in an office with a whisk, my next step is to try openi | rule=I still do not know what earns score, but I suspect that int"
5657aced,probe3_tw,54,21,examine cashew,0.0,0,1,False,"belief=I am in an office with a whisk and a revealed cashew, my nex | rule=I still do not know what earns score, but I suspect that int"
5657aced,probe3_tw,54,22,take cashew from cabinet,0.0,0,1,False,"belief=I am in an office with a whisk and a revealed cashew, my nex | rule=I still do not know what earns score, but I suspect that int"
5657aced,probe3_tw,54,23,eat cashew,1.0,1,1,True,"belief=I am in an office with a whisk and a cashew, my next step is | rule=I still do not know what earns score, but I suspect that int"
5657aced,probe3_tw,55,0,close portal,0.0,0,1,False,"belief=I have just arrived and do not yet know the layout or the go | rule=unknown; I do not yet know what earns score, so I must disco | STUCK"
5657aced,probe3_tw,55,1,examine portal,0.0,0,1,False,"belief=I have just arrived and do not yet know the layout or the go | rule=unknown; I do not yet know what earns score, so I must disco | STUCK"
5657aced,probe3_tw,55,2,examine trunk,0.0,0,1,False,"belief=I'm stuck, so I'll try a different action. Since I've alread | rule=I still don't know what raises the score, but I've ruled out | STUCK"
5657aced,probe3_tw,55,3,go south,0.0,0,1,False,"belief=I'm stuck with the trunk, so I'll try moving to a different  | rule=I still don't know what raises the score, but I've ruled out"
5657aced,probe3_tw,55,4,go north,0.0,0,1,False,"belief=I'm in a launderette with a box, and I need to find an unblo | rule=I still don't know what raises the score, but I've ruled out"
5657aced,probe3_tw,55,5,open portal,0.0,0,1,False,"belief=I'm in a studio with a trunk and a closed portal, my next st | rule=I still don't know what raises the score, but I've ruled out"
5657aced,probe3_tw,55,6,examine trunk,0.0,0,1,False,"belief=I'm in a studio with a trunk and an open portal, my next ste | rule=I've ruled out examining the portal, going south, and going "
5657aced,probe3_tw,55,7,inventory,0.0,0,1,False,"belief=I'm in a studio with a trunk and an open portal, my next ste | rule=I've ruled out examining the portal, going south, going nort"
5657aced,probe3_tw,55,8,examine portal,0.0,0,1,False,"belief=I'm in a studio with a trunk and an open portal, my next ste | rule=I've ruled out examining the trunk, going south, going north"
5657aced,probe3_tw,55,9,go north,0.0,0,1,False,"belief=I'm in a studio with a trunk and an open portal, my next ste | rule=I've ruled out examining the trunk, going south, going north | STUCK"
5657aced,probe3_tw,55,10,examine bed,0.0,0,1,False,"belief=I'm in a bedroom with a bed, dvd, and an open portal, my nex | rule=I've ruled out examining the portal and going north, I'll tr"
5657aced,probe3_tw,55,11,examine dvd,0.0,0,1,False,"belief=I'm in a bedroom with a bed, dvd, and an open portal, my nex | rule=I've ruled out examining the portal, going north, and examin"
5657aced,probe3_tw,55,12,take dvd from bed,0.0,0,1,False,"belief=I'm in a bedroom with a bed, dvd, and an open portal, my nex | rule=I've ruled out examining the portal, going north, examining "
5657aced,probe3_tw,55,13,go east,0.0,0,1,False,"belief=I'm in a bedroom with a bed and an open portal, my next step | rule=I've ruled out examining the portal, going north, examining "
5657aced,probe3_tw,55,14,examine latchkey,0.0,0,1,False,"belief=I'm in a laundromat with various objects, my next step is to | rule=I've ruled out examining the dvd, going north, and examining"
5657aced,probe3_tw,55,15,examine safe,0.0,0,1,False,"belief=I'm in a laundromat with a cold latchkey and a dvd, my next  | rule=I've ruled out examining the latchkey, examining the dvd, go"
5657aced,probe3_tw,55,16,drop dvd,1.0,1,1,True,"belief=I'm in a laundromat with a dvd, my next step is to try dropp | rule=I've ruled out examining the latchkey, examining the dvd, go"
5657aced,probe3_tw,56,0,drop Canadian key,0.0,0,1,False,"belief=I have just arrived and do not yet know the layout or the go | rule=unknown; I do not yet know what earns score, so I must disco | STUCK"
5657aced,probe3_tw,56,1,drop berry,0.0,0,1,False,"belief=I have just arrived and do not yet know the layout or the go | rule=unknown; I do not yet know what earns score, so I must disco | STUCK"
5657aced,probe3_tw,56,2,examine Canadian key,0.0,0,1,False,"belief=I have just arrived and do not yet know the layout or the go | rule=unknown; I do not yet know what earns score, so I must disco | STUCK"
5657aced,probe3_tw,56,3,examine berry,0.0,0,1,False,"belief=I am in a garage with a cold Canadian key and need to explor | rule=I still don't know what raises the score, but I've ruled out | STUCK"
5657aced,probe3_tw,56,4,take berry,0.0,0,1,False,"belief=I am in a garage and need to explore to find the objective.  | rule=I still don't know what raises the score, but I've ruled out"
5657aced,probe3_tw,56,5,eat berry,0.0,0,1,False,"belief=I am in a garage with a berry, and my next step is to try ea | rule=I still don't know what raises the score, but I've ruled out"
5657aced,probe3_tw,56,6,examine shelf,0.0,0,1,False,"belief=I am in a garage, I've eaten the berry and it didn't seem to | rule=I still don't know what raises the score, but I've ruled out"
5657aced,probe3_tw,56,7,examine Canadian key,0.0,0,1,False,"belief=I am in a garage, I've eaten the berry and it didn't seem to | rule=I still don't know what raises the score, but I've ruled out"
5657aced,probe3_tw,56,8,go north,0.0,0,1,False,"belief=I am in a garage and need to explore the environment to find | rule=I've ruled out examining the Canadian key and shelf, and eat"
5657aced,probe3_tw,56,9,go south,0.0,0,1,False,belief=I am in the attic and need to explore the environment to fin | rule=I've ruled out examining and interacting with objects that d
5657aced,probe3_tw,56,10,take Canadian key,0.0,0,1,False,belief=I am in the garage and need to explore the environment to fi | rule=I've ruled out examining and interacting with objects that d
5657aced,probe3_tw,56,11,look,0.0,0,1,False,belief=I am in the garage with a Canadian key and need to explore t | rule=I've ruled out examining and interacting with objects that d
5657aced,probe3_tw,56,12,go north,0.0,0,1,False,belief=I am in the garage with a Canadian key and need to explore t | rule=I've ruled out examining and interacting with objects that d
5657aced,probe3_tw,56,13,go south,0.0,0,1,False,belief=I am in the attic with a Canadian key and need to explore th | rule=I've ruled out examining and interacting with objects that d
5657aced,probe3_tw,56,14,examine Canadian key,0.0,0,1,False,"belief=I am in the garage, not the attic, with a Canadian key and n | rule=I've ruled out examining and interacting with objects that d"
5657aced,probe3_tw,56,15,drop Canadian key,0.0,0,1,False,belief=I am in the garage with a Canadian key and need to explore t | rule=I've ruled out examining and interacting with objects that d
5657aced,probe3_tw,56,16,inventory,0.0,0,1,False,belief=I am in the garage with a dropped Canadian key and need to e | rule=I've ruled out examining and interacting with objects that d
5657aced,probe3_tw,56,17,take Canadian key,0.0,0,1,False,belief=I am in the garage with a dropped Canadian key and my next s | rule=I've ruled out examining objects and going north. I'm consid
5657aced,probe3_tw,56,18,examine shelf,0.0,0,1,False,"belief=I am in the garage with the Canadian key and my next step is | rule=I've ruled out examining objects, going north, dropping the  | STUCK"
5657aced,probe3_tw,56,19,inventory,0.0,0,1,False,"belief=I am in the garage with the Canadian key and my next step is | rule=I've ruled out examining objects, going north, dropping the  | STUCK"
5657aced,probe3_tw,56,20,put Canadian key on shelf,0.0,0,1,False,"belief=I am in the garage with the Canadian key and my next step is | rule=I've ruled out examining objects, going north, dropping the  | STUCK"
5657aced,probe3_tw,56,21,take Canadian key from shelf,0.0,0,1,False,"belief=I am in the garage with the Canadian key on the shelf, my ne | rule=I've ruled out examining objects, going north, dropping the "
5657aced,probe3_tw,56,22,go north,0.0,0,1,False,"belief=I am in the garage with the Canadian key, my next step is to | rule=I've ruled out examining objects, going north, dropping the "
5657aced,probe3_tw,56,23,lock Canadian locker with Canadian key,0.0,0,1,False,"belief=I am in the garage with the Canadian key, my next step is to | rule=I've ruled out examining objects, going north, dropping the "
5657aced,probe3_tw,56,24,unlock Canadian locker with Canadian key,0.0,0,1,False,"belief=I am in the attic with the Canadian key, my next step is to  | rule=I've ruled out examining objects, going north, dropping the "
5657aced,probe3_tw,56,25,examine Canadian locker,0.0,0,1,False,"belief=I am in the attic with the Canadian key and have unlocked th | rule=I've ruled out examining objects, going north, dropping the "
5657aced,probe3_tw,56,26,open Canadian locker,0.0,0,1,False,"belief=I am in the attic with the Canadian key and the Canadian loc | rule=I've ruled out examining objects, going north, dropping the "
5657aced,probe3_tw,56,27,take gummy bear from Canadian locker,0.0,0,1,False,"belief=I am in the attic with the Canadian key and the Canadian loc | rule=I've ruled out examining objects, going north, dropping the "
5657aced,probe3_tw,56,28,eat gummy bear,1.0,1,1,True,"belief=I am in the attic with the Canadian key and the gummy bear,  | rule=I've ruled out examining objects, going north, dropping the "
5657aced,probe3_tw,57,0,drop key,0.0,0,1,False,"belief=I have just arrived and do not yet know the layout or the go | rule=unknown; I do not yet know what earns score, so I must disco | STUCK"
5657aced,probe3_tw,57,1,examine Canadian limited edition box,0.0,0,1,False,"belief=I have just arrived and do not yet know the layout or the go | rule=unknown; I do not yet know what earns score, so I must disco | STUCK"
5657aced,probe3_tw,57,2,examine binder,0.0,0,1,False,"belief=I am in a cubicle with a Canadian limited edition box and ne | rule=I still don't know what earns score, but examining the box d | STUCK"
5657aced,probe3_tw,57,3,open Canadian limited edition box,0.0,0,1,False,"belief=I am in a cubicle with a Canadian limited edition box and ne | rule=I still don't know what earns score, but examining the box a"
5657aced,probe3_tw,57,4,close Canadian limited edition box,0.0,0,1,False,"belief=I am in a cubicle with a Canadian limited edition box and ne | rule=I still don't know what earns a score, but I have tried open"
5657aced,probe3_tw,57,5,examine chest,0.0,0,1,False,"belief=I am in a cubicle with a Canadian limited edition box and ne | rule=I still don't know what earns a score, but I have tried open"
5657aced,probe3_tw,57,6,examine key,0.0,0,1,False,"belief=I am in a cubicle with a Canadian limited edition box and ne | rule=I still don't know what earns a score, but I have tried vari"
5657aced,probe3_tw,57,7,take key,0.0,0,1,False,"belief=I am in a cubicle with a Canadian limited edition box and a  | rule=I still don't know what earns a score, but I've ruled out ex"
5657aced,probe3_tw,57,8,unlock chest with key,0.0,0,1,False,"belief=I am in a cubicle with a Canadian limited edition box and a  | rule=I still don't know what earns a score, but I've ruled out ex"
5657aced,probe3_tw,57,9,open chest,0.0,0,1,False,"belief=I have unlocked the chest and my next step is to examine its | rule=I still don't know what earns a score, but I've ruled out ex"
5657aced,probe3_tw,57,10,examine Canadian limited edition keycard,0.0,0,1,False,"belief=I have unlocked the chest and found a Canadian limited editi | rule=I still don't know what earns a score, but I've ruled out ex"
5657aced,probe3_tw,57,11,examine binder,0.0,0,1,False,"belief=I have a Canadian limited edition keycard and I need to find | rule=I still don't know what earns a score, but I've ruled out ex"
5657aced,probe3_tw,57,12,examine portal,0.0,0,1,False,"belief=I have a Canadian limited edition keycard and I need to find | rule=I still don't know what earns a score, but I've ruled out ex"
5657aced,probe3_tw,57,13,go west,0.0,0,1,False,"belief=I have a key and I'm in a stuffy portal, my next step is to  | rule=I've ruled out examining various objects, unlocking the ches"
5657aced,probe3_tw,57,14,go east,0.0,0,1,False,"belief=I have a key and I'm in a shower, my next step is to try and | rule=I've ruled out examining objects and using the key, I will t"
5657aced,probe3_tw,57,15,take Canadian limited edition keycard from chest,0.0,0,1,False,"belief=I'm in a cubicle with a key, my next step is to try and move | rule=I've ruled out examining objects and using the key, I will t"
5657aced,probe3_tw,57,16,examine portal,0.0,0,1,False,"belief=I'm in a cubicle with a key and a Canadian limited edition k | rule=I've ruled out examining objects and using the key, I will t"
5657aced,probe3_tw,57,17,look,0.0,0,1,False,"belief=I'm in a cubicle with a key and a Canadian limited edition k | rule=I've ruled out examining objects and using the key, I will t"
5657aced,probe3_tw,57,18,take binder,0.0,0,1,False,"belief=I'm in a cubicle with a key and a Canadian limited edition k | rule=I've ruled out examining objects and using the key, I will t"
5657aced,probe3_tw,57,19,insert Canadian limited edition keycard into chest,0.0,0,1,False,"belief=I'm in a cubicle with a key, a Canadian limited edition keyc | rule=I've ruled out examining objects, using the key alone, and m"
5657aced,probe3_tw,57,20,close chest,0.0,0,1,False,"belief=I'm in a cubicle with a key, a Canadian limited edition keyc | rule=I've ruled out examining objects, using the key alone, and m"
5657aced,probe3_tw,57,21,lock chest with key,0.0,0,1,False,"belief=I'm in a cubicle with a key and a binder, my next step is to | rule=I've ruled out examining objects, using the key alone, and m"
5657aced,probe3_tw,57,22,examine chest,0.0,0,1,False,"belief=I'm in a cubicle with a locked chest, a key, and a binder. M | rule=I've ruled out examining objects, using the key alone, and m"
5657aced,probe3_tw,57,23,examine binder,0.0,0,1,False,"belief=I'm in a cubicle with a locked chest, a key, and a binder. M | rule=I've ruled out examining the chest, using the key alone, and"
5657aced,probe3_tw,57,24,examine key,0.0,0,1,False,"belief=I'm in a cubicle with a locked chest, a key, and a binder. M | rule=I've ruled out examining the chest and binder. Locking the c"
5657aced,probe3_tw,57,25,drop binder,0.0,0,1,False,"belief=I'm in a cubicle with a locked chest, a key, and a binder. M | rule=I've ruled out examining the chest, binder, and key. I will "
5657aced,probe3_tw,57,26,examine Canadian limited edition box,0.0,0,1,False,"belief=I'm in a cubicle with a locked chest, a key, and a binder on | rule=I've ruled out examining the chest, binder, and key. Droppin"
5657aced,probe3_tw,57,27,examine binder,0.0,0,1,False,"belief=I'm in a cubicle with a locked chest, a key, and a binder on | rule=I've ruled out examining the chest, binder, key, and Canadia | STUCK"
5657aced,probe3_tw,57,28,examine chest,0.0,0,1,False,"belief=I'm in a cubicle with a locked chest, a key, and a binder on | rule=I've ruled out examining the chest, binder, key, and Canadia | STUCK"
5657aced,probe3_tw,57,29,examine key,0.0,0,1,False,"belief=I'm in a cubicle with a locked chest, a key, and a binder on | rule=I've ruled out examining the chest, binder, key, and Canadia | STUCK"
5657aced,probe3_tw,58,0,drop bug,0.0,0,1,False,"belief=I have just arrived and do not yet know the layout or the go | rule=unknown; I do not yet know what earns score, so I must disco | STUCK"
5657aced,probe3_tw,58,1,drop key,0.0,0,1,False,"belief=I have just arrived and do not yet know the layout or the go | rule=unknown; I do not yet know what earns score, so I must disco | STUCK"
5657aced,probe3_tw,58,2,drop peanut,0.0,0,1,False,"belief=I have just arrived and do not yet know the layout or the go | rule=unknown; I do not yet know what earns score, so I must disco | STUCK"
5657aced,probe3_tw,58,3,examine bug,0.0,0,1,False,"belief=I have just arrived and do not yet know the layout or the go | rule=unknown; I do not yet know what earns score, so I must disco | STUCK"
5657aced,probe3_tw,58,4,examine hatch,0.0,0,1,False,"belief=I am in the Canteen with no items, my next step is to explor | rule=I still do not know what raises the score, but I have ruled  | STUCK"
5657aced,probe3_tw,58,5,go west,0.0,0,1,False,"belief=I am in a location with a hatch and need to explore the envi | rule=I still do not know what raises the score, but I have ruled "
5657aced,probe3_tw,58,6,go east,0.0,0,1,False,"belief=I am in a cookhouse and need to explore the environment, my  | rule=I still do not know what raises the score, but I have ruled "
5657aced,probe3_tw,58,7,take bug,0.0,0,1,False,"belief=I am in a canteen and need to explore the environment, my ne | rule=I still do not know what raises the score, but I have ruled "
5657aced,probe3_tw,58,8,take key,0.0,0,1,False,"belief=I am in a canteen with a bug, my next step is to take the ke | rule=I still do not know what raises the score, but I have ruled "
5657aced,probe3_tw,58,9,examine key,0.0,0,1,False,"belief=I am in a canteen with a key and a bug, my next step is to e | rule=I still do not know what raises the score, but I have ruled "
5657aced,probe3_tw,58,10,examine bug,0.0,0,1,False,"belief=I am in a canteen with a key and a bug, my next step is to e | rule=I still do not know what raises the score, but I have ruled "
5657aced,probe3_tw,58,11,examine hatch,0.0,0,1,False,"belief=I am in a canteen with a key and a bug, my next step is to e | rule=I still do not know what raises the score, but I have ruled "
5657aced,probe3_tw,58,12,unlock hatch with key,0.0,0,1,False,"belief=I am in a canteen with a key and a bug, my next step is to t | rule=I still do not know what raises the score, but I have ruled "
5657aced,probe3_tw,58,13,look,0.0,0,1,False,"belief=I am in a canteen with a key and a bug, my next step is to e | rule=I still do not know what raises the score, but I have ruled "
5657aced,probe3_tw,58,14,examine peanut,0.0,0,1,False,"belief=I am in a canteen with a key and a bug, my next step is to e | rule=I still do not know what raises the score, but I have ruled "
5657aced,probe3_tw,58,15,take peanut,0.0,0,1,False,"belief=I am in a canteen with a key and a bug, my next step is to t | rule=I still do not know what raises the score, but I have ruled "
5657aced,probe3_tw,58,16,eat peanut,0.0,0,1,False,"belief=I am in a canteen with a key, a bug, and a peanut, my next s | rule=I still do not know what raises the score, but I have ruled "
5657aced,probe3_tw,58,17,examine bug,0.0,0,1,False,"belief=I am in a canteen with a key and a bug, my next step is to e | rule=I still do not know what raises the score, but I have ruled "
5657aced,probe3_tw,58,18,examine hatch,0.0,0,1,False,"belief=I am in a canteen with a key and a bug, my next step is to e | rule=I still do not know what raises the score, but I have ruled "
5657aced,probe3_tw,58,19,open hatch,0.0,0,1,False,"belief=I am in a canteen with a key and a bug, my next step is to t | rule=I still do not know what raises the score, but I have ruled "
5657aced,probe3_tw,58,20,go north,0.0,0,1,False,"belief=I am in a canteen with a key and a bug, my next step is to t | rule=I still do not know what raises the score, but I have ruled "
5657aced,probe3_tw,58,21,examine crate,0.0,0,1,False,"belief=I am in a basement with a key and a bug, my next step is to  | rule=I still do not know what raises the score, but I have ruled "
5657aced,probe3_tw,58,22,open crate,0.0,0,1,False,"belief=I am in a basement with a key and a bug, my next step is to  | rule=I still do not know what raises the score, but I have ruled "
5657aced,probe3_tw,58,23,examine coffer,0.0,0,1,False,"belief=I am in a basement with a key and a bug, and I just opened t | rule=I still do not know what raises the score, but I have ruled "
5657aced,probe3_tw,58,24,insert key into coffer,0.0,0,1,False,"belief=I am in a basement with a key and a bug, and I just opened t | rule=I still do not know what raises the score, but I have ruled "
5657aced,probe3_tw,58,25,examine coffer,0.0,0,1,False,"belief=I am in a basement with a key and a bug, and I just opened t | rule=I still do not know what raises the score, but I have ruled "
5657aced,probe3_tw,58,26,take key from coffer,0.0,0,1,False,"belief=I am in a basement with a key and a bug, and I just opened t | rule=I still do not know what raises the score, but I have ruled "
5657aced,probe3_tw,58,27,examine key,0.0,0,1,False,"belief=I am in a basement with a key and a bug, and I just opened t | rule=I still do not know what raises the score, but I have ruled "
5657aced,probe3_tw,58,28,examine bug,0.0,0,1,False,"belief=I am in a basement with a key and a bug, and I just opened t | rule=I still do not know what raises the score, but I have ruled "
5657aced,probe3_tw,58,29,examine crate,0.0,0,1,False,"belief=I am in a basement with a key and a bug, and I just opened t | rule=I still do not know what raises the score, but I have ruled "
5657aced,probe3_tw,59,0,drop key,0.0,0,1,False,"belief=I have just arrived and do not yet know the layout or the go | rule=unknown; I do not yet know what earns score, so I must disco | STUCK"
5657aced,probe3_tw,59,1,examine key,0.0,0,1,False,"belief=I have just arrived and do not yet know the layout or the go | rule=unknown; I do not yet know what earns score, so I must disco | STUCK"
5657aced,probe3_tw,59,2,go north,0.0,0,1,False,"belief=I am in an office with a key and need to explore the environ | rule=I do not yet know what earns score, but I suspect taking the | STUCK"
5657aced,probe3_tw,59,3,examine chest,0.0,0,1,False,belief=I am in a scullery with a locked chest and need to explore t | rule=I suspect that interacting with objects or moving to new loc
5657aced,probe3_tw,59,4,examine gate,0.0,0,1,False,belief=I am in a scullery with a locked chest and need to explore t | rule=I suspect that interacting with objects or moving to new loc
5657aced,probe3_tw,59,5,open gate,0.0,0,1,False,belief=I am at a noble gate and need to find a way to open it or ex | rule=I still suspect that interacting with objects or moving to n
5657aced,probe3_tw,59,6,look,0.0,0,1,False,belief=I am now inside the scullery and need to explore the area to | rule=I still believe that interacting with objects or moving to n
5657aced,probe3_tw,59,7,go east,0.0,0,1,False,belief=I am in the scullery and need to explore the area. My next s | rule=I believe interacting with objects or moving to new location
5657aced,probe3_tw,59,8,go west,0.0,0,1,False,belief=I am in the cellar and need to explore the area. My next ste | rule=I believe interacting with objects or moving to new location
5657aced,probe3_tw,59,9,go south,0.0,0,1,False,belief=I am in the scullery and need to explore the area. My next s | rule=I believe interacting with objects or moving to new location
5657aced,probe3_tw,59,10,take key,0.0,0,1,False,belief=I am in the office and need to explore the area. My next ste | rule=I believe interacting with objects might raise the score. I'
5657aced,probe3_tw,59,11,examine key,0.0,0,1,False,belief=I am in the office with a key and need to explore how it can | rule=I still believe interacting with objects might raise the sco
5657aced,probe3_tw,59,12,look,0.0,0,1,False,belief=I am in the office with a key and need to explore the enviro | rule=I still believe interacting with objects might raise the sco
5657aced,probe3_tw,59,13,go north,0.0,0,1,False,belief=I am in the office with a key and need to explore the enviro | rule=I still believe interacting with objects or moving to new lo | STUCK
5657aced,probe3_tw,59,14,unlock chest with key,0.0,0,1,False,"belief=I am in the scullery with a key and need to explore the envi | rule=I believe interacting with objects, specifically using the k"
5657aced,probe3_tw,59,15,examine chest,0.0,0,1,False,"belief=I am in the scullery with an unlocked chest and a key, my ne | rule=I still believe interacting with objects, specifically using"
5657aced,probe3_tw,59,16,open chest,0.0,0,1,False,"belief=I am in the scullery with an unlocked chest and a key, my ne | rule=I still believe interacting with objects, specifically using"
5657aced,probe3_tw,59,17,inventory,0.0,0,1,False,"belief=I am in the scullery with an open chest and a key, my next s | rule=I believe interacting with objects, specifically using the k"
5657aced,probe3_tw,59,18,close chest,0.0,0,1,False,"belief=I am in the scullery with an open chest and a key, my next s | rule=I believe interacting with objects in a specific way, such a"
5657aced,probe3_tw,59,19,lock chest with key,0.0,0,1,False,"belief=I am in the scullery with a closed chest and a key, my next  | rule=I believe interacting with objects in a specific way, such a"
5657aced,probe3_tw,59,20,go east,0.0,0,1,False,"belief=I am in the scullery with a locked chest and a key, my next  | rule=I believe interacting with objects in a specific way or movi"
5657aced,probe3_tw,59,21,go east,0.0,0,1,False,"belief=I am in the scullery with a locked chest and a key, my next  | rule=I believe interacting with objects in a specific way or movi"
5657aced,probe3_tw,59,22,go west,0.0,0,1,False,"belief=I am in a cubicle with a type 3 safe, a chair, and a type 3  | rule=I believe moving to a new location, especially one hinted at"
5657aced,probe3_tw,59,23,go west,0.0,0,1,False,"belief=I am in a cellar with a locked display and an open gate to t | rule=I believe moving to new locations, especially those hinted a"
5657aced,probe3_tw,59,24,go south,0.0,0,1,False,"belief=I am in a scullery with a locked chest and an open gate to t | rule=I believe moving to new locations, especially those hinted a"
5657aced,probe3_tw,59,25,go north,0.0,0,1,False,"belief=I am in an office with an unguarded exit to the north. My ne | rule=I believe moving to new locations, especially those hinted a"
5657aced,probe3_tw,59,26,examine gate,0.0,0,1,False,belief=I am in a scullery with a locked chest and an open gate to t | rule=I believe moving to new locations or interacting with object
5657aced,probe3_tw,59,27,close gate,0.0,0,1,False,"belief=I am in a noble gate area with a key and a scullery nearby.  | rule=I believe interacting with objects in a meaningful way, espe | STUCK"
5657aced,probe3_tw,59,28,examine chest,0.0,0,1,False,"belief=I am in a noble gate area with a key and a scullery nearby.  | rule=I believe interacting with objects in a meaningful way, espe"
5657aced,probe3_tw,59,29,unlock chest with key,0.0,0,1,False,"belief=I am in a scullery with a chest and a key. My next step is t | rule=I believe interacting with objects in a meaningful way, espe"
5657aced,probe3_tw,60,0,examine type B chest,0.0,0,1,False,"belief=I have just arrived and do not yet know the layout or the go | rule=unknown; I do not yet know what earns score, so I must disco | STUCK"
5657aced,probe3_tw,60,1,examine type B key,0.0,0,1,False,"belief=I am in a cubicle with a type B chest and need to explore th | rule=I still don't know what earns score, but I've ruled out exam | STUCK"
5657aced,probe3_tw,60,2,go west,0.0,0,1,False,"belief=I am in a cubicle with a type B chest and need to explore th | rule=I still don't know what earns score, but I've ruled out exam"
5657aced,probe3_tw,60,3,examine mop,0.0,0,1,False,"belief=I am in a washroom with an opened drawer, a closed hatch, an | rule=I still don't know what earns score, but I've ruled out exam"
5657aced,probe3_tw,60,4,take mop,0.0,0,1,False,"belief=I am in a washroom with an opened drawer, a closed hatch, an | rule=I still don't know what earns score, but I've ruled out exam"
5657aced,probe3_tw,60,5,examine drawer,0.0,0,1,False,"belief=I am in a washroom with a mop, and my next step is to examin | rule=I still don't know what earns score, but I've ruled out exam"
5657aced,probe3_tw,60,6,insert mop into drawer,0.0,0,1,False,"belief=I am in a washroom with a mop, and my next step is to try in | rule=I still don't know what earns score, but I've ruled out exam"
5657aced,probe3_tw,60,7,close drawer,0.0,0,1,False,"belief=I am in a washroom with a mop in the drawer, and my next ste | rule=I still don't know what earns score, but I've ruled out exam"
5657aced,probe3_tw,60,8,examine hatch,0.0,0,1,False,"belief=I am in a washroom with a closed drawer, and my next step is | rule=I still don't know what earns score, but I've ruled out exam"
5657aced,probe3_tw,60,9,open hatch,0.0,0,1,False,"belief=I am in a washroom with a closed hatch, and my next step is  | rule=I still don't know what earns score, but I've ruled out exam"
5657aced,probe3_tw,60,10,go east,0.0,0,1,False,"belief=I am in a washroom with an open hatch, and my next step is t | rule=I still don't know what earns score, but I've ruled out exam"
5657aced,probe3_tw,60,11,take type B key,0.0,0,1,False,"belief=I am in a cubicle with a type B chest and a type B key, and  | rule=I still don't know what earns score, but I've ruled out exam"
5657aced,probe3_tw,60,12,unlock type B chest with type B key,0.0,0,1,False,"belief=I am in a cubicle with a type B chest and a type B key, and  | rule=I still don't know what earns score, but I've ruled out exam"
5657aced,probe3_tw,60,13,open type B chest,0.0,0,1,False,"belief=I am in a cubicle with an unlocked type B chest and a type B | rule=I still don't know what earns score, but I've ruled out exam"
5657aced,probe3_tw,60,14,examine keyboard,0.0,0,1,False,"belief=I am in a cubicle with an unlocked type B chest containing a | rule=I still don't know what earns score, but I've ruled out exam"
5657aced,probe3_tw,60,15,examine type B chest,0.0,0,1,False,"belief=I am in a cubicle with an unlocked type B chest containing a | rule=I still don't know what earns score, but I've ruled out exam"
5657aced,probe3_tw,60,16,take keyboard from type B chest,1.0,1,1,True,"belief=I am in a cubicle with an unlocked type B chest containing a | rule=I still don't know what earns score, but I've ruled out exam"
5657aced,probe3_tw,61,0,drop loaf of bread,0.0,0,1,False,"belief=I have just arrived and do not yet know the layout or the go | rule=unknown; I do not yet know what earns score, so I must disco | STUCK"
5657aced,probe3_tw,61,1,examine gate,0.0,0,1,False,"belief=I have just arrived and do not yet know the layout or the go | rule=unknown; I do not yet know what earns score, so I must disco | STUCK"
5657aced,probe3_tw,61,2,examine loaf of bread,0.0,0,1,False,"belief=I am at the gate and need to explore the environment to reve | rule=Unknown, but I suspect that taking actions that change my lo | STUCK"
5657aced,probe3_tw,61,3,go west,0.0,0,1,False,belief=I am at the gate with a loaf of bread and need to explore th | rule=Taking actions that change location or interact with objects
5657aced,probe3_tw,61,4,examine cuboid latchkey,0.0,0,1,False,belief=1 | rule=Taking actions that change location or interact with objects
5657aced,probe3_tw,61,5,take cuboid latchkey,0.0,0,1,False,belief=I am in a location with a cuboid latchkey and need to find a | rule=Taking actions that change location or interact with objects
5657aced,probe3_tw,61,6,unlock cuboid box with cuboid latchkey,0.0,0,1,False,belief=I am in a location with a cuboid latchkey and need to find a | rule=Taking actions that change location or interact with objects
5657aced,probe3_tw,61,7,open cuboid box,0.0,0,1,False,"belief=I am in a location with an unlocked cuboid box and need to f | rule=Taking actions that interact with objects, especially using "
5657aced,probe3_tw,61,8,examine cuboid box,0.0,0,1,False,"belief=I am in a location with an unlocked cuboid box and need to f | rule=Taking actions that interact with objects, especially using "
5657aced,probe3_tw,61,9,look,0.0,0,1,False,"belief=I am in a location with an unlocked cuboid box and need to f | rule=Taking actions that interact with objects, especially using "
5657aced,probe3_tw,61,10,examine rack,0.0,0,1,False,"belief=I am in a location with an unlocked cuboid box and need to f | rule=Taking actions that interact with objects, especially using "
5657aced,probe3_tw,61,11,examine cuboid latchkey,0.0,0,1,False,"belief=I am in a location with a cuboid latchkey and need to find a | rule=Taking actions that interact with objects, especially using "
5657aced,probe3_tw,61,12,insert cuboid latchkey into cuboid box,0.0,0,1,False,"belief=I am in a location with a cuboid latchkey and need to find a | rule=Taking actions that interact with objects, especially using "
5657aced,probe3_tw,61,13,take cuboid latchkey from cuboid box,0.0,0,1,False,"belief=I am in a location with a cuboid latchkey inserted into the  | rule=Taking actions that interact with objects, especially using "
5657aced,probe3_tw,61,14,put cuboid latchkey on rack,0.0,0,1,False,"belief=I am in a location with a cuboid latchkey and need to find a | rule=Taking actions that interact with objects, especially using "
5657aced,probe3_tw,61,15,go east,0.0,0,1,False,"belief=I am in a location with a cuboid latchkey on the rack and ne | rule=Taking actions that interact with objects, especially using "
5657aced,probe3_tw,61,16,examine locker,0.0,0,1,False,"belief=I am in a garage with a locked locker, a closed gate, and a  | rule=I suspect that interacting with objects, especially locked o"
5657aced,probe3_tw,61,17,take loaf of bread,0.0,0,1,False,"belief=I am in a garage with a locked locker and a loaf of bread. M | rule=I still suspect that interacting with objects, especially lo"
5657aced,probe3_tw,61,18,examine gate,0.0,0,1,False,"belief=I am in a garage with a loaf of bread and need to explore th | rule=I still suspect that interacting with objects, especially lo"
5657aced,probe3_tw,61,19,examine loaf of bread,0.0,0,1,False,"belief=I am in a garage with a loaf of bread and need to explore th | rule=I suspect that interacting with objects, especially examinin"
5657aced,probe3_tw,61,20,eat loaf of bread,0.0,0,1,False,"belief=I am in a garage with a loaf of bread and need to explore th | rule=I suspect that interacting with objects, especially eating t | STUCK"
5657aced,probe3_tw,61,21,look,0.0,0,1,False,"belief=I am in a garage and have eaten the loaf of bread. My next s | rule=I still suspect that interacting with objects, especially ea"
5657aced,probe3_tw,61,22,go west,0.0,0,1,False,belief=I am in a garage with a locked locker and a closed gate. My  | rule=I still suspect that interacting with objects might raise th
5657aced,probe3_tw,61,23,examine cuboid latchkey,0.0,0,1,False,"belief=I am in a shower with various objects, my next step is to ex | rule=I still suspect that interacting with objects might raise th"
5657aced,probe3_tw,61,24,examine cuboid box,0.0,0,1,False,"belief=I am in a shower with various objects, my next step is to ex | rule=I still suspect that interacting with objects might raise th"
5657aced,probe3_tw,61,25,examine rack,0.0,0,1,False,"belief=I am in a shower with a cuboid box and other objects, my nex | rule=I suspect that interacting with objects might raise the scor"
5657aced,probe3_tw,61,26,close cuboid box,0.0,0,1,False,belief=I am in a shower with a rack containing a cuboid latchkey an | rule=I suspect that taking objects from the rack might raise the  | STUCK
5657aced,probe3_tw,61,27,take cuboid latchkey from rack,0.0,0,1,False,belief=I am in a shower with a rack containing a cuboid latchkey an | rule=I suspect that taking objects from the rack might raise the 
5657aced,probe3_tw,61,28,examine cuboid latchkey,0.0,0,1,False,"belief=I am in a shower with a rack and a cuboid latchkey, my next  | rule=I still suspect that taking objects from the rack might rais"
5657aced,probe3_tw,61,29,lock cuboid box with cuboid latchkey,0.0,0,1,False,"belief=I am in a shower with a rack and a cuboid latchkey, my next  | rule=I still suspect that taking objects from the rack or examini"
5657aced,probe3_tw,62,0,examine armchair,0.0,0,1,False,"belief=1 | rule=unknown; I do not yet know what earns score, so I must disco | STUCK"
5657aced,probe3_tw,62,1,examine chair,0.0,0,1,False,"belief=The armchair is wobbly, and I need to try a different action | rule=I still don't know what earns score, but I've ruled out exam | STUCK"
5657aced,probe3_tw,62,2,take spherical latchkey from chair,0.0,0,1,False,"belief=The chair is solid, and there's a spherical latchkey on it.  | rule=I've ruled out examining the armchair and chair. I'll try ta"
5657aced,probe3_tw,62,3,unlock spherical box with spherical latchkey,0.0,0,1,False,belief=The spherical latchkey might be used to unlock something. My | rule=I've ruled out examining the armchair and chair. Interacting
5657aced,probe3_tw,62,4,open spherical box,0.0,0,1,False,"belief=The spherical box is now unlocked, my next step is to open i | rule=I've ruled out examining the armchair and chair as they didn"
5657aced,probe3_tw,62,5,examine keyboard,0.0,0,1,False,"belief=The spherical box is now unlocked and open, revealing a keyb | rule=I've ruled out examining the armchair and chair as they didn"
5657aced,probe3_tw,62,6,take keyboard from spherical box,1.0,1,1,True,"belief=The spherical box is now unlocked and open, revealing a keyb | rule=I've ruled out examining the armchair, chair, and keyboard a"
5657aced,probe3_tw,63,0,close fridge,0.0,0,1,False,"belief=I am in a kitchen with various objects, my next step is to i | rule=I still don't know what earns score, but I'll try interactin | STUCK"
5657aced,probe3_tw,63,1,examine fridge,0.0,0,1,False,"belief=I am in a kitchen with various objects, my next step is to e | rule=I still don't know what earns score, but I'll try interactin"
5657aced,probe3_tw,63,2,examine kettle,0.0,0,1,False,"belief=I am in a kitchen with various objects, my next step is to e | rule=I still don't know what earns score, but I'll try interactin"
5657aced,probe3_tw,63,3,examine fork,0.0,0,1,False,"belief=I am in a kitchen with various objects, my next step is to e | rule=avoiding the 'examine' the 'kettle' and 'fridge' and trying "
5657aced,probe3_tw,63,4,go west,0.0,0,1,False,"belief=I am in a kitchen with various objects, my next step is to t | rule=avoiding 'examine' commands and trying to find other objects"
5657aced,probe3_tw,63,5,go east,0.0,0,1,False,"belief=I am in a salon with an empty portmanteau and an open gate,  | rule=trying to find other objects or rooms, possibly interacting "
5657aced,probe3_tw,63,6,take kettle,0.0,0,1,False,"belief=I am in a kitchenette with a fridge, kettle, and an exit to  | rule=trying to find other objects or rooms, possibly interacting "
5657aced,probe3_tw,63,7,open fridge,0.0,0,1,False,"belief=I am in a kitchenette with a fridge and an exit to the west, | rule=trying to find other objects or rooms, possibly interacting "
5657aced,probe3_tw,63,8,take loaf of bread from fridge,0.0,0,1,False,"belief=I am in a kitchenette with a fridge containing a loaf of bre | rule=trying to find other objects or rooms, possibly interacting "
5657aced,probe3_tw,63,9,insert loaf of bread into fridge,0.0,0,1,False,"belief=I am in a kitchenette with a loaf of bread, my next step is  | rule=trying to find other objects or rooms, possibly interacting "
5657aced,probe3_tw,63,10,close fridge,0.0,0,1,False,"belief=I am in a kitchenette with a loaf of bread in the fridge, my | rule=trying to find other objects or rooms, possibly interacting "
5657aced,probe3_tw,63,11,inventory,0.0,0,1,False,"belief=I am in a kitchenette with a fridge, my next step is to inte | rule=trying to use or manipulate objects, possibly interacting wi"
5657aced,probe3_tw,63,12,drop fork,0.0,0,1,False,"belief=I am in a kitchenette with a fridge, my next step is to try  | rule=I have learned that trying to use or manipulate objects, pos"
5657aced,probe3_tw,63,13,drop kettle,0.0,0,1,False,"belief=I am in a kitchenette with a fridge, my next step is to try  | rule=I have learned that trying to use or manipulate objects, pos"
5657aced,probe3_tw,63,14,examine kettle,0.0,0,1,False,"belief=I am in a kitchenette with a fridge and a dropped kettle, my | rule=I have learned that trying to use or manipulate objects, pos"
5657aced,probe3_tw,63,15,examine kettle,0.0,0,1,False,"belief=I am in a kitchenette with a fridge and a dropped kettle, an | rule=trying to use or manipulate objects, and possibly interactin"
5657aced,probe3_tw,63,16,open fridge,0.0,0,1,False,"belief=I am in a kitchenette with a fridge and a dropped kettle, my | rule=trying to use or manipulate objects, and possibly interactin"
5657aced,probe3_tw,63,17,take loaf of bread from fridge,0.0,0,1,False,"belief=I am in a kitchenette with a fridge containing a loaf of bre | rule=trying to use or manipulate objects, and possibly interactin"
5657aced,probe3_tw,63,18,examine loaf of bread,0.0,0,1,False,"belief=I am in a kitchenette with a loaf of bread, my next step is  | rule=trying to use or manipulate objects, and possibly interactin"
5657aced,probe3_tw,63,19,eat loaf of bread,1.0,1,1,True,"belief=I am in a kitchenette with a loaf of bread, my next step is  | rule=trying to use or manipulate objects in a meaningful way, suc"
5657aced,probe3_tw,64,0,drop licorice strip,0.0,0,1,False,"belief=I have just arrived and do not yet know the layout or the go | rule=unknown; I do not yet know what earns score, so I must disco | STUCK"
5657aced,probe3_tw,64,1,drop plant,0.0,0,1,False,"belief=I have just arrived and do not yet know the layout or the go | rule=unknown; I do not yet know what earns score, so I must disco | STUCK"
5657aced,probe3_tw,64,2,examine licorice strip,0.0,0,1,False,"belief=I have just arrived and do not yet know the layout or the go | rule=unknown; I do not yet know what earns score, so I must disco | STUCK"
5657aced,probe3_tw,64,3,examine plant,0.0,0,1,False,"belief=I am in the Playroom and need to explore to make progress. M | rule=Unknown, but dropping an item and examining the licorice str | STUCK"
5657aced,probe3_tw,64,4,go east,0.0,0,1,False,"belief=I am in the Playroom and need to explore to make progress. M | rule=Unknown, but dropping an item and examining the licorice str"
5657aced,probe3_tw,64,5,take fudge scented key,0.0,0,1,False,"belief=I am in the Bar and need to explore to make progress. My nex | rule=Unknown, but I will try taking an item to see if it raises t"
5657aced,probe3_tw,64,6,unlock fudge scented box with fudge scented key,0.0,0,1,False,"belief=I am in the Bar with a fudge scented key and need to find a  | rule=Unknown, but taking an item and using it for its apparent pu"
5657aced,probe3_tw,64,7,drop fudge scented key,0.0,0,1,False,"belief=I am in the Bar with a fudge scented key and need to find a  | rule=Unknown, but taking an item and using it for its apparent pu"
5657aced,probe3_tw,64,8,examine hatch,0.0,0,1,False,"belief=I am in the Bar with a dropped fudge scented key and need to | rule=Unknown, but taking an item and using it for its apparent pu"
5657aced,probe3_tw,64,9,go west,0.0,0,1,False,"belief=I am in front of a closed hatch and need to find a way to op | rule=Unknown, but taking an item and using it for its apparent pu"
5657aced,probe3_tw,64,10,take licorice strip,0.0,0,1,False,"belief=I am in a playroom with a plant and a licorice strip, and my | rule=I still don't know what raises the score, but I suspect it m"
5657aced,probe3_tw,64,11,eat licorice strip,0.0,0,1,False,"belief=I am in a playroom with a plant and a licorice strip, and my | rule=I still don't know what raises the score, but I suspect it m"
5657aced,probe3_tw,64,12,examine plant,0.0,0,1,False,"belief=I am in a playroom with a plant, and my next step is to inte | rule=I still don't know what raises the score, but I suspect it m"
5657aced,probe3_tw,64,13,go east,0.0,0,1,False,"belief=I am in a playroom with a plant, and my next step is to try  | rule=I still don't know what raises the score, but I suspect it m"
5657aced,probe3_tw,64,14,take fudge scented key,0.0,0,1,False,"belief=I am in a bar with various objects, and my next step is to i | rule=I still don't know what raises the score, but I suspect it m"
5657aced,probe3_tw,64,15,examine fudge scented key,0.0,0,1,False,"belief=I am in a bar with a fudge scented key and my next step is t | rule=I still don't know what raises the score, but I suspect it m"
5657aced,probe3_tw,64,16,examine couch,0.0,0,1,False,"belief=I am in a bar with a fudge scented key and my next step is t | rule=I still don't know what raises the score, but I suspect it m"
5657aced,probe3_tw,64,17,examine fudge scented box,0.0,0,1,False,"belief=I am in a bar with a fudge scented key and my next step is t | rule=I still don't know what raises the score, but I suspect it m | STUCK"
5657aced,probe3_tw,64,18,examine hatch,0.0,0,1,False,"belief=I am in a bar with a fudge scented key and my next step is t | rule=I still don't know what raises the score, but I suspect it m | STUCK"
5657aced,probe3_tw,64,19,go west,0.0,0,1,False,"belief=I am in a bar with a fudge scented key and my next step is t | rule=I still don't know what raises the score, but I suspect it m | STUCK"
5657aced,probe3_tw,64,20,examine plant,0.0,0,1,False,"belief=I am in a playroom with a fudge scented key and my next step | rule=I still don't know what raises the score, but I suspect it m"
5657aced,probe3_tw,64,21,take plant,0.0,0,1,False,"belief=I am in a playroom with a fudge scented key and my next step | rule=I still don't know what raises the score, but I suspect it m"
5657aced,probe3_tw,64,22,look,0.0,0,1,False,"belief=I am in a playroom with a fudge scented key and a plant, and | rule=I still don't know what raises the score, but I suspect it m"
5657aced,probe3_tw,64,23,go east,0.0,0,1,False,"belief=I am in a playroom with a fudge scented key and a plant, and | rule=I still don't know what raises the score, but I suspect it m"
5657aced,probe3_tw,64,24,examine hatch,0.0,0,1,False,"belief=I am in a bar with a fudge scented key and a plant, and my n | rule=I still don't know what raises the score, but I suspect it m"
5657aced,probe3_tw,64,25,look,0.0,0,1,False,"belief=I am in a room with a closed hatch, and my next step is to t | rule=I still don't know what raises the score, but I suspect it m"
5657aced,probe3_tw,64,26,lock fudge scented box with fudge scented key,0.0,0,1,False,"belief=I am in a room with a closed hatch, and my next step is to t | rule=I still don't know what raises the score, but I suspect it m"
5657aced,probe3_tw,64,27,examine hatch,0.0,0,1,False,"belief=I am in a room with a closed hatch, and my next step is to t | rule=I still don't know what raises the score, but I suspect it m"
5657aced,probe3_tw,64,28,unlock fudge scented box with fudge scented key,0.0,0,1,False,"belief=I am in a room with a closed hatch and I need to try opening | rule=I still don't know what raises the score, but I suspect it m"
5657aced,probe3_tw,64,29,examine hatch,0.0,0,1,False,"belief=I am in a room with a closed hatch and a fudge scented box,  | rule=I still don't know what raises the score, but I suspect it m"
5657aced,probe3_tw,65,0,close bureau,0.0,0,1,False,"belief=I have just arrived and do not yet know the layout or the go | rule=unknown; I do not yet know what earns score, so I must disco | STUCK"
5657aced,probe3_tw,65,1,drop type 4 passkey,0.0,0,1,False,"belief=I have just arrived and do not yet know the layout or the go | rule=unknown; I do not yet know what earns score, so I must disco | STUCK"
5657aced,probe3_tw,65,2,examine bureau,0.0,0,1,False,"belief=I have just arrived and do not yet know the layout or the go | rule=unknown; I do not yet know what earns score, so I must disco | STUCK"
5657aced,probe3_tw,65,3,examine door,0.0,0,1,False,"belief=I am stuck and need to try a new action. My next step is to  | rule=I still don't know what earns score, but I've ruled out exam | STUCK"
5657aced,probe3_tw,65,4,open door,0.0,0,1,False,"belief=I am at a door and need to try opening it to see if it leads | rule=I still don't know what earns score, but I've ruled out exam"
5657aced,probe3_tw,65,5,look,0.0,0,1,False,"belief=I am in an office and need to explore the area to find a way | rule=I still don't know what earns score, but I've ruled out exam"
5657aced,probe3_tw,65,6,take type 4 passkey,0.0,0,1,False,"belief=I am in an office and need to explore the area to find a way | rule=I still don't know what earns score, but I've ruled out exam"
5657aced,probe3_tw,65,7,examine type 4 passkey,0.0,0,1,False,"belief=I am in an office with a type 4 passkey and need to explore  | rule=I still don't know what earns score, but I've ruled out exam"
5657aced,probe3_tw,65,8,go south,0.0,0,1,False,"belief=I am in an office with a type 4 passkey and need to explore  | rule=I still don't know what earns score, but I've ruled out exam"
5657aced,probe3_tw,65,9,drop type 4 passkey,0.0,0,1,False,"belief=I am in an office with a type 4 passkey and need to explore  | rule=I still don't know what earns score, but I've ruled out exam"
5657aced,probe3_tw,65,10,go north,0.0,0,1,False,"belief=I am in a chamber with a type 4 passkey on the ground and ne | rule=I still don't know what earns score, but I've ruled out exam"
5657aced,probe3_tw,65,11,examine bureau,0.0,0,1,False,"belief=I am in a chamber with a bureau and need to explore the area | rule=I still don't know what earns score, but I've ruled out exam"
5657aced,probe3_tw,65,12,open bureau,0.0,0,1,False,"belief=I am in a chamber with a bureau and need to explore the area | rule=I still don't know what earns score, but I've ruled out exam"
5657aced,probe3_tw,65,13,inventory,0.0,0,1,False,"belief=I am in a chamber with an open bureau and need to explore th | rule=I still don't know what earns score, but I've ruled out exam"
5657aced,probe3_tw,65,14,look,0.0,0,1,False,"belief=I am in a chamber with an open bureau and need to explore th | rule=I still don't know what earns score, but I've ruled out exam"
5657aced,probe3_tw,65,15,go west,0.0,0,1,False,"belief=I am in a chamber with an open bureau and need to explore th | rule=I still don't know what earns score, but I've ruled out exam"
5657aced,probe3_tw,65,16,examine iron,0.0,0,1,False,"belief=I am in a chamber with an open basket and an iron, and I nee | rule=I still don't know what earns score, but I've ruled out exam"
5657aced,probe3_tw,65,17,examine basket,0.0,0,1,False,"belief=I am in a chamber with an open basket and an expensive-looki | rule=I still don't know what earns score, but I've ruled out exam"
5657aced,probe3_tw,65,18,take iron,0.0,0,1,False,"belief=I am in a chamber with an open basket and an expensive-looki | rule=I still don't know what earns score, but I've ruled out exam"
5657aced,probe3_tw,65,19,insert iron into basket,1.0,1,1,True,"belief=I am in a launderette with an iron and a basket. My next ste | rule=I still don't know what earns score, but I've ruled out exam"
5657aced,probe3_tw,66,0,close chest,0.0,0,1,False,"belief=I have just arrived and do not yet know the layout or the go | rule=unknown; I do not yet know what earns score, so I must disco | STUCK"
5657aced,probe3_tw,66,1,examine chest,0.0,0,1,False,"belief=I have just arrived and do not yet know the layout or the go | rule=unknown; I do not yet know what earns score, so I must disco | STUCK"
5657aced,probe3_tw,66,2,go north,0.0,0,1,False,"belief=I am in a kitchenette with a closed chest and no inventory.  | rule=I still don't know what raises the score, but examining the  | STUCK"
5657aced,probe3_tw,66,3,go south,0.0,0,1,False,"belief=I am in an office with a closed door leading east and need t | rule=I still don't know what raises the score, but I've ruled out"
5657aced,probe3_tw,66,4,open chest,0.0,0,1,False,"belief=I am in a kitchenette with a chest and an exit to the north. | rule=I still don't know what raises the score, but I've ruled out"
5657aced,probe3_tw,66,5,take ladle from chest,0.0,0,1,False,"belief=I am in a kitchenette with a chest containing a ladle and a  | rule=I still don't know what raises the score, but I've ruled out"
5657aced,probe3_tw,66,6,examine shadfly,0.0,0,1,False,"belief=I am in a kitchenette with a ladle and a shadfly in the ches | rule=I still don't know what raises the score, but I've ruled out"
5657aced,probe3_tw,66,7,take shadfly from chest,0.0,0,1,False,"belief=I am in a kitchenette with a ladle and a shadfly in the ches | rule=I still don't know what raises the score, but I've ruled out"
5657aced,probe3_tw,66,8,look,0.0,0,1,False,"belief=I am in a kitchenette with a ladle and a shadfly. My next st | rule=I still don't know what raises the score, but I've ruled out"
5657aced,probe3_tw,66,9,insert ladle into chest,0.0,0,1,False,"belief=I am in a kitchenette with a ladle and a shadfly. My next st | rule=I still don't know what raises the score, but I've ruled out"
5657aced,probe3_tw,66,10,insert shadfly into chest,0.0,0,1,False,"belief=I am in a kitchenette with a ladle and a shadfly, and I just | rule=I still don't know what raises the score, but I've ruled out"
5657aced,probe3_tw,66,11,examine chest,0.0,0,1,False,"belief=I am in a kitchenette with a chest and no objects in my inve | rule=I still don't know what raises the score, but I've ruled out"
5657aced,probe3_tw,66,12,examine ladle,0.0,0,1,False,"belief=I am in a kitchenette with a chest containing a shadfly and  | rule=I still don't know what raises the score, but I've ruled out"
5657aced,probe3_tw,66,13,go north,0.0,0,1,False,"belief=I am in a kitchenette with a dirty ladle and need to find a  | rule=I've ruled out examining the chest, taking objects from the "
5657aced,probe3_tw,66,14,go south,0.0,0,1,False,"belief=I am in an office with a closed door to the east and need to | rule=I've ruled out no specific actions yet, but I will try going"
5657aced,probe3_tw,66,15,examine shadfly,0.0,0,1,False,"belief=I am in a kitchenette with a chest containing a shadfly and  | rule=I've ruled out examining the chest, ladle, and going north a | STUCK"
5657aced,probe3_tw,66,16,inventory,0.0,0,1,False,"belief=I am in a kitchenette with a chest containing a shadfly and  | rule=I've ruled out examining the chest, ladle, and going north a | STUCK"
5657aced,probe3_tw,66,17,look,0.0,0,1,False,"belief=I am in a kitchenette with a chest containing a shadfly and  | rule=I've ruled out examining the chest, ladle, and going north a | STUCK"
5657aced,probe3_tw,66,18,take shadfly from chest,0.0,0,1,False,"belief=I am in a kitchenette with a chest containing a shadfly and  | rule=I've ruled out examining the chest, ladle, and going north a | STUCK"
5657aced,probe3_tw,66,19,close chest,0.0,0,1,False,"belief=I am in a kitchenette with a chest and a ladle, and an exit  | rule=I've ruled out examining objects, going north, and inserting | STUCK"
5657aced,probe3_tw,66,20,drop shadfly,0.0,0,1,False,"belief=I am in a kitchenette with a chest and a ladle, and an exit  | rule=I've ruled out examining objects, going north, and inserting"
5657aced,probe3_tw,66,21,open chest,0.0,0,1,False,"belief=I am in a kitchenette with a chest and a ladle, and an exit  | rule=I've ruled out examining objects, going north, and inserting"
5657aced,probe3_tw,66,22,look,0.0,0,1,False,belief=I am in a kitchenette with a chest and a ladle. My next step | rule=I've ruled out examining objects and going north as they did
5657aced,probe3_tw,66,23,take ladle from chest,0.0,0,1,False,belief=I am in a kitchenette with a chest and a ladle. My next step | rule=I've ruled out examining objects and going north as they did
5657aced,probe3_tw,66,24,examine ladle,0.0,0,1,False,"belief=I am in a kitchenette with a chest and a ladle, my next step | rule=I've ruled out examining objects and going north as they did"
5657aced,probe3_tw,66,25,drop ladle,0.0,0,1,False,"belief=I am in a kitchenette with a dirty ladle, my next step is to | rule=I've ruled out examining objects and going north as they did"
5657aced,probe3_tw,66,26,look,0.0,0,1,False,"belief=I am in a kitchenette with a dirty ladle on the ground, my n | rule=I've ruled out examining objects and going north as they did"
5657aced,probe3_tw,66,27,take ladle,0.0,0,1,False,"belief=I am in a kitchenette with a dirty ladle on the ground, my n | rule=I've ruled out examining objects and going north as they did"
5657aced,probe3_tw,66,28,insert ladle into chest,0.0,0,1,False,"belief=I am in a kitchenette with a ladle, my next step is to try t | rule=I've ruled out examining objects and going north as they did"
5657aced,probe3_tw,66,29,close chest,0.0,0,1,False,"belief=I am in a kitchenette with a ladle in the chest, my next ste | rule=I've ruled out examining objects, going north, and taking th"
5657aced,probe3_tw,67,0,drop cuboid latchkey,0.0,0,1,False,"belief=I have just arrived and do not yet know the layout or the go | rule=unknown; I do not yet know what earns score, so I must disco | STUCK"
5657aced,probe3_tw,67,1,drop sock,0.0,0,1,False,"belief=I have just arrived and do not yet know the layout or the go | rule=unknown; I do not yet know what earns score, so I must disco | STUCK"
5657aced,probe3_tw,67,2,examine cuboid latchkey,0.0,0,1,False,"belief=I have just arrived and do not yet know the layout or the go | rule=unknown; I do not yet know what earns score, so I must disco | STUCK"
5657aced,probe3_tw,67,3,examine sock,0.0,0,1,False,"belief=I am in a workshop with a cuboid latchkey and need to explor | rule=I still don't know what earns score, but moving in a directi | STUCK"
5657aced,probe3_tw,67,4,go west,0.0,0,1,False,"belief=I am in a workshop and need to explore the environment to ma | rule=I still don't know what earns score, but moving in a directi"
5657aced,probe3_tw,67,5,examine cuboid chest,0.0,0,1,False,"belief=I am in a bedchamber and need to explore the environment to  | rule=I still don't know what earns score, but interacting with ob"
5657aced,probe3_tw,67,6,examine portal,0.0,0,1,False,"belief=I am in a bedchamber and need to explore the environment to  | rule=I still don't know what earns score, but interacting with ob"
5657aced,probe3_tw,67,7,go east,0.0,0,1,False,"belief=I am in a bedchamber and need to explore the environment to  | rule=I still don't know what earns score, but interacting with ob"
5657aced,probe3_tw,67,8,take cuboid latchkey,0.0,0,1,False,"belief=I am in a workshop and need to explore the environment to ma | rule=I still don't know what earns score, but interacting with ob"
5657aced,probe3_tw,67,9,look,0.0,0,1,False,"belief=I am in a workshop with a cuboid latchkey and need to explor | rule=I still don't know what earns score, but interacting with ob"
5657aced,probe3_tw,67,10,take sock,0.0,0,1,False,"belief=I am in a workshop with a cuboid latchkey and need to explor | rule=I still don't know what earns score, but interacting with ob"
5657aced,probe3_tw,67,11,examine sock,0.0,0,1,False,"belief=I am in a workshop with a cuboid latchkey and a sock, and my | rule=I still don't know what earns score, but interacting with ob"
5657aced,probe3_tw,67,12,go west,0.0,0,1,False,"belief=I am in a workshop with a cuboid latchkey and an expensive-l | rule=I still don't know what earns score, but interacting with ob"
5657aced,probe3_tw,67,13,unlock cuboid chest with cuboid latchkey,0.0,0,1,False,"belief=I am in a bedchamber with a cuboid chest, a closed portal, a | rule=I still don't know what earns score, but interacting with ob"
5657aced,probe3_tw,67,14,examine cuboid chest,0.0,0,1,False,"belief=I am in a bedchamber with a cuboid chest, a closed portal, a | rule=I still don't know what earns score, but interacting with ob"
5657aced,probe3_tw,67,15,open cuboid chest,0.0,0,1,False,"belief=I am in a bedchamber with a cuboid chest, a closed portal, a | rule=I still don't know what earns score, but interacting with ob"
5657aced,probe3_tw,67,16,examine novel,0.0,0,1,False,"belief=I am in a bedchamber with a cuboid chest, a closed portal, a | rule=I still don't know what earns score, but interacting with ob"
5657aced,probe3_tw,67,17,examine portal,0.0,0,1,False,"belief=I am in a bedchamber with a cuboid chest, a closed portal, a | rule=I still don't know what earns score, but interacting with ob"
5657aced,probe3_tw,67,18,go east,0.0,0,1,False,"belief=I am in a bedchamber with a cuboid chest, a closed portal, a | rule=I still don't know what earns score, but interacting with ob"
5657aced,probe3_tw,67,19,go west,0.0,0,1,False,"belief=I am in a workshop with an exit to the west and carrying a s | rule=I still don't know what earns score, but moving to new locat"
5657aced,probe3_tw,67,20,take novel from cuboid chest,1.0,1,1,True,"belief=I am in a bedchamber with a cuboid chest containing a novel, | rule=I still don't know what earns score, but interacting with ob"
5657aced,probe3_tw,68,0,drop cookie,0.0,0,1,False,"belief=I have just arrived and do not yet know the layout or the go | rule=unknown; I do not yet know what earns score, so I must disco | STUCK"
5657aced,probe3_tw,68,1,examine cookie,0.0,0,1,False,"belief=I have just arrived and do not yet know the layout or the go | rule=unknown; I do not yet know what earns score, so I must disco | STUCK"
5657aced,probe3_tw,68,2,examine display,0.0,0,1,False,"belief=I am in a cellar with a cookie and need to explore to find t | rule=I still don't know what earns score, but taking the cookie d | STUCK"
5657aced,probe3_tw,68,3,go south,0.0,0,1,False,"belief=I am in a cellar with no objects and need to explore to find | rule=I still don't know what earns score, but taking the cookie d"
5657aced,probe3_tw,68,4,examine apple,0.0,0,1,False,"belief=I am in a cookery with objects on the floor and need to expl | rule=I still don't know what earns score, but I'll try interactin"
5657aced,probe3_tw,68,5,examine candy bar,0.0,0,1,False,"belief=I am in a cookery with objects on the floor and need to expl | rule=I still don't know what earns score, but I'll try interactin"
5657aced,probe3_tw,68,6,take candy bar,0.0,0,1,False,"belief=I am in a cookery with objects on the floor and need to expl | rule=I still don't know what earns score, but I'll try interactin"
5657aced,probe3_tw,68,7,examine gate,0.0,0,1,False,"belief=I am in a cookery with objects on the floor and need to expl | rule=I still don't know what earns score, but I'll try interactin"
5657aced,probe3_tw,68,8,close gate,0.0,0,1,False,"belief=I am in a cookery with objects on the floor and need to expl | rule=I still don't know what earns score, but I'll try interactin"
5657aced,probe3_tw,68,9,go north,0.0,0,1,False,"belief=I am in a cookery with objects on the floor and need to expl | rule=I still don't know what earns score, but I'll try interactin"
5657aced,probe3_tw,68,10,examine cookie,0.0,0,1,False,"belief=I am in a cellar with objects on the floor and need to explo | rule=I still don't know what earns score, but I'll try interactin"
5657aced,probe3_tw,68,11,examine display,0.0,0,1,False,"belief=I am in a cellar with objects on the floor and need to explo | rule=I still don't know what earns score, but I'll try interactin"
5657aced,probe3_tw,68,12,drop candy bar,0.0,0,1,False,"belief=I am in a cellar with objects on the floor and need to explo | rule=I still don't know what earns score, but I'll try interactin"
5657aced,probe3_tw,68,13,look,0.0,0,1,False,"belief=I am in a cellar with objects on the floor and need to explo | rule=I still don't know what earns score, but I'll try interactin"
5657aced,probe3_tw,68,14,take cookie,0.0,0,1,False,"belief=I am in a cellar with objects on the floor and need to explo | rule=I still don't know what earns score, but I'll try interactin"
5657aced,probe3_tw,68,15,eat cookie,0.0,0,1,False,"belief=I am in a cellar with objects on the floor and need to explo | rule=I still don't know what earns score, but I'll try interactin"
5657aced,probe3_tw,68,16,examine candy bar,0.0,0,1,False,"belief=I am in a cellar with objects on the floor and need to explo | rule=I still don't know what earns score, but I'll try interactin"
5657aced,probe3_tw,68,17,take candy bar,0.0,0,1,False,"belief=I am in a cellar with objects on the floor and need to explo | rule=I still don't know what earns score, but I'll try interactin"
5657aced,probe3_tw,68,18,go south,0.0,0,1,False,"belief=I am in a cellar with objects on the floor and need to explo | rule=I still don't know what earns score, but I'll try interactin"
5657aced,probe3_tw,68,19,examine apple,0.0,0,1,False,"belief=I am in a cookery with objects on the floor and need to expl | rule=I still don't know what earns score, but I'll try interactin"
5657aced,probe3_tw,68,20,eat candy bar,0.0,0,1,False,belief=try something new rather than sensing | rule=try something new rather than sensing
5657aced,probe3_tw,68,21,look,0.0,0,1,False,"belief=I am in a location with a candy bar and an apple, my next st | rule=trying new actions and exploring the environment may raise t"
5657aced,probe3_tw,68,22,take apple,0.0,0,1,False,"belief=I am in a cookery with an apple and a closed gate, my next s | rule=trying new actions and exploring the environment may raise t"
5657aced,probe3_tw,68,23,open gate,0.0,0,1,False,"belief=I am in a cookery with an apple and a closed gate, my next s | rule=trying new actions and exploring the environment may raise t"
5657aced,probe3_tw,68,24,go north,0.0,0,1,False,"belief=I am in a cookery with an open gate and an apple, my next st | rule=trying new actions and exploring the environment may raise t"
5657aced,probe3_tw,68,25,examine display,0.0,0,1,False,belief=I am in a cellar with a closed display and an unguarded exit | rule=trying new actions and exploring the environment may raise t
5657aced,probe3_tw,68,26,look,0.0,0,1,False,"belief=I am in a cellar with a closed display and an unguarded exit | rule=trying new actions, exploring the environment, and interacti"
5657aced,probe3_tw,68,27,open display,0.0,0,1,False,"belief=I am in a cellar with a closed display and an unguarded exit | rule=trying new actions, exploring the environment, and interacti"
5657aced,probe3_tw,68,28,insert apple into display,0.0,0,1,False,"belief=I am in a cellar with an open display and an unguarded exit  | rule=trying new actions, exploring the environment, and interacti"
5657aced,probe3_tw,68,29,take apple from display,0.0,0,1,False,"belief=I am in a cellar with a display containing an apple and an u | rule=trying new actions, exploring the environment, and interacti"
5657aced,probe3_tw,69,0,drop nest of toads,0.0,0,1,False,"belief=I have just arrived and do not yet know the layout or the go | rule=unknown; I do not yet know what earns score, so I must disco | STUCK"
5657aced,probe3_tw,69,1,examine bookshelf,0.0,0,1,False,"belief=I have just arrived and do not yet know the layout or the go | rule=unknown; I do not yet know what earns score, so I must disco | STUCK"
5657aced,probe3_tw,69,2,examine gateway,0.0,0,1,False,"belief=I am in an office with a bookshelf and a nest of toads, my n | rule=unknown, but examining the bookshelf did not raise the score | STUCK"
5657aced,probe3_tw,69,3,examine nest of toads,0.0,0,1,False,"belief=I am in an office with a bookshelf and a nest of toads, my n | rule=unknown, but examining the bookshelf and gateway did not rai | STUCK"
5657aced,probe3_tw,69,4,go west,0.0,0,1,False,"belief=I am in a location with a nest of toads and need to try a di | rule=unknown, but examining objects did not raise the score, and  | STUCK"
5657aced,probe3_tw,69,5,examine laptop,0.0,0,1,False,"belief=I am in a cubicle with various objects and need to try takin | rule=unknown, but examining objects did not raise the score, and  | STUCK"
5657aced,probe3_tw,69,6,examine loaf of bread,0.0,0,1,False,"belief=I am in a cubicle with various objects and need to try takin | rule=I have not tried taking an object before, and I'm trying to  | STUCK"
5657aced,probe3_tw,69,7,take loaf of bread,0.0,0,1,False,"belief=I am in a cubicle with various objects and need to try takin | rule=I have not tried taking an object before, and I'm trying to "
5657aced,probe3_tw,69,8,put loaf of bread on stand,0.0,0,1,False,belief=I am in a cubicle with various objects and need to try using | rule=I think taking or manipulating objects in a specific way mig
5657aced,probe3_tw,69,9,examine stand,0.0,0,1,False,belief=I am in a cubicle with various objects and need to try using | rule=I think taking or manipulating objects in a specific way mig
5657aced,probe3_tw,69,10,take laptop from stand,0.0,0,1,False,"belief=I am in a cubicle with a laptop and a loaf of bread on an un | rule=I think manipulating objects in a specific way, such as taki"
5657aced,probe3_tw,69,11,put laptop on stand,0.0,0,1,False,"belief=I am in a cubicle with a laptop and a loaf of bread on an un | rule=I think manipulating objects in a specific way, such as taki"
5657aced,probe3_tw,69,12,take loaf of bread from stand,0.0,0,1,False,"belief=I am in a cubicle with a laptop on a stand and a loaf of bre | rule=I think manipulating objects in a specific way, such as taki"
5657aced,probe3_tw,69,13,eat loaf of bread,0.0,0,1,False,"belief=I am in a cubicle with a laptop on a stand and a loaf of bre | rule=I think manipulating objects in a specific way, such as taki"
5657aced,probe3_tw,69,14,examine laptop,0.0,0,1,False,"belief=I am in a cubicle with a laptop on a stand, my next step is  | rule=I think manipulating objects in a specific way, such as taki"
5657aced,probe3_tw,69,15,go east,0.0,0,1,False,"belief=I am in a cubicle with a laptop on a stand, my next step is  | rule=I think manipulating objects in a specific way, such as taki"
5657aced,probe3_tw,69,16,take nest of toads,0.0,0,1,False,"belief=I am in an office with a bookshelf, gateway, and nest of toa | rule=I still think manipulating objects in a specific way might r"
5657aced,probe3_tw,69,17,drop nest of toads,0.0,0,1,False,"belief=I am in an office with a bookshelf, gateway, and nest of toa | rule=I still think manipulating objects in a specific way might r"
5657aced,probe3_tw,69,18,examine gateway,0.0,0,1,False,"belief=I am in an office with a bookshelf, gateway, and nest of toa | rule=I still think manipulating objects or interacting with the e"
5657aced,probe3_tw,69,19,inventory,0.0,0,1,False,"belief=I am in an office with a bookshelf, gateway, and nest of toa | rule=I still think manipulating objects or interacting with the e | STUCK"
5657aced,probe3_tw,69,20,look,0.0,0,1,False,"belief=I am in an office with a bookshelf, gateway, and nest of toa | rule=I still think manipulating objects or interacting with the e | STUCK"
5657aced,probe3_tw,69,21,examine bookshelf,0.0,0,1,False,"belief=I am in an office with a bookshelf, gateway, and nest of toa | rule=I think manipulating objects or interacting with the environ | STUCK"
5657aced,probe3_tw,69,22,examine bookshelf,0.0,0,1,False,"belief=I am in an office with a bookshelf, gateway, and nest of toa | rule=I think manipulating objects or interacting with the environ | STUCK"
5657aced,probe3_tw,69,23,take nest of toads,0.0,0,1,False,"belief=I am in an office with a bookshelf, gateway, and nest of toa | rule=I think manipulating objects or interacting with the environ | STUCK"
5657aced,probe3_tw,69,24,examine bookshelf,0.0,0,1,False,"belief=I am in an office with a bookshelf, gateway, and nest of toa | rule=I think manipulating objects or interacting with the environ | STUCK"
5657aced,probe3_tw,69,25,examine gateway,0.0,0,1,False,"belief=I am in an office with a bookshelf, gateway, and nest of toa | rule=I think manipulating objects or interacting with the environ | STUCK"
5657aced,probe3_tw,69,26,examine nest of toads,0.0,0,1,False,"belief=I am in an office with a bookshelf, gateway, and nest of toa | rule=I think manipulating objects or interacting with the environ | STUCK"
5657aced,probe3_tw,69,27,go west,0.0,0,1,False,"belief=I am in an office with a bookshelf, gateway, and nest of toa | rule=I think manipulating objects or interacting with the environ | STUCK"
5657aced,probe3_tw,69,28,put nest of toads on stand,0.0,0,1,False,"belief=I am in an office with a laptop, stand, and nest of toads, m | rule=I think manipulating objects or interacting with the environ"
5657aced,probe3_tw,69,29,take laptop from stand,0.0,0,1,False,"belief=I am in an office with a laptop, stand, and nest of toads on | rule=I think manipulating objects or interacting with the environ"
5657aced,probe3_tw,70,0,close cabinet,0.0,0,1,False,"belief=I have just arrived and do not yet know the layout or the go | rule=unknown; I do not yet know what earns score, so I must disco | STUCK"
5657aced,probe3_tw,70,1,drop bug,0.0,0,1,False,"belief=I have just arrived and do not yet know the layout or the go | rule=unknown; I do not yet know what earns score, so I must disco | STUCK"
5657aced,probe3_tw,70,2,examine Microsoft style chest,0.0,0,1,False,"belief=I have just arrived and do not yet know the layout or the go | rule=unknown; I do not yet know what earns score, so I must disco | STUCK"
5657aced,probe3_tw,70,3,examine bug,0.0,0,1,False,"belief=I am stuck and need to try a different kind of action. My ne | rule=I still don't know what earns score, but I've ruled out exam | STUCK"
5657aced,probe3_tw,70,4,go west,0.0,0,1,False,"belief=I am in a launderette and need to explore the environment to | rule=I still don't know what earns score, but I've ruled out exam"
5657aced,probe3_tw,70,5,go east,0.0,0,1,False,"belief=I am in a cookhouse and need to explore the environment to m | rule=I still don't know what earns score, but I will try an actio"
5657aced,probe3_tw,70,6,take bug,0.0,0,1,False,"belief=I am in a launderette and need to explore the environment to | rule=I still don't know what earns score, but I will try an actio"
5657aced,probe3_tw,70,7,examine cabinet,0.0,0,1,False,"belief=I am in a launderette with a bug and need to explore interac | rule=I still don't know what earns score, but I will try interact"
5657aced,probe3_tw,70,8,open cabinet,0.0,0,1,False,"belief=I am in a launderette with a bug and need to explore interac | rule=I still don't know what earns score, but I will try interact"
5657aced,probe3_tw,70,9,examine Microsoft style keycard,0.0,0,1,False,"belief=I am in a launderette with a bug and a revealed Microsoft st | rule=I still don't know what earns score, but I will try interact"
5657aced,probe3_tw,70,10,drop bug,0.0,0,1,False,"belief=I am in a launderette with a bug and a revealed Microsoft st | rule=I still don't know what earns score, but I will try interact | STUCK"
5657aced,probe3_tw,70,11,take Microsoft style keycard from cabinet,0.0,0,1,False,"belief=I am in a launderette with a bug on the ground and a reveale | rule=I still don't know what earns score, but I will try interact"
5657aced,probe3_tw,70,12,unlock Microsoft style chest with Microsoft style keycard,0.0,0,1,False,"belief=I am in a launderette with a Microsoft style keycard, and my | rule=I still don't know what earns score, but I will try interact"
5657aced,probe3_tw,70,13,open Microsoft style chest,0.0,0,1,False,"belief=I am in a launderette with a Microsoft style keycard and an  | rule=I still don't know what earns score, but I will continue to "
5657aced,probe3_tw,70,14,examine Microsoft style chest,0.0,0,1,False,"belief=I am in a launderette with a Microsoft style keycard and an  | rule=I still don't know what earns score, but I will continue to "
5657aced,probe3_tw,70,15,inventory,0.0,0,1,False,"belief=I am in a launderette with a Microsoft style keycard and an  | rule=I still don't know what earns score, but I will continue to "
5657aced,probe3_tw,70,16,examine cabinet,0.0,0,1,False,"belief=I am in a launderette with a Microsoft style keycard and an  | rule=I still don't know what earns score, but I will continue to "
5657aced,probe3_tw,70,17,examine Microsoft style keycard,0.0,0,1,False,"belief=I am in a launderette with a Microsoft style keycard and an  | rule=I still don't know what earns score, but I will continue to "
5657aced,probe3_tw,70,18,examine stick of butter,0.0,0,1,False,"belief=I am in a launderette with a Microsoft style keycard and an  | rule=I still don't know what earns score, but I will continue to "
5657aced,probe3_tw,70,19,close Microsoft style chest,0.0,0,1,False,"belief=I am in a launderette with a Microsoft style keycard and an  | rule=I still don't know what earns score, but I will continue to  | STUCK"
5657aced,probe3_tw,70,20,close cabinet,0.0,0,1,False,"belief=I am in a launderette with a Microsoft style keycard and an  | rule=I still don't know what earns score, but I will continue to  | STUCK"
5657aced,probe3_tw,70,21,lock Microsoft style chest with Microsoft style keycard,0.0,0,1,False,"belief=I am in a launderette with a Microsoft style keycard and a c | rule=I still don't know what earns score, but I will continue to "
5657aced,probe3_tw,70,22,unlock Microsoft style chest with Microsoft style keycard,0.0,0,1,False,"belief=I am in a launderette with a Microsoft style keycard and a l | rule=I still don't know what earns score, but I will continue to "
5657aced,probe3_tw,70,23,open Microsoft style chest,0.0,0,1,False,"belief=I am in a launderette with a Microsoft style keycard and an  | rule=I still don't know what earns score, but I will continue to "
5657aced,probe3_tw,70,24,examine Microsoft style chest,0.0,0,1,False,"belief=I am in a launderette with a Microsoft style keycard and an  | rule=I still don't know what earns score, but I will continue to "
5657aced,probe3_tw,70,25,examine stick of butter,0.0,0,1,False,"belief=I am in a launderette with a Microsoft style keycard and an  | rule=I still don't know what earns score, but I will continue to "
5657aced,probe3_tw,70,26,examine bug,0.0,0,1,False,"belief=I am in a launderette with a Microsoft style keycard and an  | rule=I still don't know what earns score, but I will continue to "
5657aced,probe3_tw,70,27,examine portal,0.0,0,1,False,"belief=I am in a launderette with a Microsoft style keycard and an  | rule=I still don't know what earns score, but I will continue to "
5657aced,probe3_tw,70,28,open portal,0.0,0,1,False,"belief=I am in a launderette with a Microsoft style keycard and a p | rule=I still don't know what earns score, but I will continue to "
5657aced,probe3_tw,70,29,examine cabinet,0.0,0,1,False,"belief=I am in a launderette with a Microsoft style keycard and an  | rule=I still don't know what earns score, but I will continue to "
5657aced,probe3_tw,71,0,examine box,0.0,0,1,False,"belief=I have just arrived and do not yet know the layout or the go | rule=unknown; I do not yet know what earns score, so I must disco | STUCK"
5657aced,probe3_tw,71,1,examine hatch,0.0,0,1,False,"belief=I am stuck and need to try a different action to gather more | rule=I still don't know what earns score, but I've ruled out exam | STUCK"
5657aced,probe3_tw,71,2,open hatch,0.0,0,1,False,"belief=I am at the hatch and need to try a different action to gath | rule=I still don't know what earns score, but I've ruled out exam"
5657aced,probe3_tw,71,3,go east,0.0,0,1,False,"belief=I am at the hatch and need to explore the surroundings. My n | rule=I still don't know what earns score, but I've ruled out exam"
5657aced,probe3_tw,71,4,go west,0.0,0,1,False,"belief=I am in a washroom with an empty cabinet and a board, and I  | rule=I still don't know what earns score, but I've ruled out exam"
5657aced,probe3_tw,71,5,go north,0.0,0,1,False,"belief=I am in a studio with a box and an open hatch, and I need to | rule=I still don't know what earns score, but I've ruled out exam"
5657aced,probe3_tw,71,6,go south,0.0,0,1,False,"belief=I am in a salon with a shelf and an open hatch, and I need t | rule=I still don't know what earns score, but I've ruled out exam"
5657aced,probe3_tw,71,7,go north,0.0,0,1,False,"belief=I am in a studio with a box and an open hatch, and I need to | rule=I still don't know what earns score, but I've ruled out exam"
5657aced,probe3_tw,71,8,examine hatch,0.0,0,1,False,"belief=I am in a salon with a shelf and an open hatch, and I need t | rule=I still don't know what earns score, but I've ruled out goin"
5657aced,probe3_tw,71,9,examine shelf,0.0,0,1,False,"belief=I am in a salon with a shelf and an open hatch, and I need t | rule=I still don't know what earns score, but I've ruled out goin"
5657aced,probe3_tw,71,10,go east,0.0,0,1,False,"belief=I am in a salon with a shelf and an open hatch, and I need t | rule=I still don't know what earns score, but I've ruled out goin"
5657aced,probe3_tw,71,11,examine nest of ticks,0.0,0,1,False,"belief=I am in a chamber with a mantelpiece and a nest of ticks, an | rule=I still don't know what earns score, but I've ruled out goin"
5657aced,probe3_tw,71,12,examine mantelpiece,0.0,0,1,False,"belief=I am in a chamber with a mantelpiece and a nest of ticks, an | rule=I still don't know what earns score, but I've ruled out goin"
5657aced,probe3_tw,71,13,go west,0.0,0,1,False,"belief=I am in a chamber with a mantelpiece and a nest of ticks, an | rule=I still don't know what earns score, but I've ruled out goin"
5657aced,probe3_tw,71,14,close hatch,0.0,0,1,False,"belief=I am in a salon with a shelf and an open hatch, and I need t | rule=I still don't know what earns score, but I've ruled out goin"
5657aced,probe3_tw,71,15,inventory,0.0,0,1,False,"belief=I am in a salon with a shelf and a closed hatch, and I need  | rule=I still don't know what earns score, but I've ruled out goin"
5657aced,probe3_tw,71,16,look,0.0,0,1,False,"belief=I am in a salon with a shelf and a closed hatch, and I need  | rule=I still don't know what earns score, but I've ruled out goin"
5657aced,probe3_tw,71,17,go east,0.0,0,1,False,"belief=I am in a salon with a shelf and a closed hatch, and I need  | rule=I still don't know what earns score, but I've ruled out goin"
5657aced,probe3_tw,71,18,take nest of ticks,1.0,1,1,True,"belief=I am in a chamber with a revealed mantelpiece and a nest of  | rule=I still don't know what earns score, but I've ruled out goin"
5657aced,probe3_tw,72,0,go north,0.0,0,1,False,"belief=I have just arrived and do not yet know the layout or the go | rule=unknown; I do not yet know what earns score, so I must disco | STUCK"
5657aced,probe3_tw,72,1,examine counter,0.0,0,1,False,"belief=I have tried moving north, but I don't know the outcome yet. | rule=I still don't know what earns score, but trying different di | STUCK"
5657aced,probe3_tw,72,2,go east,0.0,0,1,False,"belief=I am in the Spare Room with an undependable counter. My next | rule=I still don't know what earns score, but trying different di"
5657aced,probe3_tw,72,3,take key from recliner,0.0,0,1,False,"belief=I am in a chamber with various objects, my next step is to t | rule=I still don't know what earns score, but trying different ac"
5657aced,probe3_tw,72,4,examine key,0.0,0,1,False,"belief=I am in a chamber with a key, my next step is to examine the | rule=I still don't know what earns score, but trying different ac"
5657aced,probe3_tw,72,5,examine key,0.0,0,1,False,"belief=I am in a chamber with a key, my next step is to examine the | rule=I still don't know what earns score, but trying different ac"
5657aced,probe3_tw,72,6,examine box,0.0,0,1,False,"belief=I am in a chamber with a key, my next step is to examine the | rule=I still don't know what earns score, but trying different ac"
5657aced,probe3_tw,72,7,open box,0.0,0,1,False,"belief=I am in a chamber with a key and a box, my next step is to t | rule=I still don't know what earns score, but trying different ac"
5657aced,probe3_tw,72,8,insert key into box,0.0,0,1,False,"belief=I am in a chamber with a key and an open box, my next step i | rule=I still don't know what earns score, but trying different ac"
5657aced,probe3_tw,72,9,examine bench,0.0,0,1,False,"belief=I am in a chamber with an open box and a key inside it, my n | rule=I still don't know what earns score, but trying different ac"
5657aced,probe3_tw,72,10,examine pillow,0.0,0,1,False,"belief=I am in a chamber with a balanced bench and a pillow on it,  | rule=I still don't know what earns score, but trying different ac"
5657aced,probe3_tw,72,11,take pillow from bench,0.0,0,1,False,"belief=I am in a chamber with a pillow on a bench, my next step is  | rule=I still don't know what earns score, but trying different ac"
5657aced,probe3_tw,72,12,examine recliner,0.0,0,1,False,"belief=I am in a chamber with a pillow, my next step is to examine  | rule=I still don't know what earns score, but trying different ac"
5657aced,probe3_tw,72,13,put pillow on recliner,0.0,0,1,False,"belief=I am in a chamber with a pillow and a wobbly recliner, my ne | rule=I still don't know what earns score, but interacting with th"
5657aced,probe3_tw,72,14,take pillow from recliner,0.0,0,1,False,"belief=I am in a chamber with a pillow on a wobbly recliner, my nex | rule=I still don't know what earns score, but interacting with th"
5657aced,probe3_tw,72,15,insert pillow into box,0.0,0,1,False,"belief=I am in a chamber with a pillow, my next step is to try to u | rule=I still don't know what earns score, but using objects to in"
5657aced,probe3_tw,72,16,close box,0.0,0,1,False,"belief=I am in a chamber with a pillow in a box, my next step is to | rule=I still don't know what earns score, but using objects to in"
5657aced,probe3_tw,72,17,open box,0.0,0,1,False,"belief=I am in a chamber with a closed box, my next step is to try  | rule=I still don't know what earns score, but using objects to in"
5657aced,probe3_tw,72,18,examine key,0.0,0,1,False,"belief=I am in a chamber with an open box containing a pillow and a | rule=I still don't know what earns score, but using objects to in"
5657aced,probe3_tw,72,19,take key from box,0.0,0,1,False,"belief=I am in a chamber with an open box containing a pillow and a | rule=I still don't know what earns score, but using objects to in"
5657aced,probe3_tw,72,20,examine box,0.0,0,1,False,"belief=I am in a chamber with an open box containing a pillow and I | rule=I still don't know what earns score, but using objects to in"
5657aced,probe3_tw,72,21,examine pillow,0.0,0,1,False,"belief=I am in a chamber with an open box containing a pillow and I | rule=I still don't know what earns score, but using objects to in"
5657aced,probe3_tw,72,22,take pillow from box,0.0,0,1,False,"belief=I am in a chamber with an open box containing a pillow and I | rule=I still don't know what earns score, but using objects to in"
5657aced,probe3_tw,72,23,drop pillow,0.0,0,1,False,"belief=I am in a chamber with an open box containing a pillow and I | rule=I still don't know what earns score, but using objects to in"
5657aced,probe3_tw,72,24,examine pillow,0.0,0,1,False,"belief=I am in a chamber with a dropped pillow and I have a key, my | rule=I still don't know what earns score, but using objects to in"
5657aced,probe3_tw,72,25,insert key into box,0.0,0,1,False,"belief=I am in a chamber with a dropped pillow and I have a key, my | rule=I still don't know what earns score, but using objects to in"
5657aced,probe3_tw,72,26,examine box,0.0,0,1,False,"belief=I am in a chamber with a dropped pillow and I have inserted  | rule=I still don't know what earns score, but using objects to in"
5657aced,probe3_tw,72,27,take key from box,0.0,0,1,False,"belief=I am in a chamber with a box containing a key, my next step  | rule=I still don't know what earns score, but using objects to in"
5657aced,probe3_tw,72,28,go west,0.0,0,1,False,"belief=I am in a chamber with a box and a key, my next step is to e | rule=I still don't know what earns score, but using objects to in"
5657aced,probe3_tw,72,29,examine counter,0.0,0,1,False,"belief=I am in a spare room with a counter and a key, my next step  | rule=I still don't know what earns score, but exploring new locat"
5657aced,probe3_tw,73,0,drop onion,0.0,0,1,False,"belief=I have just arrived and do not yet know the layout or the go | rule=unknown; I do not yet know what earns score, so I must disco | STUCK"
5657aced,probe3_tw,73,1,examine fudge scented locker,0.0,0,1,False,"belief=I have just arrived and do not yet know the layout or the go | rule=unknown; I do not yet know what earns score, so I must disco | STUCK"
5657aced,probe3_tw,73,2,examine onion,0.0,0,1,False,"belief=0 | rule=unknown; I do not yet know what earns score, so I must disco | STUCK"
5657aced,probe3_tw,73,3,examine passageway,0.0,0,1,False,"belief=I am in a cubicle with an onion, my next step is to try taki | rule=I still don't know what earns score, but examining the locke | STUCK"
5657aced,probe3_tw,73,4,open passageway,0.0,0,1,False,"belief=I am in a closed passageway with no items, my next step is t | rule=I still don't know what earns score, but examining things di"
5657aced,probe3_tw,73,5,go east,0.0,0,1,False,"belief=I am in an open passageway with no items, my next step is to | rule=I still don't know what earns score, but examining things an"
5657aced,probe3_tw,73,6,go west,0.0,0,1,False,"belief=I am in a steam room with an iron on the floor and a passage | rule=I still don't know what earns score, but examining and openi"
5657aced,probe3_tw,73,7,take onion,0.0,0,1,False,"belief=I am in a cubicle with a passageway to the east and west, an | rule=I still don't know what earns score, but examining and openi"
5657aced,probe3_tw,73,8,examine fudge scented locker,0.0,0,1,False,"belief=I am in a cubicle with a passageway to the east and west, an | rule=I still don't know what earns score, but examining and openi"
5657aced,probe3_tw,73,9,examine onion,0.0,0,1,False,"belief=I am in a cubicle with a passageway to the east and west, an | rule=I still don't know what earns score, but examining and openi"
5657aced,probe3_tw,73,10,examine passageway,0.0,0,1,False,"belief=I am in a cubicle with a passageway to the east and west, an | rule=I still don't know what earns score, but examining and openi"
5657aced,probe3_tw,73,11,eat onion,0.0,0,1,False,"belief=I am in a cubicle with a passageway to the east and west, an | rule=I still don't know what earns score, but examining and openi"
5657aced,probe3_tw,73,12,go east,0.0,0,1,False,"belief=I am in a cubicle with a passageway to the east and west, an | rule=I still don't know what earns score, but interacting with th"
5657aced,probe3_tw,73,13,examine iron,0.0,0,1,False,"belief=I am in a steam room with a passageway to the west and an ir | rule=I still don't know what earns score, but interacting with th"
5657aced,probe3_tw,73,14,take iron,0.0,0,1,False,"belief=I am in a steam room with a dirty iron and need to find a wa | rule=I still don't know what earns score, but interacting with ob"
5657aced,probe3_tw,73,15,examine iron,0.0,0,1,False,"belief=I am in a steam room with a dirty iron and need to find a wa | rule=I still don't know what earns score, but interacting with ob"
5657aced,probe3_tw,73,16,drop iron,0.0,0,1,False,"belief=I am in a steam room with a dirty iron and need to find a wa | rule=I still don't know what earns score, but interacting with ob"
5657aced,probe3_tw,73,17,examine passageway,0.0,0,1,False,"belief=I am in a steam room with a dirty iron on the ground and nee | rule=I still don't know what earns score, but interacting with ob"
5657aced,probe3_tw,73,18,go north,0.0,0,1,False,"belief=I am in a steam room with a passageway and need to find a wa | rule=I still don't know what earns score, but interacting with th"
5657aced,probe3_tw,73,19,go south,0.0,0,1,False,"belief=I am in a bedroom with an exit to the south and need to find | rule=I still don't know what earns score, but interacting with th"
5657aced,probe3_tw,73,20,close passageway,0.0,0,1,False,"belief=I am in a steam room with an iron on the floor and a passage | rule=I still don't know what earns score, but interacting with th"
5657aced,probe3_tw,73,21,examine iron,0.0,0,1,False,"belief=I am in a steam room with an iron on the floor and a closed  | rule=I still don't know what earns score, but interacting with th"
5657aced,probe3_tw,73,22,take iron,0.0,0,1,False,"belief=I am in a steam room with a dirty iron and a closed passagew | rule=I still don't know what earns score, but interacting with ob"
5657aced,probe3_tw,73,23,examine passageway,0.0,0,1,False,"belief=I am in a steam room with an iron, and my next step is to ex | rule=I still don't know what earns score, but interacting with ob"
5657aced,probe3_tw,73,24,open passageway,0.0,0,1,False,"belief=I am in a steam room with an iron and a closed passageway. M | rule=I still don't know what earns score, but interacting with ob"
5657aced,probe3_tw,73,25,go north,0.0,0,1,False,"belief=I am in a steam room with an iron and an open passageway. My | rule=I still don't know what earns score, but interacting with ob"
5657aced,probe3_tw,73,26,go south,0.0,0,1,False,"belief=I am in a bedroom with an iron and an open passageway to the | rule=I still don't know what earns score, but interacting with ob"
5657aced,probe3_tw,73,27,go west,0.0,0,1,False,"belief=I am in a steam room with an iron and an open passageway to  | rule=I still don't know what earns score, but moving to a new loc"
5657aced,probe3_tw,73,28,go west,0.0,0,1,False,"belief=I am in a cubicle with an iron and an open passageway to the | rule=I still don't know what earns score, but moving to a new loc"
5657aced,probe3_tw,73,29,examine board,0.0,0,1,False,"belief=I am in a scullery with an iron, a board, and a fudge scente | rule=I still don't know what earns score, but interacting with ob"
5657aced,probe3_tw,74,0,drop cashew,0.0,0,1,False,"belief=I have just arrived and do not yet know the layout or the go | rule=unknown; I do not yet know what earns score, so I must disco | STUCK"
5657aced,probe3_tw,74,1,drop cookie,0.0,0,1,False,"belief=I have just arrived and do not yet know the layout or the go | rule=unknown; I do not yet know what earns score, so I must disco | STUCK"
5657aced,probe3_tw,74,2,drop peanut,0.0,0,1,False,"belief=I have just arrived and do not yet know the layout or the go | rule=unknown; I do not yet know what earns score, so I must disco | STUCK"
5657aced,probe3_tw,74,3,examine cashew,0.0,0,1,False,"belief=I have just arrived and do not yet know the layout or the go | rule=unknown; I do not yet know what earns score, so I must disco | STUCK"
5657aced,probe3_tw,74,4,examine cookie,0.0,0,1,False,"belief=I am in a spare room with no items, my next step is to try m | rule=I still don't know what earns score, but trying different ki | STUCK"
5657aced,probe3_tw,74,5,go west,0.0,0,1,False,"belief=I am in a spare room with no items, my next step is to try m | rule=I still don't know what earns score, but trying different ki"
5657aced,probe3_tw,74,6,go east,0.0,0,1,False,"belief=I am in a recreation zone with an insect and an exit to the  | rule=I still don't know what earns score, but trying different ki"
5657aced,probe3_tw,74,7,open gate,0.0,0,1,False,"belief=I am in a spare room with a rack, a closed gate, and food it | rule=I still don't know what earns score, but trying different ki"
5657aced,probe3_tw,74,8,examine gate,0.0,0,1,False,"belief=I am in a spare room with a rack, a now open gate, and food  | rule=I still don't know what earns score, but trying different ki"
5657aced,probe3_tw,74,9,examine rack,0.0,0,1,False,"belief=I am in a spare room with a rack, a now open gate, and food  | rule=I still don't know what earns score, but trying different ki"
5657aced,probe3_tw,74,10,take cashew,0.0,0,1,False,"belief=I am in a spare room with a rack and food items. My next ste | rule=I still don't know what earns score, but trying different ki"
5657aced,probe3_tw,74,11,take cookie,0.0,0,1,False,"belief=I am in a spare room with a rack and food items. My next ste | rule=I still don't know what earns score, but trying different ki"
5657aced,probe3_tw,74,12,take peanut,0.0,0,1,False,"belief=I am in a spare room with a rack and food items. My next ste | rule=I still don't know what earns score, but trying different ki"
5657aced,probe3_tw,74,13,put cashew on rack,0.0,0,1,False,"belief=I am in a spare room with a rack and food items. My next ste | rule=I still don't know what earns score, but trying different ki"
5657aced,probe3_tw,74,14,put peanut on rack,0.0,0,1,False,"belief=I am in a spare room with a rack and food items. My next ste | rule=I still don't know what earns score, but trying different ki"
5657aced,probe3_tw,74,15,put cookie on rack,0.0,0,1,False,"belief=I am in a spare room with a rack and food items. My next ste | rule=I still don't know what earns score, but trying different ki"
5657aced,probe3_tw,74,16,take cashew from rack,0.0,0,1,False,"belief=I am in a spare room with a rack and food items. My next ste | rule=I still don't know what earns score, but trying different ki"
5657aced,probe3_tw,74,17,examine cashew,0.0,0,1,False,"belief=I am in a spare room with a rack and food items. My next ste | rule=I still don't know what earns score, but trying different ki"
5657aced,probe3_tw,74,18,eat cashew,0.0,0,1,False,"belief=I am in a spare room with a rack and food items. My next ste | rule=I still don't know what earns score, but trying different ki"
5657aced,probe3_tw,74,19,take cookie from rack,0.0,0,1,False,"belief=I am in a spare room with a rack and food items. Since eatin | rule=I still don't know what earns score, but trying different ki"
5657aced,probe3_tw,74,20,eat cookie,0.0,0,1,False,"belief=I am in a spare room with a rack and food items. My next ste | rule=I still don't know what earns score, but trying different ki"
5657aced,probe3_tw,74,21,examine peanut,0.0,0,1,False,"belief=I am in a spare room with a rack and food items. My next ste | rule=I still don't know what earns score, but trying different ki"
5657aced,probe3_tw,74,22,take peanut from rack,0.0,0,1,False,"belief=I am in a spare room with a rack and food items. My next ste | rule=I still don't know what earns score, but trying different ki"
5657aced,probe3_tw,74,23,examine gate,0.0,0,1,False,"belief=I am in a spare room with a rack and food items. My next ste | rule=I still don't know what earns score, but trying different ki"
5657aced,probe3_tw,74,24,drop peanut,0.0,0,1,False,"belief=I am at the gate and my next step is to try a new action to  | rule=I still don't know what earns score, but trying different ki"
5657aced,probe3_tw,74,25,go north,0.0,0,1,False,"belief=I am in the Spare Room with no items in inventory, my next s | rule=I still don't know what earns score, but trying different ki"
5657aced,probe3_tw,74,26,take chocolate bar,0.0,0,1,False,"belief=I am in the Basement with no items in inventory, my next ste | rule=I still don't know what earns score, but trying different ki"
5657aced,probe3_tw,74,27,examine chocolate bar,0.0,0,1,False,"belief=I am in the Basement with a chocolate bar in my inventory, m | rule=I still don't know what earns score, but trying different ki"
5657aced,probe3_tw,74,28,eat chocolate bar,0.0,0,1,False,"belief=I am in the Basement with a chocolate bar in my inventory, m | rule=I still don't know what earns score, but trying different ki"
5657aced,probe3_tw,74,29,look,0.0,0,1,False,"belief=I am in the Basement after eating the chocolate bar, my next | rule=I still don't know what earns score, but trying different ki"
