run_id,variant,seed,step,command,reward,score,max_score,won,note
8bda2332,probe_tw,50,0,examine gateway,0.0,0,1,False,"belief=I am in a location with various objects and a gateway, my next step is | rule=I hypothesize that examining or interacting with specific objects or t | EXPERIMENT"
8bda2332,probe_tw,50,1,examine iron,0.0,0,1,False,"belief=I am in a location with various objects and a gateway, my next step is | rule=I hypothesize that examining or interacting with specific objects, suc"
8bda2332,probe_tw,50,2,examine type 1 chest,0.0,0,1,False,"belief=I am in the basement with an iron that seems to fit, my next step is t | rule=I hypothesize that examining or interacting with specific objects, suc"
8bda2332,probe_tw,50,3,examine type 1 passkey,0.0,0,1,False,"belief=I am in the basement with an iron, my next step is to examine the type | rule=I hypothesize that examining or interacting with specific objects, suc"
8bda2332,probe_tw,50,4,take type 1 passkey,0.0,0,1,False,"belief=I am in the basement with an iron, my next step is to take the type 1  | rule=I hypothesize that taking or using specific objects, such as the type "
8bda2332,probe_tw,50,5,unlock type 1 chest with type 1 passkey,0.0,0,1,False,"belief=I am in the basement with a type 1 passkey and an iron, my next step i | rule=I hypothesize that using the type 1 passkey to unlock the type 1 chest"
8bda2332,probe_tw,50,6,open type 1 chest,0.0,0,1,False,"belief=I am in the basement with a type 1 passkey and an iron, and I have jus | rule=I hypothesize that using the type 1 passkey to unlock the type 1 chest"
8bda2332,probe_tw,50,7,take pair of headphones from type 1 chest,1.0,1,1,True,"belief=I am in the basement with a type 1 passkey, an iron, and a pair of hea | rule=I hypothesize that taking a specific object, such as the pair of headp | EXPERIMENT"
8bda2332,probe_tw,51,0,look,0.0,0,1,False,"belief={'situation': 'I am in an unknown location with no inventory and no cl | rule=unknown; I do not yet know what earns score, so I must discover it by  | EXPERIMENT"
8bda2332,probe_tw,51,1,go south,0.0,0,1,False,"belief={'situation': 'I am in a pantry with no inventory and no clear objecti | rule=unknown; I do not yet know what earns score, so I must discover it by  | EXPERIMENT"
8bda2332,probe_tw,51,2,examine box,0.0,0,1,False,"belief={'situation': 'I am in a bedroom with a box and no inventory, my plan  | rule=unknown; I do not yet know what earns score, so I must discover it by  | EXPERIMENT"
8bda2332,probe_tw,51,3,go east,0.0,0,1,False,"belief={'situation': 'I am in a bedroom with a box and no inventory, my plan  | rule=unknown; I do not yet know what earns score, so I must discover it by  | EXPERIMENT"
8bda2332,probe_tw,51,4,take tablet,0.0,0,1,False,"belief={'situation': 'I am in a playroom with various objects and an exit to  | rule=unknown; I do not yet know what earns score, so I must discover it by  | EXPERIMENT"
8bda2332,probe_tw,51,5,put tablet on bar,1.0,1,1,True,"belief={'situation': 'I am in a playroom with various objects and an exit to  | rule=unknown; I do not yet know what earns score, so I must discover it by  | EXPERIMENT"
8bda2332,probe_tw,52,0,examine hatch,0.0,0,1,False,"belief=I am in a location with a hatch and I have a stick of butter, my next  | rule=I hypothesize that interacting with the hatch in some way may earn sco | EXPERIMENT"
8bda2332,probe_tw,52,1,open hatch,0.0,0,1,False,"belief=I am in a location with a hatch and I have a stick of butter, my next  | rule=I hypothesize that interacting with the hatch, specifically opening it"
8bda2332,probe_tw,52,2,go east,0.0,0,1,False,"belief=I am in a bedroom location with a hatch and I have a stick of butter,  | rule=I hypothesize that moving to a new location, specifically going east, "
8bda2332,probe_tw,52,3,examine counter,0.0,0,1,False,"belief=I am in a cookhouse with a hatch, counter, and various objects, my nex | rule=I hypothesize that interacting with objects or locations in a meaningf"
8bda2332,probe_tw,52,4,examine knife,0.0,0,1,False,"belief=I am in a cookhouse with a hatch, counter, and various objects, my nex | rule=I hypothesize that interacting with objects or locations in a meaningf"
8bda2332,probe_tw,52,5,take knife from counter,0.0,0,1,False,"belief=I am in a cookhouse with a hatch, counter, and various objects, my nex | rule=I hypothesize that interacting with objects or locations in a meaningf"
8bda2332,probe_tw,52,6,examine salad,0.0,0,1,False,"belief=I am in a cookhouse with a hatch, counter, and various objects, my nex | rule=I hypothesize that interacting with objects or locations in a meaningf"
8bda2332,probe_tw,52,7,insert stick of butter into chest,0.0,0,1,False,"belief=I am in a cookhouse with a hatch, counter, and various objects, my nex | rule=I hypothesize that combining or manipulating objects, such as insertin | EXPERIMENT"
8bda2332,probe_tw,52,8,examine chest,0.0,0,1,False,"belief=I am in a cookhouse with a hatch, counter, and various objects, my nex | rule=I hypothesize that combining or manipulating objects, such as insertin | EXPERIMENT"
8bda2332,probe_tw,52,9,insert knife into chest,1.0,1,1,True,"belief=I am in a cookhouse with a hatch, counter, and various objects, my nex | rule=I hypothesize that using the knife on a specific object, such as the s | EXPERIMENT"
8bda2332,probe_tw,53,0,examine cabinet,0.0,0,1,False,"belief=I am in a location with a cabinet, chest, and gateway. My next step is | rule=I hypothesize that examining or interacting with objects in the enviro | EXPERIMENT"
8bda2332,probe_tw,53,1,examine chest,0.0,0,1,False,"belief=I am in a location with a cabinet, and my next step is to examine the  | rule=I hypothesize that examining specific objects, such as the cabinet or "
8bda2332,probe_tw,53,2,unlock chest with passkey,0.0,0,1,False,"belief=I am in a Laundromat with a chest and a cabinet, and my next step is t | rule=I hypothesize that interacting with objects in a specific way, such as"
8bda2332,probe_tw,53,3,examine chest,0.0,0,1,False,"belief=I am in a Laundromat with an unlocked chest and a cabinet, and my next | rule=I hypothesize that interacting with objects in a specific way, such as"
8bda2332,probe_tw,53,4,open chest,0.0,0,1,False,"belief=I am in a Laundromat with an unlocked chest and a cabinet, and my next | rule=I hypothesize that using the passkey to unlock the chest and then inte"
8bda2332,probe_tw,53,5,examine iron,0.0,0,1,False,"belief=I am in a Laundromat with an unlocked chest containing an iron, and my | rule=I hypothesize that interacting with the chest's contents, such as the "
8bda2332,probe_tw,53,6,take iron from chest,0.0,0,1,False,"belief=I am in a Laundromat with an unlocked chest containing a brand new iro | rule=I hypothesize that interacting with the chest's contents, such as taki"
8bda2332,probe_tw,53,7,insert grape into chest,0.0,0,1,False,"belief=I am in a Laundromat with an iron, a grape, and a passkey, and my next | rule=I now hypothesize that combining or using objects in a specific way, s | EXPERIMENT"
8bda2332,probe_tw,53,8,go north,0.0,0,1,False,"belief=I am in a Laundromat with an iron and a passkey, and my next step is t | rule=I now hypothesize that moving to a new location may raise the score. I | EXPERIMENT"
8bda2332,probe_tw,53,9,take loaf of bread,0.0,0,1,False,"belief=I am in a Dish-Pit with an iron and a passkey, and my next step is to  | rule=I now hypothesize that taking a specific object, such as the loaf of b | EXPERIMENT"
8bda2332,probe_tw,53,10,eat loaf of bread,0.0,0,1,False,"belief=I am in a Dish-Pit with an iron, a passkey, and a loaf of bread, and m | rule=I now hypothesize that using or combining objects in a specific way ma | EXPERIMENT"
8bda2332,probe_tw,53,11,go south,0.0,0,1,False,"belief=I am in a Dish-Pit with an iron, a passkey, and after eating the loaf  | rule=I now hypothesize that moving to a new location with the iron or passk | EXPERIMENT"
8bda2332,probe_tw,53,12,open gateway,0.0,0,1,False,"belief=I am in a Laundromat with an iron and a passkey, and my next step is t | rule=I now hypothesize that using the passkey to unlock a locked object or  | EXPERIMENT"
8bda2332,probe_tw,53,13,examine iron,0.0,0,1,False,"belief=I am in a Laundromat with an iron and a passkey, and my next step is t | rule=I now hypothesize that examining a specific object, such as the iron o | EXPERIMENT"
8bda2332,probe_tw,53,14,insert iron into cabinet,1.0,1,1,True,"belief=I am in a Laundromat with an iron and a passkey, and my next step is t | rule=I now hypothesize that inserting a specific object, such as the iron,  | EXPERIMENT"
8bda2332,probe_tw,54,0,examine teacup,0.0,0,1,False,"belief=I need to figure out what earns a score in this world | rule=I don't know what earns a score yet, and I have ruled out nothing | EXPERIMENT"
8bda2332,probe_tw,54,1,examine trunk,0.0,0,1,False,"belief=I am in the basement with a teacup, my next step is to examine the tru | rule=I still don't know what earns a score, but I have ruled out examining "
8bda2332,probe_tw,54,2,open trunk,0.0,0,1,False,"belief=I am in the basement with a teacup, my next step is to try opening the | rule=I still don't know what earns a score, but I have ruled out examining "
8bda2332,probe_tw,54,3,go north,0.0,0,1,False,"belief=I am in the basement with a teacup and I need to try opening the trunk | rule=I still don't know what earns a score, but I have ruled out examining "
8bda2332,probe_tw,54,4,examine cabinet,0.0,0,1,False,"belief=I am in the office with a teacup and I need to try interacting with th | rule=I still don't know what earns a score, but I have ruled out examining "
8bda2332,probe_tw,54,5,examine cashew,0.0,0,1,False,"belief=I am in the office with a teacup and I need to try interacting with th | rule=I still don't know what earns a score, but I have ruled out examining "
8bda2332,probe_tw,54,6,examine cashew,0.0,0,1,False,"belief=I am in the office with a teacup and my next step is to examine the ca | rule=I still don't know what earns a score, but I have ruled out examining "
8bda2332,probe_tw,54,7,take cashew from cabinet,0.0,0,1,False,"belief=I am in the office with a teacup, and my next step is to test the hypo | rule=I hypothesize that taking a specific object from the cabinet, such as  | EXPERIMENT"
8bda2332,probe_tw,54,8,eat cashew,1.0,1,1,True,"belief=I am in the office with a cashew and a teacup, and my next step is to  | rule=I hypothesize that consuming a specific object, such as the cashew, ma | EXPERIMENT"
8bda2332,probe_tw,55,0,examine portal,0.0,0,1,False,"belief={'situation': 'I am in a location with a portal and a trunk, and I nee | rule=unknown; I do not yet know what earns score, so I must discover it by  | EXPERIMENT"
8bda2332,probe_tw,55,1,look,0.0,0,1,False,"belief={'situation': 'I am in a location with a portal and need to find a way | rule=unknown; I do not yet know what earns score, so I must discover it by  | EXPERIMENT"
8bda2332,probe_tw,55,2,examine trunk,0.0,0,1,False,"belief={'situation': 'I am in a location with a portal and a trunk, and I nee | rule=unknown; I do not yet know what earns score, so I must discover it by  | EXPERIMENT"
8bda2332,probe_tw,55,3,go north,0.0,0,1,False,"belief={'situation': 'I am in a location with a portal and a trunk, and I nee | rule=unknown; I do not yet know what earns score, so I must discover it by  | EXPERIMENT"
8bda2332,probe_tw,55,4,take dvd from bed,0.0,0,1,False,"belief={'situation': 'I am in a bedroom with a bed, dvd, and open portal, and | rule=unknown; I do not yet know what earns score, so I must discover it by  | EXPERIMENT"
8bda2332,probe_tw,55,5,examine dvd,0.0,0,1,False,"belief={'situation': 'I am in a bedroom with a bed, dvd, and open portal, and | rule=unknown; I do not yet know what earns score, so I must discover it by  | EXPERIMENT"
8bda2332,probe_tw,55,6,put dvd on bed,0.0,0,1,False,"belief={'situation': 'I am in a bedroom with a bed, dvd, and open portal, and | rule=unknown; I do not yet know what earns score, so I must discover it by  | EXPERIMENT"
8bda2332,probe_tw,55,7,examine portal,0.0,0,1,False,"belief={'situation': 'I am in a bedroom with a bed, dvd, and open portal, and | rule=unknown; I do not yet know what earns score, so I must discover it by  | EXPERIMENT"
8bda2332,probe_tw,55,8,examine bed,0.0,0,1,False,"belief={'situation': 'I am in a bedroom with a bed, dvd, and open portal, and | rule=unknown; I do not yet know what earns score, so I must discover it by  | EXPERIMENT"
8bda2332,probe_tw,55,9,go east,0.0,0,1,False,"belief={'situation': 'I am in a bedroom with a bed, dvd, and open portal, and | rule=unknown; I do not yet know what earns score, so I must discover it by  | EXPERIMENT"
8bda2332,probe_tw,55,10,take latchkey,0.0,0,1,False,"belief={'situation': 'I am in a laundromat with a safe, an entranceway to the | rule=unknown; I do not yet know what earns score, so I must discover it by  | EXPERIMENT"
8bda2332,probe_tw,55,11,unlock safe with latchkey,0.0,0,1,False,"belief={'situation': 'I am in a laundromat with a latchkey and need to find a | rule=unknown; I do not yet know what earns score, so I must discover it by  | EXPERIMENT"
8bda2332,probe_tw,55,12,examine safe,0.0,0,1,False,"belief={'situation': 'I am in a laundromat with a latchkey and an unlocked sa | rule=unknown; I do not yet know what earns score, so I must discover it by  | EXPERIMENT"
8bda2332,probe_tw,55,13,open safe,0.0,0,1,False,"belief={'situation': 'I am in a laundromat with a latchkey and an unlocked sa | rule=unknown; I do not yet know what earns score, so I must discover it by  | EXPERIMENT"
8bda2332,probe_tw,55,14,examine latchkey,0.0,0,1,False,"belief={'situation': 'I am in a laundromat with a latchkey and an unlocked sa | rule=unknown; I do not yet know what earns score, so I must discover it by  | EXPERIMENT"
8bda2332,probe_tw,55,15,go west,0.0,0,1,False,"belief={'situation': 'I am in a laundromat with a latchkey and an unlocked sa | rule=unknown; I do not yet know what earns score, so I must discover it by  | EXPERIMENT"
8bda2332,probe_tw,55,16,examine portal,0.0,0,1,False,"belief={'situation': 'I am in a bedroom with a latchkey and a dvd on the bed, | rule=unknown; I do not yet know what earns score, so I must discover it by  | EXPERIMENT"
8bda2332,probe_tw,55,17,take dvd from bed,0.0,0,1,False,"belief={'situation': 'I am in a bedroom with a latchkey and a portal, and I n | rule=unknown; I do not yet know what earns score, so I must discover it by  | EXPERIMENT"
8bda2332,probe_tw,55,18,examine dvd,0.0,0,1,False,"belief={'situation': 'I am in a bedroom with a latchkey and a dvd, and my pre | rule=unknown; I do not yet know what earns score, so I must discover it by  | EXPERIMENT"
8bda2332,probe_tw,55,19,examine bed,0.0,0,1,False,"belief={'situation': 'I am in a bedroom with a latchkey and a dvd, and my pre | rule=unknown; I do not yet know what earns score, so I must discover it by  | EXPERIMENT"
8bda2332,probe_tw,55,20,put dvd on bed,0.0,0,1,False,"belief=I am in a bedroom with a latchkey and a dvd, and my previous actions h | rule=Using or examining an object in a new way will provide new information | EXPERIMENT"
8bda2332,probe_tw,55,21,put latchkey on bed,0.0,0,1,False,"belief=I am in a bedroom with a latchkey and a dvd, and my previous actions h | rule=I hypothesize that using the latchkey to unlock or interact with somet | EXPERIMENT"
8bda2332,probe_tw,55,22,go east,0.0,0,1,False,"belief=I am in a bedroom with a latchkey and a dvd, and my previous actions h | rule=I hypothesize that moving to a new location or interacting with object | EXPERIMENT"
8bda2332,probe_tw,55,23,examine safe,0.0,0,1,False,belief=I am in a laundromat with an empty safe and an unguarded entranceway t | rule=I hypothesize that interacting with the safe or exploring new areas wi | EXPERIMENT
8bda2332,probe_tw,55,24,go west,0.0,0,1,False,belief=I am in a laundromat with an empty safe and an unguarded entranceway t | rule=I hypothesize that the score rises when I interact with specific objec | EXPERIMENT
8bda2332,probe_tw,55,25,take dvd from bed,0.0,0,1,False,"belief=I am in a bedroom with a bed, latchkey, and dvd. My next step is to ex | rule=I hypothesize that the score rises when I take or manipulate specific  | EXPERIMENT"
8bda2332,probe_tw,55,26,take latchkey from bed,0.0,0,1,False,"belief=I am in a bedroom with a bed, a latchkey, and a dvd. My next step is t | rule=I hypothesize that the score rises when I take or manipulate specific  | EXPERIMENT"
8bda2332,probe_tw,55,27,examine portal,0.0,0,1,False,"belief=I am in a bedroom with a bed, a latchkey, and a dvd. My next step is t | rule=I hypothesize that the score rises when I use the latchkey to unlock s | EXPERIMENT"
8bda2332,probe_tw,55,28,examine bed,0.0,0,1,False,"belief=I am in a bedroom with a bed, a latchkey, and a dvd. My next step is t | rule=I hypothesize that the score rises when I interact with the portal or  | EXPERIMENT"
8bda2332,probe_tw,55,29,put dvd on bed,0.0,0,1,False,"belief=I am in a bedroom with a bed, a latchkey, and a dvd. My next step is t | rule=I hypothesize that the score rises when a specific object is used in a | EXPERIMENT"
8bda2332,probe_tw,56,0,put berry on shelf,0.0,0,1,False,"belief={'situation': 'I am in a location with a shelf and I have a berry and  | rule=unknown; I do not yet know what earns score, so I must discover it by  | EXPERIMENT"
8bda2332,probe_tw,56,1,examine Canadian key,0.0,0,1,False,"belief={'situation': 'I am in a location with a shelf and I have a berry and  | rule=unknown; I do not yet know what earns score, so I must discover it by  | EXPERIMENT"
8bda2332,probe_tw,56,2,put Canadian key on shelf,0.0,0,1,False,"belief={'situation': 'I am in a garage with a Canadian key and I need to find | rule=unknown; I do not yet know what earns score, so I must discover it by  | EXPERIMENT"
8bda2332,probe_tw,56,3,take Canadian key from shelf,0.0,0,1,False,"belief={'situation': 'I am in a garage with a Canadian key on the shelf and m | rule=unknown; I do not yet know what earns score, so I must discover it by  | EXPERIMENT"
8bda2332,probe_tw,56,4,go north,0.0,0,1,False,"belief={'situation': 'I am in a garage with a Canadian key and my previous ac | rule=unknown; I do not yet know what earns score, so I must discover it by  | EXPERIMENT"
8bda2332,probe_tw,56,5,open Canadian locker,0.0,0,1,False,"belief={'situation': 'I am in the attic with a Canadian key and need to try a | rule=unknown; I do not yet know what earns score, so I must discover it by  | EXPERIMENT"
8bda2332,probe_tw,56,6,take gummy bear from Canadian locker,0.0,0,1,False,"belief={'situation': 'I am in the attic with a Canadian key and a gummy bear, | rule=unknown; I do not yet know what earns score, so I must discover it by  | EXPERIMENT"
8bda2332,probe_tw,56,7,eat gummy bear,1.0,1,1,True,"belief={'situation': 'I am in the attic with a Canadian key and a gummy bear, | rule=unknown; I do not yet know what earns score, so I must discover it by  | EXPERIMENT"
8bda2332,probe_tw,57,0,unlock chest with key,0.0,0,1,False,"belief={'situation': 'I am in a location with various objects and a portal, a | rule=unknown; I do not yet know what earns score, so I must discover it by  | EXPERIMENT"
8bda2332,probe_tw,57,1,examine Canadian limited edition box,0.0,0,1,False,"belief={'situation': 'I am in a cubicle with various objects and a portal, an | rule=unknown; I do not yet know what earns score, so I must discover it by  | EXPERIMENT"
8bda2332,probe_tw,57,2,go west,0.0,0,1,False,"belief={'situation': 'I am in a cubicle with various objects and a portal, an | rule=unknown; I do not yet know what earns score, so I must discover it by  | EXPERIMENT"
8bda2332,probe_tw,57,3,go east,0.0,0,1,False,"belief={'situation': 'I am in a shower with a key and an exit to the east, an | rule=unknown; I do not yet know what earns score, so I must discover it by  | EXPERIMENT"
8bda2332,probe_tw,57,4,examine binder,0.0,0,1,False,"belief={'situation': 'I am in a cubicle with a key, a Canadian limited editio | rule=unknown; I do not yet know what earns score, so I must discover it by  | EXPERIMENT"
8bda2332,probe_tw,57,5,take binder,0.0,0,1,False,"belief={'situation': 'I am in a cubicle with a key, a Canadian limited editio | rule=unknown; I do not yet know what earns score, so I must discover it by  | EXPERIMENT"
8bda2332,probe_tw,57,6,examine portal,0.0,0,1,False,"belief={'situation': 'I am in a cubicle with a key, a Canadian limited editio | rule=unknown; I do not yet know what earns score, so I must discover it by  | EXPERIMENT"
8bda2332,probe_tw,57,7,lock chest with key,0.0,0,1,False,"belief={'situation': 'I am in a cubicle with a key, a Canadian limited editio | rule=unknown; I do not yet know what earns score, so I must discover it by  | EXPERIMENT"
8bda2332,probe_tw,57,8,examine Canadian limited edition box,0.0,0,1,False,"belief={'situation': 'I am in a cubicle with a key, a Canadian limited editio | rule=unknown; I do not yet know what earns score, so I must discover it by  | EXPERIMENT"
8bda2332,probe_tw,57,9,open Canadian limited edition box,0.0,0,1,False,"belief={'situation': 'I am in a cubicle with a key, a Canadian limited editio | rule=unknown; I do not yet know what earns score, so I must discover it by  | EXPERIMENT"
8bda2332,probe_tw,57,10,insert key into Canadian limited edition box,0.0,0,1,False,"belief={'situation': 'I am in a cubicle with a key, a Canadian limited editio | rule=unknown; I do not yet know what earns score, so I must discover it by  | EXPERIMENT"
8bda2332,probe_tw,57,11,insert binder into Canadian limited edition box,0.0,0,1,False,"belief={'situation': 'I am in a cubicle with a key, a Canadian limited editio | rule=unknown; I do not yet know what earns score, so I must discover it by  | EXPERIMENT"
8bda2332,probe_tw,57,12,take binder from Canadian limited edition box,0.0,0,1,False,"belief={'situation': 'I am in a cubicle with a key, a Canadian limited editio | rule=unknown; I do not yet know what earns score, so I must discover it by  | EXPERIMENT"
8bda2332,probe_tw,57,13,examine binder,0.0,0,1,False,"belief={'situation': 'I am in a cubicle with a binder, a Canadian limited edi | rule=unknown; I do not yet know what earns score, so I must discover it by  | EXPERIMENT"
8bda2332,probe_tw,57,14,examine chest,0.0,0,1,False,"belief={'situation': 'I am in a cubicle with a binder, a Canadian limited edi | rule=unknown; I do not yet know what earns score, so I must discover it by  | EXPERIMENT"
8bda2332,probe_tw,57,15,examine portal,0.0,0,1,False,"belief={'situation': 'I am in a cubicle with a binder, a Canadian limited edi | rule=unknown; I do not yet know what earns score, so I must discover it by  | EXPERIMENT"
8bda2332,probe_tw,57,16,drop binder,0.0,0,1,False,"belief={'situation': 'I am in a cubicle with a binder, a Canadian limited edi | rule=unknown; I do not yet know what earns score, so I must discover it by  | EXPERIMENT"
8bda2332,probe_tw,57,17,take binder,0.0,0,1,False,"belief={'situation': 'I am in a cubicle with a binder on the ground, a Canadi | rule=unknown; I do not yet know what earns score, so I must discover it by  | EXPERIMENT"
8bda2332,probe_tw,57,18,insert binder into Canadian limited edition box,0.0,0,1,False,"belief={'situation': 'I am in a cubicle with a binder, a Canadian limited edi | rule=unknown; I do not yet know what earns score, so I must discover it by  | EXPERIMENT"
8bda2332,probe_tw,57,19,examine Canadian limited edition box,0.0,0,1,False,"belief={'situation': 'I am in a cubicle with a binder inserted into the Canad | rule=unknown; I do not yet know what earns score, so I must discover it by  | EXPERIMENT"
8bda2332,probe_tw,57,20,take key from Canadian limited edition box,0.0,0,1,False,"belief={'situation': 'I am in a cubicle with a binder and a key in the Canadi | rule=unknown; I do not yet know what earns score, so I must discover it by  | EXPERIMENT"
8bda2332,probe_tw,57,21,unlock chest with key,0.0,0,1,False,"belief={'situation': 'I am in a cubicle with a key and my next step is to tes | rule=unknown; I do not yet know what earns score, so I must discover it by  | EXPERIMENT"
8bda2332,probe_tw,57,22,examine portal,0.0,0,1,False,"belief={'situation': 'I am in a cubicle with a key and my next step is to tes | rule=unknown; I do not yet know what earns score, so I must discover it by  | EXPERIMENT"
8bda2332,probe_tw,57,23,go west,0.0,0,1,False,"belief={'situation': 'I am in a cubicle with a key and my next step is to tes | rule=unknown; I do not yet know what earns score, so I must discover it by  | EXPERIMENT"
8bda2332,probe_tw,57,24,examine key,0.0,0,1,False,"belief={'situation': 'I am in a shower with a key and my next step is to test | rule=unknown; I do not yet know what earns score, so I must discover it by  | EXPERIMENT"
8bda2332,probe_tw,57,25,examine key,0.0,0,1,False,"belief=I am in a shower with a key and my next step is to test the hypothesis | rule=I believe that examining objects will raise my score, and I have ruled | EXPERIMENT"
8bda2332,probe_tw,57,26,go east,0.0,0,1,False,"belief=I am in a shower with a key and my next step is to test the hypothesis | rule=I believe that moving to a specific location will raise my score, and  | EXPERIMENT"
8bda2332,probe_tw,57,27,take binder from Canadian limited edition box,0.0,0,1,False,"belief=I am in a cubicle with a key and my next step is to test the hypothesi | rule=I believe that taking a specific object, such as the binder, from the  | EXPERIMENT"
8bda2332,probe_tw,57,28,insert binder into Canadian limited edition box,0.0,0,1,False,"belief=I am in a cubicle with a key and my next step is to test the hypothesi | rule=I believe that taking a specific object, such as the binder, from the  | EXPERIMENT"
8bda2332,probe_tw,57,29,insert key into Canadian limited edition box,0.0,0,1,False,belief=I am in a cubicle with a key and my next step is to test the hypothesi | rule=I believe that using the key to unlock or insert into a specific objec | EXPERIMENT
8bda2332,probe_tw,58,0,unlock hatch with key,0.0,0,1,False,"belief={'situation': 'I am in a location with a hatch and I have a key, a pea | rule=unknown; I do not yet know what earns score, so I must discover it by  | EXPERIMENT"
8bda2332,probe_tw,58,1,examine bug,0.0,0,1,False,"belief={'situation': 'I am in a location with a hatch, a canteen, and I have  | rule=unknown; I do not yet know what earns score, so I must discover it by  | EXPERIMENT"
8bda2332,probe_tw,58,2,eat peanut,0.0,0,1,False,"belief={'situation': 'I am in a location with a hatch, a canteen, and I have  | rule=unknown; I do not yet know what earns score, so I must discover it by  | EXPERIMENT"
8bda2332,probe_tw,58,3,drop bug,0.0,0,1,False,"belief={'situation': 'I am in a location with a hatch, a canteen, and I have  | rule=unknown; I do not yet know what earns score, so I must discover it by  | EXPERIMENT"
8bda2332,probe_tw,58,4,take bug,0.0,0,1,False,"belief=I need to test the rule that dropping an object will earn a score | rule=I have ruled out that dropping a bug will earn a score, and I now beli | EXPERIMENT"
8bda2332,probe_tw,58,5,examine hatch,0.0,0,1,False,"belief=I am at the Canteen, and my next step is to test taking an object to s | rule=I believe that taking an object might earn a score, and I have ruled o"
8bda2332,probe_tw,58,6,open hatch,0.0,0,1,False,"belief=I am at the Canteen, and my next step is to test opening the hatch to  | rule=I believe that interacting with the hatch, possibly opening it or taki"
8bda2332,probe_tw,58,7,go north,0.0,0,1,False,"belief=I am at the Canteen, and my next step is to test if moving to a differ | rule=I now believe that moving to a specific location or delivering an obje | EXPERIMENT"
8bda2332,probe_tw,58,8,insert bug into coffer,0.0,0,1,False,"belief=I am in the basement, and my next step is to test if inserting an obje | rule=I now believe that inserting a specific object into the coffer might e | EXPERIMENT"
8bda2332,probe_tw,58,9,insert key into coffer,0.0,0,1,False,"belief=I am in the basement, and my next step is to test if inserting a diffe | rule=I now believe that inserting a specific object, possibly the key, into | EXPERIMENT"
8bda2332,probe_tw,58,10,examine coffer,0.0,0,1,False,"belief=I am in the basement, and my next step is to test if examining the cof | rule=I now believe that examining a specific object or location, possibly t | EXPERIMENT"
8bda2332,probe_tw,58,11,take bug from coffer,0.0,0,1,False,"belief=I am in the basement, and my next step is to test if taking an object  | rule=I now believe that taking a specific object from the coffer might earn | EXPERIMENT"
8bda2332,probe_tw,58,12,examine bug,0.0,0,1,False,"belief=I am in the basement, and my next step is to test if examining the bug | rule=I now believe that examining a specific object, such as the bug, might | EXPERIMENT"
8bda2332,probe_tw,58,13,drop bug,0.0,0,1,False,"belief=I am in the basement, and my next step is to test if dropping the bug  | rule=I now believe that releasing or dropping an object, such as the bug, m | EXPERIMENT"
8bda2332,probe_tw,58,14,take bug,0.0,0,1,False,"belief=I am in the basement, and my next step is to test if dropping the bug  | rule=I now believe that releasing or dropping an object, such as the bug, m | EXPERIMENT"
8bda2332,probe_tw,58,15,examine crate,0.0,0,1,False,"belief=I am in the basement with a bug, and my next step is to test if examin | rule=I now believe that examining specific objects or locations, such as th | EXPERIMENT"
8bda2332,probe_tw,58,16,examine hatch,0.0,0,1,False,"belief=I am in the basement with a bug, and my next step is to test if intera | rule=I now believe that interacting with the hatch, possibly by examining o | EXPERIMENT"
8bda2332,probe_tw,58,17,insert bug into coffer,0.0,0,1,False,"belief=I am in the basement with a bug, and my next step is to test if insert | rule=I now believe that combining or delivering a specific object, such as  | EXPERIMENT"
8bda2332,probe_tw,58,18,take key from coffer,0.0,0,1,False,"belief=I am in the basement with a bug in the coffer, and my next step is to  | rule=I now believe that taking a specific object from the coffer, such as t | EXPERIMENT"
8bda2332,probe_tw,58,19,open crate,0.0,0,1,False,"belief=I am in the basement with a key, and my next step is to test if using  | rule=I now believe that using the key to unlock a specific object or door m | EXPERIMENT"
8bda2332,probe_tw,58,20,go south,0.0,0,1,False,"belief=I am in the basement with a key, and my next step is to test if moving | rule=I now believe that moving to a specific location or finding a particul | EXPERIMENT"
8bda2332,probe_tw,58,21,go north,0.0,0,1,False,"belief=I am in the canteen with a key, and my next step is to test if moving  | rule=I now believe that moving to a specific location, such as one that is  | EXPERIMENT"
8bda2332,probe_tw,58,22,take bug from coffer,0.0,0,1,False,"belief=I am in the basement with a key, and my next step is to test if intera | rule=I now believe that possessing or manipulating a specific object, such  | EXPERIMENT"
8bda2332,probe_tw,58,23,examine bug,0.0,0,1,False,"belief=I am in the basement with a key and a bug, and my next step is to test | rule=I now believe that examining a specific object, such as the bug, might | EXPERIMENT"
8bda2332,probe_tw,58,24,examine coffer,0.0,0,1,False,"belief=I am in the basement with a key and a bug, and my next step is to test | rule=I now believe that examining a container, such as the coffer, might ea | EXPERIMENT"
8bda2332,probe_tw,58,25,insert bug into coffer,0.0,0,1,False,"belief=I am in the basement with a key and a bug, and my next step is to test | rule=I now believe that inserting a specific object, such as the bug, into  | EXPERIMENT"
8bda2332,probe_tw,58,26,insert key into coffer,0.0,0,1,False,"belief=I am in the basement with a key and a bug inserted into the coffer, an | rule=I now believe that using the key with a specific object or container,  | EXPERIMENT"
8bda2332,probe_tw,58,27,take key from coffer,0.0,0,1,False,"belief=I am in the basement with a key inserted into the coffer, and my next  | rule=I now believe that removing an object from the coffer or reversing a p | EXPERIMENT"
8bda2332,probe_tw,58,28,go south,0.0,0,1,False,"belief=I am in the basement with a key, and my next step is to test if moving | rule=I now believe that moving to a specific location or interacting with a | EXPERIMENT"
8bda2332,probe_tw,58,29,examine hatch,0.0,0,1,False,"belief=I am in the canteen with a key, and my next step is to test if using t | rule=I now believe that using the key to unlock a specific location or obje | EXPERIMENT"
8bda2332,probe_tw,59,0,examine key,0.0,0,1,False,belief=The situation is unknown and we need to discover what earns the score | rule=We need to test the rule that taking a key might be necessary to earn  | EXPERIMENT
8bda2332,probe_tw,59,1,look,0.0,0,1,False,"belief=We are in an office with a key and our next step is to explore the sur | rule=Taking a key might be necessary to earn a score, but examining the key"
8bda2332,probe_tw,59,2,go north,0.0,0,1,False,"belief=We are in an office with a key and our next step is to explore the sur | rule=Taking a key might be necessary to earn a score, but examining the key"
8bda2332,probe_tw,59,3,look,0.0,0,1,False,"belief=We are in a scullery and our next step is to explore the surroundings  | rule=Taking a key might be necessary to earn a score, but examining the key"
8bda2332,probe_tw,59,4,examine chest,0.0,0,1,False,"belief=We are in a scullery and our next step is to examine the chest to gath | rule=Taking a key might be necessary to earn a score, but examining the key"
8bda2332,probe_tw,59,5,unlock chest with key,0.0,0,1,False,"belief=We are in a scullery with a chest and a key, and our next step is to t | rule=Taking a key and interacting with other objects like the chest could b"
8bda2332,probe_tw,59,6,examine chest,0.0,0,1,False,"belief=We are in a scullery with an unlocked chest and a key, and our next st | rule=Using a key on an object like the chest could be rewarded, examining t"
8bda2332,probe_tw,59,7,open chest,0.0,0,1,False,"belief=We are in a scullery with an unlocked chest and a key, and our next st | rule=Possibly interacting with the contents of the chest or using the chest | EXPERIMENT"
8bda2332,probe_tw,59,8,examine gate,0.0,0,1,False,"belief=We are in a scullery with an unlocked and open chest, and a key, and o | rule=Possibly the score rises when we interact with other objects or the en | EXPERIMENT"
8bda2332,probe_tw,59,9,open gate,0.0,0,1,False,"belief=We are in a scullery with an unlocked and open chest, and a key, and o | rule=Possibly the score rises when we interact with the gate in a specific  | EXPERIMENT"
8bda2332,probe_tw,59,10,go east,0.0,0,1,False,"belief=We are in a scullery with an open gate and a key, and our next step is | rule=Possibly the score rises when we move to a new location or access a pr | EXPERIMENT"
8bda2332,probe_tw,59,11,examine display,0.0,0,1,False,"belief=We are in a cellar with an open gate, a locked display, and a key, and | rule=Possibly the score rises when we interact with or unlock the display,  | EXPERIMENT"
8bda2332,probe_tw,59,12,examine key,0.0,0,1,False,"belief=We are in a cellar with an open gate, a locked display, and a key, and | rule=Possibly the score rises when we unlock the display with the key, and  | EXPERIMENT"
8bda2332,probe_tw,59,13,drop key,0.0,0,1,False,"belief=We are in a cellar with an open gate, a locked display, and a key, and | rule=Possibly the score rises when we drop or relinquish possession of an o | EXPERIMENT"
8bda2332,probe_tw,59,14,take key,0.0,0,1,False,"belief=We are in a cellar with an open gate, a locked display, and a key on t | rule=Possibly the score rises when we pick up or possess a specific object, | EXPERIMENT"
8bda2332,probe_tw,59,15,close gate,1.0,1,1,True,"belief=We are in a cellar with an open gate, a locked display, and a key in o | rule=Possibly the score rises when we interact with the environment in a sp | EXPERIMENT"
8bda2332,probe_tw,60,0,examine type B chest,0.0,0,1,False,"belief={'situation': 'I am in an unknown location with a chest and a key, and | rule=unknown; I do not yet know what earns score, so I must discover it by  | EXPERIMENT"
8bda2332,probe_tw,60,1,take type B key,0.0,0,1,False,"belief={'situation': 'I am in an unknown location with a chest and a key, and | rule=unknown; I do not yet know what earns score, so I must discover it by  | EXPERIMENT"
8bda2332,probe_tw,60,2,unlock type B chest with type B key,0.0,0,1,False,"belief={'situation': 'I am in a cubicle with a type B key and a chest, and my | rule=unknown; I do not yet know what earns score, so I must discover it by  | EXPERIMENT"
8bda2332,probe_tw,60,3,go west,0.0,0,1,False,"belief={'situation': 'I am in a cubicle with a type B key and an unlocked typ | rule=unknown; I do not yet know what earns score, so I must discover it by  | EXPERIMENT"
8bda2332,probe_tw,60,4,take mop,0.0,0,1,False,"belief={'situation': 'I am in a washroom with a type B key, an empty drawer,  | rule=unknown; I do not yet know what earns score, so I must discover it by  | EXPERIMENT"
8bda2332,probe_tw,60,5,insert mop into drawer,0.0,0,1,False,"belief={'situation': 'I am in a washroom with a type B key, an empty drawer,  | rule=unknown; I do not yet know what earns score, so I must discover it by  | EXPERIMENT"
8bda2332,probe_tw,60,6,open hatch,0.0,0,1,False,"belief={'situation': 'I am in a washroom with a type B key and a mop in the d | rule=unknown; I do not yet know what earns score, so I must discover it by  | EXPERIMENT"
8bda2332,probe_tw,60,7,examine hatch,0.0,0,1,False,"belief={'situation': 'I am in a washroom with a type B key and I have opened  | rule=unknown; I do not yet know what earns score, so I must discover it by  | EXPERIMENT"
8bda2332,probe_tw,60,8,examine drawer,0.0,0,1,False,"belief={'situation': 'I am in a washroom with a type B key and I have opened  | rule=unknown; I do not yet know what earns score, so I must discover it by  | EXPERIMENT"
8bda2332,probe_tw,60,9,insert type B key into drawer,0.0,0,1,False,"belief={'situation': 'I am in a washroom with a type B key and I have examine | rule=unknown; I do not yet know what earns score, so I must discover it by  | EXPERIMENT"
8bda2332,probe_tw,60,10,go east,0.0,0,1,False,"belief={'situation': 'I am in a washroom with a type B key in the drawer and  | rule=unknown; I do not yet know what earns score, so I must discover it by  | EXPERIMENT"
8bda2332,probe_tw,60,11,examine type B chest,0.0,0,1,False,"belief={'situation': 'I am in a cubicle with a type B chest and an exit to th | rule=unknown; I do not yet know what earns score, so I must discover it by  | EXPERIMENT"
8bda2332,probe_tw,60,12,open type B chest,0.0,0,1,False,"belief=I am in a cubicle with a type B chest and an exit to the west. My next | rule=I need to find a way to open the type B chest, as it seems impossible  | EXPERIMENT"
8bda2332,probe_tw,60,13,take keyboard from type B chest,1.0,1,1,True,"belief=I am in a cubicle with a type B chest containing a keyboard and an exi | rule=I hypothesize that taking a specific object, such as the keyboard, and | EXPERIMENT"
8bda2332,probe_tw,61,0,examine gate,0.0,0,1,False,"belief=I am at a gate with a loaf of bread, my next step is to examine the ga | rule=I hypothesize that examining objects or locations earns score, I have  | EXPERIMENT"
8bda2332,probe_tw,61,1,examine loaf of bread,0.0,0,1,False,"belief=I am at a gate with a loaf of bread, my next step is to examine the lo | rule=I hypothesize that examining objects or locations earns score, I have "
8bda2332,probe_tw,61,2,examine locker,0.0,0,1,False,"belief=I am at a garage with a loaf of bread, my next step is to examine the  | rule=I hypothesize that examining objects or locations earns score, I have "
8bda2332,probe_tw,61,3,go west,0.0,0,1,False,"belief=I am at a garage with a loaf of bread, my next step is to try going we | rule=I hypothesize that examining objects or locations, or moving to new ar"
8bda2332,probe_tw,61,4,examine cuboid latchkey,0.0,0,1,False,"belief=I am in a shower with a loaf of bread, my next step is to examine the  | rule=I hypothesize that interacting with objects in a different way, such a"
8bda2332,probe_tw,61,5,take cuboid latchkey,0.0,0,1,False,"belief=I am in a shower with a loaf of bread and a cuboid latchkey, my next s | rule=I hypothesize that taking or manipulating objects earns score. I have "
8bda2332,probe_tw,61,6,unlock cuboid box with cuboid latchkey,0.0,0,1,False,"belief=I am in a shower with a loaf of bread and a cuboid latchkey, my next s | rule=I hypothesize that using or manipulating objects in a specific way, su"
8bda2332,probe_tw,61,7,eat loaf of bread,0.0,0,1,False,"belief=I am in a shower with a loaf of bread and a cuboid latchkey, my next s | rule=I hypothesize that consuming or using an object in a way that changes  | EXPERIMENT"
8bda2332,probe_tw,61,8,put cuboid latchkey on rack,0.0,0,1,False,"belief=I am in a shower with a cuboid latchkey, my next step is to test the n | rule=I hypothesize that organizing or placing objects in a specific locatio | EXPERIMENT"
8bda2332,probe_tw,61,9,go east,0.0,0,1,False,"belief=I am in a shower with a cuboid latchkey on the rack, my next step is t | rule=I hypothesize that movement or exploration, such as going to a new loc | EXPERIMENT"
8bda2332,probe_tw,61,10,examine locker,0.0,0,1,False,"belief=I am in a garage with a locked locker and a closed gate, my next step  | rule=I hypothesize that interacting with specific objects, such as the lock | EXPERIMENT"
8bda2332,probe_tw,61,11,examine gate,0.0,0,1,False,"belief=I am in a garage with a locked locker and a closed gate, my next step  | rule=I hypothesize that interacting with the gate, possibly opening it or e | EXPERIMENT"
8bda2332,probe_tw,61,12,go west,0.0,0,1,False,"belief=I am in a garage with a closed gate and a locker, my next step is to t | rule=I hypothesize that moving to a specific location or exploring new area | EXPERIMENT"
8bda2332,probe_tw,61,13,examine cuboid box,0.0,0,1,False,"belief=I am in a shower with various objects, my next step is to investigate  | rule=I hypothesize that interacting with or manipulating specific objects,  | EXPERIMENT"
8bda2332,probe_tw,61,14,take cuboid latchkey from rack,0.0,0,1,False,"belief=I am in a shower with a cuboid box and other objects, my next step is  | rule=I now hypothesize that taking or possessing a specific object, such as | EXPERIMENT"
8bda2332,probe_tw,61,15,lock cuboid box with cuboid latchkey,0.0,0,1,False,"belief=I am in a shower with a cuboid box and other objects, my next step is  | rule=I now hypothesize that using the cuboid latchkey to lock or unlock a s | EXPERIMENT"
8bda2332,probe_tw,61,16,drop cuboid latchkey,0.0,0,1,False,"belief=I am in a shower with a cuboid box and other objects, my next step is  | rule=I now hypothesize that releasing or putting away objects, such as the  | EXPERIMENT"
8bda2332,probe_tw,61,17,examine cuboid latchkey,0.0,0,1,False,"belief=I am in a shower with a cuboid box and other objects, my next step is  | rule=I now hypothesize that examining specific objects, such as the cuboid  | EXPERIMENT"
8bda2332,probe_tw,61,18,take cuboid latchkey,0.0,0,1,False,"belief=I am in a shower with a cuboid box and other objects, my next step is  | rule=I now hypothesize that possessing or holding a specific object, such a | EXPERIMENT"
8bda2332,probe_tw,61,19,go east,0.0,0,1,False,"belief=I am in a shower with a cuboid box and other objects, my next step is  | rule=I now hypothesize that moving to a specific location earns score. I ha | EXPERIMENT"
8bda2332,probe_tw,61,20,examine locker,0.0,0,1,False,"belief=I am in a garage with a locked locker and a cuboid latchkey, my next s | rule=I now hypothesize that using the cuboid latchkey to unlock the locker  | EXPERIMENT"
8bda2332,probe_tw,61,21,look,0.0,0,1,False,"belief=I am in a garage with a locked locker and a cuboid latchkey, my next s | rule=I now hypothesize that combining or using the cuboid latchkey in a dif | EXPERIMENT"
8bda2332,probe_tw,61,22,examine locker,0.0,0,1,False,"belief=I am in a garage with a locked locker and a cuboid latchkey, my next s | rule=I now hypothesize that using the cuboid latchkey to unlock the locked  | EXPERIMENT"
8bda2332,probe_tw,61,23,drop cuboid latchkey,0.0,0,1,False,"belief=I am in a garage with a locked locker and a cuboid latchkey, my next s | rule=I now hypothesize that dropping the cuboid latchkey is necessary for p | EXPERIMENT"
8bda2332,probe_tw,61,24,examine gate,0.0,0,1,False,"belief=I am in a garage with a dropped cuboid latchkey, my next step is to te | rule=I now hypothesize that examining a specific object or location in a de | EXPERIMENT"
8bda2332,probe_tw,61,25,take cuboid latchkey,0.0,0,1,False,"belief=I am in a garage with a closed gate and a dropped cuboid latchkey, my  | rule=I now hypothesize that taking or manipulating a specific object, such  | EXPERIMENT"
8bda2332,probe_tw,61,26,go west,0.0,0,1,False,"belief=I am in a garage with a closed gate and a cuboid latchkey, my next ste | rule=I now hypothesize that using a specific object, such as the cuboid lat | EXPERIMENT"
8bda2332,probe_tw,61,27,unlock cuboid box with cuboid latchkey,0.0,0,1,False,"belief=I am in a shower with a cuboid latchkey, my next step is to test the h | rule=I now hypothesize that using the cuboid latchkey to unlock or open a s | EXPERIMENT"
8bda2332,probe_tw,61,28,open cuboid box,0.0,0,1,False,"belief=I am in a shower with a cuboid latchkey and an unlocked cuboid box, my | rule=I now hypothesize that opening a specific object, such as the cuboid b | EXPERIMENT"
8bda2332,probe_tw,61,29,put cuboid latchkey on rack,0.0,0,1,False,"belief=I am in a shower with a cuboid latchkey and an unlocked, open cuboid b | rule=I now hypothesize that placing an object on a specific location, such  | EXPERIMENT"
8bda2332,probe_tw,62,0,examine spherical latchkey,0.0,0,1,False,"belief={'situation': 'I am in a room with various objects and a portal, and m | rule=unknown; I do not yet know what earns score, so I must discover it by  | EXPERIMENT"
8bda2332,probe_tw,62,1,take spherical latchkey from chair,0.0,0,1,False,"belief={'situation': 'I am in a room with various objects and a portal, and m | rule=unknown; I do not yet know what earns score, so I must discover it by  | EXPERIMENT"
8bda2332,probe_tw,62,2,unlock spherical box with spherical latchkey,0.0,0,1,False,"belief={'situation': 'I am in a room with various objects and a portal, and m | rule=unknown; I do not yet know what earns score, so I must discover it by  | EXPERIMENT"
8bda2332,probe_tw,62,3,put spherical latchkey on armchair,0.0,0,1,False,"belief={'situation': 'I am in a room with various objects and a portal, and m | rule=unknown; I do not yet know what earns score, so I must discover it by  | EXPERIMENT"
8bda2332,probe_tw,62,4,go west,0.0,0,1,False,"belief={'situation': 'I am in a room with various objects and a portal, and m | rule=unknown; I do not yet know what earns score, so I must discover it by  | EXPERIMENT"
8bda2332,probe_tw,62,5,go east,0.0,0,1,False,"belief={'situation': 'I am in a room with various objects and a portal, and m | rule=unknown; I do not yet know what earns score, so I must discover it by  | EXPERIMENT"
8bda2332,probe_tw,62,6,open portal,0.0,0,1,False,"belief={'situation': 'I am in a room with various objects and a portal, and m | rule=unknown; I do not yet know what earns score, so I must discover it by  | EXPERIMENT"
8bda2332,probe_tw,62,7,examine armchair,0.0,0,1,False,"belief={'situation': 'I am in a room with various objects and a portal, and m | rule=unknown; I do not yet know what earns score, so I must discover it by  | EXPERIMENT"
8bda2332,probe_tw,62,8,take spherical latchkey from armchair,0.0,0,1,False,"belief={'situation': 'I am in a room with a wobbly armchair and a spherical l | rule=unknown; I do not yet know what earns score, so I must discover it by  | EXPERIMENT"
8bda2332,probe_tw,62,9,lock spherical box with spherical latchkey,0.0,0,1,False,"belief={'situation': 'I am in a room with a wobbly armchair and a spherical l | rule=unknown; I do not yet know what earns score, so I must discover it by  | EXPERIMENT"
8bda2332,probe_tw,62,10,unlock spherical box with spherical latchkey,0.0,0,1,False,"belief={'situation': 'I am in a room with a wobbly armchair and a spherical l | rule=unknown; I do not yet know what earns score, so I must discover it by  | EXPERIMENT"
8bda2332,probe_tw,62,11,put spherical latchkey on armchair,0.0,0,1,False,"belief={'situation': 'I am in a room with a wobbly armchair and a spherical l | rule=unknown; I do not yet know what earns score, so I must discover it by  | EXPERIMENT"
8bda2332,probe_tw,62,12,go north,0.0,0,1,False,"belief={'situation': 'I am in a room with a wobbly armchair and a spherical l | rule=unknown; I do not yet know what earns score, so I must discover it by  | EXPERIMENT"
8bda2332,probe_tw,62,13,go south,0.0,0,1,False,"belief={'situation': 'I am in a steam room with an open portal leading south  | rule=unknown; I do not yet know what earns score, so I must discover it by  | EXPERIMENT"
8bda2332,probe_tw,62,14,examine spherical box,0.0,0,1,False,"belief={'situation': 'I am in a cubicle with various objects and exits, and m | rule=unknown; I do not yet know what earns score, so I must discover it by  | EXPERIMENT"
8bda2332,probe_tw,62,15,open spherical box,0.0,0,1,False,"belief={'situation': 'I am in a cubicle with a spherical box and other object | rule=unknown; I do not yet know what earns score, so I must discover it by  | EXPERIMENT"
8bda2332,probe_tw,62,16,take keyboard from spherical box,1.0,1,1,True,"belief={'situation': 'I am in a cubicle with a spherical box, a keyboard, and | rule=unknown; I do not yet know what earns score, so I must discover it by  | EXPERIMENT"
8bda2332,probe_tw,63,0,examine fridge,0.0,0,1,False,belief=I am in a kitchen with a fridge and I plan to examine the fridge to ga | rule=I hypothesize that examining objects or taking specific items from the | EXPERIMENT
8bda2332,probe_tw,63,1,examine loaf of bread,0.0,0,1,False,"belief=I am in a kitchen with a fridge and I plan to examine the loaf of brea | rule=I hypothesize that examining or interacting with specific objects, esp"
8bda2332,probe_tw,63,2,examine fork,0.0,0,1,False,"belief=I am in a kitchen with a fridge and I plan to examine the fork to gath | rule=I hypothesize that examining or interacting with specific objects, esp"
8bda2332,probe_tw,63,3,examine kettle,0.0,0,1,False,"belief=I am in a kitchen with a fridge and I plan to examine the kettle to ga | rule=I hypothesize that examining or interacting with specific objects, esp"
8bda2332,probe_tw,63,4,take kettle,0.0,0,1,False,belief=I am in a kitchenette and my next step is to examine the kettle more c | rule=I hypothesize that interacting with specific objects in a meaningful w
8bda2332,probe_tw,63,5,insert kettle into fridge,0.0,0,1,False,"belief=I am in a kitchenette, and my next step is to try inserting the kettle | rule=I hypothesize that interacting with specific objects in a meaningful w"
8bda2332,probe_tw,63,6,close fridge,0.0,0,1,False,"belief=I am in a kitchenette, and my next step is to try closing the fridge t | rule=I hypothesize that interacting with specific objects in a meaningful w"
8bda2332,probe_tw,63,7,drop fork,0.0,0,1,False,"belief=I am in a kitchenette, and my next step is to try dropping the fork to | rule=I hypothesize that releasing or dropping objects might earn score. I h | EXPERIMENT"
8bda2332,probe_tw,63,8,take fork,0.0,0,1,False,"belief=I am in a kitchenette, and my next step is to try taking the fork to u | rule=I hypothesize that taking or possessing specific objects might earn sc | EXPERIMENT"
8bda2332,probe_tw,63,9,go west,0.0,0,1,False,"belief=I am in a kitchenette, and my next step is to explore the surroundings | rule=I hypothesize that moving to a specific location or exploring new area | EXPERIMENT"
8bda2332,probe_tw,63,10,insert fork into portmanteau,0.0,0,1,False,"belief=I am in a salon, and my next step is to test the hypothesis that inser | rule=I hypothesize that inserting an object into another object, such as th | EXPERIMENT"
8bda2332,probe_tw,63,11,examine portmanteau,0.0,0,1,False,"belief=I am in a salon, and my next step is to test the hypothesis that exami | rule=I hypothesize that examining a specific object, such as the portmantea | EXPERIMENT"
8bda2332,probe_tw,63,12,take fork from portmanteau,0.0,0,1,False,"belief=I am in a salon, and my next step is to test the hypothesis that takin | rule=I hypothesize that taking a specific object, such as the fork, might e | EXPERIMENT"
8bda2332,probe_tw,63,13,go east,0.0,0,1,False,"belief=I am in a salon with a fork, and my next step is to test the hypothesi | rule=I hypothesize that moving to a specific location might earn score. I h | EXPERIMENT"
8bda2332,probe_tw,63,14,open fridge,0.0,0,1,False,"belief=I am in a kitchenette with a fork, and my next step is to test the hyp | rule=I hypothesize that interacting with the fridge, such as opening it, mi | EXPERIMENT"
8bda2332,probe_tw,63,15,take kettle from fridge,0.0,0,1,False,"belief=I am in a kitchenette with a fork, and my next step is to test the hyp | rule=I hypothesize that taking a specific object from the fridge, such as t | EXPERIMENT"
8bda2332,probe_tw,63,16,insert kettle into fridge,0.0,0,1,False,"belief=I am in a kitchenette with a fork and a kettle, and my next step is to | rule=I hypothesize that inserting a specific object into the fridge might e | EXPERIMENT"
8bda2332,probe_tw,63,17,insert fork into fridge,0.0,0,1,False,"belief=I am in a kitchenette with a fork and a kettle in the fridge, and my n | rule=I hypothesize that inserting a specific object, possibly the fork, int | EXPERIMENT"
8bda2332,probe_tw,63,18,examine loaf of bread,0.0,0,1,False,"belief=I am in a kitchenette with a fork and a kettle in the fridge, and my n | rule=I hypothesize that examining a specific object, possibly the loaf of b | EXPERIMENT"
8bda2332,probe_tw,63,19,take fork from fridge,0.0,0,1,False,belief=I am in a kitchenette and my next step is to test the hypothesis that  | rule=I hypothesize that taking a specific object from its original location | EXPERIMENT
8bda2332,probe_tw,63,20,drop fork,0.0,0,1,False,"belief=I am in a kitchenette and my next step is to test the hypothesis that  | rule=I hypothesize that manipulating a specific object, such as the fork, i | EXPERIMENT"
8bda2332,probe_tw,63,21,take loaf of bread from fridge,0.0,0,1,False,"belief=I am in a kitchenette and my next step is to test the hypothesis that  | rule=I hypothesize that taking a specific object, such as the loaf of bread | EXPERIMENT"
8bda2332,probe_tw,63,22,eat loaf of bread,1.0,1,1,True,"belief=I am in a kitchenette and my next step is to test the hypothesis that  | rule=I hypothesize that consuming a specific object, such as the loaf of br | EXPERIMENT"
8bda2332,probe_tw,64,0,examine licorice strip,0.0,0,1,False,"belief=The situation is unknown, and the next step is to find a way to increa | rule=The score may increase by using a specific object or action, and I hav | EXPERIMENT"
8bda2332,probe_tw,64,1,examine plant,0.0,0,1,False,"belief={'situation': 'I am in a playroom with a licorice strip and a plant, a | rule=The score may increase by using a specific object or action, and I hav"
8bda2332,probe_tw,64,2,eat licorice strip,0.0,0,1,False,"belief={'situation': 'I am in a playroom with a licorice strip and a plant, a | rule=The score may increase by using a specific object or action, and I hav"
8bda2332,probe_tw,64,3,go east,0.0,0,1,False,"belief={'situation': 'I am in a playroom with a plant, having already eaten t | rule=The score may increase by using a specific object or action, and I hav"
8bda2332,probe_tw,64,4,examine fudge scented key,0.0,0,1,False,"belief={'situation': 'I am in a bar with a plant, and my goal is to increase  | rule=The score may increase by using a specific object or action, and I hav"
8bda2332,probe_tw,64,5,examine fudge scented box,0.0,0,1,False,"belief={'situation': 'I am in a bar with a plant and a fudge scented key, and | rule=The score may increase by using a specific object or action, and I hav"
8bda2332,probe_tw,64,6,examine couch,0.0,0,1,False,"belief={'situation': 'I am in a bar with a plant and a fudge scented box, and | rule=The score may increase by using a specific object or action, and I hav"
8bda2332,probe_tw,64,7,put plant on couch,0.0,0,1,False,"belief={'situation': 'I am in a bar with a plant and a wobbly couch, and my g | rule=The score may increase by using a specific object or action, and I hav | EXPERIMENT"
8bda2332,probe_tw,64,8,examine hatch,0.0,0,1,False,"belief={'situation': 'I am in a bar with a plant on the couch, and my goal is | rule=The score may increase by using a specific object or action, and I hav | EXPERIMENT"
8bda2332,probe_tw,64,9,examine hatch,0.0,0,1,False,"belief={'situation': 'I am in front of a closed robust hatch and my goal is t | rule=The score may increase by using a specific object or action, and I hav | EXPERIMENT"
8bda2332,probe_tw,64,10,take fudge scented key,0.0,0,1,False,"belief={'situation': 'I am in front of a closed robust hatch and my goal is t | rule=The score may increase by using a specific object or action, and I hav | EXPERIMENT"
8bda2332,probe_tw,64,11,unlock fudge scented box with fudge scented key,0.0,0,1,False,"belief={'situation': 'I am in front of a closed robust hatch with a fudge sce | rule=The score may increase by using a specific object or action, and I hav | EXPERIMENT"
8bda2332,probe_tw,64,12,go west,0.0,0,1,False,"belief={'situation': 'I am in front of a fudge scented box with a fudge scent | rule=The score may increase by using a specific object or action, and I hav | EXPERIMENT"
8bda2332,probe_tw,64,13,go east,0.0,0,1,False,"belief={'situation': 'I am in the playroom with a fudge scented key and my go | rule=The score may increase by using a specific object or action, and I hav | EXPERIMENT"
8bda2332,probe_tw,64,14,examine plant,0.0,0,1,False,"belief={'situation': 'I am in the bar with a fudge scented key and my goal is | rule=The score may increase by using a specific object or action, and I hav | EXPERIMENT"
8bda2332,probe_tw,64,15,put fudge scented key on couch,0.0,0,1,False,"belief={'situation': 'I am in the bar with a fudge scented key and my goal is | rule=The score may increase by using a specific object or action, and I hav | EXPERIMENT"
8bda2332,probe_tw,64,16,look,0.0,0,1,False,"belief={'situation': 'I am in the bar with a fudge scented key on the couch a | rule=The score may increase by using a specific object or action, and I hav | EXPERIMENT"
8bda2332,probe_tw,64,17,take fudge scented key from couch,0.0,0,1,False,"belief={'situation': 'I am in the bar with a fudge scented key on the couch a | rule=The score may increase by using a specific object or action, and I hav | EXPERIMENT"
8bda2332,probe_tw,64,18,lock fudge scented box with fudge scented key,0.0,0,1,False,"belief={'situation': 'I am in the bar with a fudge scented key and my goal is | rule=The score may increase by using a specific object or action, and I hav | EXPERIMENT"
8bda2332,probe_tw,64,19,examine hatch,0.0,0,1,False,"belief={'situation': 'I am in the bar with a fudge scented key and my goal is | rule=The score may increase by using a specific object or action, and I hav | EXPERIMENT"
8bda2332,probe_tw,64,20,examine hatch,0.0,0,1,False,"belief={'situation': 'I am in the bar with a fudge scented key and my goal is | rule=The score may increase by using a specific object or action, and I hav | EXPERIMENT"
8bda2332,probe_tw,64,21,go west,0.0,0,1,False,"belief={'situation': 'I am in the bar with a fudge scented key and my goal is | rule=The score may increase by using a specific object or action, and I hav | EXPERIMENT"
8bda2332,probe_tw,64,22,examine fudge scented key,0.0,0,1,False,"belief=I am in the playroom with a fudge scented key and my goal is to increa | rule=The score may increase by using a specific object or action, and I hav | EXPERIMENT"
8bda2332,probe_tw,64,23,go east,0.0,0,1,False,"belief=I am in the playroom with a fudge scented key and my goal is to increa | rule=The score may increase by moving to a new location, and I have ruled o | EXPERIMENT"
8bda2332,probe_tw,64,24,put fudge scented key on couch,0.0,0,1,False,belief=I am in the bar with a fudge scented key and my goal is to increase th | rule=The score may increase by placing a specific object in a specific loca | EXPERIMENT
8bda2332,probe_tw,64,25,take fudge scented key from couch,0.0,0,1,False,"belief=I am in the bar with a fudge scented key on the couch, and my next ste | rule=The score may increase by taking a specific object from a specific loc | EXPERIMENT"
8bda2332,probe_tw,64,26,unlock fudge scented box with fudge scented key,0.0,0,1,False,"belief=I am in the bar with a fudge scented key, and my next step is to test  | rule=The score may increase by using a specific object to unlock or interac | EXPERIMENT"
8bda2332,probe_tw,64,27,examine fudge scented box,0.0,0,1,False,belief=I am in the bar with a fudge scented key and an unlocked fudge scented | rule=The score may increase by examining the contents of a container or int | EXPERIMENT
8bda2332,probe_tw,64,28,examine hatch,0.0,0,1,False,belief=I am in the bar with a fudge scented key and an unlocked fudge scented | rule=The score may increase by examining or interacting with specific objec | EXPERIMENT
8bda2332,probe_tw,64,29,go west,0.0,0,1,False,"belief=I am in the bar with a fudge scented key and an unlocked fudge scented | rule=The score may increase by moving to a new location, interacting with t | EXPERIMENT"
8bda2332,probe_tw,65,0,examine bureau,0.0,0,1,False,"belief=I am in a room with a bureau and a door, and my next step is to examin | rule=I hypothesize that examining objects or using the type 4 passkey in a  | EXPERIMENT"
8bda2332,probe_tw,65,1,examine door,0.0,0,1,False,"belief=I am in a room with a bureau and a door, and my next step is to examin | rule=I hypothesize that examining objects or using the type 4 passkey in a "
8bda2332,probe_tw,65,2,open door,0.0,0,1,False,"belief=I am in a room with a bureau and a door, and my next step is to try op | rule=I hypothesize that using the type 4 passkey or interacting with the do"
8bda2332,probe_tw,65,3,go south,0.0,0,1,False,"belief=I am in an office with a bureau and a door, and my next step is to try | rule=I hypothesize that using the type 4 passkey or moving to a new area ma"
8bda2332,probe_tw,65,4,go north,0.0,0,1,False,"belief=I am in a chamber with an insect and a possible exit to the north, and | rule=I hypothesize that moving to a new area, such as going north, may earn"
8bda2332,probe_tw,65,5,go west,0.0,0,1,False,"belief=I am in the Office chamber with a bureau and an open door to the west, | rule=I hypothesize that moving to a new area, such as going west, may earn "
8bda2332,probe_tw,65,6,examine basket,0.0,0,1,False,"belief=I am in the Launderette with an empty basket, an open door to the east | rule=I hypothesize that interacting with objects in the environment, such a"
8bda2332,probe_tw,65,7,insert type 4 passkey into basket,0.0,0,1,False,"belief=I am in the Launderette with an empty basket, an open door to the east | rule=I hypothesize that using the type 4 passkey with a specific object, su | EXPERIMENT"
8bda2332,probe_tw,65,8,take iron,0.0,0,1,False,"belief=I am in the Launderette with a basket containing a type 4 passkey, an  | rule=I hypothesize that taking a specific object, such as the iron, may ear | EXPERIMENT"
8bda2332,probe_tw,65,9,insert iron into basket,1.0,1,1,True,"belief=I am in the Launderette with an iron in my inventory and an open door  | rule=I hypothesize that combining the iron with another object, such as the | EXPERIMENT"
8bda2332,probe_tw,66,0,examine chest,0.0,0,1,False,"belief=I am in a location with a chest, ladle, and shadfly, and my next step  | rule=I hypothesize that examining objects or taking specific items from the | EXPERIMENT"
8bda2332,probe_tw,66,1,examine ladle,0.0,0,1,False,"belief=I am in a kitchenette with an open chest containing a ladle and a shad | rule=I hypothesize that examining specific objects, such as the ladle, may "
8bda2332,probe_tw,66,2,take ladle from chest,0.0,0,1,False,"belief=I am in a kitchenette with a dirty ladle and a shadfly in an open ches | rule=I hypothesize that interacting with specific objects, such as taking o"
8bda2332,probe_tw,66,3,examine shadfly,0.0,0,1,False,"belief=I am in a kitchenette with a ladle, and my next step is to examine the | rule=I hypothesize that interacting with specific objects, such as the shad"
8bda2332,probe_tw,66,4,look,0.0,0,1,False,"belief=I am in a kitchenette with a ladle, and my next step is to examine the | rule=I hypothesize that interacting with specific objects or areas, such as"
8bda2332,probe_tw,66,5,take shadfly from chest,0.0,0,1,False,"belief=I am in a kitchenette with a ladle, and my next step is to investigate | rule=I hypothesize that taking or interacting with the shadfly may earn sco"
8bda2332,probe_tw,66,6,examine shadfly,0.0,0,1,False,"belief=I am in a kitchenette with a ladle and a shadfly, and my next step is  | rule=I hypothesize that taking or interacting with the shadfly may earn sco"
8bda2332,probe_tw,66,7,insert shadfly into chest,0.0,0,1,False,"belief=I am in a kitchenette with a ladle and a shadfly, and my next step is  | rule=I hypothesize that inserting a specific object into the chest may earn | EXPERIMENT"
8bda2332,probe_tw,66,8,go north,0.0,0,1,False,"belief=I am in a kitchenette with a ladle and a shadfly in the chest, and my  | rule=I hypothesize that moving to a new location may earn score, and I have | EXPERIMENT"
8bda2332,probe_tw,66,9,open door,0.0,0,1,False,"belief=I am in an office with a ladle, and my next step is to test if interac | rule=I hypothesize that interacting with the door, possibly opening it, may | EXPERIMENT"
8bda2332,probe_tw,66,10,drop ladle,0.0,0,1,False,"belief=I am in an office with a ladle, and my next step is to test if droppin | rule=I hypothesize that releasing or dropping an object may earn score, and | EXPERIMENT"
8bda2332,probe_tw,66,11,examine door,0.0,0,1,False,"belief=I am in an office with a dropped ladle, and my next step is to test if | rule=I hypothesize that interacting with the door in a specific way may ear | EXPERIMENT"
8bda2332,probe_tw,66,12,take ladle,0.0,0,1,False,"belief=I am in an office with an open door and a dropped ladle, and my next s | rule=I hypothesize that taking a specific object, such as the ladle, may ea | EXPERIMENT"
8bda2332,probe_tw,66,13,go east,0.0,0,1,False,"belief=I am in an office with a ladle, and my next step is to test if moving  | rule=I hypothesize that moving to a specific location while carrying a cert | EXPERIMENT"
8bda2332,probe_tw,66,14,examine counter,0.0,0,1,False,"belief=I am in a vault with a ladle, and my next step is to test if interacti | rule=I hypothesize that interacting with specific objects or features in th | EXPERIMENT"
8bda2332,probe_tw,66,15,put ladle on counter,0.0,0,1,False,"belief=I am in a vault with a ladle, and my next step is to test if placing a | rule=I hypothesize that placing a specific object on the counter may earn s | EXPERIMENT"
8bda2332,probe_tw,66,16,take ladle from counter,0.0,0,1,False,"belief=I am in a vault with a ladle on the counter, and my next step is to te | rule=I hypothesize that removing a specific object from the counter may ear | EXPERIMENT"
8bda2332,probe_tw,66,17,drop ladle,0.0,0,1,False,"belief=I am in a vault with a ladle on the counter, and my next step is to te | rule=I hypothesize that removing a specific object from the counter may ear | EXPERIMENT"
8bda2332,probe_tw,66,18,close door,0.0,0,1,False,"belief=I am in a vault with a ladle on the ground, and my next step is to tes | rule=I hypothesize that interacting with the door, specifically closing it, | EXPERIMENT"
8bda2332,probe_tw,66,19,take ladle,0.0,0,1,False,"belief=I am in a vault with a ladle on the ground, and my next step is to tes | rule=I hypothesize that taking a specific object, such as the ladle, may ea | EXPERIMENT"
8bda2332,probe_tw,66,20,examine ladle,0.0,0,1,False,"belief=I am in a vault with a ladle, and my next step is to test if examining | rule=I hypothesize that examining a specific object, such as the ladle, may | EXPERIMENT"
8bda2332,probe_tw,66,21,look,0.0,0,1,False,"belief=I am in a vault with a dirty ladle, and my next step is to test if cle | rule=I hypothesize that cleaning a specific object, such as the ladle, may  | EXPERIMENT"
8bda2332,probe_tw,66,22,examine shirt,0.0,0,1,False,"belief=I am in a vault with a ladle, and my next step is to test if interacti | rule=I hypothesize that taking or examining a specific object, such as the  | EXPERIMENT"
8bda2332,probe_tw,66,23,put ladle on counter,0.0,0,1,False,"belief=I am in a vault with a ladle, and my next step is to test if putting t | rule=I hypothesize that placing a specific object, such as the ladle, on a  | EXPERIMENT"
8bda2332,probe_tw,66,24,examine counter,0.0,0,1,False,"belief=I am in a vault with a ladle on the counter, and my next step is to te | rule=I hypothesize that examining a specific location or object in the envi | EXPERIMENT"
8bda2332,probe_tw,66,25,open door,0.0,0,1,False,"belief=I am in a vault with a ladle and a shirt on the counter, and my next s | rule=I hypothesize that interacting with the door, such as opening it, may  | EXPERIMENT"
8bda2332,probe_tw,66,26,take ladle from counter,0.0,0,1,False,"belief=I am in a vault with a ladle and a shirt on the counter, and my next s | rule=I hypothesize that taking a specific object, such as the ladle or shir | EXPERIMENT"
8bda2332,probe_tw,66,27,take shirt from counter,1.0,1,1,True,"belief=I am in a vault with a ladle and a shirt on the counter, and my next s | rule=I hypothesize that taking a specific object, such as the ladle or shir | EXPERIMENT"
8bda2332,probe_tw,67,0,examine cuboid latchkey,0.0,0,1,False,"belief={'situation': 'I am in an unknown location with a cuboid latchkey and  | rule=unknown; I do not yet know what earns score, so I must discover it by  | EXPERIMENT"
8bda2332,probe_tw,67,1,drop cuboid latchkey,0.0,0,1,False,"belief={'situation': 'I am in a workshop with a cuboid latchkey and a sock, a | rule=unknown; I do not yet know what earns score, so I must discover it by  | EXPERIMENT"
8bda2332,probe_tw,67,2,take cuboid latchkey,0.0,0,1,False,"belief={'situation': 'I am in a workshop with a cuboid latchkey and a sock, a | rule=unknown; I do not yet know what earns score, so I must discover it by  | EXPERIMENT"
8bda2332,probe_tw,67,3,go west,0.0,0,1,False,"belief={'situation': 'I am in a workshop with a cuboid latchkey and a sock, a | rule=unknown; I do not yet know what earns score, so I must discover it by  | EXPERIMENT"
8bda2332,probe_tw,67,4,go east,0.0,0,1,False,"belief=I am in a bedchamber with a cuboid latchkey and a sock, and my plan is | rule=I have not yet discovered what earns score, but I will try to find it  | EXPERIMENT"
8bda2332,probe_tw,67,5,examine sock,0.0,0,1,False,"belief=I am in a workshop with a cuboid latchkey and a sock, and my plan is t | rule=I have not yet discovered what earns score, but I will try to find it "
8bda2332,probe_tw,67,6,drop sock,0.0,0,1,False,"belief=I am in a workshop with a cuboid latchkey and a sock, and my plan is t | rule=I have not yet discovered what earns score, but I will try to find it "
8bda2332,probe_tw,67,7,take sock,0.0,0,1,False,"belief=I am in a workshop with a cuboid latchkey and a dropped sock, and my p | rule=I hypothesize that taking a specific object, such as the sock, may rai | EXPERIMENT"
8bda2332,probe_tw,67,8,examine cuboid latchkey,0.0,0,1,False,"belief=I am in a workshop with a cuboid latchkey and a sock, and my plan is t | rule=I hypothesize that using the cuboid latchkey to unlock something may r | EXPERIMENT"
8bda2332,probe_tw,67,9,inventory,0.0,0,1,False,"belief=I am in a workshop with a cuboid latchkey and a sock, and my plan is t | rule=I hypothesize that combining or using the cuboid latchkey with the soc | EXPERIMENT"
8bda2332,probe_tw,67,10,go west,0.0,0,1,False,"belief=I am in a workshop with a cuboid latchkey and a sock, and my plan is t | rule=I hypothesize that moving to a different location with the cuboid latc | EXPERIMENT"
8bda2332,probe_tw,67,11,unlock cuboid chest with cuboid latchkey,0.0,0,1,False,"belief=I am in a bedchamber with a cuboid latchkey and a sock, and my plan is | rule=I hypothesize that using the cuboid latchkey to unlock a locked object | EXPERIMENT"
8bda2332,probe_tw,67,12,examine cuboid chest,0.0,0,1,False,"belief=I am in a bedchamber with a cuboid latchkey and a sock, and my plan is | rule=I hypothesize that examining a newly unlocked object, such as the cubo | EXPERIMENT"
8bda2332,probe_tw,67,13,open cuboid chest,0.0,0,1,False,"belief=I am in a bedchamber with a cuboid latchkey and a sock, and my plan is | rule=I hypothesize that opening a newly unlocked object, such as the cuboid | EXPERIMENT"
8bda2332,probe_tw,67,14,take novel from cuboid chest,1.0,1,1,True,"belief=I am in a bedchamber with a cuboid latchkey, a sock, and an open cuboi | rule=I hypothesize that taking a specific object, such as the novel, may ra | EXPERIMENT"
8bda2332,probe_tw,68,0,examine display,0.0,0,1,False,"belief={'situation': 'I am in a location with a display and a cookie in my in | rule=unknown; I do not yet know what earns score, so I must discover it by  | EXPERIMENT"
8bda2332,probe_tw,68,1,eat cookie,0.0,0,1,False,"belief={'situation': 'I am in a location with a display and a cookie in my in | rule=unknown; I do not yet know what earns score, so I must discover it by  | EXPERIMENT"
8bda2332,probe_tw,68,2,go south,0.0,0,1,False,"belief={'situation': 'I am in a cellar with no items in my inventory. My next | rule=unknown; I do not yet know what earns score, so I must discover it by  | EXPERIMENT"
8bda2332,probe_tw,68,3,take apple,0.0,0,1,False,belief=I am in a cookery with no items in my inventory. My next step is to ex | rule=Taking an apple or candy bar might raise the score | EXPERIMENT
8bda2332,probe_tw,68,4,examine apple,0.0,0,1,False,belief=I am in a cookery with an apple in my inventory. My next step is to ex | rule=Taking or examining food items might raise the score. I have ruled out
8bda2332,probe_tw,68,5,examine candy bar,0.0,0,1,False,belief=I am in a cookery with an apple in my inventory. My next step is to ex | rule=Taking or examining food items might raise the score. I have ruled out
8bda2332,probe_tw,68,6,take candy bar,0.0,0,1,False,belief=I am in a cookery with an apple in my inventory. My next step is to ta | rule=Taking or examining food items might raise the score. I have ruled out
8bda2332,probe_tw,68,7,eat apple,0.0,0,1,False,belief=I am in a cookery with an apple and a candy bar in my inventory. My ne | rule=I previously believed that taking or examining food items would raise  | EXPERIMENT
8bda2332,probe_tw,68,8,examine gate,0.0,0,1,False,"belief=I am in a cookery with a candy bar in my inventory. My next step is to | rule=I now hypothesize that interacting with non-food items, such as the ga | EXPERIMENT"
8bda2332,probe_tw,68,9,close gate,0.0,0,1,False,"belief=I am in a cookery with a candy bar in my inventory. My next step is to | rule=I now hypothesize that interacting with the gate, possibly by closing  | EXPERIMENT"
8bda2332,probe_tw,68,10,open gate,0.0,0,1,False,"belief=I am in a cookery with a candy bar in my inventory. My next step is to | rule=I now hypothesize that interacting with the gate, possibly by opening  | EXPERIMENT"
8bda2332,probe_tw,68,11,drop candy bar,0.0,0,1,False,"belief=I am in a cookery with a candy bar in my inventory. My next step is to | rule=I now hypothesize that releasing or removing items from my inventory,  | EXPERIMENT"
8bda2332,probe_tw,68,12,examine candy bar,0.0,0,1,False,belief=I am in a cookery with a dropped candy bar. My next step is to test if | rule=I now hypothesize that examining objects in their current state or loc | EXPERIMENT
8bda2332,probe_tw,68,13,take candy bar,0.0,0,1,False,belief=I am in a cookery with a dropped candy bar. My next step is to test if | rule=I now hypothesize that taking or manipulating objects in their current | EXPERIMENT
8bda2332,probe_tw,68,14,go north,0.0,0,1,False,belief=I am in a cookery with a candy bar in my inventory. My next step is to | rule=I now hypothesize that moving to a specific location with an object in | EXPERIMENT
8bda2332,probe_tw,68,15,examine display,0.0,0,1,False,"belief=I am in a cellar with a candy bar in my inventory. My next step is to  | rule=I now hypothesize that interacting with specific objects or locations, | EXPERIMENT"
8bda2332,probe_tw,68,16,open display,0.0,0,1,False,"belief=I am in a cellar with a candy bar in my inventory. My next step is to  | rule=I now hypothesize that interacting with the display in a specific way, | EXPERIMENT"
8bda2332,probe_tw,68,17,insert candy bar into display,0.0,0,1,False,"belief=I am in a cellar with a candy bar in my inventory. My next step is to  | rule=I now hypothesize that inserting a specific object, such as the candy  | EXPERIMENT"
8bda2332,probe_tw,68,18,take candy bar from display,0.0,0,1,False,belief=I am in a cellar with a candy bar in the display. My next step is to t | rule=I now hypothesize that the display needs to be manipulated in a specif | EXPERIMENT
8bda2332,probe_tw,68,19,drop candy bar,0.0,0,1,False,belief=I am in a cellar with a candy bar in my inventory. My next step is to  | rule=I now hypothesize that the candy bar needs to be dropped or placed in  | EXPERIMENT
8bda2332,probe_tw,68,20,examine candy bar,0.0,0,1,False,belief=I am in a cellar with a dropped candy bar. My next step is to examine  | rule=I now hypothesize that examining or interacting with objects in the en | EXPERIMENT
8bda2332,probe_tw,68,21,take candy bar,0.0,0,1,False,belief=I am in a cellar with a dropped candy bar. My next step is to take the | rule=I now hypothesize that taking or possessing specific objects could rai | EXPERIMENT
8bda2332,probe_tw,68,22,eat candy bar,0.0,0,1,False,"belief=I am in a cellar with a candy bar, and my next step is to test if cons | rule=I now hypothesize that consuming specific objects could raise the scor | EXPERIMENT"
8bda2332,probe_tw,68,23,look,0.0,0,1,False,"belief=I am in a cellar with no objects, and my next step is to explore the e | rule=I now hypothesize that movement or exploration could raise the score.  | EXPERIMENT"
8bda2332,probe_tw,68,24,close display,0.0,0,1,False,"belief=I am in a cellar with no objects, and my next step is to experiment wi | rule=I now hypothesize that interacting with the environment in a specific  | EXPERIMENT"
8bda2332,probe_tw,68,25,examine display,0.0,0,1,False,"belief=I am in a cellar with no objects, and my next step is to experiment wi | rule=I now hypothesize that interacting with the display in a specific way, | EXPERIMENT"
8bda2332,probe_tw,68,26,go south,0.0,0,1,False,"belief=I am in a cellar with no objects, and my next step is to test the hypo | rule=I now hypothesize that movement or changing location could raise the s | EXPERIMENT"
8bda2332,probe_tw,68,27,examine gate,0.0,0,1,False,"belief=I am in a cookery with an open gate to the south and an unguarded exit | rule=I now hypothesize that interacting with specific objects or features,  | EXPERIMENT"
8bda2332,probe_tw,68,28,close gate,0.0,0,1,False,belief=I am in a cookery with an open gate to the south and an unguarded exit | rule=I now hypothesize that changing the state of specific objects or featu | EXPERIMENT
8bda2332,probe_tw,68,29,open gate,0.0,0,1,False,belief=I am in a cookery with a closed gate to the south and an unguarded exi | rule=I now hypothesize that completing a cycle or a specific sequence of ac | EXPERIMENT
8bda2332,probe_tw,69,0,examine bookshelf,0.0,0,1,False,"belief=I am in a location with a bookshelf and a gateway, and my next step is | rule=I hypothesize that examining objects or locations in detail may earn s | EXPERIMENT"
8bda2332,probe_tw,69,1,examine gateway,0.0,0,1,False,"belief=I am in an office with a solid bookshelf and a gateway, my next step i | rule=I hypothesize that examining objects or locations in detail, especiall"
8bda2332,probe_tw,69,2,examine nest of toads,0.0,0,1,False,"belief=I am in an office with a solid bookshelf and a closed gateway, my next | rule=I hypothesize that examining objects or locations in detail, especiall"
8bda2332,probe_tw,69,3,drop nest of toads,0.0,0,1,False,"belief=I am in an office with a solid bookshelf and a closed gateway, my next | rule=I hypothesize that manipulating or using objects in a specific way, es"
8bda2332,probe_tw,69,4,take nest of toads,0.0,0,1,False,"belief=I am in an office with a solid bookshelf and a closed gateway, my next | rule=I hypothesize that manipulating or using objects in a specific way, es"
8bda2332,probe_tw,69,5,put nest of toads on bookshelf,0.0,0,1,False,"belief=I am in an office with a solid bookshelf and a closed gateway, my next | rule=I hypothesize that manipulating or using objects in a specific way, es"
8bda2332,probe_tw,69,6,examine gateway,0.0,0,1,False,"belief=I am in an office with a solid bookshelf and a closed gateway, and I h | rule=I still hypothesize that manipulating or using objects in a specific w"
8bda2332,probe_tw,69,7,take nest of toads from bookshelf,0.0,0,1,False,"belief=I am in an office with a solid bookshelf and a closed gateway, and I h | rule=I now hypothesize that the score rises when specific objects are moved | EXPERIMENT"
8bda2332,probe_tw,69,8,go west,0.0,0,1,False,"belief=I am in an office with a solid bookshelf and a closed gateway, and I h | rule=I now hypothesize that the score rises when the player moves to a new, | EXPERIMENT"
8bda2332,probe_tw,69,9,examine laptop,0.0,0,1,False,"belief=I am in a cubicle with various objects, and my next step is to interac | rule=I now hypothesize that the score rises when the player interacts with  | EXPERIMENT"
8bda2332,probe_tw,69,10,put nest of toads on stand,0.0,0,1,False,"belief=I am in a cubicle with various objects, and my next step is to test a  | rule=I now hypothesize that the score rises when the player combines specif | EXPERIMENT"
8bda2332,probe_tw,69,11,go east,0.0,0,1,False,"belief=I am in a cubicle with various objects, and my next step is to test a  | rule=I now hypothesize that the score rises when the player moves to a spec | EXPERIMENT"
8bda2332,probe_tw,69,12,examine bookshelf,0.0,0,1,False,"belief=I am in an office with a bookshelf and a gateway, and my next step is  | rule=I now hypothesize that the score rises when the player examines a spec | EXPERIMENT"
8bda2332,probe_tw,69,13,examine gateway,0.0,0,1,False,"belief=I am in an office with a bookshelf and a gateway, and my next step is  | rule=I now hypothesize that the score rises when the player uses or manipul | EXPERIMENT"
8bda2332,probe_tw,69,14,inventory,0.0,0,1,False,"belief=I am in an office with a bookshelf and a gateway, and my next step is  | rule=I now hypothesize that the score rises when the player takes or moves  | EXPERIMENT"
8bda2332,probe_tw,69,15,go west,0.0,0,1,False,"belief=I am in an office with a bookshelf and a gateway, and my next step is  | rule=I now hypothesize that the score rises when the player reaches a speci | EXPERIMENT"
8bda2332,probe_tw,69,16,take loaf of bread,0.0,0,1,False,"belief=I am in an office with a stand, laptop, nest of toads, and a loaf of b | rule=I now hypothesize that the score rises when a specific object is taken | EXPERIMENT"
8bda2332,probe_tw,69,17,put loaf of bread on stand,0.0,0,1,False,"belief=I am in an office with a stand, laptop, nest of toads, and I have a lo | rule=I now hypothesize that the score rises when an object is used or combi | EXPERIMENT"
8bda2332,probe_tw,69,18,take laptop from stand,0.0,0,1,False,"belief=I am in an office with a stand, laptop, nest of toads, and I have a lo | rule=I now hypothesize that the score rises when an object is moved to a sp | EXPERIMENT"
8bda2332,probe_tw,69,19,examine nest of toads,0.0,0,1,False,"belief=I am in an office with a stand, laptop, nest of toads, and I have a lo | rule=I now hypothesize that the score rises when an object is used in conju | EXPERIMENT"
8bda2332,probe_tw,69,20,put laptop on stand,0.0,0,1,False,"belief=I am in an office with a stand, laptop, nest of toads, and a loaf of b | rule=I now hypothesize that the score rises when an object is moved to a sp | EXPERIMENT"
8bda2332,probe_tw,69,21,go east,0.0,0,1,False,"belief=I am in an office with a stand, laptop, nest of toads, and a loaf of b | rule=I now hypothesize that the score rises when an object is used in a spe | EXPERIMENT"
8bda2332,probe_tw,69,22,go west,0.0,0,1,False,belief=I am in an office with a bookshelf and a closed gateway. My next step  | rule=I now hypothesize that the score rises when a new location is reached  | EXPERIMENT
8bda2332,probe_tw,69,23,take nest of toads from stand,0.0,0,1,False,"belief=I am in a cubicle with a stand containing a laptop, a loaf of bread, a | rule=I now hypothesize that the score rises when a specific object, such as | EXPERIMENT"
8bda2332,probe_tw,69,24,put nest of toads on stand,0.0,0,1,False,belief=I am in a cubicle with a stand containing a laptop and a loaf of bread | rule=I now hypothesize that the score rises when an object is put back on t | EXPERIMENT
8bda2332,probe_tw,69,25,take laptop from stand,0.0,0,1,False,"belief=I am in a cubicle with a stand containing a laptop and a loaf of bread | rule=I now hypothesize that the score rises when a specific object, possibl | EXPERIMENT"
8bda2332,probe_tw,69,26,examine laptop,0.0,0,1,False,belief=I am in a cubicle with a stand containing a loaf of bread and a nest o | rule=I now hypothesize that the score rises when a specific object is exami | EXPERIMENT
8bda2332,probe_tw,69,27,drop laptop,0.0,0,1,False,"belief=I am in a cubicle with a stand containing a loaf of bread and a nest o | rule=I now hypothesize that the score rises when an object is dropped, poss | EXPERIMENT"
8bda2332,probe_tw,69,28,take loaf of bread from stand,0.0,0,1,False,belief=I am in a cubicle with a stand containing a loaf of bread and a nest o | rule=I now hypothesize that the score rises when the loaf of bread is taken | EXPERIMENT
8bda2332,probe_tw,69,29,eat loaf of bread,0.0,0,1,False,belief=I am in a cubicle with a stand containing a nest of toads and I have a | rule=I now hypothesize that the score rises when the loaf of bread is consu | EXPERIMENT
8bda2332,probe_tw,70,0,insert bug into cabinet,0.0,0,1,False,"belief=I am in a location with various objects and a portal, my next step is  | rule=I hypothesize that inserting a specific object into a specific locatio | EXPERIMENT"
8bda2332,probe_tw,70,1,examine cabinet,0.0,0,1,False,"belief=I am in a launderette with various objects and a portal, my next step  | rule=I hypothesize that inserting a specific object into a specific locatio"
8bda2332,probe_tw,70,2,examine Microsoft style keycard,0.0,0,1,False,"belief=I am in a launderette with various objects and a portal, my next step  | rule=I hypothesize that examining specific objects or using specific object"
8bda2332,probe_tw,70,3,examine portal,0.0,0,1,False,"belief=I am in a launderette with various objects and a portal, my next step  | rule=I hypothesize that examining specific objects or using specific object"
8bda2332,probe_tw,70,4,examine Microsoft style chest,0.0,0,1,False,"belief=I am in a launderette with a portal and various objects, my next step  | rule=I hypothesize that examining specific objects, such as the Microsoft s"
8bda2332,probe_tw,70,5,examine stick of butter,0.0,0,1,False,"belief=I am in a launderette with a portal and various objects, my next step  | rule=I hypothesize that examining specific objects, such as the stick of bu"
8bda2332,probe_tw,70,6,take stick of butter,0.0,0,1,False,"belief=I am in a launderette with a portal and various objects, my next step  | rule=I hypothesize that taking specific objects, such as the stick of butte"
8bda2332,probe_tw,70,7,insert stick of butter into cabinet,0.0,0,1,False,"belief=I am in a launderette with a portal and various objects, my next step  | rule=I hypothesize that inserting specific objects into the cabinet may rai | EXPERIMENT"
8bda2332,probe_tw,70,8,take Microsoft style keycard from cabinet,0.0,0,1,False,"belief=I am in a launderette with a portal and various objects, my next step  | rule=I hypothesize that taking a specific object from the cabinet may raise | EXPERIMENT"
8bda2332,probe_tw,70,9,unlock Microsoft style chest with Microsoft style keycard,0.0,0,1,False,"belief=I am in a launderette with a portal and various objects, my next step  | rule=I hypothesize that using the keycard to unlock a specific object, such | EXPERIMENT"
8bda2332,probe_tw,70,10,take bug from cabinet,0.0,0,1,False,"belief=I am in a launderette with a portal and various objects, my next step  | rule=I hypothesize that taking a specific object, such as the bug, from the | EXPERIMENT"
8bda2332,probe_tw,70,11,examine portal,0.0,0,1,False,"belief=I am in a launderette with a portal and various objects, my next step  | rule=I hypothesize that examining a specific object or location, such as th | EXPERIMENT"
8bda2332,probe_tw,70,12,examine bug,0.0,0,1,False,"belief=I am in a launderette with a portal and various objects, my next step  | rule=I hypothesize that using or combining the bug with another object may  | EXPERIMENT"
8bda2332,probe_tw,70,13,go west,0.0,0,1,False,"belief=I am in a launderette with a portal and various objects, my next step  | rule=I hypothesize that moving to a new location may raise the score. I hav | EXPERIMENT"
8bda2332,probe_tw,70,14,drop Microsoft style keycard,0.0,0,1,False,"belief=I am in a cookhouse with a bug and a Microsoft style keycard, my next  | rule=I hypothesize that dropping a specific object may raise the score. I h | EXPERIMENT"
8bda2332,probe_tw,70,15,take Microsoft style keycard,0.0,0,1,False,"belief=I am in a cookhouse with a bug and a dropped Microsoft style keycard,  | rule=I hypothesize that taking a previously dropped object may raise the sc | EXPERIMENT"
8bda2332,probe_tw,70,16,go east,0.0,0,1,False,"belief=I am in a cookhouse with a bug and a Microsoft style keycard, my next  | rule=I hypothesize that moving to a new location with a specific object, su | EXPERIMENT"
8bda2332,probe_tw,70,17,take stick of butter from cabinet,0.0,0,1,False,"belief=I am in a launderette with a bug and a Microsoft style keycard, my nex | rule=I hypothesize that taking a specific object from a container, such as  | EXPERIMENT"
8bda2332,probe_tw,70,18,insert Microsoft style keycard into cabinet,0.0,0,1,False,"belief=I am in a launderette with a bug, a Microsoft style keycard, and a sti | rule=I hypothesize that inserting a specific object into a container may ra | EXPERIMENT"
8bda2332,probe_tw,70,19,insert bug into cabinet,0.0,0,1,False,"belief=I am in a launderette with a bug, a Microsoft style keycard, and a sti | rule=I hypothesize that inserting a specific object, such as the bug, into  | EXPERIMENT"
8bda2332,probe_tw,70,20,eat stick of butter,0.0,0,1,False,"belief=I am in a launderette with a bug and a stick of butter in the cabinet. | rule=I hypothesize that consuming a specific object, such as the stick of b | EXPERIMENT"
8bda2332,probe_tw,70,21,examine Microsoft style chest,0.0,0,1,False,"belief=I am in a launderette with a bug and a Microsoft style keycard in the  | rule=I hypothesize that examining a specific object, such as the Microsoft  | EXPERIMENT"
8bda2332,probe_tw,70,22,take Microsoft style keycard from cabinet,0.0,0,1,False,"belief=I am in a launderette with a Microsoft style chest and a cabinet. My n | rule=I hypothesize that taking a specific object, such as the Microsoft sty | EXPERIMENT"
8bda2332,probe_tw,70,23,examine portal,0.0,0,1,False,"belief=I am in a launderette with a Microsoft style chest and a cabinet. My n | rule=I hypothesize that examining a specific object or location, such as th | EXPERIMENT"
8bda2332,probe_tw,70,24,open portal,0.0,0,1,False,"belief=I am in a launderette with a Microsoft style keycard and a portal. My  | rule=I hypothesize that interacting with the portal in a specific way, such | EXPERIMENT"
8bda2332,probe_tw,70,25,go north,0.0,0,1,False,belief=I am in a launderette with a Microsoft style keycard and an open porta | rule=I hypothesize that moving to a specific location may raise the score.  | EXPERIMENT
8bda2332,probe_tw,70,26,take chocolate bar,0.0,0,1,False,"belief=I am in an office with a Microsoft style keycard and an open portal. M | rule=I hypothesize that taking a specific object, such as the chocolate bar | EXPERIMENT"
8bda2332,probe_tw,70,27,go east,0.0,0,1,False,belief=I am in an office with a Microsoft style keycard and a chocolate bar.  | rule=I hypothesize that moving to a specific location may raise the score.  | EXPERIMENT
8bda2332,probe_tw,70,28,eat chocolate bar,0.0,0,1,False,belief=I am in a closet with a Microsoft style keycard and a chocolate bar. M | rule=I hypothesize that consuming a specific object may raise the score. I  | EXPERIMENT
8bda2332,probe_tw,70,29,examine Microsoft style keycard,0.0,0,1,False,belief=I am in a closet with a Microsoft style keycard. My next step is to te | rule=I hypothesize that examining a specific object may raise the score. I  | EXPERIMENT
8bda2332,probe_tw,71,0,examine hatch,0.0,0,1,False,"belief={'situation': 'I am in an unknown location with a box and a hatch, and | rule=unknown; I do not yet know what earns score, so I must discover it by  | EXPERIMENT"
8bda2332,probe_tw,71,1,examine box,0.0,0,1,False,"belief={'situation': 'I am in an unknown location with a box and a hatch, and | rule=unknown; I do not yet know what earns score, so I must discover it by  | EXPERIMENT"
8bda2332,probe_tw,71,2,open hatch,0.0,0,1,False,"belief={'situation': 'I am in an unknown location with a box and a hatch, and | rule=unknown; I do not yet know what earns score, so I must discover it by  | EXPERIMENT"
8bda2332,probe_tw,71,3,go east,0.0,0,1,False,"belief={'situation': 'I am in an unknown location with a box and a hatch, and | rule=unknown; I do not yet know what earns score, so I must discover it by  | EXPERIMENT"
8bda2332,probe_tw,71,4,go west,0.0,0,1,False,"belief={'situation': 'I am in a washroom with an empty cabinet and a board, a | rule=unknown; I do not yet know what earns score, so I must discover it by  | EXPERIMENT"
8bda2332,probe_tw,71,5,examine box,0.0,0,1,False,"belief={'situation': 'I am in a studio with a box and an open hatch, and my n | rule=unknown; I do not yet know what earns score, so I must discover it by  | EXPERIMENT"
8bda2332,probe_tw,71,6,close hatch,0.0,0,1,False,"belief={'situation': 'I am in a studio with a box and an open hatch, and my n | rule=unknown; I do not yet know what earns score, so I must discover it by  | EXPERIMENT"
8bda2332,probe_tw,71,7,inventory,0.0,0,1,False,"belief={'situation': ""I am in a studio with a box and a closed hatch, and my  | rule=unknown; I do not yet know what earns score, so I must discover it by  | EXPERIMENT"
8bda2332,probe_tw,71,8,inventory,0.0,0,1,False,"belief=I am in a studio with a box and a closed hatch, and my next step is to | rule=having or manipulating an object earns score | EXPERIMENT"
8bda2332,probe_tw,71,9,look,0.0,0,1,False,"belief=I am in a studio with a box and a closed hatch, and my next step is to | rule=the score rises when I interact with the environment in a way that rev | EXPERIMENT"
8bda2332,probe_tw,71,10,examine box,0.0,0,1,False,"belief=I am in a studio with a box and a closed hatch, and my next step is to | rule=the score rises when I manipulate or interact with specific objects in | EXPERIMENT"
8bda2332,probe_tw,71,11,go east,0.0,0,1,False,"belief=I am in a studio with a box and a closed hatch, and my next step is to | rule=the score rises when I move to a new location or explore different are | EXPERIMENT"
8bda2332,probe_tw,71,12,go west,0.0,0,1,False,"belief=I am in a studio with a box and a closed hatch, and my next step is to | rule=the score rises when I move to a new location or explore different are | EXPERIMENT"
8bda2332,probe_tw,71,13,open hatch,0.0,0,1,False,"belief=I am in a studio with a box and a closed hatch, and my next step is to | rule=the score rises when I interact with or manipulate specific objects or | EXPERIMENT"
8bda2332,probe_tw,71,14,examine box,0.0,0,1,False,"belief=I am in a studio with a box and an open hatch, and my next step is to  | rule=the score rises when I manipulate or interact with the box in a specif | EXPERIMENT"
8bda2332,probe_tw,71,15,go north,0.0,0,1,False,"belief=I am in a studio with a box and an open hatch, and my next step is to  | rule=the score rises when I manipulate the box in a way that involves my in | EXPERIMENT"
8bda2332,probe_tw,71,16,examine shelf,0.0,0,1,False,"belief=I am in a salon with a shelf and an open hatch, and my next step is to | rule=The score rises when I interact with or manipulate specific objects in | EXPERIMENT"
8bda2332,probe_tw,71,17,close hatch,0.0,0,1,False,"belief=I am in a salon with a shelf and an open hatch, and my next step is to | rule=The score rises when a specific object or location is manipulated in a | EXPERIMENT"
8bda2332,probe_tw,71,18,inventory,0.0,0,1,False,"belief=I am in a salon with a shelf and a closed hatch, and my next step is t | rule=The score rises when I interact with my own state or possessions, such | EXPERIMENT"
8bda2332,probe_tw,71,19,open hatch,0.0,0,1,False,"belief=I am in a salon with a shelf and a closed hatch, and my next step is t | rule=The score rises when I interact with specific objects or features in t | EXPERIMENT"
8bda2332,probe_tw,71,20,go east,0.0,0,1,False,"belief=I am in a salon with a shelf and an open hatch, and my next step is to | rule=The score rises when I move to a new location or explore a different p | EXPERIMENT"
8bda2332,probe_tw,71,21,take nest of ticks,1.0,1,1,True,"belief=I am in a chamber with a mantelpiece and a nest of ticks, and my next  | rule=The score rises when I interact with specific objects, such as the nes | EXPERIMENT"
8bda2332,probe_tw,72,0,look,0.0,0,1,False,"belief={'situation': 'I am in an unknown location with no inventory and no cl | rule=unknown; I do not yet know what earns score, so I must discover it by  | EXPERIMENT"
8bda2332,probe_tw,72,1,go north,0.0,0,1,False,"belief={'situation': 'I am in a kitchen with no inventory and no clear object | rule=unknown; I do not yet know what earns score, so I must discover it by  | EXPERIMENT"
8bda2332,probe_tw,72,2,examine counter,0.0,0,1,False,"belief={'situation': 'I am in a spare room with no inventory and no clear obj | rule=unknown; I do not yet know what earns score, so I must discover it by  | EXPERIMENT"
8bda2332,probe_tw,72,3,inventory,0.0,0,1,False,"belief={'situation': 'I am in a spare room with no inventory and no clear obj | rule=unknown; I do not yet know what earns score, so I must discover it by  | EXPERIMENT"
8bda2332,probe_tw,72,4,go east,0.0,0,1,False,"belief={'situation': 'I am in a spare room with no inventory and no clear obj | rule=unknown; I do not yet know what earns score, so I must discover it by  | EXPERIMENT"
8bda2332,probe_tw,72,5,take key from recliner,0.0,0,1,False,"belief={'situation': 'I am in a chamber with various objects and no clear obj | rule=unknown; I do not yet know what earns score, so I must discover it by  | EXPERIMENT"
8bda2332,probe_tw,72,6,lock box with key,1.0,1,1,True,"belief={'situation': ""I am in a chamber with various objects and no clear obj | rule=unknown; I do not yet know what earns score, so I must discover it by  | EXPERIMENT"
8bda2332,probe_tw,73,0,examine fudge scented locker,0.0,0,1,False,"belief=I am in a location with a fudge scented locker and a passageway, and m | rule=I hypothesize that examining or interacting with specific objects or l | EXPERIMENT"
8bda2332,probe_tw,73,1,examine onion,0.0,0,1,False,"belief=I am in a location with a fudge scented locker and a passageway, and m | rule=I hypothesize that examining or interacting with specific objects or l"
8bda2332,probe_tw,73,2,examine passageway,0.0,0,1,False,"belief=I am in a cubicle with a fudge scented locker and a passageway, and my | rule=I hypothesize that examining or interacting with specific objects or l"
8bda2332,probe_tw,73,3,open passageway,0.0,0,1,False,belief=I am in a cubicle with a closed passageway and my next step is to try  | rule=I still hypothesize that examining or interacting with specific object
8bda2332,probe_tw,73,4,go east,0.0,0,1,False,belief=I am in a cubicle with an open passageway and my next step is to explo | rule=I hypothesize that moving to a new area or interacting with specific o
8bda2332,probe_tw,73,5,go west,0.0,0,1,False,"belief=I am in a steam room with an open passageway and an iron on the floor, | rule=I hypothesize that moving to a new area, interacting with specific obj"
8bda2332,probe_tw,73,6,go east,0.0,0,1,False,"belief=I am in a cubicle with an open passageway and a fudge scented locker,  | rule=I hypothesize that moving to a new area or interacting with specific o"
8bda2332,probe_tw,73,7,take iron,0.0,0,1,False,"belief=I am in a steam room with an open passageway and an iron on the floor, | rule=I hypothesize that interacting with the iron in a specific way, such a | EXPERIMENT"
8bda2332,probe_tw,73,8,eat onion,0.0,0,1,False,"belief=I am in a steam room with an open passageway, carrying an iron and an  | rule=I hypothesize that combining or using the iron with the onion in a spe | EXPERIMENT"
8bda2332,probe_tw,73,9,go north,0.0,0,1,False,"belief=I am in a steam room with an open passageway, carrying an iron, and my | rule=I hypothesize that moving to a new location or interacting with the en | EXPERIMENT"
8bda2332,probe_tw,73,10,go south,0.0,0,1,False,"belief=I am in a bedroom with an exit to the south, carrying an iron, and my  | rule=I hypothesize that moving to a new location through an unguarded exit  | EXPERIMENT"
8bda2332,probe_tw,73,11,examine passageway,0.0,0,1,False,belief=I am in a steam room with an open passageway to the west and an unbloc | rule=I hypothesize that examining specific objects or locations in detail m | EXPERIMENT
8bda2332,probe_tw,73,12,drop iron,0.0,0,1,False,belief=I am in a steam room with an open passageway to the west and an unbloc | rule=I hypothesize that releasing or discarding objects may raise the score | EXPERIMENT
8bda2332,probe_tw,73,13,close passageway,0.0,0,1,False,"belief=I am in a steam room with an open passageway to the west and an unbloc | rule=I hypothesize that altering the state of the environment, such as clos | EXPERIMENT"
8bda2332,probe_tw,73,14,take iron,0.0,0,1,False,"belief=I am in a steam room with a closed passageway to the west and an unblo | rule=I hypothesize that taking or possessing a specific object, such as the | EXPERIMENT"
8bda2332,probe_tw,73,15,examine iron,0.0,0,1,False,"belief=I am in a steam room with a closed passageway to the west and an unblo | rule=I hypothesize that examining a specific object, such as the iron, may  | EXPERIMENT"
8bda2332,probe_tw,73,16,look,0.0,0,1,False,"belief=I am in a steam room with a dirty iron, and my next step is to test th | rule=I hypothesize that cleaning or maintaining an object, such as the iron | EXPERIMENT"
8bda2332,probe_tw,73,17,open passageway,0.0,0,1,False,"belief=I am in a steam room with an iron, and my next step is to test the hyp | rule=I hypothesize that using an object in a specific context or interactin | EXPERIMENT"
8bda2332,probe_tw,73,18,examine passageway,0.0,0,1,False,"belief=I am in a steam room with an iron and my next step is to test a new hy | rule=I now hypothesize that examining specific parts of the environment, su | EXPERIMENT"
8bda2332,probe_tw,73,19,drop iron,0.0,0,1,False,belief=I am in a steam room with an iron and my next step is to test a new hy | rule=I now hypothesize that releasing or dropping objects may raise the sco | EXPERIMENT
8bda2332,probe_tw,73,20,go north,0.0,0,1,False,belief=I am in a steam room with a dropped iron and my next step is to test a | rule=I now hypothesize that exploring new locations or moving in a specific | EXPERIMENT
8bda2332,probe_tw,73,21,go south,0.0,0,1,False,belief=Exploring new locations or moving in a specific direction may raise th | rule=Exploring new locations or moving in a specific direction may raise th | EXPERIMENT
8bda2332,probe_tw,73,22,take iron,0.0,0,1,False,belief=Exploring new locations or moving in a specific direction may raise th | rule=Exploring new locations or moving in a specific direction may raise th | EXPERIMENT
8bda2332,probe_tw,73,23,examine iron,0.0,0,1,False,"belief=I am in the Steam Room with an iron, and my next step is to examine th | rule=Using or manipulating the iron in a specific way may raise the score,  | EXPERIMENT"
8bda2332,probe_tw,73,24,look,0.0,0,1,False,"belief=I am in the Steam Room with a dirty iron, and my next step is to try c | rule=I hypothesize that cleaning or maintaining objects may raise the score | EXPERIMENT"
8bda2332,probe_tw,73,25,go west,0.0,0,1,False,belief=I am in the Steam Room with an iron and my next step is to explore the | rule=I now hypothesize that moving to a new location or exploring unvisited | EXPERIMENT
8bda2332,probe_tw,73,26,examine fudge scented locker,0.0,0,1,False,belief=I am in the Cubicle with an iron and my next step is to investigate th | rule=I now hypothesize that interacting with specific objects or features i | EXPERIMENT
8bda2332,probe_tw,73,27,drop iron,0.0,0,1,False,belief=I am in the Cubicle with an iron and my next step is to test the hypot | rule=I now hypothesize that using or manipulating the iron in a specific wa | EXPERIMENT
8bda2332,probe_tw,73,28,examine passageway,0.0,0,1,False,belief=I am in the Cubicle with a dropped iron and my next step is to test a  | rule=I now hypothesize that interacting with the passageway or the environm | EXPERIMENT
8bda2332,probe_tw,73,29,take iron,0.0,0,1,False,"belief=I am in the Cubicle and my next step is to test the hypothesis that ta | rule=I now hypothesize that taking a specific object, such as the iron, may | EXPERIMENT"
8bda2332,probe_tw,74,0,look,0.0,0,1,False,belief=The situation is unknown and needs to be explored further | rule=The score may be earned by examining or using the objects in a specifi | EXPERIMENT
8bda2332,probe_tw,74,1,examine rack,0.0,0,1,False,belief=The situation is that I'm in a spare room with a rack and a closed gat | rule=I believe the score may be earned by interacting with the objects in t
8bda2332,probe_tw,74,2,put cookie on rack,0.0,0,1,False,"belief=I am in a spare room with a stable rack and a closed gate, and my next | rule=I believe the score may be earned by placing a specific item on the ra"
8bda2332,probe_tw,74,3,put cashew on rack,0.0,0,1,False,"belief=I am in a spare room with a stable rack and a closed gate, and my next | rule=I believe the score may be earned by placing a specific item on the ra"
8bda2332,probe_tw,74,4,put peanut on rack,0.0,0,1,False,"belief=I am in a spare room with a stable rack and a closed gate, and my next | rule=I believe the score may be earned by placing a specific item on the ra"
8bda2332,probe_tw,74,5,examine gate,0.0,0,1,False,"belief=I am in a spare room with a stable rack and a closed gate, and my next | rule=I believe the score may be earned by placing a specific item on the ra"
8bda2332,probe_tw,74,6,open gate,0.0,0,1,False,"belief=I am in a spare room with a stable rack and a closed gate, and my next | rule=I believe the score may be earned by interacting with the environment "
8bda2332,probe_tw,74,7,go north,0.0,0,1,False,"belief=I am in a spare room with a stable rack and an open gate, and my next  | rule=I now believe the score may be earned by moving to a new location or e | EXPERIMENT"
8bda2332,probe_tw,74,8,take chocolate bar,0.0,0,1,False,"belief=I am in a basement with a chocolate bar and an open gate, and my next  | rule=I now believe the score may be earned by interacting with specific obj | EXPERIMENT"
8bda2332,probe_tw,74,9,eat chocolate bar,0.0,0,1,False,"belief=I am in a basement with a chocolate bar, and my next step is to test t | rule=I now believe the score may be earned by consuming specific objects, s | EXPERIMENT"
8bda2332,probe_tw,74,10,go south,0.0,0,1,False,"belief=I am in a basement and my next step is to test a new hypothesis that m | rule=I now believe the score may be earned by exploring new locations, inte | EXPERIMENT"
8bda2332,probe_tw,74,11,take peanut from rack,0.0,0,1,False,belief=I am in a spare room and my next step is to test a new hypothesis that | rule=I now believe the score may be earned by taking a specific object from | EXPERIMENT
8bda2332,probe_tw,74,12,examine peanut,0.0,0,1,False,"belief=I am in a spare room and my next step is to test a new hypothesis that | rule=I now believe the score may be earned by examining a specific object,  | EXPERIMENT"
8bda2332,probe_tw,74,13,put peanut on rack,0.0,0,1,False,belief=I am in a spare room and my next step is to test a new hypothesis that | rule=I now believe the score may be earned by putting an object back in its | EXPERIMENT
8bda2332,probe_tw,74,14,examine rack,0.0,0,1,False,belief=I am in a spare room and my next step is to test a new hypothesis that | rule=I now believe the score may be earned by putting an object back in its | EXPERIMENT
8bda2332,probe_tw,74,15,take cashew from rack,0.0,0,1,False,belief=I am in a spare room and my next step is to test a new hypothesis that | rule=I now believe the score may be earned by taking a specific object from | EXPERIMENT
8bda2332,probe_tw,74,16,examine cookie,0.0,0,1,False,belief=I am in a spare room and my next step is to test a new hypothesis that | rule=I now believe the score may be earned by examining a specific object f | EXPERIMENT
8bda2332,probe_tw,74,17,take cookie from rack,0.0,0,1,False,"belief=I am in a spare room and my next step is to test a new hypothesis that | rule=I now believe the score may be earned by taking a specific object, pos | EXPERIMENT"
8bda2332,probe_tw,74,18,go north,0.0,0,1,False,belief=I am in a spare room and my next step is to test a new hypothesis that | rule=I now believe the score may be earned by moving to a specific location | EXPERIMENT
8bda2332,probe_tw,74,19,examine gate,0.0,0,1,False,belief=I am in a basement and my next step is to test a new hypothesis that i | rule=I now believe the score may be earned by interacting with the environm | EXPERIMENT
8bda2332,probe_tw,74,20,drop cookie,0.0,0,1,False,belief=I am in a basement and my next step is to test a new hypothesis that m | rule=I now believe the score may be earned by manipulating objects in a spe | EXPERIMENT
8bda2332,probe_tw,74,21,drop cashew,0.0,0,1,False,"belief=I need to revise my hypothesis about what earns the score, and I will  | rule=I believe the score may be earned by manipulating objects in a specifi | EXPERIMENT"
8bda2332,probe_tw,74,22,close gate,0.0,0,1,False,belief=I am in the basement and my next step is to test the hypothesis that t | rule=I believe the score may be earned by interacting with the gate in a sp | EXPERIMENT
8bda2332,probe_tw,74,23,take cashew,0.0,0,1,False,"belief=I am in the basement and my next step is to test the hypothesis that t | rule=I believe the score may be earned by taking a specific object, such as | EXPERIMENT"
8bda2332,probe_tw,74,24,eat cashew,0.0,0,1,False,"belief=I am in the basement and my next step is to test the hypothesis that t | rule=I believe the score may be earned by consuming a specific object, such | EXPERIMENT"
8bda2332,probe_tw,74,25,examine cookie,0.0,0,1,False,"belief=I am in the basement and my next step is to test the hypothesis that t | rule=I believe the score may be earned by examining a specific object, such | EXPERIMENT"
8bda2332,probe_tw,74,26,take cookie,0.0,0,1,False,"belief=I am in the basement and my next step is to test the hypothesis that t | rule=I believe the score may be earned by taking a specific object, such as | EXPERIMENT"
8bda2332,probe_tw,74,27,open gate,0.0,0,1,False,"belief=I am in the basement and my next step is to test the hypothesis that t | rule=I believe the score may be earned by interacting with the gate, such a | EXPERIMENT"
8bda2332,probe_tw,74,28,eat cookie,0.0,0,1,False,"belief=I am in the basement and my next step is to test the hypothesis that t | rule=I believe the score may be earned by consuming the cookie, possibly in | EXPERIMENT"
8bda2332,probe_tw,74,29,go north,0.0,0,1,False,belief=I am in the basement and my next step is to test the hypothesis that t | rule=I believe the score may be earned by moving to a specific location. I  | EXPERIMENT
