run_id,variant,seed,step,command,reward,score,max_score,won,note
1b400d3f,probe3_tw,0,0,close Canadian limited edition safe,0.0,0,1,False,"belief=I have just arrived and do not yet know the layout or the go | rule=unknown; I do not yet know what earns score, so I must disco | STUCK"
1b400d3f,probe3_tw,0,1,drop binder,0.0,0,1,False,"belief=I have just arrived and do not yet know the layout or the go | rule=unknown; I do not yet know what earns score, so I must disco | STUCK"
1b400d3f,probe3_tw,0,2,examine Canadian limited edition latchkey,0.0,0,1,False,"belief=I have just arrived and do not yet know the layout or the go | rule=unknown; I do not yet know what earns score, so I must disco | STUCK"
1b400d3f,probe3_tw,0,3,examine Canadian limited edition safe,0.0,0,1,False,"belief=I am in a laundromat with a Canadian limited edition latchke | rule=I still don't know what earns score, but I've ruled out exam | STUCK"
1b400d3f,probe3_tw,0,4,take Canadian limited edition latchkey,0.0,0,1,False,"belief=I am in a laundromat with a Canadian limited edition safe an | rule=I still don't know what earns score, but I've ruled out exam"
1b400d3f,probe3_tw,0,5,lock Canadian limited edition safe with Canadian limited edition latchkey,0.0,0,1,False,"belief=I am in a laundromat with a Canadian limited edition latchke | rule=I still don't know what earns score, but I've ruled out exam"
1b400d3f,probe3_tw,0,6,go north,0.0,0,1,False,"belief=I am in a laundromat with a locked Canadian limited edition  | rule=I still don't know what earns score, but I've ruled out exam"
1b400d3f,probe3_tw,0,7,go south,0.0,0,1,False,"belief=I am in a shower with a Canadian limited edition latchkey an | rule=I still don't know what earns score, but I've ruled out exam"
1b400d3f,probe3_tw,0,8,examine binder,0.0,0,1,False,"belief=I am in a laundromat with a Canadian limited edition latchke | rule=I still don't know what earns score, but I've ruled out exam"
1b400d3f,probe3_tw,0,9,take binder,0.0,0,1,False,"belief=I am in a laundromat with a Canadian limited edition latchke | rule=I still don't know what earns score, but I've ruled out exam"
1b400d3f,probe3_tw,0,10,look,0.0,0,1,False,"belief=I am in a laundromat with a Canadian limited edition latchke | rule=I still don't know what earns score, but I've ruled out exam"
1b400d3f,probe3_tw,0,11,examine Canadian limited edition safe,0.0,0,1,False,"belief=I am in a laundromat with a Canadian limited edition latchke | rule=I still don't know what earns score, but I've ruled out exam"
1b400d3f,probe3_tw,0,12,unlock Canadian limited edition safe with Canadian limited edition latchkey,0.0,0,1,False,"belief=I am in a laundromat with a Canadian limited edition latchke | rule=I still don't know what earns score, but I've ruled out exam"
1b400d3f,probe3_tw,0,13,open Canadian limited edition safe,0.0,0,1,False,"belief=I am in a laundromat with a Canadian limited edition latchke | rule=I still don't know what earns score, but I've ruled out exam"
1b400d3f,probe3_tw,0,14,insert binder into Canadian limited edition safe,0.0,0,1,False,"belief=I am in a laundromat with a Canadian limited edition latchke | rule=I still don't know what earns score, but I've ruled out exam"
1b400d3f,probe3_tw,0,15,take binder from Canadian limited edition safe,0.0,0,1,False,"belief=I am in a laundromat with a Canadian limited edition latchke | rule=I still don't know what earns score, but I've ruled out exam"
1b400d3f,probe3_tw,0,16,examine binder,0.0,0,1,False,"belief=I am in a laundromat with a Canadian limited edition latchke | rule=I still don't know what earns score, but I've ruled out exam"
1b400d3f,probe3_tw,0,17,examine binder,0.0,0,1,False,"belief=1 | rule=I still don't know what earns score, but I've ruled out exam"
1b400d3f,probe3_tw,0,18,close Canadian limited edition safe,0.0,0,1,False,"belief=I am in a laundromat with a binder and a latchkey, and I nee | rule=I still don't know what earns score, but I've ruled out exam"
1b400d3f,probe3_tw,0,19,lock Canadian limited edition safe with Canadian limited edition latchkey,0.0,0,1,False,"belief=I am in a laundromat with a binder and a latchkey, and I nee | rule=I still don't know what earns score, but I've ruled out exam"
1b400d3f,probe3_tw,0,20,drop Canadian limited edition latchkey,0.0,0,1,False,"belief=I am in a laundromat with a binder and a latchkey, and I nee | rule=I still don't know what earns score, but I've ruled out exam | STUCK"
1b400d3f,probe3_tw,0,21,take Canadian limited edition latchkey,0.0,0,1,False,"belief=I am in a laundromat with a binder and a dropped latchkey, a | rule=I still don't know what earns score, but I've ruled out exam"
1b400d3f,probe3_tw,0,22,examine Canadian limited edition safe,0.0,0,1,False,"belief=I am in a laundromat with a binder and a latchkey, and I nee | rule=I still don't know what earns score, but I've ruled out exam"
1b400d3f,probe3_tw,0,23,drop binder,0.0,0,1,False,"belief=I am in a laundromat with a binder and a latchkey, and I nee | rule=I still don't know what earns score, but I've ruled out exam"
1b400d3f,probe3_tw,0,24,take binder,0.0,0,1,False,"belief=I am in a laundromat with a dropped binder and a latchkey, m | rule=I still don't know what earns score, but I've ruled out exam"
1b400d3f,probe3_tw,0,25,examine binder,0.0,0,1,False,"belief=I am in a laundromat with a binder and a latchkey, my next s | rule=I still don't know what earns score, but I've ruled out exam"
1b400d3f,probe3_tw,0,26,examine Canadian limited edition latchkey,0.0,0,1,False,"belief=I am in a laundromat with a binder and a latchkey, my next s | rule=I still don't know what earns score, but I've ruled out exam | STUCK"
1b400d3f,probe3_tw,0,27,go north,0.0,0,1,False,"belief=I am in a laundromat with a binder and a latchkey, my next s | rule=I still don't know what earns score, but I've ruled out exam | STUCK"
1b400d3f,probe3_tw,0,28,examine gate,0.0,0,1,False,"belief=I am in a shower with a binder and a latchkey, my next step  | rule=I still don't know what earns score, but I've ruled out exam"
1b400d3f,probe3_tw,0,29,open gate,0.0,0,1,False,"belief=I am at an ominous gate with a binder and a latchkey, my nex | rule=I still don't know what earns score, but I've ruled out exam"
1b400d3f,probe3_tw,1,0,drop cuboid keycard,0.0,0,1,False,"belief=I have just arrived and do not yet know the layout or the go | rule=unknown; I do not yet know what earns score, so I must disco | STUCK"
1b400d3f,probe3_tw,1,1,drop stapler,0.0,0,1,False,"belief=I have just arrived and do not yet know the layout or the go | rule=unknown; I do not yet know what earns score, so I must disco | STUCK"
1b400d3f,probe3_tw,1,2,examine cabinet,0.0,0,1,False,"belief=I have just arrived and do not yet know the layout or the go | rule=unknown; I do not yet know what earns score, so I must disco | STUCK"
1b400d3f,probe3_tw,1,3,examine cuboid gate,0.0,0,1,False,belief=I am in the cookhouse and need to explore the surroundings.  | rule=Unknown; trying different actions to discover what earns sco | STUCK
1b400d3f,probe3_tw,1,4,go west,0.0,0,1,False,belief=I am in a location with a closed cuboid gate and need to exp | rule=Unknown; trying different actions to discover what earns sco
1b400d3f,probe3_tw,1,5,take key,0.0,0,1,False,belief=I am in a dish-pit with various objects and an exit. My next | rule=Unknown; trying different actions to discover what earns sco
1b400d3f,probe3_tw,1,6,examine key,0.0,0,1,False,belief=I am in a dish-pit with a key and various objects. My next s | rule=Unknown; trying different actions to discover what earns sco
1b400d3f,probe3_tw,1,7,examine platter,0.0,0,1,False,belief=I am in a dish-pit with a key and various objects. My next s | rule=Unknown; trying different actions to discover what earns sco
1b400d3f,probe3_tw,1,8,put key on platter,0.0,0,1,False,belief=I am in a dish-pit with a key and various objects. My next s | rule=Unknown; trying different actions to discover what earns sco
1b400d3f,probe3_tw,1,9,examine safe,0.0,0,1,False,belief=I am in a dish-pit with a key on the platter. My next step i | rule=Unknown; trying different actions to discover what earns sco
1b400d3f,probe3_tw,1,10,open safe,0.0,0,1,False,belief=I am in a dish-pit with a safe and a platter. My next step i | rule=Unknown; trying different actions to discover what earns sco
1b400d3f,probe3_tw,1,11,look,0.0,0,1,False,"belief=I am in a dish-pit with a safe and a platter, and I just ope | rule=Unknown; trying different actions to discover what earns sco"
1b400d3f,probe3_tw,1,12,look,0.0,0,1,False,"belief=I am in a dish-pit with a safe and a platter, and I just ope | rule=Unknown; trying different actions to discover what earns sco"
1b400d3f,probe3_tw,1,13,look,0.0,0,1,False,"belief=I am in a dish-pit with a safe and a platter, and I just ope | rule=Unknown; trying different actions to discover what earns sco"
1b400d3f,probe3_tw,1,14,look,0.0,0,1,False,"belief=I am in a dish-pit with a safe and a platter, and I just ope | rule=Unknown; trying different actions to discover what earns sco"
1b400d3f,probe3_tw,1,15,look,0.0,0,1,False,"belief=I am in a dish-pit with a safe and a platter, and I just ope | rule=Unknown; trying different actions to discover what earns sco"
1b400d3f,probe3_tw,1,16,close safe,0.0,0,1,False,"belief=I am in a dish-pit with a safe and a platter, and I just ope | rule=Unknown; trying different actions to discover what earns sco | STUCK"
1b400d3f,probe3_tw,1,17,examine key,0.0,0,1,False,"belief=I am in a dish-pit with a safe and a platter, and I just ope | rule=Unknown; trying different actions to discover what earns sco | STUCK"
1b400d3f,probe3_tw,1,18,examine platter,0.0,0,1,False,"belief=I am in a dish-pit with a safe and a platter, and I just ope | rule=Unknown; trying different actions to discover what earns sco | STUCK"
1b400d3f,probe3_tw,1,19,go east,0.0,0,1,False,"belief=I am in a dish-pit with a safe and a platter, and I need to  | rule=Interacting with objects and changing their state might rais | STUCK"
1b400d3f,probe3_tw,1,20,examine cuboid keycard,0.0,0,1,False,"belief=I am in a cookhouse with a cabinet, cuboid gate, stapler, an | rule=Interacting with objects and changing their state might rais | STUCK"
1b400d3f,probe3_tw,1,21,examine stapler,0.0,0,1,False,"belief=I am in a cookhouse with a cabinet, cuboid gate, stapler, an | rule=Interacting with objects and changing their state might rais | STUCK"
1b400d3f,probe3_tw,1,22,inventory,0.0,0,1,False,"belief=I am in a cookhouse with a cabinet, cuboid gate, stapler, an | rule=Interacting with objects and changing their state might rais | STUCK"
1b400d3f,probe3_tw,1,23,look,0.0,0,1,False,"belief=I am in a cookhouse with various objects, and my next step i | rule=Interacting with objects and changing their state might rais | STUCK"
1b400d3f,probe3_tw,1,24,open cabinet,0.0,0,1,False,"belief=I am in a cookhouse with various objects, and my next step i | rule=Interacting with objects and changing their state might rais | STUCK"
1b400d3f,probe3_tw,1,25,take cuboid keycard,0.0,0,1,False,"belief=I am in a cookhouse with various objects, and my next step i | rule=Interacting with objects and changing their state might rais"
1b400d3f,probe3_tw,1,26,unlock cuboid gate with cuboid keycard,0.0,0,1,False,belief=I am in a cookhouse with a cuboid keycard and various object | rule=Interacting with objects and changing their state might rais
1b400d3f,probe3_tw,1,27,go west,0.0,0,1,False,belief=I am in a cookhouse with a cuboid keycard and various object | rule=Using a keycard to unlock a gate seems to be a promising act
1b400d3f,probe3_tw,1,28,take key from platter,0.0,0,1,False,belief=I am in a dish-pit with a cuboid keycard and various objects | rule=Using a keycard to unlock a gate seems to be a promising act
1b400d3f,probe3_tw,1,29,examine safe,0.0,0,1,False,"belief=I am in a dish-pit with a key and a cuboid keycard, and I se | rule=Using a keycard to unlock a gate seems to be a promising act"
1b400d3f,probe3_tw,2,0,drop latchkey,0.0,0,1,False,"belief=I have just arrived and do not yet know the layout or the go | rule=unknown; I do not yet know what earns score, so I must disco | STUCK"
1b400d3f,probe3_tw,2,1,drop staple,0.0,0,1,False,"belief=I have just arrived and do not yet know the layout or the go | rule=unknown; I do not yet know what earns score, so I must disco | STUCK"
1b400d3f,probe3_tw,2,2,examine bed stand,0.0,0,1,False,"belief=I have just arrived and do not yet know the layout or the go | rule=unknown; I do not yet know what earns score, so I must disco | STUCK"
1b400d3f,probe3_tw,2,3,examine latchkey,0.0,0,1,False,"belief=I have just arrived and do not yet know the layout or the go | rule=unknown; I do not yet know what earns score, so I must disco | STUCK"
1b400d3f,probe3_tw,2,4,examine portal,0.0,0,1,False,"belief=I am in a bedchamber with a polished latchkey and no clear o | rule=I still don't know what raises the score, but I've ruled out | STUCK"
1b400d3f,probe3_tw,2,5,open portal,0.0,0,1,False,"belief=I am in a bedchamber with a portal and no clear objective. M | rule=I still don't know what raises the score, but I've ruled out"
1b400d3f,probe3_tw,2,6,examine safe,0.0,0,1,False,"belief=I am in a bedchamber with a portal and no clear objective. M | rule=I still don't know what raises the score, but I've ruled out"
1b400d3f,probe3_tw,2,7,take latchkey,0.0,0,1,False,"belief=I am in a bedchamber with a portal and a safe, and my next s | rule=I still don't know what raises the score, but I've ruled out"
1b400d3f,probe3_tw,2,8,unlock safe with latchkey,0.0,0,1,False,"belief=I am in a bedchamber with a portal and a safe, and my next s | rule=I still don't know what raises the score, but I've ruled out"
1b400d3f,probe3_tw,2,9,examine safe,0.0,0,1,False,"belief=I am in a bedchamber with a portal and an unlocked safe, and | rule=I still don't know what raises the score, but I've ruled out"
1b400d3f,probe3_tw,2,10,open safe,0.0,0,1,False,"belief=I am in a bedchamber with a portal and an unlocked safe, and | rule=I still don't know what raises the score, but I've ruled out"
1b400d3f,probe3_tw,2,11,examine textbook,0.0,0,1,False,"belief=I am in a bedchamber with a portal, an unlocked safe, and a  | rule=I still don't know what raises the score, but I've ruled out"
1b400d3f,probe3_tw,2,12,examine bed stand,0.0,0,1,False,"belief=I am in a bedchamber with a portal, an unlocked safe, and a  | rule=I still don't know what raises the score, but I've ruled out"
1b400d3f,probe3_tw,2,13,examine portal,0.0,0,1,False,"belief=I am in a bedchamber with a portal, an unlocked safe, and a  | rule=I still don't know what raises the score, but I've ruled out"
1b400d3f,probe3_tw,2,14,take textbook from safe,0.0,0,1,False,"belief=I am in a bedchamber with a portal, an unlocked safe, and a  | rule=I still don't know what raises the score, but I've ruled out"
1b400d3f,probe3_tw,2,15,examine latchkey,0.0,0,1,False,"belief=I am in a bedchamber with a portal, an unlocked safe, and a  | rule=I still don't know what raises the score, but I've ruled out"
1b400d3f,probe3_tw,2,16,put latchkey on bed stand,0.0,0,1,False,"belief=I am in a bedchamber with a portal, an unlocked safe, and a  | rule=I still don't know what raises the score, but I've ruled out"
1b400d3f,probe3_tw,2,17,examine safe,0.0,0,1,False,"belief=I am in a bedchamber with a portal, an unlocked safe, and a  | rule=I still don't know what raises the score, but I've ruled out"
1b400d3f,probe3_tw,2,18,insert textbook into safe,0.0,0,1,False,"belief=I am in a bedchamber with a portal, an unlocked safe, and a  | rule=I still don't know what raises the score, but I've ruled out"
1b400d3f,probe3_tw,2,19,examine bed stand,0.0,0,1,False,"belief=I am in a bedchamber with a portal, an unlocked safe, and a  | rule=I still don't know what raises the score, but I've ruled out"
1b400d3f,probe3_tw,2,20,take latchkey from bed stand,0.0,0,1,False,"belief=I am in a bedchamber with a potentially useful latchkey on a | rule=I still don't know what raises the score, but I've ruled out"
1b400d3f,probe3_tw,2,21,go south,0.0,0,1,False,"belief=I am in a bedchamber with a latchkey, my next step is to exp | rule=I still don't know what raises the score, but I've ruled out"
1b400d3f,probe3_tw,2,22,go north,0.0,0,1,False,"belief=I am in a workshop with a latchkey, my next step is to explo | rule=I still don't know what raises the score, but I've ruled out"
1b400d3f,probe3_tw,2,23,go west,0.0,0,1,False,"belief=I am in a bedchamber with a latchkey, my next step is to exp | rule=I still don't know what raises the score, but I've ruled out"
1b400d3f,probe3_tw,2,24,go east,0.0,0,1,False,"belief=I am in a bedchamber with a latchkey, my next step is to exp | rule=I still don't know what raises the score, but I've ruled out"
1b400d3f,probe3_tw,2,25,go west,0.0,0,1,False,"belief=I am in a bedchamber with a latchkey, my next step is to exp | rule=I still don't know what raises the score, but I've ruled out"
1b400d3f,probe3_tw,2,26,go south,0.0,0,1,False,"belief=I am in a kitchen with a latchkey, my next step is to explor | rule=I still don't know what raises the score, but I've ruled out"
1b400d3f,probe3_tw,2,27,look,0.0,0,1,False,"belief=I am in a spare room with a latchkey, my next step is to exp | rule=I still don't know what raises the score, but I've ruled out"
1b400d3f,probe3_tw,2,28,examine latchkey,0.0,0,1,False,"belief=I am in a spare room with a latchkey, my next step is to exp | rule=I still don't know what raises the score, but I've ruled out"
1b400d3f,probe3_tw,2,29,drop latchkey,0.0,0,1,False,"belief=I am in a spare room with a latchkey, my next step is to try | rule=I still don't know what raises the score, but I've ruled out | STUCK"
1b400d3f,probe3_tw,3,0,drop insect,0.0,0,1,False,"belief=I have just arrived and do not yet know the layout or the go | rule=unknown, but possibly using items to interact with the envir | STUCK"
1b400d3f,probe3_tw,3,1,drop keycard,0.0,0,1,False,"belief=I have just arrived and do not yet know the layout or the go | rule=unknown, but possibly using items to interact with the envir | STUCK"
1b400d3f,probe3_tw,3,2,examine bench,0.0,0,1,False,"belief=I have just arrived and do not yet know the layout or the go | rule=unknown, but possibly using items to interact with the envir | STUCK"
1b400d3f,probe3_tw,3,3,examine bookshelf,0.0,0,1,False,"belief=I'm in a bedroom with unknown layout and goal, my next step  | rule=using items to interact with the environment might raise the | STUCK"
1b400d3f,probe3_tw,3,4,go west,0.0,0,1,False,"belief=I'm in a bedroom with unknown layout and goal, my next step  | rule=using items to interact with the environment or moving to ne"
1b400d3f,probe3_tw,3,5,go east,0.0,0,1,False,"belief=I'm in a basement with a closed passageway to the south and  | rule=moving to new locations might raise the score, I've ruled ou"
1b400d3f,probe3_tw,3,6,examine box,0.0,0,1,False,"belief=I'm in a bedroom with a box, bench, bookshelf, keycard, and  | rule=moving to new locations and examining objects might raise th"
1b400d3f,probe3_tw,3,7,examine keycard,0.0,0,1,False,"belief=I'm in a bedroom with a box, bench, bookshelf, keycard, and  | rule=moving to new locations, examining objects, and taking items"
1b400d3f,probe3_tw,3,8,examine insect,0.0,0,1,False,"belief=I'm in a bedroom with a box, bench, bookshelf, keycard, and  | rule=moving to new locations, examining objects, and taking items"
1b400d3f,probe3_tw,3,9,take insect,0.0,0,1,False,"belief=I'm in a bedroom with various objects, my next step is to tr | rule=I've ruled out examining the bench, bookshelf, box, keycard,"
1b400d3f,probe3_tw,3,10,put insect on bench,0.0,0,1,False,"belief=I'm in a bedroom with an insect, my next step is to try putt | rule=I've ruled out examining the bench, bookshelf, box, keycard,"
1b400d3f,probe3_tw,3,11,examine bench,0.0,0,1,False,belief=try something new rather than sensing | rule=try something new rather than sensing
1b400d3f,probe3_tw,3,12,take insect from bench,0.0,0,1,False,"belief=The insect on the bench might be relevant, try interacting w | rule=Trying new actions and interacting with objects in different"
1b400d3f,probe3_tw,3,13,put insect on bookshelf,0.0,0,1,False,belief=The insect might be used with other objects in the room. Nex | rule=Interacting with objects in different ways and trying new co
1b400d3f,probe3_tw,3,14,examine bookshelf,0.0,0,1,False,"belief=The insect is on the bookshelf, next step: examine the books | rule=Interacting with objects in different ways and trying new co"
1b400d3f,probe3_tw,3,15,examine insect,0.0,0,1,False,"belief=The insect is on the bookshelf, next step: examine the insec | rule=Interacting with objects in different ways and trying new co"
1b400d3f,probe3_tw,3,16,take insect from bookshelf,0.0,0,1,False,"belief=The insect is on the bookshelf, next step: try taking the in | rule=Interacting with objects in different ways and trying new co"
1b400d3f,probe3_tw,3,17,examine box,0.0,0,1,False,"belief=The insect is now in my inventory, next step: try to interac | rule=Interacting with objects in different ways and trying new co"
1b400d3f,probe3_tw,3,18,take keycard,0.0,0,1,False,"belief=The insect is now in my inventory, next step: try to interac | rule=Interacting with objects in different ways and trying new co"
1b400d3f,probe3_tw,3,19,drop keycard,0.0,0,1,False,"belief=Try to use the keycard to unlock the box, as it might be a r | rule=Interacting with objects in different ways, especially using | STUCK"
1b400d3f,probe3_tw,3,20,drop insect,0.0,0,1,False,"belief=Try to pick up the keycard and use it to unlock the box, as  | rule=Interacting with objects in different ways, especially using | STUCK"
1b400d3f,probe3_tw,3,21,inventory,0.0,0,1,False,belief=Try to move to a different location to see if it raises the  | rule=Interacting with objects in different ways and moving to new | STUCK
1b400d3f,probe3_tw,3,22,look,0.0,0,1,False,belief=Try to move to a different location to see if it raises the  | rule=Interacting with objects in different ways and moving to new | STUCK
1b400d3f,probe3_tw,3,23,take keycard,0.0,0,1,False,"belief=Try to move to a different location or interact with the env | rule=Interacting with objects in different ways, moving to new lo | STUCK"
1b400d3f,probe3_tw,3,24,examine bench,0.0,0,1,False,belief=Try to use the keycard to unlock a new area or object. Next  | rule=Using items to unlock or access new things might raise the s | STUCK
1b400d3f,probe3_tw,3,25,examine bookshelf,0.0,0,1,False,"belief=Try to use the keycard to unlock a new area or object, next  | rule=Using items to unlock or access new things might raise the s | STUCK"
1b400d3f,probe3_tw,3,26,examine box,0.0,0,1,False,"belief=Try to use the keycard to unlock a new area or object, next  | rule=Using items to unlock or access new things might raise the s | STUCK"
1b400d3f,probe3_tw,3,27,examine insect,0.0,0,1,False,"belief=Try to use the keycard to unlock the box, as it is the most  | rule=Using items to unlock or access new things might raise the s | STUCK"
1b400d3f,probe3_tw,3,28,examine keycard,0.0,0,1,False,"belief=Try to unlock the box with the keycard, as it's the most dir | rule=Using items to unlock or access new things might raise the s | STUCK"
1b400d3f,probe3_tw,3,29,go west,0.0,0,1,False,belief=Try to unlock the box with the keycard as it's the most dire | rule=Using items to unlock or access new things might raise the s | STUCK
1b400d3f,probe3_tw,4,0,drop controller,0.0,0,1,False,"belief=I have just arrived and do not yet know the layout or the go | rule=unknown; I do not yet know what earns score, so I must disco | STUCK"
1b400d3f,probe3_tw,4,1,drop legume,0.0,0,1,False,"belief=I have just arrived and do not yet know the layout or the go | rule=unknown; I do not yet know what earns score, so I must disco | STUCK"
1b400d3f,probe3_tw,4,2,examine controller,0.0,0,1,False,"belief=I have just arrived and do not yet know the layout or the go | rule=unknown; I do not yet know what earns score, so I must disco | STUCK"
1b400d3f,probe3_tw,4,3,examine legume,0.0,0,1,False,"belief=I am in the pantry with no items, my next step is to try mov | rule=unknown, but examining the controller did not raise the scor | STUCK"
1b400d3f,probe3_tw,4,4,go north,0.0,0,1,False,"belief=I am in the pantry with no items, my next step is to try mov | rule=unknown, but examining objects did not raise the score, I wi | STUCK"
1b400d3f,probe3_tw,4,5,close portal,0.0,0,1,False,"belief=I am in the shower with no items, my next step is to try mov | rule=unknown, but examining objects did not raise the score, I wi | STUCK"
1b400d3f,probe3_tw,4,6,examine portal,0.0,0,1,False,"belief=I am in the shower with no items, my next step is to try ope | rule=unknown, but examining objects and moving to a new location  | STUCK"
1b400d3f,probe3_tw,4,7,go south,0.0,0,1,False,"belief=I am in front of a portal with a lid, my next step is to try | rule=unknown, but examining objects and moving to a new location  | STUCK"
1b400d3f,probe3_tw,4,8,inventory,0.0,0,1,False,"belief=I am in a pantry with a legume and a controller, my next ste | rule=interacting with objects may raise the score, examining obje | STUCK"
1b400d3f,probe3_tw,4,9,take controller,0.0,0,1,False,"belief=I am in a pantry with a legume and a controller, my next ste | rule=interacting with objects may raise the score, examining obje"
1b400d3f,probe3_tw,4,10,examine controller,0.0,0,1,False,"belief=I am in a pantry with a legume and a controller, my next ste | rule=interacting with objects may raise the score, examining obje"
1b400d3f,probe3_tw,4,11,examine legume,0.0,0,1,False,"belief=I am in a pantry with a legume and a controller, my next ste | rule=interacting with objects may raise the score, examining obje"
1b400d3f,probe3_tw,4,12,take legume,0.0,0,1,False,"belief=I am in a pantry with a legume and a controller, my next ste | rule=interacting with objects may raise the score, examining obje"
1b400d3f,probe3_tw,4,13,eat legume,0.0,0,1,False,"belief=I am in a pantry with a legume and a controller, my next ste | rule=interacting with objects, specifically taking or using them,"
1b400d3f,probe3_tw,4,14,drop controller,0.0,0,1,False,"belief=I am in a pantry with a controller, my next step is to use t | rule=interacting with objects, specifically using them, may raise"
1b400d3f,probe3_tw,4,15,take controller,0.0,0,1,False,"belief=I am in a pantry with a dropped controller, my next step is  | rule=interacting with objects, specifically using them, may raise"
1b400d3f,probe3_tw,4,16,look,0.0,0,1,False,"belief=I am in a pantry with a controller, my next step is to try u | rule=interacting with objects, specifically using them, may raise"
1b400d3f,probe3_tw,4,17,examine controller,0.0,0,1,False,"belief=I am in a pantry with a controller, my next step is to try u | rule=interacting with objects, specifically using them in a speci"
1b400d3f,probe3_tw,4,18,go north,0.0,0,1,False,"belief=I am in a pantry with a controller, my next step is to try u | rule=interacting with objects, specifically using them in a speci"
1b400d3f,probe3_tw,4,19,examine portal,0.0,0,1,False,"belief=I am in a shower with a controller, my next step is to try u | rule=interacting with objects, specifically using them in a speci"
1b400d3f,probe3_tw,4,20,open portal,0.0,0,1,False,"belief=I am in a shower with a controller and a portal, my next ste | rule=interacting with objects, specifically using them in a speci"
1b400d3f,probe3_tw,4,21,close portal,0.0,0,1,False,"belief=I am in a shower with a controller and an open portal, my ne | rule=interacting with objects in a specific context or location m"
1b400d3f,probe3_tw,4,22,open portal,0.0,0,1,False,"belief=I am in a shower with a controller and a closed portal, my n | rule=interacting with objects in a specific context or location m"
1b400d3f,probe3_tw,4,23,go east,0.0,0,1,False,"belief=I am in a shower with a controller and a closed portal, my n | rule=interacting with objects in a specific context or location m"
1b400d3f,probe3_tw,4,24,examine board,0.0,0,1,False,"belief=I am in a cookery with a controller, and my next step is to  | rule=interacting with objects in a specific context or location m"
1b400d3f,probe3_tw,4,25,examine napkin,0.0,0,1,False,belief=I am in a cookery with a controller and a napkin on the boar | rule=interacting with objects in a specific context or location m
1b400d3f,probe3_tw,4,26,take napkin from board,0.0,0,1,False,belief=I am in a cookery with a controller and a napkin on the boar | rule=interacting with objects in a specific context or location m
1b400d3f,probe3_tw,4,27,examine controller,0.0,0,1,False,"belief=I am in a cookery with a controller and a napkin, and my nex | rule=interacting with objects in a specific context or location m"
1b400d3f,probe3_tw,4,28,examine saucepan,0.0,0,1,False,"belief=I am in a cookery with a controller and a napkin, and my nex | rule=interacting with objects in a specific context or location m"
1b400d3f,probe3_tw,4,29,put controller on saucepan,0.0,0,1,False,"belief=I am in a cookery with a controller and a napkin, and my nex | rule=interacting with objects in a specific context or location m"
1b400d3f,probe3_tw,5,0,drop cloak,0.0,0,1,False,"belief=I have just arrived and do not yet know the layout or the go | rule=unknown, but trying actions related to the passkey and gate  | STUCK"
1b400d3f,probe3_tw,5,1,drop passkey,0.0,0,1,False,"belief=I have just arrived and do not yet know the layout or the go | rule=unknown, but trying actions related to the passkey and gate  | STUCK"
1b400d3f,probe3_tw,5,2,examine cloak,0.0,0,1,False,"belief=I have just arrived and do not yet know the layout or the go | rule=unknown, but trying actions related to the passkey and gate  | STUCK"
1b400d3f,probe3_tw,5,3,examine gate,0.0,0,1,False,"belief=I am in a kitchenette with a cloak and a passkey, my next st | rule=trying actions related to the passkey might earn score, rule | STUCK"
1b400d3f,probe3_tw,5,4,take passkey,0.0,0,1,False,"belief=I am at a gate with a lid in the way, my next step is to try | rule=trying actions related to the passkey might earn score, rule"
1b400d3f,probe3_tw,5,5,examine passkey,0.0,0,1,False,"belief=I am at a gate with a lid in the way, my next step is to exa | rule=trying actions related to the passkey might earn score, rule"
1b400d3f,probe3_tw,5,6,unlock gate with passkey,0.0,0,1,False,"belief=I am at a gate with a lid in the way, my next step is to try | rule=trying actions related to the passkey might earn score, rule"
1b400d3f,probe3_tw,5,7,look,0.0,0,1,False,"belief=I am at an unlocked gate with a kitchenette nearby, my next  | rule=trying actions related to the passkey and exploring new area"
1b400d3f,probe3_tw,5,8,go south,0.0,0,1,False,belief=I am in the kitchenette with a cloak on the floor and a clos | rule=trying actions related to movement and exploration might ear
1b400d3f,probe3_tw,5,9,go north,0.0,0,1,False,"belief=I am in the cookhouse with a passkey, my next step is to go  | rule=trying actions related to movement and exploration might ear"
1b400d3f,probe3_tw,5,10,open gate,0.0,0,1,False,belief=I am in the kitchenette with a passkey and a cloak on the fl | rule=trying actions related to movement and exploration might ear
1b400d3f,probe3_tw,5,11,go east,0.0,0,1,False,"belief=I am now outside the kitchenette with a passkey, my next ste | rule=trying actions related to movement and exploration might ear"
1b400d3f,probe3_tw,5,12,go west,0.0,0,1,False,"belief=I am in a study with a closed coffer, a desk, and an open ga | rule=trying actions related to movement and exploration might ear"
1b400d3f,probe3_tw,5,13,go south,0.0,0,1,False,"belief=I am in a kitchenette with a cloak and an open gate, my next | rule=trying actions related to movement and exploration might ear"
1b400d3f,probe3_tw,5,14,look,0.0,0,1,False,"belief=I am in a kitchenette with an open area, my next step is to  | rule=trying actions related to movement and exploration might ear"
1b400d3f,probe3_tw,5,15,examine passkey,0.0,0,1,False,"belief=I am in a kitchenette with an open area, my next step is to  | rule=trying actions related to movement and exploration might not"
1b400d3f,probe3_tw,5,16,drop passkey,0.0,0,1,False,"belief=I am in a kitchenette with an open area, my next step is to  | rule=trying actions related to objects like the passkey might ear"
1b400d3f,probe3_tw,5,17,take passkey,0.0,0,1,False,belief=I am in a kitchenette with an open area and a dropped passke | rule=trying actions related to objects like the passkey might ear
1b400d3f,probe3_tw,5,18,inventory,0.0,0,1,False,"belief=I am in a kitchenette with a passkey, my next step is to che | rule=trying actions related to objects like the passkey might ear"
1b400d3f,probe3_tw,5,19,drop passkey,0.0,0,1,False,"belief=I am in a kitchenette with a passkey, my next step is to try | rule=trying actions related to objects like the passkey might ear"
1b400d3f,probe3_tw,5,20,take passkey,0.0,0,1,False,"belief=I am in a kitchenette with a dropped passkey, my next step i | rule=trying actions related to objects like the passkey might ear"
1b400d3f,probe3_tw,5,21,go north,0.0,0,1,False,"belief=I am in a kitchenette with a passkey, my next step is to try | rule=trying actions related to objects like the passkey might ear"
1b400d3f,probe3_tw,5,22,close gate,0.0,0,1,False,"belief=I am in a kitchenette with a passkey and a cloak, my next st | rule=trying actions related to objects like the passkey and cloak | STUCK"
1b400d3f,probe3_tw,5,23,drop passkey,0.0,0,1,False,"belief=I am in a kitchenette with a passkey, my next step is to try | rule=trying actions related to objects like the passkey and using | STUCK"
1b400d3f,probe3_tw,5,24,take passkey,0.0,0,1,False,"belief=I am in a kitchenette with a dropped passkey, my next step i | rule=trying actions related to objects like the passkey and using"
1b400d3f,probe3_tw,5,25,lock gate with passkey,0.0,0,1,False,"belief=I am in a kitchenette with a passkey, my next step is to try | rule=using objects like the passkey to interact with other object"
1b400d3f,probe3_tw,5,26,examine gate,0.0,0,1,False,"belief=I am in a kitchenette with a locked gate and a passkey, my n | rule=using objects like the passkey to interact with other object"
1b400d3f,probe3_tw,5,27,examine gate,0.0,0,1,False,belief=2 | rule=1
1b400d3f,probe3_tw,5,28,go south,0.0,0,1,False,"belief=I'm at a gate with a passkey, and I've tried various actions | rule=I think the score rises when I interact with new objects or "
1b400d3f,probe3_tw,5,29,go north,0.0,0,1,False,"belief=I'm in a cookhouse with a passkey, and I need to try a new a | rule=I think the score rises when I interact with new objects or  | STUCK"
1b400d3f,probe3_tw,6,0,drop knife,0.0,0,1,False,"belief=I have just arrived and do not yet know the layout or the go | rule=unknown; I do not yet know what earns score, so I must disco | STUCK"
1b400d3f,probe3_tw,6,1,drop latchkey,0.0,0,1,False,"belief=I have just arrived and do not yet know the layout or the go | rule=unknown; I do not yet know what earns score, so I must disco | STUCK"
1b400d3f,probe3_tw,6,2,drop spoon,0.0,0,1,False,"belief=I have just arrived and do not yet know the layout or the go | rule=unknown; I do not yet know what earns score, so I must disco | STUCK"
1b400d3f,probe3_tw,6,3,examine gate,0.0,0,1,False,"belief=I have just arrived and do not yet know the layout or the go | rule=unknown; I do not yet know what earns score, so I must disco | STUCK"
1b400d3f,probe3_tw,6,4,examine knife,0.0,0,1,False,"belief=I'm at an imposing gate and need to explore the environment. | rule=Unknown, but trying different actions may reveal what earns  | STUCK"
1b400d3f,probe3_tw,6,5,go south,0.0,0,1,False,"belief=I'm in a basement with various objects and need to explore.  | rule=Unknown, but trying different actions may reveal what earns "
1b400d3f,probe3_tw,6,6,go north,0.0,0,1,False,"belief=I'm in a lounge with an exit to the north, my next step is t | rule=Unknown, but trying different actions may reveal what earns "
1b400d3f,probe3_tw,6,7,examine workbench,0.0,0,1,False,"belief=I'm in a basement with a workbench, a closed gate, and an un | rule=Unknown, but trying different actions may reveal what earns "
1b400d3f,probe3_tw,6,8,take latchkey,0.0,0,1,False,"belief=I'm in a basement with a workbench, a closed gate, and an un | rule=Unknown, but trying different actions may reveal what earns "
1b400d3f,probe3_tw,6,9,examine latchkey,0.0,0,1,False,"belief=I'm in a basement with a workbench, a closed gate, and an un | rule=Unknown, but trying different actions may reveal what earns "
1b400d3f,probe3_tw,6,10,unlock gate with latchkey,0.0,0,1,False,"belief=I'm in a basement with a workbench, a closed gate, and an un | rule=Unknown, but trying different actions may reveal what earns "
1b400d3f,probe3_tw,6,11,look,0.0,0,1,False,"belief=I'm in a basement with an unlocked gate, a workbench, and an | rule=Unknown, but trying different actions may reveal what earns "
1b400d3f,probe3_tw,6,12,take spoon,0.0,0,1,False,"belief=I'm in a basement with an unlocked gate, a workbench, and an | rule=Unknown, but trying different actions may reveal what earns "
1b400d3f,probe3_tw,6,13,examine spoon,0.0,0,1,False,"belief=I'm in a basement with an unlocked gate, a workbench, and an | rule=Unknown, but trying different actions may reveal what earns "
1b400d3f,probe3_tw,6,14,put spoon on workbench,0.0,0,1,False,"belief=I'm in a basement with an unlocked gate, a workbench, and an | rule=Unknown, but trying different actions may reveal what earns "
1b400d3f,probe3_tw,6,15,examine workbench,0.0,0,1,False,"belief=I'm in a basement with a workbench and an unblocked exit to  | rule=Unknown, but trying different actions may reveal what earns "
1b400d3f,probe3_tw,6,16,take spoon from workbench,0.0,0,1,False,"belief=I'm in a basement with a workbench and an unblocked exit to  | rule=Unknown, but trying different actions may reveal what earns "
1b400d3f,probe3_tw,6,17,examine latchkey,0.0,0,1,False,"belief=I'm in a basement with a workbench and an unblocked exit to  | rule=Unknown, but trying different actions may reveal what earns "
1b400d3f,probe3_tw,6,18,lock gate with latchkey,0.0,0,1,False,"belief=I'm in a basement with a workbench and an unblocked exit to  | rule=Unknown, but trying different actions may reveal what earns "
1b400d3f,probe3_tw,6,19,unlock gate with latchkey,0.0,0,1,False,"belief=I'm in a basement with a workbench and an unblocked exit to  | rule=I'm trying different actions to see what they can do, and I "
1b400d3f,probe3_tw,6,20,drop latchkey,0.0,0,1,False,"belief=I'm in a basement with a workbench and an unblocked exit to  | rule=I'm trying different actions to see what they can do, and I  | STUCK"
1b400d3f,probe3_tw,6,21,go south,0.0,0,1,False,"belief=I'm in a basement with a workbench and an unblocked exit to  | rule=I'm trying different actions to see what they can do, and I "
1b400d3f,probe3_tw,6,22,go north,0.0,0,1,False,"belief=I'm in a lounge with an unguarded exit to the north and carr | rule=I'm trying different actions to see what they can do, and I "
1b400d3f,probe3_tw,6,23,examine knife,0.0,0,1,False,"belief=I'm in a basement with a workbench, a closed gate, and an un | rule=I'm trying different actions to see what they can do, and I "
1b400d3f,probe3_tw,6,24,examine workbench,0.0,0,1,False,"belief=I'm in a basement with a workbench, a closed gate, and an un | rule=I'm trying different actions to see what they can do, and I "
1b400d3f,probe3_tw,6,25,open gate,0.0,0,1,False,"belief=I'm in a basement with a workbench and a gate. My next step  | rule=I've ruled out examining the workbench, knife, and going sou"
1b400d3f,probe3_tw,6,26,examine gate,0.0,0,1,False,"belief=I'm in a basement with a workbench and an open gate. My next | rule=I've ruled out examining the workbench, knife, and going sou"
1b400d3f,probe3_tw,6,27,close gate,0.0,0,1,False,"belief=I'm at an imposing gate with a spoon, my next step is to try | rule=I've ruled out examining the gate, workbench, and knife. I'm"
1b400d3f,probe3_tw,6,28,examine spoon,0.0,0,1,False,"belief=I'm at a closed gate with a spoon, my next step is to try us | rule=I've ruled out examining the gate, workbench, and knife, and"
1b400d3f,probe3_tw,6,29,examine gate,0.0,0,1,False,"belief=I'm at a closed gate with a spoon, my next step is to try us | rule=try something new rather than sensing, and the score will ri"
1b400d3f,probe3_tw,7,0,close chest,0.0,0,1,False,"belief=I have just arrived and do not yet know the layout or the go | rule=I still do not know what earns score, so I must continue to  | STUCK"
1b400d3f,probe3_tw,7,1,examine chest,0.0,0,1,False,"belief=0 | rule=I still do not know what earns score, so I must continue to "
1b400d3f,probe3_tw,7,2,go south,0.0,0,1,False,"belief=I am in a room with a chest and a gate, my next step is to m | rule=I still do not know what earns score, moving to a new locati"
1b400d3f,probe3_tw,7,3,examine bench,0.0,0,1,False,"belief=I am in a washroom with a bench, shirt, and licorice strip,  | rule=I still do not know what earns score, examining objects may "
1b400d3f,probe3_tw,7,4,examine shirt,0.0,0,1,False,"belief=I am in a washroom with a bench, shirt, and no licorice stri | rule=I still do not know what earns score, examining objects may "
1b400d3f,probe3_tw,7,5,examine shirt,0.0,0,1,False,"belief=I still do not know what earns the score, but I have decided | rule=examine the shirt to gather more information"
1b400d3f,probe3_tw,7,6,examine licorice strip,0.0,0,1,False,"belief=I am in the washroom with a clean shirt, my next step is to  | rule=examine the licorice strip to gather more information, ruled"
1b400d3f,probe3_tw,7,7,go north,0.0,0,1,False,"belief=I am in the washroom with no clear objective, my next step i | rule=I believe that taking items or moving to new locations may r"
1b400d3f,probe3_tw,7,8,close gate,0.0,0,1,False,"belief=I am in the dish-pit with a chest and an open gate, my next  | rule=I believe that interacting with objects or moving to new loc | STUCK"
1b400d3f,probe3_tw,7,9,open chest,0.0,0,1,False,"belief=I am in the dish-pit with a chest and a closed gate, my next | rule=I believe that interacting with objects or moving to new loc"
1b400d3f,probe3_tw,7,10,examine chest,0.0,0,1,False,"belief=I am in the dish-pit with an open chest and a closed gate, m | rule=I believe that interacting with objects or moving to new loc"
1b400d3f,probe3_tw,7,11,examine gate,0.0,0,1,False,"belief=I am in the dish-pit with an open chest and a closed gate, m | rule=I believe that interacting with objects or moving to new loc"
1b400d3f,probe3_tw,7,12,open gate,0.0,0,1,False,"belief=I am at a closed gate with no inventory, my next step is to  | rule=I believe that interacting with objects or moving to new loc"
1b400d3f,probe3_tw,7,13,go south,0.0,0,1,False,"belief=I am at an open gate with no inventory, my next step is to e | rule=I believe that interacting with objects or moving to new loc"
1b400d3f,probe3_tw,7,14,take licorice strip,0.0,0,1,False,"belief=I am in a washroom with a bench, shirt, and licorice strip,  | rule=I believe that taking objects may raise the score, I ruled o"
1b400d3f,probe3_tw,7,15,take shirt from bench,0.0,0,1,False,"belief=I am in a washroom with a bench, shirt, and licorice strip,  | rule=I believe that taking objects may raise the score, I ruled o"
1b400d3f,probe3_tw,7,16,examine bench,0.0,0,1,False,"belief=I am in a washroom with a bench and I have a shirt and a lic | rule=I believe that taking objects may raise the score, I ruled o"
1b400d3f,probe3_tw,7,17,drop licorice strip,0.0,0,1,False,belief=I am in a washroom with a wobbly bench and I have a shirt an | rule=I believe that interacting with objects in new ways may rais
1b400d3f,probe3_tw,7,18,go north,0.0,0,1,False,belief=I am in a washroom with a wobbly bench and I have a shirt an | rule=I believe that interacting with objects in new ways and expl
1b400d3f,probe3_tw,7,19,go west,0.0,0,1,False,"belief=I am in a dish-pit with an empty chest, an open gate to the  | rule=I believe that exploring new areas and interacting with obje"
1b400d3f,probe3_tw,7,20,go east,0.0,0,1,False,belief=I am in a lounge with an open gate to the east and an entran | rule=I believe that exploring new areas and interacting with obje
1b400d3f,probe3_tw,7,21,examine chest,0.0,0,1,False,"belief=I am in a dish-pit with an open gate to the west and an exit | rule=I believe that exploring new areas, interacting with objects"
1b400d3f,probe3_tw,7,22,insert shirt into chest,1.0,1,1,True,"belief=I am in a dish-pit with an open gate to the west and an exit | rule=I believe that exploring new areas, interacting with objects"
1b400d3f,probe3_tw,8,0,drop legume,0.0,0,1,False,"belief=I have just arrived and do not yet know the layout or the go | rule=unknown; I do not yet know what earns score, so I must disco | STUCK"
1b400d3f,probe3_tw,8,1,examine legume,0.0,0,1,False,"belief=I have just arrived and do not yet know the layout or the go | rule=unknown; I do not yet know what earns score, so I must disco | STUCK"
1b400d3f,probe3_tw,8,2,go south,0.0,0,1,False,"belief=I am in an office with a legume, and my next step is to try  | rule=unknown; I do not yet know what earns score, so I must disco | STUCK"
1b400d3f,probe3_tw,8,3,close hatch,0.0,0,1,False,"belief=I am in a study with a box, mantelpiece, and type 8 passkey, | rule=unknown; I do not yet know what earns score, so I must disco | STUCK"
1b400d3f,probe3_tw,8,4,examine box,0.0,0,1,False,"belief=I am in a study with a box, mantelpiece, and type 8 passkey, | rule=unknown; I do not yet know what earns score, so I must disco | STUCK"
1b400d3f,probe3_tw,8,5,examine hatch,0.0,0,1,False,"belief=I am in a study with a box, mantelpiece, and type 8 passkey, | rule=unknown; I do not yet know what earns score, so I must disco | STUCK"
1b400d3f,probe3_tw,8,6,examine mantelpiece,0.0,0,1,False,"belief=I am in a room with a closed hatch and a type 8 passkey on t | rule=unknown; I do not yet know what earns score, but I suspect t | STUCK"
1b400d3f,probe3_tw,8,7,examine type 8 passkey,0.0,0,1,False,"belief=I am in a room with a closed hatch and a type 8 passkey on t | rule=unknown; I do not yet know what earns score, but I suspect t | STUCK"
1b400d3f,probe3_tw,8,8,go north,0.0,0,1,False,"belief=I am in a room with a closed hatch and a type 8 passkey on t | rule=unknown; I do not yet know what earns score, but I suspect t | STUCK"
1b400d3f,probe3_tw,8,9,inventory,0.0,0,1,False,"belief=I am in an office with a legume on the floor and an exit to  | rule=unknown; I do not yet know what earns score, but I suspect t | STUCK"
1b400d3f,probe3_tw,8,10,look,0.0,0,1,False,"belief=I am in an office with a legume on the floor and an exit to  | rule=unknown; I do not yet know what earns score, but I suspect t | STUCK"
1b400d3f,probe3_tw,8,11,take legume,0.0,0,1,False,"belief=I am in an office with a legume on the floor and an exit to  | rule=unknown; I do not yet know what earns score, but I suspect t | STUCK"
1b400d3f,probe3_tw,8,12,eat legume,0.0,0,1,False,"belief=I am in an office with a legume, and my next step is to try  | rule=unknown, but taking or using objects might be relevant; rule | STUCK"
1b400d3f,probe3_tw,8,13,go south,0.0,0,1,False,"belief=I am in an office with no objects, and my next step is to tr | rule=unknown, but taking or using objects might be relevant; rule | STUCK"
1b400d3f,probe3_tw,8,14,inventory,0.0,0,1,False,"belief=I am in a study with various objects and my next step is to  | rule=unknown, but taking or using objects might be relevant; rule | STUCK"
1b400d3f,probe3_tw,8,15,look,0.0,0,1,False,"belief=I am in a study with various objects and my next step is to  | rule=unknown, but taking or using objects might be relevant; rule | STUCK"
1b400d3f,probe3_tw,8,16,open box,0.0,0,1,False,"belief=I am in a study with various objects and my next step is to  | rule=unknown, but taking or using objects might be relevant; rule | STUCK"
1b400d3f,probe3_tw,8,17,close box,0.0,0,1,False,"belief=I am in a study with various objects and my next step is to  | rule=unknown, but taking or using objects might be relevant; rule | STUCK"
1b400d3f,probe3_tw,8,18,open hatch,0.0,0,1,False,"belief=I am in a study with various objects and my next step is to  | rule=unknown, but taking or using objects might be relevant; rule | STUCK"
1b400d3f,probe3_tw,8,19,examine box,0.0,0,1,False,"belief=I am in a study with various objects and my next step is to  | rule=unknown, but taking or using objects might be relevant; rule | STUCK"
1b400d3f,probe3_tw,8,20,examine hatch,0.0,0,1,False,"belief=I am in a study with various objects and my next step is to  | rule=unknown, but taking or using objects might be relevant; rule | STUCK"
1b400d3f,probe3_tw,8,21,examine mantelpiece,0.0,0,1,False,"belief=I am in a study with a rugged hatch that is open, and my nex | rule=unknown, but taking or using objects might be relevant; rule | STUCK"
1b400d3f,probe3_tw,8,22,examine type 8 passkey,0.0,0,1,False,"belief=I am in a study with a rugged hatch that is open, and my nex | rule=unknown, but taking or using objects might be relevant; rule | STUCK"
1b400d3f,probe3_tw,8,23,go east,0.0,0,1,False,"belief=I am in a study with a rugged hatch that is open, and my nex | rule=unknown, but taking or using objects might be relevant; rule | STUCK"
1b400d3f,probe3_tw,8,24,close hatch,0.0,0,1,False,"belief=I am in a cubicle with a locked type 8 box and an open hatch | rule=unknown, but taking or using objects might be relevant; rule | STUCK"
1b400d3f,probe3_tw,8,25,examine hatch,0.0,0,1,False,"belief=I am in a cubicle with a locked type 8 box and a closed hatc | rule=unknown, but taking or using objects might be relevant; rule | STUCK"
1b400d3f,probe3_tw,8,26,examine type 8 box,0.0,0,1,False,"belief=I am in a cubicle with a closed hatch and a type 8 box, and  | rule=unknown, but taking or using objects might be relevant; rule | STUCK"
1b400d3f,probe3_tw,8,27,go east,0.0,0,1,False,"belief=I am in a cubicle with a closed hatch and a type 8 box, and  | rule=unknown, but taking or using objects might be relevant; rule | STUCK"
1b400d3f,probe3_tw,8,28,examine table,0.0,0,1,False,"belief=I am in an attic with an empty table and an exit to the west | rule=unknown, but taking or using objects might be relevant; rule | STUCK"
1b400d3f,probe3_tw,8,29,go west,0.0,0,1,False,"belief=I am in an attic with an unstable table and an exit to the w | rule=unknown, but taking or using objects might be relevant; rule | STUCK"
1b400d3f,probe3_tw,9,0,drop sandwich,0.0,0,1,False,"belief=I have just arrived and do not yet know the layout or the go | rule=unknown; I do not yet know what earns score, so I must disco | STUCK"
1b400d3f,probe3_tw,9,1,examine counter,0.0,0,1,False,"belief=I have just arrived and do not yet know the layout or the go | rule=unknown; I do not yet know what earns score, so I must disco | STUCK"
1b400d3f,probe3_tw,9,2,examine gate,0.0,0,1,False,"belief=I am in the basement with no clear objective, my next step i | rule=I still do not know what earns score, but I have ruled out e | STUCK"
1b400d3f,probe3_tw,9,3,open gate,0.0,0,1,False,"belief=I am in the basement with a closed gate, my next step is to  | rule=I still do not know what earns score, but I have ruled out e"
1b400d3f,probe3_tw,9,4,examine locker,0.0,0,1,False,"belief=I am in the basement with an open gate, my next step is to e | rule=I still do not know what earns score, but I have ruled out e"
1b400d3f,probe3_tw,9,5,open locker,0.0,0,1,False,"belief=I am in the basement with a strong locker, my next step is t | rule=I still do not know what earns score, but I have ruled out e"
1b400d3f,probe3_tw,9,6,look,0.0,0,1,False,"belief=I am in the basement with an open locker, my next step is to | rule=I still do not know what earns score, but I have ruled out e"
1b400d3f,probe3_tw,9,7,examine sandwich,0.0,0,1,False,"belief=I am in the basement with an empty locker and a sandwich on  | rule=I still do not know what earns score, but I have ruled out e"
1b400d3f,probe3_tw,9,8,take sandwich,0.0,0,1,False,"belief=I am in the basement with an empty locker and a sandwich on  | rule=I still do not know what earns score, but I have ruled out e"
1b400d3f,probe3_tw,9,9,eat sandwich,0.0,0,1,False,"belief=I am in the basement with a sandwich, my next step is to try | rule=I still do not know what earns score, but I have ruled out e"
1b400d3f,probe3_tw,9,10,go north,0.0,0,1,False,"belief=I am in the basement after eating the sandwich, my next step | rule=I still do not know what earns score, but I have ruled out e"
1b400d3f,probe3_tw,9,11,take keycard from shelf,0.0,0,1,False,"belief=I am in a spare room with a locked cabinet, a shelf, and a k | rule=I still do not know what earns score, but I will try interac"
1b400d3f,probe3_tw,9,12,examine cabinet,0.0,0,1,False,"belief=I am in a spare room with a locked cabinet, a shelf, and I h | rule=I still do not know what earns score, but interacting with o"
1b400d3f,probe3_tw,9,13,examine keycard,0.0,0,1,False,"belief=I am in a spare room with a locked cabinet, a shelf, and I h | rule=I still do not know what earns score, but interacting with o"
1b400d3f,probe3_tw,9,14,examine shelf,0.0,0,1,False,"belief=I am in a spare room with a locked cabinet, a shelf, and I h | rule=I still do not know what earns score, but interacting with o"
1b400d3f,probe3_tw,9,15,go south,0.0,0,1,False,"belief=I am in a spare room with a locked cabinet, a shelf, and I h | rule=I still do not know what earns score, but interacting with o"
1b400d3f,probe3_tw,9,16,go west,0.0,0,1,False,"belief=I am in a basement with an empty locker and counter. My next | rule=I still do not know what earns score, but interacting with o"
1b400d3f,probe3_tw,9,17,go east,0.0,0,1,False,"belief=I am in a bedchamber with an open gate to the east and a sug | rule=I still do not know what earns score, but moving to differen"
1b400d3f,probe3_tw,9,18,go north,0.0,0,1,False,"belief=I am in a basement with an open gate to the west and an unbl | rule=I still do not know what earns score, but moving to differen"
1b400d3f,probe3_tw,9,19,put keycard on shelf,0.0,0,1,False,"belief=I am in a spare room with a locked cabinet and an empty shel | rule=I still do not know what earns score, but using the keycard "
1b400d3f,probe3_tw,9,20,examine cabinet,0.0,0,1,False,"belief=0 | rule=I still do not know what earns score, but using the keycard "
1b400d3f,probe3_tw,9,21,examine keycard,0.0,0,1,False,"belief=The cabinet is closed and strong, and I have a keycard. My n | rule=I still don't know what earns score, but using the keycard t"
1b400d3f,probe3_tw,9,22,examine shelf,0.0,0,1,False,belief=The keycard might be used to unlock something. My next step  | rule=Using the keycard to interact with objects might raise the s | STUCK
1b400d3f,probe3_tw,9,23,go south,0.0,0,1,False,belief=The keycard might be used to unlock something. My next step  | rule=Using the keycard to interact with objects or taking the key | STUCK
1b400d3f,probe3_tw,9,24,close gate,0.0,0,1,False,"belief=The basement seems empty, but the open gate to the west coul | rule=Using the keycard to interact with objects or taking the key | STUCK"
1b400d3f,probe3_tw,9,25,open gate,0.0,0,1,False,"belief=The basement seems empty, but the open gate to the west coul | rule=Using the keycard to interact with objects or taking the key"
1b400d3f,probe3_tw,9,26,go west,0.0,0,1,False,"belief=The basement seems empty, but the open gate to the west coul | rule=Using the keycard to interact with objects or taking the key"
1b400d3f,probe3_tw,9,27,go east,0.0,0,1,False,"belief=The bedchamber seems empty, but the open gate to the east co | rule=Using the gate or exploring new areas might raise the score."
1b400d3f,probe3_tw,9,28,examine gate,0.0,0,1,False,"belief=The basement seems empty, but the open gate to the west coul | rule=Using the gate or exploring new areas might raise the score."
1b400d3f,probe3_tw,9,29,examine counter,0.0,0,1,False,"belief=The basement seems empty, but the open gate to the west coul | rule=Using the gate or exploring new areas might raise the score."
1b400d3f,probe3_tw,10,0,drop fondue,0.0,0,1,False,"belief=I have just arrived and do not yet know the layout or the go | rule=unknown; I do not yet know what earns score, so I must disco | STUCK"
1b400d3f,probe3_tw,10,1,drop teaspoon,0.0,0,1,False,"belief=I have just arrived and do not yet know the layout or the go | rule=unknown; I do not yet know what earns score, so I must disco | STUCK"
1b400d3f,probe3_tw,10,2,examine fondue,0.0,0,1,False,"belief=I have just arrived and do not yet know the layout or the go | rule=I have not yet known the objective, and I will try to find i | STUCK"
1b400d3f,probe3_tw,10,3,take teaspoon,0.0,0,1,False,"belief=I have just arrived and do not yet know the layout or the go | rule=I have not yet known the objective, and I will try to find i"
1b400d3f,probe3_tw,10,4,examine fondue,0.0,0,1,False,"belief=1 | rule=I have not yet known the objective, and I will try to find i"
1b400d3f,probe3_tw,10,5,examine portal,0.0,0,1,False,"belief=I am in an attic with a teaspoon and need to find a way to i | rule=I still don't know the objective, but I've ruled out droppin"
1b400d3f,probe3_tw,10,6,examine teaspoon,0.0,0,1,False,"belief=I am in an attic with a teaspoon and need to find a way to i | rule=I still don't know the objective, but I've ruled out droppin"
1b400d3f,probe3_tw,10,7,examine type 2 chest,0.0,0,1,False,"belief=I am in an attic with a dirty teaspoon and need to find a wa | rule=I've ruled out dropping and examining fondue, as well as dro | STUCK"
1b400d3f,probe3_tw,10,8,go west,0.0,0,1,False,"belief=I am in an attic with a dirty teaspoon and need to find a wa | rule=I've ruled out dropping and examining fondue, as well as dro | STUCK"
1b400d3f,probe3_tw,10,9,take type 2 key,0.0,0,1,False,"belief=I am in a spare room with a dirty teaspoon and need to find  | rule=I've ruled out examining the teaspoon, examining the fondue,"
1b400d3f,probe3_tw,10,10,insert type 2 key into chest,0.0,0,1,False,"belief=I am in a spare room with a type 2 key and a teaspoon, and m | rule=I've ruled out examining objects and suspect that using the "
1b400d3f,probe3_tw,10,11,close chest,0.0,0,1,False,"belief=I am in a spare room with a type 2 key and a teaspoon, and m | rule=I've ruled out examining objects and suspect that using the "
1b400d3f,probe3_tw,10,12,open chest,0.0,0,1,False,"belief=I am in a spare room with a teaspoon and a closed chest, and | rule=I've ruled out examining objects and suspect that using or i"
1b400d3f,probe3_tw,10,13,take type 2 key from chest,0.0,0,1,False,"belief=I am in a spare room with a teaspoon and an open chest conta | rule=I've ruled out examining objects and closing the chest, and "
1b400d3f,probe3_tw,10,14,drop teaspoon,0.0,0,1,False,"belief=I am in a spare room with a teaspoon and a type 2 key, and m | rule=I've ruled out inserting the type 2 key into the chest, and "
1b400d3f,probe3_tw,10,15,examine teaspoon,0.0,0,1,False,"belief=I am in a spare room with a teaspoon and a type 2 key, and m | rule=I've ruled out inserting the type 2 key into the chest, and "
1b400d3f,probe3_tw,10,16,look,0.0,0,1,False,"belief=I am in a spare room with a dirty teaspoon and a type 2 key, | rule=I've ruled out inserting the type 2 key into the chest and e"
1b400d3f,probe3_tw,10,17,take teaspoon,0.0,0,1,False,"belief=I am in a spare room with a dirty teaspoon and a type 2 key, | rule=I've ruled out inserting the type 2 key into the chest and e"
1b400d3f,probe3_tw,10,18,go east,0.0,0,1,False,"belief=I am in a spare room with a dirty teaspoon and a type 2 key, | rule=I've ruled out inserting the type 2 key into the chest, exam"
1b400d3f,probe3_tw,10,19,open type 2 chest,0.0,0,1,False,"belief=I am in a spare room with a dirty teaspoon and a type 2 key, | rule=I've ruled out inserting the teaspoon into the chest, examin"
1b400d3f,probe3_tw,10,20,insert type 2 key into type 2 chest,0.0,0,1,False,"belief=I am in a spare room with a dirty teaspoon and a type 2 key, | rule=I've ruled out inserting the teaspoon into the chest, examin"
1b400d3f,probe3_tw,10,21,examine type 2 chest,0.0,0,1,False,"belief=I am in a spare room with a dirty teaspoon and a type 2 key, | rule=I've ruled out inserting the teaspoon into the chest, examin"
1b400d3f,probe3_tw,10,22,take type 2 key from type 2 chest,0.0,0,1,False,"belief=I am in a spare room with a dirty teaspoon and a type 2 key, | rule=I've ruled out examining the type 2 chest, and I suspect tha"
1b400d3f,probe3_tw,10,23,examine type 2 key,0.0,0,1,False,"belief=I am in a spare room with a dirty teaspoon and a type 2 key, | rule=I've ruled out examining the type 2 chest and inserting the "
1b400d3f,probe3_tw,10,24,examine teaspoon,0.0,0,1,False,"belief=I am in a spare room with a dirty teaspoon and a type 2 key, | rule=I've ruled out examining and inserting the type 2 key into t"
1b400d3f,probe3_tw,10,25,go west,0.0,0,1,False,"belief=I am in a spare room with a dirty teaspoon and a type 2 key, | rule=I've ruled out examining and inserting the type 2 key into t"
1b400d3f,probe3_tw,10,26,close chest,0.0,0,1,False,"belief=I am in a spare room with a dirty teaspoon and a type 2 key, | rule=I've ruled out examining and inserting the type 2 key into t | STUCK"
1b400d3f,probe3_tw,10,27,open chest,0.0,0,1,False,"belief=I am in a spare room with a dirty teaspoon and a type 2 key, | rule=I suspect that taking objects from other objects or using th"
1b400d3f,probe3_tw,10,28,go east,0.0,0,1,False,"belief=I am in a spare room with a dirty teaspoon and a type 2 key, | rule=I suspect that using objects in a specific way, such as inse"
1b400d3f,probe3_tw,10,29,insert teaspoon into type 2 chest,0.0,0,1,False,"belief=I am in a spare room with a dirty teaspoon and a type 2 key, | rule=I suspect that using objects in a specific way, such as inse"
1b400d3f,probe3_tw,11,0,go east,0.0,0,1,False,"belief=I have just arrived and do not yet know the layout or the go | rule=unknown; I do not yet know what earns score, so I must disco | STUCK"
1b400d3f,probe3_tw,11,1,examine bench,0.0,0,1,False,"belief=I have just arrived and do not yet know the layout or the go | rule=unknown; I do not yet know what earns score, so I must disco | STUCK"
1b400d3f,probe3_tw,11,2,examine counter,0.0,0,1,False,"belief=I have just arrived and do not yet know the layout or the go | rule=unknown; I do not yet know what earns score, so I must disco | STUCK"
1b400d3f,probe3_tw,11,3,examine key,0.0,0,1,False,"belief=I am in an unknown environment and need to explore and inter | rule=I still do not know what earns score, but I can try differen | STUCK"
1b400d3f,probe3_tw,11,4,take key from bench,0.0,0,1,False,"belief=I am in an unknown environment and need to explore and inter | rule=I still do not know what earns score, but I can try differen"
1b400d3f,probe3_tw,11,5,examine locker,0.0,0,1,False,"belief=I am in a sauna with a key and need to explore and interact  | rule=I still do not know what earns score, but taking the key did"
1b400d3f,probe3_tw,11,6,unlock locker with key,0.0,0,1,False,"belief=I am in a sauna with a key and need to explore and interact  | rule=I still do not know what earns score, but taking the key did"
1b400d3f,probe3_tw,11,7,open locker,1.0,1,1,True,"belief=I am in a sauna with an unlocked locker and a key, my next s | rule=I still do not know what earns score, but taking and using t"
1b400d3f,probe3_tw,12,0,close locker,0.0,0,1,False,"belief=I have just arrived and do not yet know the layout or the go | rule=unknown; I do not yet know what earns score, so I must disco | STUCK"
1b400d3f,probe3_tw,12,1,examine gateway,0.0,0,1,False,"belief=I am in the locker and need to explore the surroundings to g | rule=Unknown, but trying different actions such as moving to a ne | STUCK"
1b400d3f,probe3_tw,12,2,go south,0.0,0,1,False,"belief=I am in a gateway location with a closed gateway and need to | rule=Unknown, but trying different actions such as moving to a ne"
1b400d3f,probe3_tw,12,3,go north,0.0,0,1,False,"belief=I am in a gateway location with a closed gateway and need to | rule=Unknown, but trying different actions such as moving to a ne"
1b400d3f,probe3_tw,12,4,examine locker,0.0,0,1,False,"belief=I am in a gateway location with a closed gateway and need to | rule=Unknown, but trying different actions such as moving to a ne"
1b400d3f,probe3_tw,12,5,open locker,0.0,0,1,False,"belief=I am in a gateway location with a closed gateway and need to | rule=Unknown, but trying different actions such as moving to a ne"
1b400d3f,probe3_tw,12,6,take rectangular keycard from locker,0.0,0,1,False,belief=I am in a gateway location with a closed gateway and have fo | rule=Trying different actions such as moving to a new location or
1b400d3f,probe3_tw,12,7,examine rectangular keycard,0.0,0,1,False,belief=I am in a gateway location with a closed gateway and have fo | rule=Trying different actions such as moving to a new location or
1b400d3f,probe3_tw,12,8,open gateway,0.0,0,1,False,belief=I am in a gateway location with a closed gateway and have fo | rule=Trying different actions such as moving to a new location or
1b400d3f,probe3_tw,12,9,insert rectangular keycard into locker,0.0,0,1,False,belief=I am in a gateway location with a closed gateway and have fo | rule=Trying different actions such as moving to a new location or
1b400d3f,probe3_tw,12,10,close gateway,0.0,0,1,False,belief=I am in a gateway location with a closed gateway and have fo | rule=Trying different actions such as moving to a new location or
1b400d3f,probe3_tw,12,11,open gateway,0.0,0,1,False,belief=I am in a gateway location with a closed gateway and have fo | rule=Trying different actions such as moving to a new location or
1b400d3f,probe3_tw,12,12,look,0.0,0,1,False,belief=I am in a gateway location with a closed gateway and have fo | rule=Trying different actions such as moving to a new location or
1b400d3f,probe3_tw,12,13,take rectangular keycard from locker,0.0,0,1,False,belief=I am in a vault with a locker containing a rectangular keyca | rule=Taking the keycard might raise the score. I ruled out examin
1b400d3f,probe3_tw,12,14,go west,0.0,0,1,False,"belief=I am in a vault with a keycard, and my next step is to try t | rule=Taking the keycard and possibly using it to access new areas"
1b400d3f,probe3_tw,12,15,examine chest,0.0,0,1,False,"belief=I am in a cookhouse with a keycard, and my next step is to e | rule=Using the keycard to access new areas or interactions might "
1b400d3f,probe3_tw,12,16,examine gateway,0.0,0,1,False,"belief=I am in a cookhouse with a keycard and a chest, my next step | rule=Using the keycard to access new areas or interactions might "
1b400d3f,probe3_tw,12,17,examine rectangular keycard,0.0,0,1,False,"belief=I am in a cookhouse with a keycard and an open gateway, my n | rule=Using the keycard to access new areas or interactions might "
1b400d3f,probe3_tw,12,18,go east,0.0,0,1,False,"belief=I am in a cookhouse with a keycard, my next step is to try g | rule=Using the keycard to access new areas or interactions might "
1b400d3f,probe3_tw,12,19,go south,0.0,0,1,False,"belief=I am in a vault with a keycard, my next step is to try going | rule=Using the keycard to access new areas or interactions might "
1b400d3f,probe3_tw,12,20,go north,0.0,0,1,False,"belief=I am in a closet with a keycard, my next step is to try goin | rule=Using the keycard to access new areas or interactions might "
1b400d3f,probe3_tw,12,21,unlock rectangular locker with rectangular keycard,0.0,0,1,False,"belief=I am in a vault with a keycard, my next step is to try unloc | rule=Using the keycard to unlock objects might raise the score, I"
1b400d3f,probe3_tw,12,22,examine rectangular locker,0.0,0,1,False,"belief=I am in a vault with an unlocked locker and a keycard, my ne | rule=Using the keycard to unlock objects might raise the score, I"
1b400d3f,probe3_tw,12,23,open rectangular locker,0.0,0,1,False,"belief=I am in a vault with a closed locker and a keycard, my next  | rule=Using the keycard to unlock objects might raise the score, I"
1b400d3f,probe3_tw,12,24,take cloak from rectangular locker,1.0,1,1,True,"belief=I am in a vault with an open locker containing a salad and a | rule=Using the keycard to unlock objects might raise the score, t"
1b400d3f,probe3_tw,13,0,drop chocolate bar,0.0,0,1,False,"belief=I have just arrived and do not yet know the layout or the go | rule=unknown; I do not yet know what earns score, so I must disco | STUCK"
1b400d3f,probe3_tw,13,1,examine chocolate bar,0.0,0,1,False,"belief=I have just arrived and do not yet know the layout or the go | rule=unknown; I do not yet know what earns score, so I must disco | STUCK"
1b400d3f,probe3_tw,13,2,examine coffer,0.0,0,1,False,"belief=I have just arrived and do not yet know the layout or the go | rule=unknown; I do not yet know what earns score, so I must disco | STUCK"
1b400d3f,probe3_tw,13,3,go east,0.0,0,1,False,"belief=I am in a chamber with a coffer and need to explore the surr | rule=unknown; I do not yet know what earns score, so I must disco | STUCK"
1b400d3f,probe3_tw,13,4,examine cabinet,0.0,0,1,False,"belief=I am in a laundromat with various objects and need to explor | rule=unknown; I do not yet know what earns score, so I must disco | STUCK"
1b400d3f,probe3_tw,13,5,examine portal,0.0,0,1,False,"belief=I am in a laundromat with various objects and need to explor | rule=unknown; I do not yet know what earns score, so I must disco | STUCK"
1b400d3f,probe3_tw,13,6,examine shelf,0.0,0,1,False,"belief=I am in a laundromat with various objects and need to explor | rule=unknown; I do not yet know what earns score, so I must disco | STUCK"
1b400d3f,probe3_tw,13,7,go west,0.0,0,1,False,"belief=I am in a laundromat and need to try a different kind of act | rule=unknown; I do not yet know what earns score, so I must disco | STUCK"
1b400d3f,probe3_tw,13,8,inventory,0.0,0,1,False,"belief=I am in a chamber with various objects and need to try a dif | rule=unknown; I do not yet know what earns score, so I must disco | STUCK"
1b400d3f,probe3_tw,13,9,look,0.0,0,1,False,"belief=I am in a chamber with various objects and need to try a dif | rule=unknown; I do not yet know what earns score, so I must disco | STUCK"
1b400d3f,probe3_tw,13,10,take chocolate bar,0.0,0,1,False,"belief=I am in a chamber with various objects and my next step is t | rule=unknown; I do not yet know what earns score, but I suspect t | STUCK"
1b400d3f,probe3_tw,13,11,eat chocolate bar,0.0,0,1,False,"belief=I am in a chamber with a chocolate bar and my next step is t | rule=I still do not know what earns score, but I suspect consumin | STUCK"
1b400d3f,probe3_tw,13,12,examine coffer,0.0,0,1,False,"belief=I am in a chamber with no objects left to consume, my next s | rule=I still do not know what earns score, but I suspect interact"
1b400d3f,probe3_tw,13,13,go east,0.0,0,1,False,"belief=I am in a chamber with a coffer that seems impossible to cra | rule=I still do not know what earns score, but I suspect interact"
1b400d3f,probe3_tw,13,14,open cabinet,0.0,0,1,False,"belief=I am in a chamber with a cabinet, shelf, and portal, my next | rule=I still do not know what earns score, but I suspect interact"
1b400d3f,probe3_tw,13,15,examine sponge,0.0,0,1,False,"belief=I am in a laundromat with a cabinet, shelf, and portal, and  | rule=I still do not know what earns score, but I suspect interact"
1b400d3f,probe3_tw,13,16,take sponge from cabinet,0.0,0,1,False,"belief=I am in a laundromat with a cabinet, shelf, and portal, and  | rule=I still do not know what earns score, but I suspect interact"
1b400d3f,probe3_tw,13,17,examine portal,0.0,0,1,False,"belief=I am in a laundromat with a cabinet, shelf, and portal, and  | rule=I still do not know what earns score, but I suspect interact"
1b400d3f,probe3_tw,13,18,go west,0.0,0,1,False,"belief=I am in a laundromat with a cabinet, shelf, and portal, and  | rule=I still do not know what earns score, but I suspect interact"
1b400d3f,probe3_tw,13,19,examine coffer,0.0,0,1,False,"belief=I am in a chamber with a coffer and I have a sponge, my next | rule=I still do not know what earns score, but I suspect interact"
1b400d3f,probe3_tw,13,20,go east,0.0,0,1,False,"belief=I am in a chamber with a coffer and I have a sponge, my next | rule=I still do not know what earns score, but I suspect interact"
1b400d3f,probe3_tw,13,21,close cabinet,0.0,0,1,False,"belief=I am in a laundromat with a sponge, and my next step is to t | rule=I still do not know what earns score, but I suspect interact"
1b400d3f,probe3_tw,13,22,put sponge on shelf,1.0,1,1,True,"belief=I am in a laundromat with a sponge, and my next step is to t | rule=I still do not know what earns score, but I suspect interact"
1b400d3f,probe3_tw,14,0,drop American style passkey,0.0,0,1,False,"belief=I have just arrived and do not yet know the layout or the go | rule=unknown; I do not yet know what earns score, so I must disco | STUCK"
1b400d3f,probe3_tw,14,1,drop stick of butter,0.0,0,1,False,"belief=I have just arrived and do not yet know the layout or the go | rule=unknown; I do not yet know what earns score, so I must disco | STUCK"
1b400d3f,probe3_tw,14,2,examine American style passkey,0.0,0,1,False,"belief=I have just arrived and do not yet know the layout or the go | rule=unknown; I do not yet know what earns score, so I must disco | STUCK"
1b400d3f,probe3_tw,14,3,examine stick of butter,0.0,0,1,False,"belief=I have just arrived and do not yet know the layout or the go | rule=unknown; I do not yet know what earns score, so I must disco | STUCK"
1b400d3f,probe3_tw,14,4,go east,0.0,0,1,False,"belief=I am in an office with unknown layout and goal. My next step | rule=unknown; I do not yet know what earns score, so I must disco | STUCK"
1b400d3f,probe3_tw,14,5,examine American style box,0.0,0,1,False,"belief=I am in a cellar with a locked American style box. My next s | rule=unknown; I do not yet know what earns score, so I must disco | STUCK"
1b400d3f,probe3_tw,14,6,go east,0.0,0,1,False,"belief=I am in a cellar with a locked American style box. My next s | rule=unknown; I do not yet know what earns score, so I must disco | STUCK"
1b400d3f,probe3_tw,14,7,go west,0.0,0,1,False,"belief=I am in a workshop with an exit to the west. My next step is | rule=unknown; I do not yet know what earns score, so I must disco | STUCK"
1b400d3f,probe3_tw,14,8,go north,0.0,0,1,False,"belief=I am in a cellar with a locked American style box and multip | rule=unknown; I do not yet know what earns score, so I must disco | STUCK"
1b400d3f,probe3_tw,14,9,examine Microsoft key,0.0,0,1,False,"belief=I am in a chamber with a Microsoft safe and a Microsoft key. | rule=unknown; I do not yet know what earns score, so I must disco | STUCK"
1b400d3f,probe3_tw,14,10,examine Microsoft safe,0.0,0,1,False,"belief=I am in a chamber with a Microsoft safe and a Microsoft key. | rule=unknown; I do not yet know what earns score, so I must disco | STUCK"
1b400d3f,probe3_tw,14,11,go south,0.0,0,1,False,"belief=I am in a chamber with a Microsoft safe and I need to try a  | rule=I still don't know what earns score, but taking an object mi | STUCK"
1b400d3f,probe3_tw,14,12,examine American style box,0.0,0,1,False,"belief=I am in a cellar with a locked American style box and need t | rule=I still don't know what earns score, but interacting with ob"
1b400d3f,probe3_tw,14,13,inventory,0.0,0,1,False,"belief=I am in a cellar with a locked American style box and need t | rule=I still don't know what earns score, but interacting with ob"
1b400d3f,probe3_tw,14,14,go west,0.0,0,1,False,"belief=I am in a cellar with a locked American style box and need t | rule=I still don't know what earns score, but interacting with ob | STUCK"
1b400d3f,probe3_tw,14,15,inventory,0.0,0,1,False,"belief=I am in an office with objects on the floor and need to inte | rule=I still don't know what earns score, but taking objects migh | STUCK"
1b400d3f,probe3_tw,14,16,look,0.0,0,1,False,"belief=I am in an office with objects on the floor and need to inte | rule=I still don't know what earns score, but taking objects migh | STUCK"
1b400d3f,probe3_tw,14,17,take American style passkey,0.0,0,1,False,"belief=I am in an office with objects on the floor and need to inte | rule=I still don't know what earns score, but taking objects migh | STUCK"
1b400d3f,probe3_tw,14,18,take stick of butter,0.0,0,1,False,"belief=I am in an office with objects on the floor and need to inte | rule=I still don't know what earns score, but taking objects migh"
1b400d3f,probe3_tw,14,19,examine American style passkey,0.0,0,1,False,"belief=I am in an office with objects on the floor and need to inte | rule=I still don't know what earns score, but taking objects migh"
1b400d3f,probe3_tw,14,20,examine stick of butter,0.0,0,1,False,"belief=I am in an office with objects on the floor and need to inte | rule=I still don't know what earns score, but taking objects and "
1b400d3f,probe3_tw,14,21,eat stick of butter,0.0,0,1,False,"belief=I am in an office with objects on the floor and need to inte | rule=I still don't know what earns score, but taking objects and "
1b400d3f,probe3_tw,14,22,go east,0.0,0,1,False,"belief=I am in an office with objects on the floor and need to inte | rule=I still don't know what earns score, but taking objects, exa"
1b400d3f,probe3_tw,14,23,examine American style box,0.0,0,1,False,"belief=I am in a cellar with a locked American style box and need t | rule=I still don't know what earns score, but taking objects, exa"
1b400d3f,probe3_tw,14,24,unlock American style box with American style passkey,0.0,0,1,False,"belief=I am in a cellar with a locked American style box and need t | rule=I still don't know what earns score, but taking objects, exa"
1b400d3f,probe3_tw,14,25,look,0.0,0,1,False,"belief=I am in a cellar with an unlocked American style box and nee | rule=I still don't know what earns score, but taking objects, exa"
1b400d3f,probe3_tw,14,26,open American style box,0.0,0,1,False,"belief=I am in a cellar with an unlocked American style box and nee | rule=I still don't know what earns score, but taking objects, exa"
1b400d3f,probe3_tw,14,27,examine pair of pants,0.0,0,1,False,"belief=I am in a cellar with an open American style box containing  | rule=I still don't know what earns score, but taking objects, exa"
1b400d3f,probe3_tw,14,28,take pair of pants from American style box,1.0,1,1,True,"belief=I am in a cellar with an open American style box containing  | rule=I still don't know what earns score, but taking objects, exa"
1b400d3f,probe3_tw,15,0,go west,0.0,0,1,False,"belief=I have just arrived and do not yet know the layout or the go | rule=unknown; I do not yet know what earns score, so I must disco | STUCK"
1b400d3f,probe3_tw,15,1,close door,0.0,0,1,False,"belief=I am in the kitchenette with a mug on the floor and doors to | rule=I still do not know what earns score, but I am trying differ | STUCK"
1b400d3f,probe3_tw,15,2,take mug,0.0,0,1,False,"belief=I am in the kitchenette with a mug on the floor and doors to | rule=I still do not know what earns score, but I am trying differ"
1b400d3f,probe3_tw,15,3,examine mug,0.0,0,1,False,"belief=I am in the kitchenette with the mug in my inventory. My nex | rule=I still do not know what earns score, but I am trying differ"
1b400d3f,probe3_tw,15,4,examine door,0.0,0,1,False,"belief=I am in the kitchenette with the mug in my inventory. My nex | rule=I still do not know what earns score, but I am trying differ"
1b400d3f,probe3_tw,15,5,open door,0.0,0,1,False,"belief=I am in the kitchenette with the mug in my inventory. My nex | rule=I still do not know what earns score, but I am trying differ"
1b400d3f,probe3_tw,15,6,look,0.0,0,1,False,"belief=I am in the kitchenette with the mug in my inventory. My nex | rule=I still do not know what earns score, but I am trying differ"
1b400d3f,probe3_tw,15,7,go north,0.0,0,1,False,"belief=I am in the kitchenette with the mug in my inventory. My nex | rule=I still do not know what earns score, but I am trying differ"
1b400d3f,probe3_tw,15,8,examine armchair,0.0,0,1,False,"belief=I am in the workshop with a mug in my inventory and a raspbe | rule=I still do not know what earns score, but I am trying differ"
1b400d3f,probe3_tw,15,9,put mug on armchair,0.0,0,1,False,"belief=I am in the workshop with a mug in my inventory and a raspbe | rule=I still do not know what earns score, but I am trying differ"
1b400d3f,probe3_tw,15,10,examine raspberry,0.0,0,1,False,"belief=I have put the mug on the armchair, my next step is to exami | rule=I still do not know what earns score, but I am trying differ"
1b400d3f,probe3_tw,15,11,take raspberry,0.0,0,1,False,"belief=I am in a workshop with no clear objective, my next step is  | rule=I still do not know what earns score, but I am trying differ"
1b400d3f,probe3_tw,15,12,eat raspberry,0.0,0,1,False,"belief=I am in a workshop with a raspberry, my next step is to try  | rule=I still do not know what earns score, but I am trying differ"
1b400d3f,probe3_tw,15,13,look,0.0,0,1,False,"belief=I am in a workshop after eating a raspberry, my next step is | rule=I still do not know what earns score, but eating the raspber"
1b400d3f,probe3_tw,15,14,examine mug,0.0,0,1,False,"belief=I am in a workshop, my next step is to examine the mug to se | rule=I still do not know what earns score, but I have ruled out s"
1b400d3f,probe3_tw,15,15,examine armchair,0.0,0,1,False,"belief=I am in a workshop with an unremarkable mug, my next step is | rule=I still do not know what earns score, but I have ruled out e"
1b400d3f,probe3_tw,15,16,take mug from armchair,0.0,0,1,False,"belief=I am in a workshop with an unstable armchair and a mug on it | rule=I still do not know what earns score, but I have ruled out e"
1b400d3f,probe3_tw,15,17,go east,0.0,0,1,False,"belief=I am in a workshop with a mug, my next step is to explore th | rule=I still do not know what earns score, but I have ruled out e"
1b400d3f,probe3_tw,15,18,go west,0.0,0,1,False,"belief=I am in a shower with a mug, my next step is to explore the  | rule=I still do not know what earns score, but I have ruled out e"
1b400d3f,probe3_tw,15,19,go south,0.0,0,1,False,"belief=I am in a workshop with a mug, my next step is to explore th | rule=I still do not know what earns score, but I have ruled out e"
1b400d3f,probe3_tw,15,20,examine door,0.0,0,1,False,"belief=I am in a kitchenette with a mug, my next step is to explore | rule=I still do not know what earns score, but I have ruled out e"
1b400d3f,probe3_tw,15,21,close door,0.0,0,1,False,"belief=I am in a kitchenette with a mug, my next step is to try clo | rule=I still do not know what earns score, but I have ruled out e"
1b400d3f,probe3_tw,15,22,drop mug,0.0,0,1,False,"belief=I am in a kitchenette with a mug, my next step is to try dro | rule=I still do not know what earns score, but I have ruled out e"
1b400d3f,probe3_tw,15,23,examine door,0.0,0,1,False,"belief=I am in a kitchenette with a dropped mug, my next step is to | rule=I still do not know what earns score, but I have ruled out e | STUCK"
1b400d3f,probe3_tw,15,24,examine mug,0.0,0,1,False,"belief=I am in a kitchenette with a dropped mug, my next step is to | rule=I still do not know what earns score, but I have ruled out e | STUCK"
1b400d3f,probe3_tw,15,25,go east,0.0,0,1,False,"belief=I am in a kitchenette with a dropped mug, my next step is to | rule=I still do not know what earns score, but I have ruled out e | STUCK"
1b400d3f,probe3_tw,15,26,inventory,0.0,0,1,False,"belief=I am in a canteen with an exit to the west, my next step is  | rule=I still do not know what earns score, but I have ruled out e | STUCK"
1b400d3f,probe3_tw,15,27,look,0.0,0,1,False,"belief=I am in a canteen with an exit to the west, my next step is  | rule=I still do not know what earns score, but I have ruled out e | STUCK"
1b400d3f,probe3_tw,15,28,go west,0.0,0,1,False,"belief=I am in a canteen with an exit to the west, my next step is  | rule=I still do not know what earns score, but I have ruled out e | STUCK"
1b400d3f,probe3_tw,15,29,inventory,0.0,0,1,False,"belief=I am in a kitchenette with an exit to the east and a mug on  | rule=I still do not know what earns score, but I have ruled out e | STUCK"
1b400d3f,probe3_tw,16,0,drop kettle,0.0,0,1,False,"belief=I have just arrived and do not yet know the layout or the go | rule=unknown; I do not yet know what earns score, so I must disco | STUCK"
1b400d3f,probe3_tw,16,1,examine chest,0.0,0,1,False,"belief=I have just arrived and do not yet know the layout or the go | rule=unknown; I do not yet know what earns score, so I must disco | STUCK"
1b400d3f,probe3_tw,16,2,examine hatch,0.0,0,1,False,"belief=I'm in a steam room with a chest and a kettle, my next step  | rule=unknown, but taking the kettle or examining the hatch might  | STUCK"
1b400d3f,probe3_tw,16,3,examine kettle,0.0,0,1,False,"belief=I'm in a steam room with a hatch, my next step is to try ope | rule=unknown, but taking an object or interacting with the enviro | STUCK"
1b400d3f,probe3_tw,16,4,go west,0.0,0,1,False,"belief=I'm in a steam room with a hatch and a kettle, my next step  | rule=I think interacting with objects might raise the score, I've | STUCK"
1b400d3f,probe3_tw,16,5,take key from case,0.0,0,1,False,"belief=I'm in a studio with a case, keycard, and key, my next step  | rule=I think interacting with objects, especially taking them, mi"
1b400d3f,probe3_tw,16,6,examine key,0.0,0,1,False,"belief=I'm in a studio with a key, my next step is to examine the k | rule=I think interacting with objects, especially examining them,"
1b400d3f,probe3_tw,16,7,examine case,0.0,0,1,False,"belief=I'm in a studio with a key, my next step is to examine the c | rule=I think interacting with objects, especially examining them,"
1b400d3f,probe3_tw,16,8,examine keycard,0.0,0,1,False,"belief=I'm in a studio with a key and a keycard, my next step is to | rule=I think interacting with new objects, especially examining t"
1b400d3f,probe3_tw,16,9,examine safe,0.0,0,1,False,"belief=I'm in a studio with a key and a keycard, my next step is to | rule=I think interacting with new objects, especially examining t"
1b400d3f,probe3_tw,16,10,unlock safe with key,0.0,0,1,False,"belief=I'm in a studio with a key and I need to find a way to open  | rule=I think using the key with other objects, especially the saf"
1b400d3f,probe3_tw,16,11,examine safe,0.0,0,1,False,belief=I've unlocked the safe and my next step is to examine its co | rule=I think interacting with the safe in a more direct way might
1b400d3f,probe3_tw,16,12,open safe,0.0,0,1,False,"belief=I've unlocked the safe, but it's still closed, my next step  | rule=I think interacting with the safe in a more direct way might"
1b400d3f,probe3_tw,16,13,examine safe,0.0,0,1,False,"belief=I've unlocked the safe, and my next step is to examine its c | rule=I think interacting with the safe and its contents in a more"
1b400d3f,probe3_tw,16,14,look,0.0,0,1,False,"belief=I've unlocked the safe, and my next step is to examine its c | rule=I think interacting with the safe and its contents in a more"
1b400d3f,probe3_tw,16,15,take keycard from case,0.0,0,1,False,belief=I've examined the safe and found it empty. My next step is t | rule=I think interacting with objects in the room and using items
1b400d3f,probe3_tw,16,16,go east,0.0,0,1,False,belief=I've obtained the keycard and my next step is to explore oth | rule=I still think interacting with objects and using items in a 
1b400d3f,probe3_tw,16,17,examine chest,0.0,0,1,False,"belief=I'm in a steam room with a chest, hatch, and kettle. My next | rule=I still think interacting with objects and using items in a "
1b400d3f,probe3_tw,16,18,examine hatch,0.0,0,1,False,"belief=I'm in a steam room with a chest, hatch, and kettle. My next | rule=I still think interacting with objects and using items in a "
1b400d3f,probe3_tw,16,19,examine kettle,0.0,0,1,False,"belief=I'm in a steam room with a chest, hatch, and kettle. My next | rule=I still think interacting with objects and using items in a "
1b400d3f,probe3_tw,16,20,examine key,0.0,0,1,False,"belief=I'm in a steam room with a chest, hatch, and kettle. My next | rule=I still think interacting with objects and using items in a "
1b400d3f,probe3_tw,16,21,examine keycard,0.0,0,1,False,"belief=I'm in a steam room with a chest, hatch, and kettle. My next | rule=I still think interacting with objects and using items in a "
1b400d3f,probe3_tw,16,22,drop key,0.0,0,1,False,"belief=I'm in a steam room with a chest, hatch, and kettle. My next | rule=I still think interacting with objects and using items in a  | STUCK"
1b400d3f,probe3_tw,16,23,unlock chest with keycard,1.0,1,1,True,"belief=I'm in a steam room with a chest, hatch, and kettle. My next | rule=I still think interacting with objects and using items in a "
1b400d3f,probe3_tw,17,0,close suitcase,0.0,0,1,False,"belief=I have just arrived and do not yet know the layout or the go | rule=unknown; I do not yet know what earns score, so I must disco | STUCK"
1b400d3f,probe3_tw,17,1,drop loaf of bread,0.0,0,1,False,"belief=I have just arrived and do not yet know the layout or the go | rule=unknown; I do not yet know what earns score, so I must disco | STUCK"
1b400d3f,probe3_tw,17,2,examine loaf of bread,0.0,0,1,False,"belief=I have just arrived and do not yet know the layout or the go | rule=unknown; I do not yet know what earns score, so I must disco | STUCK"
1b400d3f,probe3_tw,17,3,examine suitcase,0.0,0,1,False,"belief=I am in a salon with a loaf of bread and a suitcase, my next | rule=unknown, but taking or examining objects does not seem to ra | STUCK"
1b400d3f,probe3_tw,17,4,go north,0.0,0,1,False,"belief=I am in a salon with a loaf of bread and a suitcase, and I n | rule=I have tried examining the objects and it didn't work, so I  | STUCK"
1b400d3f,probe3_tw,17,5,examine fly larva,0.0,0,1,False,"belief=I am in a pantry with a fly larva, and I need to interact wi | rule=I have tried no actions in this environment, so I need to tr"
1b400d3f,probe3_tw,17,6,look,0.0,0,1,False,"belief=I am in a pantry with a fly larva, and I need to interact wi | rule=I have tried examining the fly larva and it didn't raise my "
1b400d3f,probe3_tw,17,7,go east,0.0,0,1,False,"belief=I am in a pantry with a fly larva, and I need to interact wi | rule=I have tried examining the fly larva and looking around, and"
1b400d3f,probe3_tw,17,8,examine chest,0.0,0,1,False,"belief=I am in a bar with various objects, and I need to interact w | rule=I believe that interacting with objects in the environment m"
1b400d3f,probe3_tw,17,9,take key from mantle,0.0,0,1,False,"belief=I am in a bar with a chest and other objects, my next step i | rule=I believe that interacting with objects in the environment, "
1b400d3f,probe3_tw,17,10,open chest,0.0,0,1,False,"belief=I am in a bar with a key, my next step is to try using the k | rule=I believe that using items to interact with other objects ma"
1b400d3f,probe3_tw,17,11,insert key into chest,0.0,0,1,False,"belief=I am in a bar with an open chest and a key, my next step is  | rule=I believe that using items to interact with other objects in"
1b400d3f,probe3_tw,17,12,examine chest,0.0,0,1,False,"belief=I am in a bar with an open chest and a key, my next step is  | rule=I believe that using items to interact with other objects in"
1b400d3f,probe3_tw,17,13,examine chest,0.0,0,1,False,belief=I believe that using items to interact with other objects in | rule=using items to interact with other objects in a specific way
1b400d3f,probe3_tw,17,14,examine key,0.0,0,1,False,"belief=I believe the key might unlock something else, and my next s | rule=Using items to interact with other objects in a specific way"
1b400d3f,probe3_tw,17,15,examine mantle,0.0,0,1,False,"belief=I believe the key might unlock something else, and my next s | rule=Using items to interact with other objects in a specific way"
1b400d3f,probe3_tw,17,16,go west,0.0,0,1,False,belief=I believe the wobbly mantle might be a clue or a puzzle to s | rule=Using items to interact with other objects in a specific way
1b400d3f,probe3_tw,17,17,go north,0.0,0,1,False,belief=I believe interacting with the fly larva could be a clue or  | rule=Using items or interacting with objects in a physical way ma | STUCK
1b400d3f,probe3_tw,17,18,look,0.0,0,1,False,belief=I believe exploring the surroundings could provide a clue or | rule=Using items or interacting with objects in a physical way ma
1b400d3f,probe3_tw,17,19,go south,0.0,0,1,False,belief=I believe the kitchen may contain objects or features that c | rule=I think using or manipulating objects in a physical way may 
1b400d3f,probe3_tw,17,20,take fly larva,0.0,0,1,False,"belief=I believe the fly larva could be an object that can be manip | rule=I think taking or manipulating objects, especially those tha"
1b400d3f,probe3_tw,17,21,go east,0.0,0,1,False,belief=I believe the fly larva could be used to interact with the e | rule=I think taking or manipulating objects and moving to differe
1b400d3f,probe3_tw,17,22,insert fly larva into chest,0.0,0,1,False,belief=I believe the fly larva could be used to interact with the e | rule=I think taking or manipulating objects and moving to differe
1b400d3f,probe3_tw,17,23,close chest,0.0,0,1,False,belief=I believe the fly larva in the chest might trigger something | rule=I think manipulating objects in a specific context may raise
1b400d3f,probe3_tw,17,24,open chest,0.0,0,1,False,"belief=I believe the chest's state might be crucial, and my next st | rule=I think manipulating objects in a specific context may raise"
1b400d3f,probe3_tw,17,25,take key from chest,0.0,0,1,False,"belief=I believe the chest's state and its contents are crucial, an | rule=I think manipulating objects in a specific context, especial"
1b400d3f,probe3_tw,17,26,put key on mantle,0.0,0,1,False,"belief=I believe using the key to interact with other objects or lo | rule=I think manipulating objects in a specific context, especial"
1b400d3f,probe3_tw,17,27,take key from mantle,0.0,0,1,False,"belief=I believe the key was used to unlock something, but now it's | rule=I think using objects in a specific context, especially chan"
1b400d3f,probe3_tw,17,28,insert key into chest,0.0,0,1,False,"belief=I believe the key is used to unlock the chest. My next step  | rule=I think using objects in a specific context, especially chan"
1b400d3f,probe3_tw,17,29,take fly larva from chest,0.0,0,1,False,"belief=I believe the key is now inserted into the chest, and my nex | rule=I still think using objects in a specific context, especiall"
1b400d3f,probe3_tw,18,0,drop stick of butter,0.0,0,1,False,"belief=I have just arrived and do not yet know the layout or the go | rule=unknown; I do not yet know what earns score, so I must disco | STUCK"
1b400d3f,probe3_tw,18,1,drop type 6 keycard,0.0,0,1,False,"belief=I have just arrived and do not yet know the layout or the go | rule=unknown; I do not yet know what earns score, so I must disco | STUCK"
1b400d3f,probe3_tw,18,2,examine mantelpiece,0.0,0,1,False,"belief=I have just arrived and do not yet know the layout or the go | rule=unknown; I do not yet know what earns score, so I must disco | STUCK"
1b400d3f,probe3_tw,18,3,examine stick of butter,0.0,0,1,False,"belief=I am stuck and need to try a different kind of action. My ne | rule=I still don't know what earns score, but I've ruled out exam | STUCK"
1b400d3f,probe3_tw,18,4,go west,0.0,0,1,False,"belief=I am in a chamber with a stick of butter and need to explore | rule=I still don't know what earns score, but I've ruled out exam"
1b400d3f,probe3_tw,18,5,examine gate,0.0,0,1,False,"belief=0 | rule=I still don't know what earns score, but I've ruled out exam"
1b400d3f,probe3_tw,18,6,go east,0.0,0,1,False,"belief=I'm at a closed gate with no inventory, my next step is to t | rule=I still don't know what earns score, but I've ruled out exam"
1b400d3f,probe3_tw,18,7,take type 6 keycard,0.0,0,1,False,"belief=I'm in a chamber with items on the floor, my next step is to | rule=I still don't know what earns score, but I've ruled out exam"
1b400d3f,probe3_tw,18,8,examine type 6 keycard,0.0,0,1,False,"belief=I'm in a chamber with items on the floor, my next step is to | rule=I still don't know what earns score, but I've ruled out exam"
1b400d3f,probe3_tw,18,9,look,0.0,0,1,False,"belief=I'm in a chamber with items on the floor, my next step is to | rule=I still don't know what earns score, but I've ruled out exam"
1b400d3f,probe3_tw,18,10,examine mantelpiece,0.0,0,1,False,"belief=I'm in a chamber with items on the floor, my next step is to | rule=I've ruled out examining the mantelpiece, going west, and dr | STUCK"
1b400d3f,probe3_tw,18,11,examine stick of butter,0.0,0,1,False,"belief=I'm in a chamber with items on the floor, my next step is to | rule=I've ruled out examining the mantelpiece, going west, droppi | STUCK"
1b400d3f,probe3_tw,18,12,go west,0.0,0,1,False,"belief=I'm in a chamber with items on the floor, my next step is to | rule=I've ruled out examining the mantelpiece, going west, droppi | STUCK"
1b400d3f,probe3_tw,18,13,unlock type 6 chest with type 6 keycard,0.0,0,1,False,"belief=I'm in a chamber with a type 6 chest and a type 6 keycard, m | rule=I've ruled out examining the mantelpiece, going west, droppi"
1b400d3f,probe3_tw,18,14,open type 6 chest,0.0,0,1,False,"belief=I'm in a chamber with an unlocked type 6 chest and a type 6  | rule=I've ruled out examining the mantelpiece, going west, droppi"
1b400d3f,probe3_tw,18,15,examine shadfly,0.0,0,1,False,"belief=I'm in a chamber with an unlocked type 6 chest, a type 6 key | rule=I've ruled out examining the mantelpiece, going west, droppi"
1b400d3f,probe3_tw,18,16,take shadfly from type 6 chest,1.0,1,1,True,"belief=I'm in a chamber with an unlocked type 6 chest, a type 6 key | rule=I've ruled out examining the mantelpiece, going west, droppi"
1b400d3f,probe3_tw,19,0,drop TextWorld limited edition passkey,0.0,0,1,False,"belief=I have just arrived and do not yet know the layout or the go | rule=unknown; I do not yet know what earns score, so I must disco | STUCK"
1b400d3f,probe3_tw,19,1,drop burger,0.0,0,1,False,"belief=I have just arrived and do not yet know the layout or the go | rule=unknown; I do not yet know what earns score, so I must disco | STUCK"
1b400d3f,probe3_tw,19,2,examine TextWorld limited edition passkey,0.0,0,1,False,"belief=I have just arrived and do not yet know the layout or the go | rule=unknown; I do not yet know what earns score, so I must disco | STUCK"
1b400d3f,probe3_tw,19,3,examine TextWorld limited edition safe,0.0,0,1,False,"belief=I am in the Laundry Place with no clear objective, my next s | rule=I still don't know what earns score, but I've ruled out exam | STUCK"
1b400d3f,probe3_tw,19,4,go west,0.0,0,1,False,"belief=I am in the Laundry Place with no clear objective, my next s | rule=I still don't know what earns score, but I've ruled out exam"
1b400d3f,probe3_tw,19,5,examine toolbox,0.0,0,1,False,"belief=I am in a cubicle with a toolbox and a closed gate, my next  | rule=I still don't know what earns score, but I've ruled out drop"
1b400d3f,probe3_tw,19,6,examine gate,0.0,0,1,False,"belief=I am in a cubicle with a toolbox and a closed gate, my next  | rule=I still don't know what earns score, but I've ruled out drop"
1b400d3f,probe3_tw,19,7,look,0.0,0,1,False,"belief=I am in a cubicle with a closed gate, my next step is to try | rule=I still don't know what earns score, but I've ruled out exam"
1b400d3f,probe3_tw,19,8,open toolbox,0.0,0,1,False,"belief=I am in a cubicle with a closed gate, my next step is to try | rule=I still don't know what earns score, but I've ruled out exam"
1b400d3f,probe3_tw,19,9,go east,0.0,0,1,False,"belief=I am in a cubicle with a toolbox open, my next step is to tr | rule=I still don't know what earns score, but I've ruled out exam"
1b400d3f,probe3_tw,19,10,take TextWorld limited edition passkey,0.0,0,1,False,"belief=I am in a laundry place with a locked safe and a passkey on  | rule=I still don't know what earns score, but I've ruled out exam"
1b400d3f,probe3_tw,19,11,unlock TextWorld limited edition safe with TextWorld limited edition passkey,0.0,0,1,False,"belief=I am in a laundry place with a TextWorld limited edition pas | rule=I still don't know what earns score, but I've ruled out exam"
1b400d3f,probe3_tw,19,12,open TextWorld limited edition safe,0.0,0,1,False,"belief=I am in a laundry place with a TextWorld limited edition pas | rule=I still don't know what earns score, but I've ruled out exam"
1b400d3f,probe3_tw,19,13,take cashew from TextWorld limited edition safe,0.0,0,1,False,"belief=I am in a laundry place with a TextWorld limited edition pas | rule=I still don't know what earns score, but I've ruled out exam"
1b400d3f,probe3_tw,19,14,examine cashew,0.0,0,1,False,"belief=I am in a laundry place with a TextWorld limited edition pas | rule=I still don't know what earns score, but I've ruled out exam"
1b400d3f,probe3_tw,19,15,examine TextWorld limited edition passkey,0.0,0,1,False,"belief=I am in a laundry place with a TextWorld limited edition pas | rule=I still don't know what earns score, but I've ruled out exam"
1b400d3f,probe3_tw,19,16,examine TextWorld limited edition safe,0.0,0,1,False,"belief=I am in a laundry place with a TextWorld limited edition pas | rule=I still don't know what earns score, but I've ruled out exam"
1b400d3f,probe3_tw,19,17,insert cashew into TextWorld limited edition safe,0.0,0,1,False,"belief=I am in a laundry place with a TextWorld limited edition pas | rule=I still don't know what earns score, but I've ruled out exam"
1b400d3f,probe3_tw,19,18,insert TextWorld limited edition passkey into TextWorld limited edition safe,0.0,0,1,False,"belief=I am in a laundry place with a TextWorld limited edition pas | rule=I still don't know what earns score, but I've ruled out exam"
1b400d3f,probe3_tw,19,19,take TextWorld limited edition passkey from TextWorld limited edition safe,0.0,0,1,False,"belief=I am in a laundry place with a TextWorld limited edition pas | rule=I still don't know what earns score, but I've ruled out exam"
1b400d3f,probe3_tw,19,20,look,0.0,0,1,False,"belief=I am in a laundry place with a TextWorld limited edition pas | rule=I still don't know what earns score, but I've ruled out exam"
1b400d3f,probe3_tw,19,21,examine burger,0.0,0,1,False,"belief=I am in a laundry place with a TextWorld limited edition pas | rule=I still don't know what earns score, but I've ruled out exam"
1b400d3f,probe3_tw,19,22,take burger,0.0,0,1,False,"belief=I am in a laundry place with a TextWorld limited edition pas | rule=I still don't know what earns score, but I've ruled out exam"
1b400d3f,probe3_tw,19,23,look,0.0,0,1,False,"belief=I am in a laundry place with a TextWorld limited edition pas | rule=I still don't know what earns score, but I've ruled out exam"
1b400d3f,probe3_tw,19,24,insert burger into TextWorld limited edition safe,0.0,0,1,False,"belief=I am in a laundry place with a TextWorld limited edition pas | rule=I still don't know what earns score, but I've ruled out exam"
1b400d3f,probe3_tw,19,25,close TextWorld limited edition safe,0.0,0,1,False,"belief=I am in a laundry place with a TextWorld limited edition pas | rule=I still don't know what earns score, but I've ruled out exam"
1b400d3f,probe3_tw,19,26,lock TextWorld limited edition safe with TextWorld limited edition passkey,0.0,0,1,False,"belief=I am in a laundry place with a TextWorld limited edition pas | rule=I still don't know what earns score, but I've ruled out exam"
1b400d3f,probe3_tw,19,27,unlock TextWorld limited edition safe with TextWorld limited edition passkey,0.0,0,1,False,"belief=I am in a laundry place with a locked TextWorld limited edit | rule=I still don't know what earns score, but I've ruled out exam"
1b400d3f,probe3_tw,19,28,open TextWorld limited edition safe,0.0,0,1,False,"belief=I am in a laundry place with an unlocked TextWorld limited e | rule=I still don't know what earns score, but I've ruled out exam"
1b400d3f,probe3_tw,19,29,take burger from TextWorld limited edition safe,0.0,0,1,False,"belief=I am in a laundry place with an unlocked TextWorld limited e | rule=I still don't know what earns score, but I've ruled out exam"
1b400d3f,probe3_tw,20,0,drop cuboid latchkey,0.0,0,1,False,"belief=I have just arrived and do not yet know the layout or the go | rule=I still do not know what earns score, but trying to use the  | STUCK"
1b400d3f,probe3_tw,20,1,take cuboid latchkey,0.0,0,1,False,"belief=I have just arrived and do not yet know the layout or the go | rule=I still do not know what earns score, but trying to use the "
1b400d3f,probe3_tw,20,2,unlock cuboid safe with cuboid latchkey,0.0,0,1,False,"belief=I have a cuboid latchkey and I'm in a salon. My next step is | rule=I still do not know what earns score, but trying to use the "
1b400d3f,probe3_tw,20,3,examine cuboid safe,0.0,0,1,False,"belief=I have unlocked the cuboid safe and I'm in a salon. My next  | rule=I still do not know what earns score, but using the latchkey"
1b400d3f,probe3_tw,20,4,open cuboid safe,0.0,0,1,False,belief=I have unlocked the cuboid safe but it's still closed. My ne | rule=Using the latchkey on the safe was a new kind of action that
1b400d3f,probe3_tw,20,5,look,0.0,0,1,False,belief=I have unlocked the cuboid safe and my next step is to exami | rule=Using the latchkey on the safe did not raise my score. I've 
1b400d3f,probe3_tw,20,6,examine bar,0.0,0,1,False,belief=I have examined the safe and it's empty. My next step is to  | rule=Using the latchkey on the safe and examining the safe did no
1b400d3f,probe3_tw,20,7,put cuboid latchkey on bar,0.0,0,1,False,belief=I have examined the safe and it's empty. My next step is to  | rule=Using the latchkey on the safe and examining the safe did no
1b400d3f,probe3_tw,20,8,look,0.0,0,1,False,"belief=I have put the cuboid latchkey on the bar, and my next step  | rule=Using the latchkey on the safe, examining the safe, looking "
1b400d3f,probe3_tw,20,9,look,0.0,0,1,False,"belief=I have put the cuboid latchkey on the bar, and my next step  | rule=Using the latchkey on the safe, examining the safe, looking "
1b400d3f,probe3_tw,20,10,look,0.0,0,1,False,"belief=I have a cuboid latchkey on the bar, and my next step is to  | rule=Using the latchkey on the safe, examining the safe, looking "
1b400d3f,probe3_tw,20,11,take cuboid latchkey from bar,0.0,0,1,False,"belief=I have a cuboid latchkey on the bar, and my next step is to  | rule=Using the latchkey on the safe, examining the safe, looking "
1b400d3f,probe3_tw,20,12,examine cuboid latchkey,0.0,0,1,False,"belief=I have taken the cuboid latchkey from the bar and my next st | rule=Using the latchkey on the safe, examining the safe, looking "
1b400d3f,probe3_tw,20,13,close cuboid safe,0.0,0,1,False,belief=I have the cuboid latchkey and my next step is to try using  | rule=Using the latchkey on the safe might raise the score. I've r | STUCK
1b400d3f,probe3_tw,20,14,drop cuboid latchkey,0.0,0,1,False,"belief=I have the cuboid latchkey and my next step is to try lockin | rule=Using the latchkey on the safe in different ways, such as lo | STUCK"
1b400d3f,probe3_tw,20,15,take cuboid latchkey,0.0,0,1,False,"belief=I dropped the cuboid latchkey and my next step is to pick it | rule=Using the latchkey on the safe in different ways, such as lo"
1b400d3f,probe3_tw,20,16,lock cuboid safe with cuboid latchkey,0.0,0,1,False,"belief=I have the cuboid latchkey and my next step is to try lockin | rule=Using the latchkey on the safe in different ways, such as lo"
1b400d3f,probe3_tw,20,17,go north,0.0,0,1,False,"belief=I have locked the cuboid safe and my next step is to try goi | rule=Using the latchkey on the safe in different ways, such as lo"
1b400d3f,probe3_tw,20,18,take passkey,0.0,0,1,False,"belief=I am in a sauna with a safe, passkey, and worm. My next step | rule=I suspect interacting with objects in the environment, such "
1b400d3f,probe3_tw,20,19,examine passkey,0.0,0,1,False,"belief=I am in a sauna with a safe, passkey, and worm. My next step | rule=I suspect interacting with objects in the environment, such "
1b400d3f,probe3_tw,20,20,examine worm,0.0,0,1,False,"belief=I am in a sauna with a safe, passkey, and worm. My next step | rule=I suspect interacting with objects in the environment, such "
1b400d3f,probe3_tw,20,21,take worm,0.0,0,1,False,"belief=I am in a sauna with a safe, passkey, and worm. My next step | rule=I suspect interacting with objects in the environment, such "
1b400d3f,probe3_tw,20,22,go east,0.0,0,1,False,"belief=I am in a sauna with a safe, passkey, and worm. My next step | rule=I suspect interacting with objects in the environment or mov"
1b400d3f,probe3_tw,20,23,go west,0.0,0,1,False,"belief=I am in a garage with a worm, passkey, and cuboid latchkey.  | rule=I suspect interacting with objects in the environment or mov"
1b400d3f,probe3_tw,20,24,go north,0.0,0,1,False,"belief=I am in a sauna with a worm, passkey, and cuboid latchkey. M | rule=I suspect interacting with objects in the environment or mov"
1b400d3f,probe3_tw,20,25,go south,0.0,0,1,False,"belief=I am in a study with a worm, passkey, and cuboid latchkey. M | rule=I suspect interacting with objects in the environment or mov"
1b400d3f,probe3_tw,20,26,examine safe,0.0,0,1,False,"belief=I am in a sauna with a worm, passkey, and cuboid latchkey. M | rule=I suspect interacting with objects in the environment, espec"
1b400d3f,probe3_tw,20,27,unlock safe with passkey,0.0,0,1,False,"belief=I am in a sauna with a worm, passkey, and cuboid latchkey. M | rule=I suspect interacting with the safe, especially unlocking it"
1b400d3f,probe3_tw,20,28,examine safe,0.0,0,1,False,"belief=I am in a sauna with a worm, passkey, and cuboid latchkey, a | rule=I still suspect interacting with the safe could raise the sc"
1b400d3f,probe3_tw,20,29,look,0.0,0,1,False,"belief=I am in a sauna with a worm, passkey, and cuboid latchkey, a | rule=I still suspect interacting with the safe could raise the sc"
1b400d3f,probe3_tw,21,0,drop shadfly,0.0,0,1,False,"belief=I have just arrived and do not yet know the layout or the go | rule=unknown; I do not yet know what earns score, so I must disco | STUCK"
1b400d3f,probe3_tw,21,1,examine passageway,0.0,0,1,False,"belief=I have just arrived and do not yet know the layout or the go | rule=unknown; I do not yet know what earns score, so I must disco | STUCK"
1b400d3f,probe3_tw,21,2,examine shadfly,0.0,0,1,False,"belief=I am in a passageway and need to gather more information. My | rule=I still don't know what earns score, but I've ruled out exam | STUCK"
1b400d3f,probe3_tw,21,3,examine type 0 chest,0.0,0,1,False,"belief=I am in a kitchen passageway and need to gather more informa | rule=I still don't know what earns score, but I've ruled out exam"
1b400d3f,probe3_tw,21,4,examine type 0 chest,0.0,0,1,False,"belief=I am in a kitchen passageway with a type 0 chest. My next st | rule=I still don't know what earns score, but I've ruled out exam"
1b400d3f,probe3_tw,21,5,open passageway,0.0,0,1,False,"belief=I am in a kitchen passageway with a type 0 chest. My next st | rule=I still don't know what earns score, but I've ruled out exam"
1b400d3f,probe3_tw,21,6,examine type 0 chest,0.0,0,1,False,"belief=I am in a kitchen passageway with a type 0 chest. My next st | rule=I still don't know what earns score, but I've ruled out exam"
1b400d3f,probe3_tw,21,7,go north,0.0,0,1,False,"belief=I am in a kitchen passageway with a type 0 chest. My next st | rule=I still don't know what earns score, but I've ruled out exam"
1b400d3f,probe3_tw,21,8,examine loaf of bread,0.0,0,1,False,"belief=I am in a closet with a shelf and a loaf of bread. My next s | rule=I still don't know what earns score, but I've ruled out exam"
1b400d3f,probe3_tw,21,9,take loaf of bread,0.0,0,1,False,"belief=I am in a closet with a shelf and a loaf of bread. My next s | rule=I still don't know what earns score, but I've ruled out exam"
1b400d3f,probe3_tw,21,10,put loaf of bread on shelf,0.0,0,1,False,"belief=I am in a closet with a shelf and a loaf of bread. My next s | rule=I still don't know what earns score, but I've ruled out exam"
1b400d3f,probe3_tw,21,11,examine shelf,0.0,0,1,False,"belief=I am in a closet with a shelf and a loaf of bread on it. My  | rule=I still don't know what earns score, but I've ruled out exam"
1b400d3f,probe3_tw,21,12,take loaf of bread from shelf,0.0,0,1,False,"belief=I am in a closet with an unstable shelf and a loaf of bread  | rule=I still don't know what earns score, but I've ruled out exam"
1b400d3f,probe3_tw,21,13,eat loaf of bread,0.0,0,1,False,"belief=I am in a closet with a loaf of bread, and my next step is t | rule=I still don't know what earns score, but I've ruled out exam"
1b400d3f,probe3_tw,21,14,go south,0.0,0,1,False,"belief=I am in a closet with no objects, and my next step is to exp | rule=I still don't know what earns score, but I've ruled out exam"
1b400d3f,probe3_tw,21,15,examine shadfly,0.0,0,1,False,"belief=I am in a kitchen with various objects and exits, and my nex | rule=I still don't know what earns score, but I've ruled out exam"
1b400d3f,probe3_tw,21,16,go west,0.0,0,1,False,"belief=I am in a kitchen with a shadfly, and my next step is to exp | rule=I still don't know what earns score, but I've ruled out exam"
1b400d3f,probe3_tw,21,17,examine counter,0.0,0,1,False,"belief=I am in a canteen with a counter and a type 0 keycard, and m | rule=I still don't know what earns score, but I've ruled out exam"
1b400d3f,probe3_tw,21,18,examine type 0 keycard,0.0,0,1,False,"belief=I am in a canteen with a counter and a type 0 keycard, and m | rule=I still don't know what earns score, but I've ruled out exam"
1b400d3f,probe3_tw,21,19,take type 0 keycard from counter,0.0,0,1,False,"belief=I am in a canteen with a counter and a type 0 keycard, and m | rule=I still don't know what earns score, but I've ruled out exam"
1b400d3f,probe3_tw,21,20,go east,0.0,0,1,False,"belief=I am in a canteen with a type 0 keycard, and my next step is | rule=I still don't know what earns score, but I've ruled out exam"
1b400d3f,probe3_tw,21,21,go north,0.0,0,1,False,"belief=I am in a canteen with a type 0 keycard, and my next step is | rule=I still don't know what earns the score, but I've ruled out "
1b400d3f,probe3_tw,21,22,go south,0.0,0,1,False,"belief=I am in a closet with a type 0 keycard, and my next step is  | rule=I still don't know what earns the score, but I've ruled out "
1b400d3f,probe3_tw,21,23,examine type 0 chest,0.0,0,1,False,"belief=I am in a kitchen with a type 0 chest and a shadfly, and my  | rule=I still don't know what earns the score, but I've ruled out "
1b400d3f,probe3_tw,21,24,unlock type 0 chest with type 0 keycard,1.0,1,1,True,"belief=I am in a kitchen with a type 0 chest and a shadfly, and my  | rule=I still don't know what earns the score, but I've ruled out "
1b400d3f,probe3_tw,22,0,drop butterfly,0.0,0,1,False,"belief=I have just arrived and do not yet know the layout or the go | rule=unknown; I do not yet know what earns score, so I must disco | STUCK"
1b400d3f,probe3_tw,22,1,drop legume,0.0,0,1,False,"belief=I have just arrived and do not yet know the layout or the go | rule=unknown; I do not yet know what earns score, so I must disco | STUCK"
1b400d3f,probe3_tw,22,2,drop sandwich,0.0,0,1,False,"belief=I have just arrived and do not yet know the layout or the go | rule=unknown; I do not yet know what earns score, so I must disco | STUCK"
1b400d3f,probe3_tw,22,3,examine butterfly,0.0,0,1,False,"belief=I have just arrived and do not yet know the layout or the go | rule=unknown; I do not yet know what earns score, so I must disco | STUCK"
1b400d3f,probe3_tw,22,4,examine glove,0.0,0,1,False,belief=I am in a pantry with unknown layout and goal. My next step  | rule=unknown; I have tried dropping items and examining the butte | STUCK
1b400d3f,probe3_tw,22,5,examine legume,0.0,0,1,False,belief=I am in a pantry with an unknown layout and goal. My next st | rule=unknown; I have tried dropping items and examining the butte | STUCK
1b400d3f,probe3_tw,22,6,examine passageway,0.0,0,1,False,"belief=I am in a pantry with an unknown layout and goal. My next st | rule=unknown; I have tried dropping items and examining objects,  | STUCK"
1b400d3f,probe3_tw,22,7,examine sandwich,0.0,0,1,False,"belief=I am in a pantry with an unknown layout and goal. My next st | rule=unknown; I have tried dropping items and examining objects,  | STUCK"
1b400d3f,probe3_tw,22,8,examine stand,0.0,0,1,False,"belief=I am in a pantry with an unknown layout and goal. My next st | rule=unknown; I have tried dropping items and examining objects,  | STUCK"
1b400d3f,probe3_tw,22,9,go south,0.0,0,1,False,"belief=I am in a pantry with an unknown layout and goal. My next st | rule=unknown; I have tried dropping items and examining objects,  | STUCK"
1b400d3f,probe3_tw,22,10,examine iron,0.0,0,1,False,"belief=I am in a laundromat with an iron on the floor. My next step | rule=unknown; I have no information about what raises the score,  | STUCK"
1b400d3f,probe3_tw,22,11,go north,0.0,0,1,False,"belief=I am in a laundromat with an iron on the floor. My next step | rule=unknown; I have no information about what raises the score,  | STUCK"
1b400d3f,probe3_tw,22,12,inventory,0.0,0,1,False,"belief=I am in a pantry with various items on the floor. My next st | rule=unknown; I have no information about what raises the score,  | STUCK"
1b400d3f,probe3_tw,22,13,look,0.0,0,1,False,"belief=I am in a pantry with various items on the floor. My next st | rule=unknown; I have no information about what raises the score,  | STUCK"
1b400d3f,probe3_tw,22,14,take butterfly,0.0,0,1,False,"belief=I am in a pantry with various items on the floor. My next st | rule=unknown; I have no information about what raises the score,  | STUCK"
1b400d3f,probe3_tw,22,15,drop butterfly,0.0,0,1,False,"belief=I am in a pantry with various items on the floor. My next st | rule=unknown; I have no information about what raises the score,  | STUCK"
1b400d3f,probe3_tw,22,16,take glove,0.0,0,1,False,"belief=I am in a pantry with various items on the floor. My next st | rule=unknown; I have no information about what raises the score,  | STUCK"
1b400d3f,probe3_tw,22,17,drop glove,0.0,0,1,False,"belief=I am in a pantry with various items on the floor. My next st | rule=unknown; I have no information about what raises the score,  | STUCK"
1b400d3f,probe3_tw,22,18,take legume,0.0,0,1,False,"belief=I am in a pantry with various items on the floor. My next st | rule=unknown; I have no information about what raises the score,  | STUCK"
1b400d3f,probe3_tw,22,19,drop legume,0.0,0,1,False,"belief=I am in a pantry with various items on the floor. My next st | rule=unknown; I have no information about what raises the score,  | STUCK"
1b400d3f,probe3_tw,22,20,take sandwich,0.0,0,1,False,"belief=I am in a pantry with various items on the floor. My next st | rule=unknown; I have no information about what raises the score,  | STUCK"
1b400d3f,probe3_tw,22,21,eat sandwich,0.0,0,1,False,"belief=I am in a pantry with a sandwich in my inventory. My next st | rule=unknown; I have no information about what raises the score,  | STUCK"
1b400d3f,probe3_tw,22,22,examine butterfly,0.0,0,1,False,"belief=I am in a pantry and have eaten the sandwich. My next step i | rule=unknown; I have no information about what raises the score,  | STUCK"
1b400d3f,probe3_tw,22,23,examine glove,0.0,0,1,False,"belief=I am in a pantry with a butterfly and need to try a new acti | rule=unknown, but interacting with items in different ways may ra | STUCK"
1b400d3f,probe3_tw,22,24,examine legume,0.0,0,1,False,"belief=I am in a pantry with a dirty glove and need to try a new ac | rule=unknown, but interacting with items in different ways may ra | STUCK"
1b400d3f,probe3_tw,22,25,examine passageway,0.0,0,1,False,belief=I am in a pantry with a legume and need to try taking an ite | rule=Interacting with items in different ways may raise the score | STUCK
1b400d3f,probe3_tw,22,26,take legume,0.0,0,1,False,belief=I am in a pantry and need to interact with items to make pro | rule=Interacting with items in different ways may raise the score
1b400d3f,probe3_tw,22,27,put legume on stand,0.0,0,1,False,"belief=I am in a pantry with a legume and need to interact with ite | rule=Interacting with items in different ways, especially placing"
1b400d3f,probe3_tw,22,28,examine stand,0.0,0,1,False,"belief=I am in a pantry with a legume on the stand and need to inte | rule=Interacting with items in different ways, especially placing"
1b400d3f,probe3_tw,22,29,take legume from stand,0.0,0,1,False,"belief=I am in a pantry with a legume on a shaky stand and need to  | rule=Interacting with items in different ways, especially placing"
1b400d3f,probe3_tw,23,0,examine formless chest,0.0,0,1,False,"belief=I have just arrived and do not yet know the layout or the go | rule=unknown; I do not yet know what earns score, so I must disco | STUCK"
1b400d3f,probe3_tw,23,1,examine table,0.0,0,1,False,"belief=I am stuck and need to try a different action to gather more | rule=I still do not know what earns score, but I can rule out exa | STUCK"
1b400d3f,probe3_tw,23,2,go west,0.0,0,1,False,"belief=I am at a table and need to explore other locations to gathe | rule=I still do not know what earns score, but I can rule out exa"
1b400d3f,probe3_tw,23,3,go east,0.0,0,1,False,"belief=I am in a bedroom with a few objects and exits, my next step | rule=I still do not know what earns score, but I can rule out exa"
1b400d3f,probe3_tw,23,4,take type X keycard,0.0,0,1,False,"belief=I am in a cookery with a few objects and exits, my next step | rule=I still do not know what earns score, but I can rule out exa"
1b400d3f,probe3_tw,23,5,examine type X keycard,0.0,0,1,False,"belief=I am in a cookery with a type X keycard, my next step is to  | rule=I still do not know what earns score, but I can rule out exa"
1b400d3f,probe3_tw,23,6,examine type X locker,0.0,0,1,False,"belief=I am in a cookery with a type X keycard, my next step is to  | rule=I still do not know what earns score, but I can rule out exa"
1b400d3f,probe3_tw,23,7,open type X locker,0.0,0,1,False,"belief=I am in a cookery with a type X keycard, my next step is to  | rule=I still do not know what earns score, but I can rule out exa"
1b400d3f,probe3_tw,23,8,take formless key from type X locker,0.0,0,1,False,"belief=I am in a cookery with a type X keycard and a formless key,  | rule=I still do not know what earns score, but I can rule out exa"
1b400d3f,probe3_tw,23,9,examine formless key,0.0,0,1,False,"belief=I am in a cookery with a type X keycard and a formless key,  | rule=I still do not know what earns score, but I can rule out exa"
1b400d3f,probe3_tw,23,10,unlock formless chest with formless key,0.0,0,1,False,"belief=I am in a cookery with a type X keycard and a formless key,  | rule=I still do not know what earns score, but I can rule out exa"
1b400d3f,probe3_tw,23,11,open formless chest,1.0,1,1,True,"belief=I am in a cookery with a type X keycard and a formless key,  | rule=I still do not know what earns score, but I can rule out exa"
1b400d3f,probe3_tw,24,0,drop passkey,0.0,0,1,False,"belief=I have just arrived and do not yet know the layout or the go | rule=unknown; I do not yet know what earns score, so I must disco | STUCK"
1b400d3f,probe3_tw,24,1,examine box,0.0,0,1,False,"belief=I have just arrived and do not yet know the layout or the go | rule=unknown; I do not yet know what earns score, so I must disco | STUCK"
1b400d3f,probe3_tw,24,2,examine chest,0.0,0,1,False,"belief=I am stuck and need to try a new action. Since I've already  | rule=I still don't know what raises the score, but I've ruled out | STUCK"
1b400d3f,probe3_tw,24,3,examine passkey,0.0,0,1,False,"belief=I am stuck and need to try a new action. My next step is to  | rule=I still don't know what raises the score, but I've ruled out"
1b400d3f,probe3_tw,24,4,go west,0.0,0,1,False,"belief=I am stuck and need to try a new action. My next step is to  | rule=I still don't know what raises the score, but I've ruled out"
1b400d3f,probe3_tw,24,5,go east,0.0,0,1,False,"belief=I am in a laundromat with a table and a closed gate. My next | rule=I don't know what raises the score yet, but I'll try going e"
1b400d3f,probe3_tw,24,6,take passkey,0.0,0,1,False,"belief=I am in a study with a locked chest, locked box, and a passk | rule=I still don't know what raises the score, but I've ruled out"
1b400d3f,probe3_tw,24,7,unlock box with passkey,0.0,0,1,False,"belief=I am in a study with a locked chest, locked box, and I have  | rule=I still don't know what raises the score, but I've ruled out"
1b400d3f,probe3_tw,24,8,open box,0.0,0,1,False,"belief=I am in a study with an unlocked box, a locked chest, and I  | rule=I still don't know what raises the score, but I've ruled out"
1b400d3f,probe3_tw,24,9,examine latchkey,0.0,0,1,False,"belief=I am in a study with an unlocked box, a locked chest, and I  | rule=I still don't know what raises the score, but I've ruled out"
1b400d3f,probe3_tw,24,10,take latchkey from box,0.0,0,1,False,"belief=I am in a study with an unlocked box, a locked chest, and I  | rule=I still don't know what raises the score, but I've ruled out"
1b400d3f,probe3_tw,24,11,unlock chest with latchkey,1.0,1,1,True,"belief=I am in a study with an unlocked box, a locked chest, and I  | rule=I still don't know what raises the score, but I've ruled out"
