run_id,variant,seed,step,command,reward,score,max_score,won,note
c125a0f9,probe_tw,0,0,insert binder into Canadian limited edition safe,0.0,0,1,False,"belief=I am in a location with a Canadian limited edition safe and a binder,  | rule=I hypothesize that interacting with the Canadian limited edition safe  | EXPERIMENT"
c125a0f9,probe_tw,0,1,examine Canadian limited edition safe,0.0,0,1,False,"belief=I am in a location with a Canadian limited edition safe and a binder,  | rule=I hypothesize that interacting with the Canadian limited edition safe "
c125a0f9,probe_tw,0,2,examine binder,0.0,0,1,False,"belief=I am in a location with a Canadian limited edition safe and a binder,  | rule=I hypothesize that interacting with the contents of the Canadian limit"
c125a0f9,probe_tw,0,3,examine Canadian limited edition latchkey,0.0,0,1,False,belief=I am in a Laundromat with a Canadian limited edition safe and a binder | rule=I hypothesize that interacting with the latchkey or other previously u
c125a0f9,probe_tw,0,4,take Canadian limited edition latchkey,0.0,0,1,False,"belief=I am in a Laundromat with a Canadian limited edition latchkey, my plan | rule=I hypothesize that interacting with the latchkey, particularly taking "
c125a0f9,probe_tw,0,5,insert Canadian limited edition latchkey into Canadian limited edition safe,0.0,0,1,False,"belief=I am in a Laundromat with a Canadian limited edition latchkey, my plan | rule=I hypothesize that interacting with the latchkey, particularly inserti"
c125a0f9,probe_tw,0,6,close Canadian limited edition safe,0.0,0,1,False,belief=I am in a Laundromat with a Canadian limited edition latchkey inserted | rule=I hypothesize that interacting with the latchkey and safe in a specifi
c125a0f9,probe_tw,0,7,go north,0.0,0,1,False,"belief=I am in a Laundromat with a closed Canadian limited edition safe, my p | rule=I hypothesize that moving to a new location or interacting with a new  | EXPERIMENT"
c125a0f9,probe_tw,0,8,examine gate,0.0,0,1,False,belief=I am in a shower with a closed gate to the east and an unguarded exit  | rule=I hypothesize that interacting with the gate or finding a way to open  | EXPERIMENT
c125a0f9,probe_tw,0,9,open gate,0.0,0,1,False,"belief={'situation': 'I am at an ominous gate, and my plan is to experiment w | rule=I hypothesize that interacting with the gate or finding a way to open  | EXPERIMENT"
c125a0f9,probe_tw,0,10,look,0.0,0,1,False,"belief={'situation': 'I am at an ominous gate, and my plan is to experiment w | rule=I hypothesize that interacting with the gate or finding a way to open  | EXPERIMENT"
c125a0f9,probe_tw,0,11,look,0.0,0,1,False,belief={'situation': 'I am in a shower with an open gate to the east and an u | rule=I hypothesize that interacting with the gate or finding a way to open  | EXPERIMENT
c125a0f9,probe_tw,0,12,close gate,0.0,0,1,False,belief={'situation': 'I am in a shower with an open gate to the east and an u | rule=I hypothesize that interacting with the gate or finding a way to open  | EXPERIMENT
c125a0f9,probe_tw,0,13,inventory,0.0,0,1,False,belief={'situation': 'I am in a shower with a closed gate to the east and an  | rule=I hypothesize that interacting with the gate or finding a way to open  | EXPERIMENT
c125a0f9,probe_tw,0,14,look,0.0,0,1,False,belief={'situation': 'I am in a shower with a closed gate to the east and an  | rule=I hypothesize that interacting with the gate or finding a way to open  | EXPERIMENT
c125a0f9,probe_tw,0,15,go south,0.0,0,1,False,belief={'situation': 'I am in a shower with a closed gate to the east and an  | rule=I hypothesize that interacting with the gate or finding a way to open  | EXPERIMENT
c125a0f9,probe_tw,0,16,examine Canadian limited edition safe,0.0,0,1,False,belief=I am in a laundromat with a closed Canadian limited edition safe and a | rule=I hypothesize that interacting with the safe or finding a way to open  | EXPERIMENT
c125a0f9,probe_tw,0,17,open Canadian limited edition safe,0.0,0,1,False,belief=I am in a laundromat with a closed Canadian limited edition safe and a | rule=I now hypothesize that the score rises when I successfully interact wi | EXPERIMENT
c125a0f9,probe_tw,0,18,look,0.0,0,1,False,"belief=I am in a laundromat with an open Canadian limited edition safe, a Can | rule=I now hypothesize that the score rises when I take or remove objects f | EXPERIMENT"
c125a0f9,probe_tw,0,19,go north,0.0,0,1,False,"belief=I am in a laundromat with an open Canadian limited edition safe, a Can | rule=I now hypothesize that the score rises when I move to a new location o | EXPERIMENT"
c125a0f9,probe_tw,0,20,open gate,0.0,0,1,False,"belief=I am in a shower with a closed gate to the east and an unguarded exit  | rule=I now hypothesize that the score rises when I interact with objects, s | EXPERIMENT"
c125a0f9,probe_tw,0,21,examine gate,0.0,0,1,False,belief=I am in a shower with an open gate to the east and an unguarded exit t | rule=I now hypothesize that the score rises when I examine objects in detai | EXPERIMENT
c125a0f9,probe_tw,0,22,inventory,0.0,0,1,False,belief=I am at an ominous gate and my next step is to test if interacting wit | rule=I now hypothesize that the score rises when I check or manage my inven | EXPERIMENT
c125a0f9,probe_tw,0,23,go east,0.0,0,1,False,belief=I am at a shower location with no inventory and my next step is to exp | rule=I now hypothesize that the score rises when I move to a new location o | EXPERIMENT
c125a0f9,probe_tw,0,24,examine pair of headphones,0.0,0,1,False,belief=I am in a cellar with a pair of headphones on the floor and my next st | rule=I now hypothesize that the score rises when I interact with specific o | EXPERIMENT
c125a0f9,probe_tw,0,25,take pair of headphones,0.0,0,1,False,"belief=I am in a cellar with a pair of headphones on the floor and my next st | rule=I now hypothesize that the score rises when I take a specific object,  | EXPERIMENT"
c125a0f9,probe_tw,0,26,drop pair of headphones,0.0,0,1,False,"belief=I am in a cellar with a pair of headphones and my next step is to test | rule=I now hypothesize that the score rises when I drop a specific object,  | EXPERIMENT"
c125a0f9,probe_tw,0,27,close gate,1.0,1,1,True,"belief=I am in a cellar with a dropped pair of headphones, and my next step i | rule=I now hypothesize that the score rises when a specific action is taken | EXPERIMENT"
c125a0f9,probe_tw,1,0,unlock cuboid gate with cuboid keycard,0.0,0,1,False,"belief={'situation': 'I am in a room with a cuboid gate and a cabinet, and I  | rule=unknown; I do not yet know what earns score, so I must discover it by  | EXPERIMENT"
c125a0f9,probe_tw,1,1,examine cabinet,0.0,0,1,False,"belief={'situation': 'I am in a room with a cuboid gate and a cabinet, and I  | rule=unknown; I do not yet know what earns score, so I must discover it by  | EXPERIMENT"
c125a0f9,probe_tw,1,2,open cabinet,0.0,0,1,False,"belief={'situation': 'I am in a room with a closed cabinet and a cuboid gate, | rule=unknown; I do not yet know what earns score, so I must discover it by  | EXPERIMENT"
c125a0f9,probe_tw,1,3,insert stapler into cabinet,0.0,0,1,False,"belief={'situation': 'I am in a room with an open cabinet and a cuboid gate,  | rule=unknown; I do not yet know what earns score, so I must discover it by  | EXPERIMENT"
c125a0f9,probe_tw,1,4,insert cuboid keycard into cabinet,0.0,0,1,False,"belief={'situation': 'I am in a room with an open cabinet and a cuboid gate,  | rule=unknown; I do not yet know what earns score, so I must discover it by  | EXPERIMENT"
c125a0f9,probe_tw,1,5,take stapler from cabinet,0.0,0,1,False,"belief={'situation': 'I am in a room with an open cabinet and a cuboid gate,  | rule=unknown; I do not yet know what earns score, so I must discover it by  | EXPERIMENT"
c125a0f9,probe_tw,1,6,examine stapler,0.0,0,1,False,"belief={'situation': 'I am in a room with an open cabinet and a cuboid gate,  | rule=unknown; I do not yet know what earns score, so I must discover it by  | EXPERIMENT"
c125a0f9,probe_tw,1,7,open cuboid gate,0.0,0,1,False,"belief={'situation': 'I am in a room with an open cabinet and a cuboid gate,  | rule=unknown; I do not yet know what earns score, so I must discover it by  | EXPERIMENT"
c125a0f9,probe_tw,1,8,go north,0.0,0,1,False,"belief={'situation': 'I am in a room with an open cabinet and a cuboid gate,  | rule=unknown; I do not yet know what earns score, so I must discover it by  | EXPERIMENT"
c125a0f9,probe_tw,1,9,go west,0.0,0,1,False,"belief={'situation': 'I am in a room with an open cuboid gate and a stapler i | rule=unknown; I do not yet know what earns score, so I must discover it by  | EXPERIMENT"
c125a0f9,probe_tw,1,10,go east,0.0,0,1,False,"belief={'situation': 'I am in a spare room with a stapler in my inventory and | rule=unknown; I do not yet know what earns score, so I must discover it by  | EXPERIMENT"
c125a0f9,probe_tw,1,11,go south,0.0,0,1,False,"belief={'situation': 'I am in a studio with a stapler in my inventory and an  | rule=unknown; I do not yet know what earns score, so I must discover it by  | EXPERIMENT"
c125a0f9,probe_tw,1,12,take cuboid keycard from cabinet,0.0,0,1,False,"belief={'situation': 'I am in the cookhouse with a stapler in my inventory an | rule=unknown; I do not yet know what earns score, so I must discover it by  | EXPERIMENT"
c125a0f9,probe_tw,1,13,examine cuboid keycard,0.0,0,1,False,"belief={'situation': 'I am in the cookhouse with a stapler and a cuboid keyca | rule=unknown; I do not yet know what earns score, so I must discover it by  | EXPERIMENT"
c125a0f9,probe_tw,1,14,insert cuboid keycard into cabinet,0.0,0,1,False,"belief={'situation': 'I am in the cookhouse with a stapler and a cuboid keyca | rule=unknown; I do not yet know what earns score, so I must discover it by  | EXPERIMENT"
c125a0f9,probe_tw,1,15,insert stapler into cabinet,0.0,0,1,False,"belief={'situation': 'I am in the cookhouse with a stapler and a cuboid keyca | rule=unknown; I do not yet know what earns score, so I must discover it by  | EXPERIMENT"
c125a0f9,probe_tw,1,16,examine cabinet,0.0,0,1,False,"belief={'situation': 'I am in the cookhouse with a stapler in the cabinet and | rule=unknown; I do not yet know what earns score, so I must discover it by  | EXPERIMENT"
c125a0f9,probe_tw,1,17,go north,0.0,0,1,False,"belief={'situation': 'I am in the cookhouse with a stapler and a cuboid keyca | rule=unknown; I do not yet know what earns score, so I must discover it by  | EXPERIMENT"
c125a0f9,probe_tw,1,18,examine cuboid gate,0.0,0,1,False,"belief={'situation': 'I am in the studio with no items in inventory and an op | rule=unknown; I do not yet know what earns score, so I must discover it by  | EXPERIMENT"
c125a0f9,probe_tw,1,19,go south,0.0,0,1,False,"belief={'situation': 'I am in the studio with no items in inventory and an op | rule=unknown; I do not yet know what earns score, so I must discover it by  | EXPERIMENT"
c125a0f9,probe_tw,1,20,take cuboid keycard from cabinet,0.0,0,1,False,"belief={'situation': 'I am in the cookhouse with a cabinet containing a stapl | rule=unknown; I do not yet know what earns score, so I must discover it by  | EXPERIMENT"
c125a0f9,probe_tw,1,21,insert cuboid keycard into cabinet,0.0,0,1,False,"belief={'situation': 'I am in the cookhouse with a cabinet containing a stapl | rule=unknown; I do not yet know what earns score, so I must discover it by  | EXPERIMENT"
c125a0f9,probe_tw,1,22,take stapler from cabinet,0.0,0,1,False,"belief={'situation': 'I am in the cookhouse with a cabinet containing a stapl | rule=unknown; I do not yet know what earns score, so I must discover it by  | EXPERIMENT"
c125a0f9,probe_tw,1,23,examine stapler,0.0,0,1,False,"belief={'situation': 'I am in the cookhouse with a cabinet and I have a stapl | rule=unknown; I do not yet know what earns score, so I must discover it by  | EXPERIMENT"
c125a0f9,probe_tw,1,24,insert stapler into cabinet,0.0,0,1,False,"belief={'situation': 'I am in the cookhouse with a cabinet and I have a stapl | rule=unknown; I do not yet know what earns score, so I must discover it by  | EXPERIMENT"
c125a0f9,probe_tw,1,25,go north,0.0,0,1,False,"belief={'situation': 'I am in the cookhouse with a cabinet and I have inserte | rule=unknown; I do not yet know what earns score, so I must discover it by  | EXPERIMENT"
c125a0f9,probe_tw,1,26,close cuboid gate,1.0,1,1,True,"belief={'situation': ""I am in the studio with an open cuboid gate and an ungu | rule=unknown; I do not yet know what earns score, so I must discover it by  | EXPERIMENT"
c125a0f9,probe_tw,2,0,look,0.0,0,1,False,"belief=I am in a room with various objects and a portal, my next step is to e | rule=I hypothesize that examining objects or using the latchkey to unlock s | EXPERIMENT"
c125a0f9,probe_tw,2,1,examine safe,0.0,0,1,False,"belief=I am in a room with various objects and a portal, my next step is to e | rule=I hypothesize that examining objects, especially the safe, or using th"
c125a0f9,probe_tw,2,2,examine bed stand,0.0,0,1,False,"belief=I am in a room with various objects and a portal, my next step is to e | rule=I hypothesize that examining objects, especially the safe or bed stand"
c125a0f9,probe_tw,2,3,examine latchkey,0.0,0,1,False,"belief=I am in a bedchamber with a potentially unstable bed stand, my next st | rule=I hypothesize that examining or using specific objects like the latchk"
c125a0f9,probe_tw,2,4,examine portal,0.0,0,1,False,"belief=I am in a bedchamber with a potentially unstable bed stand, my next st | rule=I hypothesize that examining or using specific objects like the latchk"
c125a0f9,probe_tw,2,5,open portal,0.0,0,1,False,"belief=I am in a bedchamber with a potentially important portal, my next step | rule=I hypothesize that interacting with the portal, specifically opening i"
c125a0f9,probe_tw,2,6,examine portal,0.0,0,1,False,"belief=I am in a bedchamber with an open portal, my next step is to examine t | rule=I hypothesize that interacting with the portal, specifically examining"
c125a0f9,probe_tw,2,7,put latchkey on bed stand,0.0,0,1,False,"belief=I am in a bedchamber with an open portal, my next step is to test the  | rule=I hypothesize that using the latchkey on a specific object, such as th | EXPERIMENT"
c125a0f9,probe_tw,2,8,go south,0.0,0,1,False,"belief=I am in a bedchamber with an open portal, my next step is to test the  | rule=I hypothesize that moving to a specific location, such as south, might | EXPERIMENT"
c125a0f9,probe_tw,2,9,examine staple,0.0,0,1,False,"belief=I am in a workshop with an exit to the north, my next step is to test  | rule=I hypothesize that examining a specific object, such as the staple, mi | EXPERIMENT"
c125a0f9,probe_tw,2,10,drop staple,0.0,0,1,False,"belief=I am in a workshop with an exit to the north, my next step is to test  | rule=I hypothesize that dropping a specific object, such as the staple, mig | EXPERIMENT"
c125a0f9,probe_tw,2,11,take staple,0.0,0,1,False,"belief=I am in a workshop with an exit to the north, my next step is to test  | rule=I hypothesize that taking a specific object, such as the staple, might | EXPERIMENT"
c125a0f9,probe_tw,2,12,go north,0.0,0,1,False,"belief=I am in a workshop with an exit to the north, my next step is to test  | rule=I hypothesize that moving to a specific location with a specific objec | EXPERIMENT"
c125a0f9,probe_tw,2,13,take latchkey from bed stand,0.0,0,1,False,"belief=I am in a bedchamber with a safe, a bed stand, and a latchkey, my next | rule=I hypothesize that taking a specific object, such as the latchkey, and | EXPERIMENT"
c125a0f9,probe_tw,2,14,unlock safe with latchkey,0.0,0,1,False,"belief=I am in a bedchamber with a safe, a bed stand, a latchkey, and a stapl | rule=I now hypothesize that using the latchkey to unlock the safe might ear | EXPERIMENT"
c125a0f9,probe_tw,2,15,examine bed stand,0.0,0,1,False,"belief=I am in a bedchamber with a safe, a bed stand, a latchkey, and a stapl | rule=I now hypothesize that examining objects or locations in the room migh | EXPERIMENT"
c125a0f9,probe_tw,2,16,put staple on bed stand,0.0,0,1,False,"belief=I am in a bedchamber with a safe, a bed stand, a latchkey, and a stapl | rule=I now hypothesize that combining or placing objects in specific locati | EXPERIMENT"
c125a0f9,probe_tw,2,17,go south,0.0,0,1,False,"belief=I am in a bedchamber with a safe, a bed stand, a latchkey, and a stapl | rule=I now hypothesize that moving to a new location or exploring different | EXPERIMENT"
c125a0f9,probe_tw,2,18,examine latchkey,0.0,0,1,False,"belief=I am in a workshop with a latchkey, my next step is to examine the lat | rule=I now hypothesize that examining objects in detail might earn score, I | EXPERIMENT"
c125a0f9,probe_tw,2,19,drop latchkey,0.0,0,1,False,"belief=I am in a workshop with a latchkey, my next step is to test the hypoth | rule=I now hypothesize that using an object in a specific context or locati | EXPERIMENT"
c125a0f9,probe_tw,2,20,take latchkey,0.0,0,1,False,"belief=I am in a workshop with a dropped latchkey, my next step is to test th | rule=I now hypothesize that taking a specific object earns score, I have ru | EXPERIMENT"
c125a0f9,probe_tw,2,21,go north,0.0,0,1,False,"belief=I am in a workshop with a latchkey, my next step is to test the new hy | rule=I now hypothesize that moving to a specific location with a specific o | EXPERIMENT"
c125a0f9,probe_tw,2,22,open safe,0.0,0,1,False,"belief=I am in a bedchamber with a latchkey, my next step is to test the new  | rule=I now hypothesize that interacting with the safe, possibly with the la | EXPERIMENT"
c125a0f9,probe_tw,2,23,take textbook from safe,0.0,0,1,False,"belief=I am in a bedchamber with a latchkey and a newly opened safe containin | rule=I now hypothesize that taking a specific object from the safe, possibl | EXPERIMENT"
c125a0f9,probe_tw,2,24,put textbook on bed stand,1.0,1,1,True,"belief=I am in a bedchamber with a latchkey and a textbook, my next step is t | rule=I now hypothesize that placing a specific object, possibly the textboo | EXPERIMENT"
c125a0f9,probe_tw,3,0,unlock box with keycard,0.0,0,1,False,"belief=I am in a room with various objects and need to find a way to increase | rule=I hypothesize that using the keycard to unlock the box may earn score, | EXPERIMENT"
c125a0f9,probe_tw,3,1,examine box,0.0,0,1,False,"belief=I am in a bedroom with a box I've unlocked, and my next step is to exa | rule=I still hypothesize that interacting with objects in specific ways may"
c125a0f9,probe_tw,3,2,examine insect,0.0,0,1,False,"belief=I am in a bedroom with a box and I need to find a way to increase my s | rule=I hypothesize that interacting with objects in specific ways, possibly"
c125a0f9,probe_tw,3,3,examine bench,0.0,0,1,False,"belief=I am in a bedroom with various objects and I need to find a way to inc | rule=I hypothesize that interacting with objects in specific ways, possibly"
c125a0f9,probe_tw,3,4,put insect on bench,0.0,0,1,False,"belief=I am in a bedroom with various objects and I need to find a way to inc | rule=I hypothesize that interacting with objects in specific ways, possibly"
c125a0f9,probe_tw,3,5,examine bookshelf,0.0,0,1,False,"belief=I am in a bedroom with various objects and I need to find a way to inc | rule=I hypothesize that interacting with objects in specific ways, possibly"
c125a0f9,probe_tw,3,6,open box,0.0,0,1,False,"belief=I am in a bedroom with various objects and I need to find a way to inc | rule=I hypothesize that interacting with objects in specific ways, possibly"
c125a0f9,probe_tw,3,7,take nest of bats from box,0.0,0,1,False,"belief=I am in a bedroom with various objects and I need to find a way to inc | rule=I hypothesize that taking or manipulating specific objects, such as th | EXPERIMENT"
c125a0f9,probe_tw,3,8,put nest of bats on bench,1.0,1,1,True,belief=I am in a bedroom with various objects and I need to find a way to inc | rule=I hypothesize that delivering or placing specific objects in certain l | EXPERIMENT
c125a0f9,probe_tw,4,0,drop controller,0.0,0,1,False,"belief={'situation': 'I am in an unknown location with a legume and a control | rule=unknown; I do not yet know what earns score, so I must discover it by  | EXPERIMENT"
c125a0f9,probe_tw,4,1,eat legume,0.0,0,1,False,"belief={'situation': 'I am in the pantry with a legume and a controller on th | rule=unknown; I do not yet know what earns score, so I must discover it by  | EXPERIMENT"
c125a0f9,probe_tw,4,2,take controller,0.0,0,1,False,"belief={'situation': 'I am in the pantry with a controller on the ground, and | rule=unknown; I do not yet know what earns score, so I must discover it by  | EXPERIMENT"
c125a0f9,probe_tw,4,3,examine controller,0.0,0,1,False,"belief={'situation': 'I am in the pantry with a controller, and my plan is to | rule=unknown; I do not yet know what earns score, so I must discover it by  | EXPERIMENT"
c125a0f9,probe_tw,4,4,go north,0.0,0,1,False,"belief={'situation': 'I am in the pantry with a controller, and my plan is to | rule=unknown; I do not yet know what earns score, so I must discover it by  | EXPERIMENT"
c125a0f9,probe_tw,4,5,go east,0.0,0,1,False,"belief={'situation': 'I am in the shower with a controller, and my plan is to | rule=unknown; I do not yet know what earns score, so I must discover it by  | EXPERIMENT"
c125a0f9,probe_tw,4,6,examine napkin,0.0,0,1,False,"belief={'situation': 'I am in the cookery with a controller, and my plan is t | rule=unknown; I do not yet know what earns score, so I must discover it by  | EXPERIMENT"
c125a0f9,probe_tw,4,7,put controller on board,0.0,0,1,False,"belief={'situation': 'I am in the cookery with a controller and a napkin that | rule=unknown; I do not yet know what earns score, so I must discover it by  | EXPERIMENT"
c125a0f9,probe_tw,4,8,examine board,0.0,0,1,False,"belief={'situation': 'I am in the cookery with a controller on the board and  | rule=unknown; I do not yet know what earns score, so I must discover it by  | EXPERIMENT"
c125a0f9,probe_tw,4,9,take controller from board,0.0,0,1,False,"belief={'situation': 'I am in the cookery with a controller on the board and  | rule=unknown; I do not yet know what earns score, so I must discover it by  | EXPERIMENT"
c125a0f9,probe_tw,4,10,examine controller,0.0,0,1,False,"belief={'situation': 'I am in the cookery with a controller, and my plan is t | rule=unknown; I do not yet know what earns score, so I must discover it by  | EXPERIMENT"
c125a0f9,probe_tw,4,11,put controller on saucepan,0.0,0,1,False,"belief={'situation': 'I am in the cookery with a controller, and my plan is t | rule=unknown; I do not yet know what earns score, so I must discover it by  | EXPERIMENT"
c125a0f9,probe_tw,4,12,go south,0.0,0,1,False,"belief={'situation': 'I am in the cookery with a controller on the saucepan,  | rule=unknown; I do not yet know what earns score, so I must discover it by  | EXPERIMENT"
c125a0f9,probe_tw,4,13,examine dresser,0.0,0,1,False,"belief={'situation': 'I am in the parlor with a locked dresser and an exit to | rule=unknown; I do not yet know what earns score, so I must discover it by  | EXPERIMENT"
c125a0f9,probe_tw,4,14,go north,0.0,0,1,False,"belief={'situation': 'I am in the parlor with a locked dresser and an exit to | rule=unknown; I do not yet know what earns score, so I must discover it by  | EXPERIMENT"
c125a0f9,probe_tw,4,15,take napkin from board,0.0,0,1,False,"belief={'situation': 'I am in the cookery with various objects and exits, and | rule=unknown; I do not yet know what earns score, so I must discover it by  | EXPERIMENT"
c125a0f9,probe_tw,4,16,examine napkin,0.0,0,1,False,"belief={'situation': 'I am in the cookery with various objects and exits, and | rule=unknown; I do not yet know what earns score, so I must discover it by  | EXPERIMENT"
c125a0f9,probe_tw,4,17,put napkin on board,0.0,0,1,False,"belief={'situation': 'I am in the cookery with various objects and exits, and | rule=unknown; I do not yet know what earns score, so I must discover it by  | EXPERIMENT"
c125a0f9,probe_tw,4,18,examine saucepan,0.0,0,1,False,"belief={'situation': 'I am in the cookery with various objects and exits, and | rule=unknown; I do not yet know what earns score, so I must discover it by  | EXPERIMENT"
c125a0f9,probe_tw,4,19,take controller from saucepan,0.0,0,1,False,"belief={'situation': 'I am in the cookery with various objects and exits, and | rule=unknown; I do not yet know what earns score, so I must discover it by  | EXPERIMENT"
c125a0f9,probe_tw,4,20,examine board,0.0,0,1,False,"belief={'situation': 'I am in the cookery with various objects and exits, and | rule=unknown; I do not yet know what earns score, so I must discover it by  | EXPERIMENT"
c125a0f9,probe_tw,4,21,put controller on board,0.0,0,1,False,"belief={'situation': 'I am in the cookery with various objects and exits, and | rule=unknown; I do not yet know what earns score, so I must discover it by  | EXPERIMENT"
c125a0f9,probe_tw,4,22,take controller from board,0.0,0,1,False,"belief={'situation': 'I am in the cookery with various objects and exits, and | rule=unknown; I do not yet know what earns score, so I must discover it by  | EXPERIMENT"
c125a0f9,probe_tw,4,23,examine portal,0.0,0,1,False,"belief={'situation': 'I am in the cookery with various objects and exits, and | rule=unknown; I do not yet know what earns score, so I must discover it by  | EXPERIMENT"
c125a0f9,probe_tw,4,24,drop controller,0.0,0,1,False,"belief={'situation': 'I am in the cookery with various objects and exits, and | rule=I hypothesize that releasing or putting down objects in specific locat | EXPERIMENT"
c125a0f9,probe_tw,4,25,go south,0.0,0,1,False,"belief={'situation': 'I am in the cookery with various objects and exits, and | rule=I hypothesize that moving to specific locations or exploring new areas | EXPERIMENT"
c125a0f9,probe_tw,4,26,go north,0.0,0,1,False,"belief={'situation': 'I am in the parlor with a locked dresser and an exit to | rule=I hypothesize that interacting with the locked dresser, possibly unloc | EXPERIMENT"
c125a0f9,probe_tw,4,27,take controller,0.0,0,1,False,"belief={'situation': 'I am in the cookery with various objects and exits, and | rule=I hypothesize that taking a specific object, such as the controller or | EXPERIMENT"
c125a0f9,probe_tw,4,28,put controller on saucepan,0.0,0,1,False,"belief={'situation': 'I am in the cookery with various objects and exits, and | rule=I hypothesize that combining a specific object, such as the controller | EXPERIMENT"
c125a0f9,probe_tw,4,29,take controller from saucepan,0.0,0,1,False,"belief={'situation': 'I am in the cookery with various objects and exits, and | rule=I hypothesize that taking a specific object from its current location, | EXPERIMENT"
c125a0f9,probe_tw,5,0,unlock gate with passkey,0.0,0,1,False,"belief={'situation': 'I am at a gate with a passkey and a cloak, and my next  | rule=unknown; I do not yet know what earns score, so I must discover it by  | EXPERIMENT"
c125a0f9,probe_tw,5,1,look,0.0,0,1,False,"belief={'situation': 'I am at an unlocked gate with a passkey and a cloak, an | rule=unknown; I do not yet know what earns score, so I must discover it by  | EXPERIMENT"
c125a0f9,probe_tw,5,2,examine cloak,0.0,0,1,False,"belief={'situation': 'I am in the kitchenette with a passkey and a cloak, and | rule=unknown; I do not yet know what earns score, so I must discover it by  | EXPERIMENT"
c125a0f9,probe_tw,5,3,drop cloak,0.0,0,1,False,"belief={'situation': 'I am in the kitchenette with a passkey and a cloak, and | rule=unknown; I do not yet know what earns score, so I must discover it by  | EXPERIMENT"
c125a0f9,probe_tw,5,4,take cloak,0.0,0,1,False,"belief={'situation': 'I am in the kitchenette with a passkey and a dropped cl | rule=unknown; I do not yet know what earns score, so I must discover it by  | EXPERIMENT"
c125a0f9,probe_tw,5,5,go south,0.0,0,1,False,"belief={'situation': 'I am in the kitchenette with a passkey and a cloak, and | rule=unknown; I do not yet know what earns score, so I must discover it by  | EXPERIMENT"
c125a0f9,probe_tw,5,6,examine passkey,0.0,0,1,False,"belief={'situation': 'I am in the cookhouse with a passkey and a cloak, and m | rule=unknown; I do not yet know what earns score, so I must discover it by  | EXPERIMENT"
c125a0f9,probe_tw,5,7,go north,0.0,0,1,False,"belief={'situation': 'I am in the cookhouse with a passkey and a cloak, and m | rule=unknown; I do not yet know what earns score, so I must discover it by  | EXPERIMENT"
c125a0f9,probe_tw,5,8,go south,0.0,0,1,False,"belief=I am in the kitchenette with a passkey and a cloak, and my next step i | rule=I think moving to a new location will raise my score, and I have ruled | EXPERIMENT"
c125a0f9,probe_tw,5,9,drop passkey,0.0,0,1,False,"belief=I am in the cookhouse with a passkey and a cloak, and my next step is  | rule=I think using the passkey to unlock something will raise my score, and | EXPERIMENT"
c125a0f9,probe_tw,5,10,examine cloak,0.0,0,1,False,"belief=I am in the cookhouse with a dropped passkey and a cloak, and my next  | rule=I think examining or manipulating the cloak will raise my score, and I | EXPERIMENT"
c125a0f9,probe_tw,5,11,go north,0.0,0,1,False,"belief=I am in the cookhouse with a cloak, and my next step is to test the hy | rule=I think moving to a different location will raise my score, and I have | EXPERIMENT"
c125a0f9,probe_tw,5,12,examine gate,0.0,0,1,False,"belief=I am in the kitchenette with a cloak, and my next step is to test the  | rule=I think interacting with the gate or objects in the environment will r | EXPERIMENT"
c125a0f9,probe_tw,5,13,open gate,0.0,0,1,False,"belief=I am in the kitchenette with a cloak, and my next step is to test the  | rule=I think interacting with the gate in a more direct way, such as openin | EXPERIMENT"
c125a0f9,probe_tw,5,14,go east,0.0,0,1,False,"belief=I am in the kitchenette with a cloak, and my next step is to test the  | rule=I think moving to a new location, such as going east, will raise my sc | EXPERIMENT"
c125a0f9,probe_tw,5,15,examine stick of butter,0.0,0,1,False,"belief=I am in the study with a cloak, and my next step is to test the hypoth | rule=I think interacting with objects in the room, such as taking or examin | EXPERIMENT"
c125a0f9,probe_tw,5,16,put cloak on desk,0.0,0,1,False,"belief=I am in the study with a cloak, and my next step is to test the hypoth | rule=I think putting an object on another object, such as the desk or coffe | EXPERIMENT"
c125a0f9,probe_tw,5,17,take cloak from desk,0.0,0,1,False,"belief=I am in the study with a cloak on the desk, and my next step is to tes | rule=I think taking a specific object, such as the cloak, will raise my sco | EXPERIMENT"
c125a0f9,probe_tw,5,18,take stick of butter,0.0,0,1,False,"belief=I think taking a specific object, such as the cloak, will raise my sco | rule=I have ruled out the idea that putting an object on another object, mo | EXPERIMENT"
c125a0f9,probe_tw,5,19,eat stick of butter,0.0,0,1,False,"belief=I am in a location with a stick of butter and a cloak, and my next ste | rule=I have ruled out taking a specific object, putting an object on anothe | EXPERIMENT"
c125a0f9,probe_tw,5,20,open coffer,0.0,0,1,False,"belief=I am in a location with a cloak and a coffer, and my next step is to t | rule=I have ruled out eating objects, taking/examining objects other than t | EXPERIMENT"
c125a0f9,probe_tw,5,21,insert cloak into coffer,0.0,0,1,False,"belief=I am in a location with a cloak and an open coffer, and my next step i | rule=I have ruled out eating objects, taking/examining objects other than t | EXPERIMENT"
c125a0f9,probe_tw,5,22,take cloak from coffer,0.0,0,1,False,"belief=I am in a location with a cloak in the coffer, and my next step is to  | rule=I have ruled out inserting the cloak into the coffer, eating objects,  | EXPERIMENT"
c125a0f9,probe_tw,5,23,drop cloak,0.0,0,1,False,"belief=I am in a location with a cloak, and my next step is to test a new hyp | rule=I have ruled out inserting the cloak into the coffer, eating objects,  | EXPERIMENT"
c125a0f9,probe_tw,5,24,examine cloak,0.0,0,1,False,"belief=I am in a location with a cloak, and I need to test a new hypothesis t | rule=I have ruled out inserting the cloak into the coffer, eating objects,  | EXPERIMENT"
c125a0f9,probe_tw,5,25,examine desk,0.0,0,1,False,"belief=I am in a study with a cloak, and my next step is to examine the desk  | rule=I have ruled out using or manipulating the cloak in various ways, and  | EXPERIMENT"
c125a0f9,probe_tw,5,26,go south,0.0,0,1,False,belief=I am in a study and my next step is to explore the surroundings by goi | rule=I hypothesize that moving to a new location or exploring the surroundi | EXPERIMENT
c125a0f9,probe_tw,5,27,examine fly larva,0.0,0,1,False,"belief=I am in a chamber and my next step is to investigate the fly larva, as | rule=I hypothesize that interacting with the fly larva, such as examining o | EXPERIMENT"
c125a0f9,probe_tw,5,28,take fly larva,0.0,0,1,False,belief=I am in a chamber and my next step is to test the hypothesis that taki | rule=I now hypothesize that the score is related to taking specific objects | EXPERIMENT
c125a0f9,probe_tw,5,29,go north,0.0,0,1,False,belief=I need to test the hypothesis that taking specific objects and moving  | rule=I have revised my theory that the score is related to taking specific  | EXPERIMENT
c125a0f9,probe_tw,6,0,examine gate,0.0,0,1,False,"belief=I am at a location with a gate and a workbench, and my next step is to | rule=I hypothesize that the score rises when I interact with the gate in a  | EXPERIMENT"
c125a0f9,probe_tw,6,1,unlock gate with latchkey,0.0,0,1,False,belief=I am at a location with a gate and I need to find a way to interact wi | rule=I hypothesize that the score rises when I successfully unlock or inter
c125a0f9,probe_tw,6,2,open gate,0.0,0,1,False,belief=I am at a location with a gate and I need to find a way to interact wi | rule=I hypothesize that the score rises when I successfully interact with t
c125a0f9,probe_tw,6,3,go east,0.0,0,1,False,"belief=I am in a basement with a gate that I have already opened, my next ste | rule=I still hypothesize that the score rises when I successfully interact "
c125a0f9,probe_tw,6,4,go south,0.0,0,1,False,belief=I am in a sauna with an open gate to the west and an exit to the south | rule=I hypothesize that the score rises when I successfully interact with t
c125a0f9,probe_tw,6,5,go north,0.0,0,1,False,belief=I am in a cookhouse with an empty shelf and an unguarded entranceway t | rule=I hypothesize that the score rises when I successfully interact with t
c125a0f9,probe_tw,6,6,go west,0.0,0,1,False,"belief=I am in a sauna with a soap dispenser and an open gate to the west, my | rule=I hypothesize that the score rises when I successfully interact with t"
c125a0f9,probe_tw,6,7,put knife on workbench,0.0,0,1,False,"belief=I am in a basement with a workbench and an open gate to the east, my n | rule=I hypothesize that the score rises when I place a specific object on t | EXPERIMENT"
c125a0f9,probe_tw,6,8,take knife from workbench,0.0,0,1,False,"belief=I am in a basement with a workbench and an open gate to the east, my n | rule=I hypothesize that the score rises when a specific object is removed f | EXPERIMENT"
c125a0f9,probe_tw,6,9,examine gate,0.0,0,1,False,"belief=I am in a basement with a workbench and an open gate to the east, my n | rule=I hypothesize that the score rises when a specific location is examine | EXPERIMENT"
c125a0f9,probe_tw,6,10,examine gate,0.0,0,1,False,"belief=I am in a basement with a workbench and an open gate to the east, my n | rule=I hypothesize that the score rises when a specific object is used in a | EXPERIMENT"
c125a0f9,probe_tw,6,11,close gate,0.0,0,1,False,"belief=I am in a basement with a workbench and an open gate to the east, my n | rule=I hypothesize that the score rises when the gate is interacted with in | EXPERIMENT"
c125a0f9,probe_tw,6,12,lock gate with latchkey,0.0,0,1,False,"belief=I am in a basement with a closed gate, my next step is to try locking  | rule=I hypothesize that the score rises when the latchkey is used to lock t | EXPERIMENT"
c125a0f9,probe_tw,6,13,drop knife,0.0,0,1,False,"belief=I am in a basement with a closed and locked gate, my next step is to t | rule=I hypothesize that the score rises when an object is dropped, and I ha | EXPERIMENT"
c125a0f9,probe_tw,6,14,put latchkey on workbench,0.0,0,1,False,"belief=I am in a basement with a closed and locked gate, my next step is to t | rule=I hypothesize that the score rises when a specific object is put on th | EXPERIMENT"
c125a0f9,probe_tw,6,15,put spoon on workbench,0.0,0,1,False,"belief=I am in a basement with a closed and locked gate, my next step is to t | rule=I hypothesize that the score rises when a specific combination of obje | EXPERIMENT"
c125a0f9,probe_tw,6,16,take knife,0.0,0,1,False,"belief=I am in a basement with a closed and locked gate, my next step is to t | rule=I hypothesize that the score rises when a specific object is taken fro | EXPERIMENT"
c125a0f9,probe_tw,6,17,examine knife,0.0,0,1,False,"belief=I am in a basement with a closed and locked gate, my next step is to e | rule=I hypothesize that the score rises when a specific object is examined  | EXPERIMENT"
c125a0f9,probe_tw,6,18,go south,0.0,0,1,False,"belief=I am in a basement with a closed and locked gate, my next step is to e | rule=I hypothesize that the score rises when a specific location is reached | EXPERIMENT"
c125a0f9,probe_tw,6,19,go north,0.0,0,1,False,"belief=I am in a lounge with an unguarded exit to the north, my next step is  | rule=I hypothesize that the score rises when a specific location is reached | EXPERIMENT"
c125a0f9,probe_tw,6,20,take latchkey from workbench,0.0,0,1,False,"belief=I am in a basement with a workbench, a closed gate, and an unblocked e | rule=I hypothesize that the score rises when a specific object is used or c | EXPERIMENT"
c125a0f9,probe_tw,6,21,examine gate,0.0,0,1,False,"belief=I am in a basement with a workbench, a closed gate, and an unblocked e | rule=I hypothesize that the score rises when a specific object is used or c | EXPERIMENT"
c125a0f9,probe_tw,6,22,put knife on workbench,0.0,0,1,False,"belief=I am in a basement with a workbench, a closed gate, and an unblocked e | rule=I now hypothesize that the score rises when an object is placed or com | EXPERIMENT"
c125a0f9,probe_tw,6,23,unlock gate with latchkey,0.0,0,1,False,"belief=I am in a basement with a workbench, a closed gate, and an unblocked e | rule=I now hypothesize that the score rises when the latchkey is used to un | EXPERIMENT"
c125a0f9,probe_tw,6,24,put latchkey on workbench,0.0,0,1,False,"belief=I am in a basement with a workbench, an unlocked gate, and an unblocke | rule=I now hypothesize that the score rises when a specific object, such as | EXPERIMENT"
c125a0f9,probe_tw,6,25,take knife from workbench,0.0,0,1,False,"belief=I am in a basement with a workbench, an unlocked gate, and an unblocke | rule=I now hypothesize that the score rises when a specific object, such as | EXPERIMENT"
c125a0f9,probe_tw,6,26,take spoon from workbench,0.0,0,1,False,"belief=I am in a basement with a workbench, an unlocked gate, and an unblocke | rule=I now hypothesize that the score rises when the knife is used or combi | EXPERIMENT"
c125a0f9,probe_tw,6,27,go south,0.0,0,1,False,"belief=I am in a basement with a workbench, an unlocked gate, and an unblocke | rule=I now hypothesize that the score rises when an object is used or combi | EXPERIMENT"
c125a0f9,probe_tw,6,28,drop knife,0.0,0,1,False,belief=I am in a lounge with an unguarded exit to the north. My next step is  | rule=I now hypothesize that the score rises when an object is dropped in a  | EXPERIMENT
c125a0f9,probe_tw,6,29,examine spoon,0.0,0,1,False,belief=I am in a lounge with an unguarded exit to the north. My next step is  | rule=I now hypothesize that the score rises when a specific object is exami | EXPERIMENT
c125a0f9,probe_tw,7,0,examine chest,0.0,0,1,False,"belief={'situation': 'I am in a location with a chest and a gate, and I have  | rule=unknown; I do not yet know what earns score, so I must discover it by  | EXPERIMENT"
c125a0f9,probe_tw,7,1,go south,0.0,0,1,False,"belief={'situation': 'I am in a location with a chest and a gate, and my next | rule=unknown; I do not yet know what earns score, so I must discover it by  | EXPERIMENT"
c125a0f9,probe_tw,7,2,take licorice strip,0.0,0,1,False,"belief={'situation': 'I am in a washroom with various objects, and my next st | rule=unknown; I do not yet know what earns score, so I must discover it by  | EXPERIMENT"
c125a0f9,probe_tw,7,3,eat licorice strip,0.0,0,1,False,"belief={'situation': 'I am in a washroom with various objects, and my next st | rule=unknown; I do not yet know what earns score, so I must discover it by  | EXPERIMENT"
c125a0f9,probe_tw,7,4,examine bench,0.0,0,1,False,"belief={'situation': 'I am in a washroom with various objects, and my next st | rule=unknown; I do not yet know what earns score, so I must discover it by  | EXPERIMENT"
c125a0f9,probe_tw,7,5,take shirt from bench,0.0,0,1,False,"belief={'situation': 'I am in a washroom with a wobbly bench and a shirt on i | rule=unknown; I do not yet know what earns score, so I must discover it by  | EXPERIMENT"
c125a0f9,probe_tw,7,6,examine shirt,0.0,0,1,False,"belief={'situation': 'I am in a washroom with a wobbly bench and I have a shi | rule=unknown; I do not yet know what earns score, so I must discover it by  | EXPERIMENT"
c125a0f9,probe_tw,7,7,put shirt on bench,0.0,0,1,False,"belief={'situation': 'I am in a washroom with a wobbly bench and I have a shi | rule=unknown; I do not yet know what earns score, so I must discover it by  | EXPERIMENT"
c125a0f9,probe_tw,7,8,look,0.0,0,1,False,"belief={'situation': 'I am in a washroom with a wobbly bench and I have put a | rule=unknown; I do not yet know what earns score, so I must discover it by  | EXPERIMENT"
c125a0f9,probe_tw,7,9,go north,0.0,0,1,False,"belief={'situation': 'I am in a washroom with a bench and a shirt on it, and  | rule=unknown; I do not yet know what earns score, so I must discover it by  | EXPERIMENT"
c125a0f9,probe_tw,7,10,go west,0.0,0,1,False,"belief={'situation': 'I am in a dish-pit with an empty chest, an open gate to | rule=unknown; I do not yet know what earns score, so I must discover it by  | EXPERIMENT"
c125a0f9,probe_tw,7,11,go east,0.0,0,1,False,"belief={'situation': 'I am in a lounge with an open gate to the east and an u | rule=unknown; I do not yet know what earns score, so I must discover it by  | EXPERIMENT"
c125a0f9,probe_tw,7,12,examine chest,0.0,0,1,False,"belief={'situation': 'I am in a dish-pit with an empty chest, an open gate to | rule=unknown; I do not yet know what earns score, so I must discover it by  | EXPERIMENT"
c125a0f9,probe_tw,7,13,examine gate,0.0,0,1,False,"belief={'situation': 'I am in a dish-pit with an empty chest, an open gate to | rule=unknown; I do not yet know what earns score, so I must discover it by  | EXPERIMENT"
c125a0f9,probe_tw,7,14,close gate,0.0,0,1,False,"belief={'situation': 'I am in a dish-pit with an empty chest, an open gate to | rule=unknown; I do not yet know what earns score, so I must discover it by  | EXPERIMENT"
c125a0f9,probe_tw,7,15,look,0.0,0,1,False,"belief={'situation': 'I am in a dish-pit with an empty chest and a closed gat | rule=unknown; I do not yet know what earns score, so I must discover it by  | EXPERIMENT"
c125a0f9,probe_tw,7,16,open gate,0.0,0,1,False,"belief={'situation': 'I am in a dish-pit with an empty chest and a closed gat | rule=unknown; I do not yet know what earns score, so I must discover it by  | EXPERIMENT"
c125a0f9,probe_tw,7,17,go south,0.0,0,1,False,"belief={'situation': 'I am in a dish-pit with an empty chest and an open gate | rule=unknown; I do not yet know what earns score, so I must discover it by  | EXPERIMENT"
c125a0f9,probe_tw,7,18,examine shirt,0.0,0,1,False,"belief={'situation': 'I am in a washroom with a bench and a shirt on it. My n | rule=unknown; I do not yet know what earns score, so I must discover it by  | EXPERIMENT"
c125a0f9,probe_tw,7,19,take shirt from bench,0.0,0,1,False,"belief={'situation': 'I am in a washroom with a bench and a clean shirt on it | rule=unknown; I do not yet know what earns score, so I must discover it by  | EXPERIMENT"
c125a0f9,probe_tw,7,20,drop shirt,0.0,0,1,False,"belief={'situation': 'I am in a washroom with a bench and I have taken a shir | rule=unknown; I do not yet know what earns score, so I must discover it by  | EXPERIMENT"
c125a0f9,probe_tw,7,21,examine bench,0.0,0,1,False,"belief={'situation': 'I am in a washroom with a bench and I have dropped a sh | rule=unknown; I do not yet know what earns score, so I must discover it by  | EXPERIMENT"
c125a0f9,probe_tw,7,22,go north,0.0,0,1,False,"belief={'situation': 'I am in a washroom with a wobbly bench and a shirt on t | rule=unknown; I do not yet know what earns score, so I must discover it by  | EXPERIMENT"
c125a0f9,probe_tw,7,23,go south,0.0,0,1,False,"belief={'situation': 'I am in a dish-pit with an empty chest and an open gate | rule=unknown; I do not yet know what earns score, so I must discover it by  | EXPERIMENT"
c125a0f9,probe_tw,7,24,take shirt,0.0,0,1,False,"belief={'situation': 'I am in a washroom with a bench and a shirt on the floo | rule=unknown; I do not yet know what earns score, so I must discover it by  | EXPERIMENT"
c125a0f9,probe_tw,7,25,examine shirt,0.0,0,1,False,"belief={'situation': 'I am in a washroom with a bench and I have a shirt in m | rule=unknown; I do not yet know what earns score, so I must discover it by  | EXPERIMENT"
c125a0f9,probe_tw,7,26,put shirt on bench,0.0,0,1,False,"belief={'situation': 'I am in a washroom with a bench and I have a shirt in m | rule=unknown; I do not yet know what earns score, so I must discover it by  | EXPERIMENT"
c125a0f9,probe_tw,7,27,take shirt from bench,0.0,0,1,False,"belief={'situation': 'I am in a washroom with a bench and I have put a shirt  | rule=unknown; I do not yet know what earns score, so I must discover it by  | EXPERIMENT"
c125a0f9,probe_tw,7,28,drop shirt,0.0,0,1,False,"belief={'situation': 'I am in a washroom with a bench and I have taken the sh | rule=unknown; I do not yet know what earns score, so I must discover it by  | EXPERIMENT"
c125a0f9,probe_tw,7,29,examine bench,0.0,0,1,False,"belief={'situation': 'I am in a washroom with a bench and I have dropped the  | rule=unknown; I do not yet know what earns score, so I must discover it by  | EXPERIMENT"
c125a0f9,probe_tw,8,0,examine legume,0.0,0,1,False,"belief={'situation': 'I am in an unknown location with a legume, and my plan  | rule=unknown; I do not yet know what earns score, so I must discover it by  | EXPERIMENT"
c125a0f9,probe_tw,8,1,eat legume,0.0,0,1,False,"belief={'situation': 'I am in an unknown location with a legume, and my plan  | rule=unknown; I do not yet know what earns score, so I must discover it by  | EXPERIMENT"
c125a0f9,probe_tw,8,2,look,0.0,0,1,False,"belief={'situation': 'I am in an office location after eating a legume, and m | rule=unknown; I do not yet know what earns score, so I must discover it by  | EXPERIMENT"
c125a0f9,probe_tw,8,3,go south,0.0,0,1,False,"belief={'situation': 'I am in an office location with no objects in inventory | rule=unknown; I do not yet know what earns score, so I must discover it by  | EXPERIMENT"
c125a0f9,probe_tw,8,4,take type 8 passkey from mantelpiece,0.0,0,1,False,"belief={'situation': 'I am in a study with a box, mantelpiece, and type 8 pas | rule=unknown; I do not yet know what earns score, so I must discover it by  | EXPERIMENT"
c125a0f9,probe_tw,8,5,examine box,0.0,0,1,False,"belief={'situation': 'I am in a study with a box, mantelpiece, and type 8 pas | rule=unknown; I do not yet know what earns score, so I must discover it by  | EXPERIMENT"
c125a0f9,probe_tw,8,6,open box,0.0,0,1,False,"belief={'situation': 'I am in a study with a box, mantelpiece, and type 8 pas | rule=unknown; I do not yet know what earns score, so I must discover it by  | EXPERIMENT"
c125a0f9,probe_tw,8,7,insert type 8 passkey into box,0.0,0,1,False,"belief={'situation': 'I am in a study with a box, mantelpiece, and type 8 pas | rule=unknown; I do not yet know what earns score, so I must discover it by  | EXPERIMENT"
c125a0f9,probe_tw,8,8,close box,0.0,0,1,False,"belief={'situation': 'I am in a study with a box, mantelpiece, and type 8 pas | rule=unknown; I do not yet know what earns score, so I must discover it by  | EXPERIMENT"
c125a0f9,probe_tw,8,9,go east,0.0,0,1,False,"belief={'situation': 'I am in a study with a box, mantelpiece, and type 8 pas | rule=unknown; I do not yet know what earns score, so I must discover it by  | EXPERIMENT"
c125a0f9,probe_tw,8,10,go west,0.0,0,1,False,"belief={'situation': 'I am in a cubicle with a locked type 8 box and an open  | rule=unknown; I do not yet know what earns score, so I must discover it by  | EXPERIMENT"
c125a0f9,probe_tw,8,11,examine mantelpiece,0.0,0,1,False,"belief={'situation': 'I am in a study with a box, a mantelpiece, and an open  | rule=unknown; I do not yet know what earns score, so I must discover it by  | EXPERIMENT"
c125a0f9,probe_tw,8,12,examine hatch,0.0,0,1,False,"belief={'situation': 'I am in a study with a box, a mantelpiece, and an open  | rule=unknown; I do not yet know what earns score, so I must discover it by  | EXPERIMENT"
c125a0f9,probe_tw,8,13,go north,0.0,0,1,False,"belief={'situation': 'I am in a study with a box, a mantelpiece, and an open  | rule=unknown; I do not yet know what earns score, so I must discover it by  | EXPERIMENT"
c125a0f9,probe_tw,8,14,look,0.0,0,1,False,"belief={'situation': 'I am in an office with an exit to the south and my plan | rule=unknown; I do not yet know what earns score, so I must discover it by  | EXPERIMENT"
c125a0f9,probe_tw,8,15,inventory,0.0,0,1,False,"belief={'situation': 'I am in an office with an exit to the south and my plan | rule=unknown; I do not yet know what earns score, so I must discover it by  | EXPERIMENT"
c125a0f9,probe_tw,8,16,go south,0.0,0,1,False,"belief={'situation': 'I am in an office with an exit to the south and my plan | rule=unknown; I do not yet know what earns score, so I must discover it by  | EXPERIMENT"
c125a0f9,probe_tw,8,17,open box,0.0,0,1,False,"belief={'situation': 'I am in a study with a box, a mantelpiece, and an open  | rule=unknown; I do not yet know what earns score, so I must discover it by  | EXPERIMENT"
c125a0f9,probe_tw,8,18,take type 8 passkey from box,0.0,0,1,False,"belief={'situation': 'I am in a study with a box, a mantelpiece, and an open  | rule=unknown; I do not yet know what earns score, so I must discover it by  | EXPERIMENT"
c125a0f9,probe_tw,8,19,put type 8 passkey on mantelpiece,0.0,0,1,False,"belief={'situation': 'I am in a study with a box, a mantelpiece, and an open  | rule=unknown; I do not yet know what earns score, so I must discover it by  | EXPERIMENT"
c125a0f9,probe_tw,8,20,go east,0.0,0,1,False,"belief={'situation': 'I am in a study with a box, a mantelpiece, and an open  | rule=unknown; I do not yet know what earns score, so I must discover it by  | EXPERIMENT"
c125a0f9,probe_tw,8,21,examine type 8 box,0.0,0,1,False,"belief={'situation': 'I am in a cubicle with a locked type 8 box and an open  | rule=unknown; I do not yet know what earns score, so I must discover it by  | EXPERIMENT"
c125a0f9,probe_tw,8,22,go west,0.0,0,1,False,"belief={'situation': 'I am in a cubicle with a locked type 8 box and an open  | rule=unknown; I do not yet know what earns score, so I must discover it by  | EXPERIMENT"
c125a0f9,probe_tw,8,23,look,0.0,0,1,False,"belief=I am in a study with a locked type 8 box and an open hatch leading eas | rule=I have not yet discovered what earns the score, but I will try differe | EXPERIMENT"
c125a0f9,probe_tw,8,24,take type 8 passkey from mantelpiece,0.0,0,1,False,belief=I am in a study with a type 8 passkey on the mantelpiece and an open h | rule=I hypothesize that taking the type 8 passkey and using it to unlock so | EXPERIMENT
c125a0f9,probe_tw,8,25,insert type 8 passkey into box,0.0,0,1,False,"belief=I am in a study with a type 8 passkey and an open hatch leading east,  | rule=I hypothesize that using the type 8 passkey to unlock or combine with  | EXPERIMENT"
c125a0f9,probe_tw,8,26,close box,0.0,0,1,False,"belief=I am in a study with a type 8 passkey inserted into the box, and my pl | rule=I now hypothesize that the score rises when the box is closed after th | EXPERIMENT"
c125a0f9,probe_tw,8,27,open box,0.0,0,1,False,"belief=I am in a study with a closed box and a type 8 passkey inserted, and m | rule=I now hypothesize that the score rises when the box is opened after th | EXPERIMENT"
c125a0f9,probe_tw,8,28,examine box,0.0,0,1,False,"belief=I am in a study with an open box containing a type 8 passkey, and my p | rule=I now hypothesize that the score rises when a specific object is taken | EXPERIMENT"
c125a0f9,probe_tw,8,29,take type 8 passkey from box,0.0,0,1,False,"belief=I am in a study with an open box containing a type 8 passkey, and my p | rule=I now hypothesize that the score rises when a specific object, such as | EXPERIMENT"
c125a0f9,probe_tw,9,0,put sandwich on counter,0.0,0,1,False,belief=I am in a location with various objects and a sandwich in my inventory | rule=I hypothesize that earning score is related to interacting with specif | EXPERIMENT
c125a0f9,probe_tw,9,1,examine counter,0.0,0,1,False,belief=I am in the basement with a sandwich on the counter. My next step is t | rule=I still hypothesize that earning score is related to interacting with 
c125a0f9,probe_tw,9,2,examine sandwich,0.0,0,1,False,belief=I am in the basement with a sandwich on the counter. My next step is t | rule=I still hypothesize that earning score is related to interacting with 
c125a0f9,probe_tw,9,3,take sandwich from counter,0.0,0,1,False,belief=I am in the basement with a sandwich on the counter. My next step is t | rule=I hypothesize that earning score is related to interacting with specif
c125a0f9,probe_tw,9,4,eat sandwich,0.0,0,1,False,belief=I am in the basement with the sandwich in my inventory. My next step i | rule=I hypothesize that earning score is related to interacting with specif
c125a0f9,probe_tw,9,5,look,0.0,0,1,False,"belief=I am in the basement, having just eaten the sandwich. My next step is  | rule=I still hypothesize that earning score is related to interacting with "
c125a0f9,probe_tw,9,6,examine locker,0.0,0,1,False,"belief=I am in the basement, and my next step is to examine the locker to gat | rule=I hypothesize that earning score is related to interacting with specif"
c125a0f9,probe_tw,9,7,open gate,0.0,0,1,False,"belief=I am in the basement, and my next step is to try and open the gate to  | rule=I hypothesize that earning score is related to accessing new areas or  | EXPERIMENT"
c125a0f9,probe_tw,9,8,examine counter,0.0,0,1,False,"belief=I am in the basement, and my next step is to investigate the counter,  | rule=I now hypothesize that earning score is related to examining specific  | EXPERIMENT"
c125a0f9,probe_tw,9,9,go north,0.0,0,1,False,"belief=I am in the basement, and my next step is to try going north, as I hav | rule=I now hypothesize that earning score is related to exploring new areas | EXPERIMENT"
c125a0f9,probe_tw,9,10,take keycard from shelf,0.0,0,1,False,"belief=I am in the Spare Room, and my next step is to investigate the keycard | rule=I now hypothesize that earning score is related to acquiring and utili | EXPERIMENT"
c125a0f9,probe_tw,9,11,drop keycard,0.0,0,1,False,"belief=I am in the Spare Room with a keycard, and my next step is to experime | rule=I now hypothesize that earning score is related to releasing or discar | EXPERIMENT"
c125a0f9,probe_tw,9,12,examine cabinet,0.0,0,1,False,"belief=I am in the Spare Room with a dropped keycard, and my next step is to  | rule=I now hypothesize that earning score is related to examining specific  | EXPERIMENT"
c125a0f9,probe_tw,9,13,take keycard,0.0,0,1,False,"belief=I am in the Spare Room with a dropped keycard, and my next step is to  | rule=I now hypothesize that earning score is related to taking or manipulat | EXPERIMENT"
c125a0f9,probe_tw,9,14,put keycard on shelf,0.0,0,1,False,"belief=I am in the Spare Room with a keycard, and my next step is to test the | rule=I now hypothesize that earning score is related to using or placing sp | EXPERIMENT"
c125a0f9,probe_tw,9,15,go south,0.0,0,1,False,"belief=I am in the Spare Room with a keycard on the shelf, and my next step i | rule=I now hypothesize that earning score is related to exploring new locat | EXPERIMENT"
c125a0f9,probe_tw,9,16,examine locker,0.0,0,1,False,"belief=I am in the Basement with a locker and counter, and my next step is to | rule=I now hypothesize that earning score is related to interacting with sp | EXPERIMENT"
c125a0f9,probe_tw,9,17,examine counter,0.0,0,1,False,"belief=I am in the Basement with a locker and counter, and my next step is to | rule=I now hypothesize that earning score is related to examining specific  | EXPERIMENT"
c125a0f9,probe_tw,9,18,go north,0.0,0,1,False,"belief=I am in the Basement with a locker and counter, and my next step is to | rule=I now hypothesize that earning score is related to moving to specific  | EXPERIMENT"
c125a0f9,probe_tw,9,19,take keycard from shelf,0.0,0,1,False,belief=I am in the Spare Room with a locked cabinet and a shelf containing a  | rule=I now hypothesize that earning score is related to taking and using sp | EXPERIMENT
c125a0f9,probe_tw,9,20,go south,0.0,0,1,False,"belief=I am in the Spare Room with a keycard, and my next step is to experime | rule=I now hypothesize that earning score is related to using the keycard t | EXPERIMENT"
c125a0f9,probe_tw,9,21,put keycard on counter,0.0,0,1,False,"belief=I am in the Basement with a keycard, and my next step is to test the h | rule=I now hypothesize that earning score is related to using the keycard t | EXPERIMENT"
c125a0f9,probe_tw,9,22,go west,0.0,0,1,False,"belief=I am in the Basement with a keycard on the counter, and my next step i | rule=I now hypothesize that earning score is related to exploring new areas | EXPERIMENT"
c125a0f9,probe_tw,9,23,go east,0.0,0,1,False,belief=I am in the Bedchamber with an open gate to the east and a suggested u | rule=I now hypothesize that earning score is related to passing through spe | EXPERIMENT
c125a0f9,probe_tw,9,24,examine keycard,0.0,0,1,False,belief=I am in the Basement with a keycard on the counter and an open gate to | rule=I now hypothesize that earning score is related to acquiring or utiliz | EXPERIMENT
c125a0f9,probe_tw,9,25,open locker,0.0,0,1,False,belief=I am in the Basement with a keycard on the counter and an open gate to | rule=I now hypothesize that earning score is related to using the keycard t | EXPERIMENT
c125a0f9,probe_tw,9,26,take keycard from counter,0.0,0,1,False,belief=I am in the Basement with an open locker and a keycard on the counter. | rule=I now hypothesize that earning score is related to taking a specific o | EXPERIMENT
c125a0f9,probe_tw,9,27,insert keycard into locker,0.0,0,1,False,"belief=I am in the Basement with a keycard, and my next step is to test the h | rule=I now hypothesize that earning score is related to using the keycard i | EXPERIMENT"
c125a0f9,probe_tw,9,28,examine gate,0.0,0,1,False,"belief=I am in the Basement with a keycard inserted into the locker, and my n | rule=I now hypothesize that earning score is related to interacting with sp | EXPERIMENT"
c125a0f9,probe_tw,9,29,go north,0.0,0,1,False,"belief=I am in the Basement with an open gate, and my next step is to explore | rule=I now hypothesize that earning score is related to exploring new areas | EXPERIMENT"
c125a0f9,probe_tw,10,0,examine fondue,0.0,0,1,False,"belief=I am in a location with a fondue and a teaspoon, and my next step is t | rule=My updated theory is that examining or interacting with objects in the | EXPERIMENT"
c125a0f9,probe_tw,10,1,examine teaspoon,0.0,0,1,False,"belief=I am in the attic with a fondue and a teaspoon, and my next step is to | rule=My updated theory is that examining or interacting with objects in the"
c125a0f9,probe_tw,10,2,look,0.0,0,1,False,"belief=I am in the attic with a fondue and a dirty teaspoon, and my next step | rule=My updated theory is that examining or interacting with specific objec"
c125a0f9,probe_tw,10,3,look,0.0,0,1,False,"belief=I am in the attic with a fondue and a dirty teaspoon, and my next step | rule=My updated theory is that examining or interacting with specific objec"
c125a0f9,probe_tw,10,4,examine type 2 chest,0.0,0,1,False,"belief=I am in the attic with a fondue and a dirty teaspoon, and my next step | rule=My updated theory is that examining or interacting with specific objec"
c125a0f9,probe_tw,10,5,open type 2 chest,0.0,0,1,False,"belief=I am in the attic with a fondue and a dirty teaspoon, and my next step | rule=My updated theory is that examining or interacting with specific objec"
c125a0f9,probe_tw,10,6,examine teaspoon,0.0,0,1,False,"belief=I am in the attic with a fondue and a dirty teaspoon, and my next step | rule=My updated theory is that examining or interacting with specific objec"
c125a0f9,probe_tw,10,7,insert fondue into type 2 chest,0.0,0,1,False,"belief=I am in the attic with a fondue and a dirty teaspoon, and my next step | rule=My updated theory is that the score rises when specific objects are mo | EXPERIMENT"
c125a0f9,probe_tw,10,8,take fondue from type 2 chest,0.0,0,1,False,belief=I am in the attic with a fondue in the type 2 chest and a dirty teaspo | rule=My updated theory is that the score rises when objects are moved to or | EXPERIMENT
c125a0f9,probe_tw,10,9,eat fondue,0.0,0,1,False,"belief=I am in the attic with a fondue and a teaspoon, and my next step is to | rule=My updated theory is that the score rises when certain objects are use | EXPERIMENT"
c125a0f9,probe_tw,10,10,examine portal,0.0,0,1,False,"belief=I am in the attic with a teaspoon and having eaten the fondue, my next | rule=My updated theory is that the score rises when specific actions are ta | EXPERIMENT"
c125a0f9,probe_tw,10,11,open portal,0.0,0,1,False,belief=I am in the attic with a teaspoon and a closed portal. My next step is | rule=My updated theory is that the score rises when specific portals are op | EXPERIMENT
c125a0f9,probe_tw,10,12,go south,0.0,0,1,False,belief=I am in the attic with a teaspoon and an open portal. My next step is  | rule=My updated theory is that the score rises when specific locations are  | EXPERIMENT
c125a0f9,probe_tw,10,13,take broccoli,0.0,0,1,False,belief=I am in the bedchamber with a teaspoon and an open portal. My next ste | rule=My updated theory is that the score rises when a specific object is ta | EXPERIMENT
c125a0f9,probe_tw,10,14,go north,0.0,0,1,False,belief=I am in the bedchamber with a teaspoon and a broccoli. My next step is | rule=My updated theory is that the score rises when a specific object is mo | EXPERIMENT
c125a0f9,probe_tw,10,15,insert broccoli into type 2 chest,0.0,0,1,False,belief=I am in the attic with a teaspoon and a broccoli. My next step is to t | rule=My updated theory is that the score rises when a specific object is in | EXPERIMENT
c125a0f9,probe_tw,10,16,insert teaspoon into type 2 chest,0.0,0,1,False,belief=I am in the attic with a teaspoon and a broccoli in the type 2 chest.  | rule=My updated theory is that the score rises when a specific combination  | EXPERIMENT
c125a0f9,probe_tw,10,17,take broccoli from type 2 chest,0.0,0,1,False,belief=I am in the attic with a teaspoon and a broccoli in the type 2 chest.  | rule=My updated theory is that the score rises when a specific object is re | EXPERIMENT
c125a0f9,probe_tw,10,18,examine broccoli,0.0,0,1,False,belief=I am in the attic with a broccoli. My next step is to test the effect  | rule=My updated theory is that the score rises when a specific object is ex | EXPERIMENT
c125a0f9,probe_tw,10,19,eat broccoli,0.0,0,1,False,"belief=I am in the attic with a broccoli, and my next step is to test the eff | rule=My updated theory is that the score rises when a specific object is co | EXPERIMENT"
c125a0f9,probe_tw,10,20,go south,0.0,0,1,False,"belief=I am in the attic, and my next step is to explore other areas and try  | rule=My updated theory is that the score rises when a specific object is mo | EXPERIMENT"
c125a0f9,probe_tw,10,21,go north,0.0,0,1,False,"belief=I am in the bedchamber, and my next step is to explore the open portal | rule=My updated theory is that the score rises when a specific location is  | EXPERIMENT"
c125a0f9,probe_tw,10,22,take teaspoon from type 2 chest,0.0,0,1,False,"belief=I am in the attic, and my next step is to take the teaspoon from the t | rule=My updated theory is that the score rises when a specific object, such | EXPERIMENT"
c125a0f9,probe_tw,10,23,insert teaspoon into type 2 chest,0.0,0,1,False,"belief=I am in the attic with a teaspoon, and my next step is to test if usin | rule=My updated theory is that the score rises when a specific object, such | EXPERIMENT"
c125a0f9,probe_tw,10,24,examine portal,0.0,0,1,False,"belief=The score rises when a specific object, such as the teaspoon, is used  | rule=My updated theory is that the score rises when a specific object, such | EXPERIMENT"
c125a0f9,probe_tw,10,25,close portal,0.0,0,1,False,"belief=I am in the attic with a portal and a type 2 chest, and my next step i | rule=My updated theory is that the score rises when a specific location or  | EXPERIMENT"
c125a0f9,probe_tw,10,26,go west,0.0,0,1,False,"belief=I am in the attic with a portal and a type 2 chest, and my next step i | rule=My updated theory is that the score rises when a specific location is  | EXPERIMENT"
c125a0f9,probe_tw,10,27,take type 2 key,0.0,0,1,False,"belief=I am in the spare room with a chest and a type 2 key, and my next step | rule=My updated theory is that the score rises when a specific object, such | EXPERIMENT"
c125a0f9,probe_tw,10,28,insert type 2 key into chest,0.0,0,1,False,"belief=I am in the spare room with a chest and a type 2 key, and my next step | rule=My updated theory is that the score rises when a specific object, such | EXPERIMENT"
c125a0f9,probe_tw,10,29,examine chest,0.0,0,1,False,"belief=I am in the spare room with a chest and a type 2 key, and my next step | rule=My updated theory is that the score rises when specific objects or env | EXPERIMENT"
c125a0f9,probe_tw,11,0,go east,0.0,0,1,False,"belief={'situation': 'I am in an unknown location with no inventory and no cl | rule=unknown; I do not yet know what earns score, so I must discover it by  | EXPERIMENT"
c125a0f9,probe_tw,11,1,take key from bench,0.0,0,1,False,"belief={'situation': 'I am in a sauna with a locked locker, a locked safe, a  | rule=unknown; I do not yet know what earns score, so I must discover it by  | EXPERIMENT"
c125a0f9,probe_tw,11,2,unlock locker with key,0.0,0,1,False,"belief={'situation': 'I am in a sauna with a locked locker, a locked safe, a  | rule=unknown; I do not yet know what earns score, so I must discover it by  | EXPERIMENT"
c125a0f9,probe_tw,11,3,examine locker,0.0,0,1,False,"belief={'situation': ""I am in a sauna with an unlocked locker, a locked safe, | rule=unknown; I do not yet know what earns score, so I must discover it by  | EXPERIMENT"
c125a0f9,probe_tw,11,4,examine bench,0.0,0,1,False,"belief={'situation': ""I am in a sauna with an unlocked locker, a locked safe, | rule=unknown; I do not yet know what earns score, so I must discover it by  | EXPERIMENT"
c125a0f9,probe_tw,11,5,put key on counter,0.0,0,1,False,"belief={'situation': 'I am in a sauna with an unlocked locker, a locked safe, | rule=unknown; I do not yet know what earns score, so I must discover it by  | EXPERIMENT"
c125a0f9,probe_tw,11,6,examine counter,0.0,0,1,False,"belief={'situation': 'I am in a sauna with an unlocked locker, a locked safe, | rule=unknown; I do not yet know what earns score, so I must discover it by  | EXPERIMENT"
c125a0f9,probe_tw,11,7,take key from counter,0.0,0,1,False,"belief={'situation': 'I am in a sauna with a key on the counter and my score  | rule=unknown; I do not yet know what earns score, so I must discover it by  | EXPERIMENT"
c125a0f9,probe_tw,11,8,go west,0.0,0,1,False,"belief={'situation': 'I am in a sauna with a key and my score is not rising.  | rule=unknown; I do not yet know what earns score, so I must discover it by  | EXPERIMENT"
c125a0f9,probe_tw,11,9,go east,0.0,0,1,False,"belief={'situation': 'I am in a kitchen with a key and my score is not rising | rule=unknown; I do not yet know what earns score, so I must discover it by  | EXPERIMENT"
c125a0f9,probe_tw,11,10,open locker,1.0,1,1,True,"belief={'situation': 'I am in a sauna with a key and my score is not rising.  | rule=unknown; I do not yet know what earns score, so I must discover it by  | EXPERIMENT"
c125a0f9,probe_tw,12,0,take rectangular keycard from locker,0.0,0,1,False,"belief={'situation': 'I am in a location with a locker and a gateway, and I n | rule=unknown; I do not yet know what earns score, so I must discover it by  | EXPERIMENT"
c125a0f9,probe_tw,12,1,open gateway,0.0,0,1,False,"belief={'situation': 'I am in a location with a locker and a gateway, and I n | rule=unknown; I do not yet know what earns score, so I must discover it by  | EXPERIMENT"
c125a0f9,probe_tw,12,2,unlock rectangular locker with rectangular keycard,0.0,0,1,False,"belief={'situation': 'I am in a location with a locker and a gateway, and I n | rule=unknown; I do not yet know what earns score, so I must discover it by  | EXPERIMENT"
c125a0f9,probe_tw,12,3,examine locker,0.0,0,1,False,"belief={'situation': 'I am in a location with a locker and a gateway, and I n | rule=unknown; I do not yet know what earns score, so I must discover it by  | EXPERIMENT"
c125a0f9,probe_tw,12,4,go south,0.0,0,1,False,"belief={'situation': 'I am in a location with a locker and a gateway, and I n | rule=unknown; I do not yet know what earns score, so I must discover it by  | EXPERIMENT"
c125a0f9,probe_tw,12,5,examine rectangular keycard,0.0,0,1,False,"belief={'situation': 'I am in a closet with a rectangular keycard and need to | rule=unknown; I do not yet know what earns score, so I must discover it by  | EXPERIMENT"
c125a0f9,probe_tw,12,6,go north,0.0,0,1,False,"belief={'situation': 'I am in a closet with a rectangular keycard and need to | rule=unknown; I do not yet know what earns score, so I must discover it by  | EXPERIMENT"
c125a0f9,probe_tw,12,7,go west,0.0,0,1,False,"belief={'situation': 'I am in a vault with a rectangular keycard and need to  | rule=unknown; I do not yet know what earns score, so I must discover it by  | EXPERIMENT"
c125a0f9,probe_tw,12,8,examine chest,0.0,0,1,False,"belief={'situation': 'I am in a cookhouse with a chest and a rectangular keyc | rule=unknown; I do not yet know what earns score, so I must discover it by  | EXPERIMENT"
c125a0f9,probe_tw,12,9,drop rectangular keycard,0.0,0,1,False,"belief={'situation': 'I am in a cookhouse with a chest and a rectangular keyc | rule=unknown; I do not yet know what earns score, so I must discover it by  | EXPERIMENT"
c125a0f9,probe_tw,12,10,take rectangular keycard,0.0,0,1,False,"belief={'situation': 'I am in a cookhouse with a chest and a dropped rectangu | rule=unknown; I do not yet know what earns score, so I must discover it by  | EXPERIMENT"
c125a0f9,probe_tw,12,11,examine gateway,0.0,0,1,False,"belief={'situation': 'I am in a cookhouse with a chest and a rectangular keyc | rule=unknown; I do not yet know what earns score, so I must discover it by  | EXPERIMENT"
c125a0f9,probe_tw,12,12,go east,0.0,0,1,False,"belief={'situation': 'I am in a cookhouse with a chest and a rectangular keyc | rule=unknown; I do not yet know what earns score, so I must discover it by  | EXPERIMENT"
c125a0f9,probe_tw,12,13,insert rectangular keycard into locker,0.0,0,1,False,"belief={'situation': 'I am in a vault with a rectangular locker and a rectang | rule=unknown; I do not yet know what earns score, so I must discover it by  | EXPERIMENT"
c125a0f9,probe_tw,12,14,examine gateway,0.0,0,1,False,"belief={'situation': 'I am in a vault with a rectangular locker and a rectang | rule=unknown; I do not yet know what earns score, so I must discover it by  | EXPERIMENT"
c125a0f9,probe_tw,12,15,look,0.0,0,1,False,belief=I need to find a way to increase my score by trying new actions | rule=I have ruled out the idea that examining the environment or objects in | EXPERIMENT
c125a0f9,probe_tw,12,16,take rectangular keycard from locker,0.0,0,1,False,belief=I am in the vault and my next step is to try taking the keycard and us | rule=I previously believed that examining objects or going through the gate | EXPERIMENT
c125a0f9,probe_tw,12,17,lock rectangular locker with rectangular keycard,0.0,0,1,False,"belief=I am in the vault with a rectangular keycard, and my next step is to e | rule=I previously believed that taking a specific object and using it in a  | EXPERIMENT"
c125a0f9,probe_tw,12,18,go south,0.0,0,1,False,belief=I am in the vault with a locked rectangular locker and a rectangular k | rule=I previously believed that using an object to lock or unlock something | EXPERIMENT
c125a0f9,probe_tw,12,19,go north,0.0,0,1,False,"belief=I am in a closet with a rectangular keycard, and my next step is to te | rule=I previously believed that using an object to lock or unlock something | EXPERIMENT"
c125a0f9,probe_tw,12,20,examine gateway,0.0,0,1,False,"belief=I am in a vault with a rectangular keycard, and my next step is to tes | rule=I previously believed that moving to a specific location or using an o | EXPERIMENT"
c125a0f9,probe_tw,12,21,examine rectangular keycard,0.0,0,1,False,"belief=I am in a vault with a rectangular keycard, and my next step is to tes | rule=I previously believed that examining specific objects or locations wou | EXPERIMENT"
c125a0f9,probe_tw,12,22,insert rectangular keycard into locker,0.0,0,1,False,"belief=I am in a vault with a rectangular keycard, and my next step is to tes | rule=I now believe that using the rectangular keycard to unlock or lock som | EXPERIMENT"
c125a0f9,probe_tw,12,23,take rectangular keycard from locker,0.0,0,1,False,"belief=I am in a vault with a rectangular keycard in the locker, and my next  | rule=I now believe that the keycard must be used in a specific sequence or  | EXPERIMENT"
c125a0f9,probe_tw,12,24,go west,0.0,0,1,False,"belief=I am in a vault with a rectangular keycard, and my next step is to exp | rule=I now believe that the score rises when the player moves to a specific | EXPERIMENT"
c125a0f9,probe_tw,12,25,drop rectangular keycard,0.0,0,1,False,"belief=I am in a cookhouse with a rectangular keycard, and my next step is to | rule=I now believe that the score rises when the player uses an object in a | EXPERIMENT"
c125a0f9,probe_tw,12,26,examine chest,0.0,0,1,False,"belief=I am in a cookhouse with a dropped rectangular keycard, and my next st | rule=I now believe that the score rises when the player interacts with spec | EXPERIMENT"
c125a0f9,probe_tw,12,27,examine gateway,0.0,0,1,False,belief=I am in a cookhouse with a chest that looks strong and impossible to c | rule=I now believe that the score rises when the player moves to a new loca | EXPERIMENT
c125a0f9,probe_tw,12,28,go east,0.0,0,1,False,"belief=I am in a cookhouse with a chest and a gateway, and my next step is to | rule=I now believe that the score rises when the player successfully moves  | EXPERIMENT"
c125a0f9,probe_tw,12,29,close gateway,0.0,0,1,False,"belief=I am in a vault with a locker and a gateway, and my next step is to te | rule=I now believe that the score rises when the player interacts with the  | EXPERIMENT"
c125a0f9,probe_tw,13,0,examine chocolate bar,0.0,0,1,False,"belief=I need to figure out what earns the score, and I have to try different | rule=I don't know what earns the score yet, and I need to experiment with d | EXPERIMENT"
c125a0f9,probe_tw,13,1,eat chocolate bar,0.0,0,1,False,"belief=I am in a chamber with a chocolate bar and need to experiment with dif | rule=I still don't know what earns the score, but I have ruled out examinin"
c125a0f9,probe_tw,13,2,examine coffer,0.0,0,1,False,"belief=I am in a chamber with a coffer and need to experiment with different  | rule=I still don't know what earns the score, but I have ruled out examinin"
c125a0f9,probe_tw,13,3,go east,0.0,0,1,False,"belief=I am in a chamber with a coffer and need to experiment with different  | rule=I still don't know what earns the score, but I have ruled out examinin"
c125a0f9,probe_tw,13,4,examine cabinet,0.0,0,1,False,"belief=I am in a laundromat with a cabinet, shelf, and closed portal, and my  | rule=I currently have no theory on what raises the score, and I have not ru"
c125a0f9,probe_tw,13,5,examine portal,0.0,0,1,False,"belief=I am in a laundromat with a cabinet, and my next step is to examine th | rule=I currently have no theory on what raises the score, and I have not ru"
c125a0f9,probe_tw,13,6,examine shelf,0.0,0,1,False,"belief=I am in a laundromat with a stuffy portal and my next step is to exami | rule=I currently have no theory on what raises the score, and I have not ru"
c125a0f9,probe_tw,13,7,open cabinet,0.0,0,1,False,belief=I am in a laundromat and my next step is to try opening the cabinet to | rule=I hypothesize that the score rises when I interact with objects in a w | EXPERIMENT
c125a0f9,probe_tw,13,8,take sponge from cabinet,0.0,0,1,False,belief=I am in a laundromat and my next step is to try taking the sponge from | rule=I hypothesize that the score rises when I acquire or take possession o | EXPERIMENT
c125a0f9,probe_tw,13,9,put sponge on shelf,1.0,1,1,True,belief=I am in a laundromat and my next step is to test if putting an object  | rule=I hypothesize that the score rises when an object is placed in a speci | EXPERIMENT
c125a0f9,probe_tw,14,0,examine American style passkey,0.0,0,1,False,"belief={'situation': 'I am in a location with a stick of butter and an Americ | rule=unknown; I do not yet know what earns score, so I must discover it by  | EXPERIMENT"
c125a0f9,probe_tw,14,1,go east,0.0,0,1,False,"belief={'situation': 'I am in a location with a stick of butter and an Americ | rule=unknown; I do not yet know what earns score, so I must discover it by  | EXPERIMENT"
c125a0f9,probe_tw,14,2,unlock American style box with American style passkey,0.0,0,1,False,"belief={'situation': 'I am in a cellar with a stick of butter and an American | rule=unknown; I do not yet know what earns score, so I must discover it by  | EXPERIMENT"
c125a0f9,probe_tw,14,3,go north,0.0,0,1,False,"belief={'situation': 'I am in a cellar with a stick of butter and an American | rule=unknown; I do not yet know what earns score, so I must discover it by  | EXPERIMENT"
c125a0f9,probe_tw,14,4,take Microsoft key,0.0,0,1,False,"belief={'situation': 'I am in a chamber with a stick of butter and an America | rule=unknown; I do not yet know what earns score, so I must discover it by  | EXPERIMENT"
c125a0f9,probe_tw,14,5,unlock Microsoft safe with Microsoft key,0.0,0,1,False,"belief={'situation': 'I am in a chamber with a stick of butter, an American s | rule=unknown; I do not yet know what earns score, so I must discover it by  | EXPERIMENT"
c125a0f9,probe_tw,14,6,examine Microsoft safe,0.0,0,1,False,"belief={'situation': 'I am in a chamber with a stick of butter, an American s | rule=unknown; I do not yet know what earns score, so I must discover it by  | EXPERIMENT"
c125a0f9,probe_tw,14,7,eat stick of butter,0.0,0,1,False,"belief={'situation': 'I am in a chamber with a stick of butter, an American s | rule=unknown; I do not yet know what earns score, so I must discover it by  | EXPERIMENT"
c125a0f9,probe_tw,14,8,examine American style passkey,0.0,0,1,False,"belief={'situation': 'I am in a chamber with an American style passkey and a  | rule=unknown; I do not yet know what earns score, so I must discover it by  | EXPERIMENT"
c125a0f9,probe_tw,14,9,go south,0.0,0,1,False,"belief={'situation': 'I am in a chamber with an American style passkey and a  | rule=unknown; I do not yet know what earns score, so I must discover it by  | EXPERIMENT"
c125a0f9,probe_tw,14,10,open American style box,0.0,0,1,False,"belief={'situation': 'I am in a cellar with an American style box, an America | rule=unknown; I do not yet know what earns score, so I must discover it by  | EXPERIMENT"
c125a0f9,probe_tw,14,11,take pair of pants from American style box,1.0,1,1,True,"belief={'situation': 'I am in a cellar with an American style box, an America | rule=unknown; I do not yet know what earns score, so I must discover it by  | EXPERIMENT"
c125a0f9,probe_tw,15,0,look,0.0,0,1,False,"belief=I am in an unknown location with no clear objective, my next step is t | rule=I hypothesize that examining my environment closely might earn score,  | EXPERIMENT"
c125a0f9,probe_tw,15,1,go west,0.0,0,1,False,"belief=I am in a canteen with an unblocked exit to the west, my next step is  | rule=I hypothesize that moving to a new location or exploring different are"
c125a0f9,probe_tw,15,2,go north,0.0,0,1,False,belief=I am in a kitchenette with an open door to the north and an exit to th | rule=I hypothesize that interacting with objects or moving to new locations
c125a0f9,probe_tw,15,3,examine raspberry,0.0,0,1,False,"belief=I am in a workshop with an open door to the south and an exit to the e | rule=I hypothesize that interacting with objects, especially those that see"
c125a0f9,probe_tw,15,4,take raspberry,0.0,0,1,False,belief=I am in a workshop with an open door to the south and an exit to the e | rule=I hypothesize that interacting with unique objects like the raspberry 
c125a0f9,probe_tw,15,5,examine armchair,0.0,0,1,False,belief=I am in a workshop with an open door to the south and an exit to the e | rule=I hypothesize that interacting with unique objects like the raspberry 
c125a0f9,probe_tw,15,6,examine armchair,0.0,0,1,False,"belief=I am in a workshop with an unstable armchair, my next step is to exami | rule=I hypothesize that interacting with unique objects like the raspberry "
c125a0f9,probe_tw,15,7,put raspberry on armchair,0.0,0,1,False,"belief=I am in a workshop with an unstable armchair and a raspberry, my next  | rule=I now hypothesize that using or combining objects in a specific way, s | EXPERIMENT"
c125a0f9,probe_tw,15,8,take raspberry from armchair,0.0,0,1,False,"belief=I am in a workshop with an unstable armchair and a raspberry, my next  | rule=I now hypothesize that reversing or undoing previous actions, such as  | EXPERIMENT"
c125a0f9,probe_tw,15,9,eat raspberry,0.0,0,1,False,"belief=I am in a workshop with an unstable armchair and a raspberry, my next  | rule=I now hypothesize that consuming or using objects in a specific way, s | EXPERIMENT"
c125a0f9,probe_tw,15,10,go east,0.0,0,1,False,"belief=I am in a workshop with an unstable armchair, my next step is to test  | rule=I now hypothesize that moving to a specific location or exploring the  | EXPERIMENT"
c125a0f9,probe_tw,15,11,take mop from table,1.0,1,1,True,"belief=I am in a shower with various objects, my next step is to test if taki | rule=I now hypothesize that taking a specific object, such as the mop or sp | EXPERIMENT"
c125a0f9,probe_tw,16,0,examine chest,0.0,0,1,False,"belief={'situation': 'I am in a location with a chest, hatch, and kettle, and | rule=unknown; I do not yet know what earns score, so I must discover it by  | EXPERIMENT"
c125a0f9,probe_tw,16,1,examine hatch,0.0,0,1,False,"belief={'situation': 'I am in a Steam Room with a chest and a kettle, and my  | rule=unknown; I do not yet know what earns score, so I must discover it by  | EXPERIMENT"
c125a0f9,probe_tw,16,2,drop kettle,0.0,0,1,False,"belief={'situation': 'I am in a Steam Room with a chest, a kettle, and a clos | rule=unknown; I do not yet know what earns score, so I must discover it by  | EXPERIMENT"
c125a0f9,probe_tw,16,3,take kettle,0.0,0,1,False,"belief=I am in a Steam Room with a chest, a kettle, and a closed hatch, and m | rule=using or manipulating the kettle might raise the score, and I have rul | EXPERIMENT"
c125a0f9,probe_tw,16,4,examine kettle,0.0,0,1,False,"belief=I am in a Steam Room with a kettle and my next step is to examine the  | rule=using or manipulating the kettle might raise the score, and I have rul"
c125a0f9,probe_tw,16,5,look,0.0,0,1,False,belief=I am in a Steam Room with a kettle and my next step is to examine the  | rule=using or manipulating the kettle or other objects in the room might ra
c125a0f9,probe_tw,16,6,go west,0.0,0,1,False,belief=I am in a Steam Room with a kettle and my next step is to try going we | rule=using or manipulating the kettle or other objects in the room might ra
c125a0f9,probe_tw,16,7,take key from case,0.0,0,1,False,"belief=I am in a Studio with a kettle, a case, a keycard, a key, and a safe.  | rule=I hypothesize that using the key or keycard to unlock the safe might r | EXPERIMENT"
c125a0f9,probe_tw,16,8,insert kettle into case,0.0,0,1,False,"belief=I am in a Studio with a kettle and a key. My next step is to investiga | rule=I hypothesize that combining the kettle with another object, such as t | EXPERIMENT"
c125a0f9,probe_tw,16,9,close case,0.0,0,1,False,"belief=I am in a Studio with a kettle and a key, and my next step is to test  | rule=I hypothesize that closing the case or using the key to interact with  | EXPERIMENT"
c125a0f9,probe_tw,16,10,unlock safe with key,0.0,0,1,False,"belief=I am in a Studio with a kettle and a key, and my next step is to test  | rule=I hypothesize that using the key to unlock the safe might raise the sc | EXPERIMENT"
c125a0f9,probe_tw,16,11,examine safe,0.0,0,1,False,"belief=I am in a Studio with a kettle and a key, and my next step is to test  | rule=I hypothesize that examining the safe or its contents might raise the  | EXPERIMENT"
c125a0f9,probe_tw,16,12,go east,0.0,0,1,False,"belief=I am in a Studio with a kettle and a key, and my next step is to test  | rule=I hypothesize that moving to a new location, specifically going east,  | EXPERIMENT"
c125a0f9,probe_tw,16,13,examine chest,0.0,0,1,False,"belief=I am in a Steam Room with a key and a chest, and my next step is to ex | rule=I hypothesize that interacting with objects, specifically examining th | EXPERIMENT"
c125a0f9,probe_tw,16,14,drop key,0.0,0,1,False,"belief=I am in a Steam Room with a key and a chest, and my next step is to te | rule=I now hypothesize that releasing or dropping objects might raise the s | EXPERIMENT"
c125a0f9,probe_tw,16,15,take key,0.0,0,1,False,"belief=I am in a Steam Room with a dropped key and a chest, and my next step  | rule=I now hypothesize that taking or picking up objects might raise the sc | EXPERIMENT"
c125a0f9,probe_tw,16,16,examine hatch,0.0,0,1,False,"belief=I am in a Steam Room with a key and a chest, and my next step is to te | rule=I now hypothesize that examining a specific object, such as the hatch, | EXPERIMENT"
c125a0f9,probe_tw,16,17,go west,0.0,0,1,False,"belief=I am in a Steam Room with a key and a hatch, and my next step is to te | rule=I now hypothesize that using the key on a specific object, such as the | EXPERIMENT"
c125a0f9,probe_tw,16,18,open case,0.0,0,1,False,"belief=I am in a Studio with a key, a case, and a safe, and my next step is t | rule=I now hypothesize that interacting with the case, possibly opening it, | EXPERIMENT"
c125a0f9,probe_tw,16,19,take kettle from case,0.0,0,1,False,"belief=I am in a Studio with a key, a case, and a safe, and my next step is t | rule=I now hypothesize that taking a specific object from the case, such as | EXPERIMENT"
c125a0f9,probe_tw,16,20,insert kettle into case,0.0,0,1,False,"belief=I am in a Studio with a key, a case, and a safe, and my next step is t | rule=I now hypothesize that inserting a specific object into the case, such | EXPERIMENT"
c125a0f9,probe_tw,16,21,insert key into case,0.0,0,1,False,"belief=I am in a Studio with a key, a case, and a safe, and my next step is t | rule=I now hypothesize that inserting a specific object, such as the key, i | EXPERIMENT"
c125a0f9,probe_tw,16,22,close case,0.0,0,1,False,"belief=I am in a Studio with a key, a case, and a safe, and my next step is t | rule=I now hypothesize that closing the case after inserting the key might  | EXPERIMENT"
c125a0f9,probe_tw,16,23,examine safe,0.0,0,1,False,"belief=I am in a Studio with a case and a safe, and my next step is to examin | rule=I now hypothesize that examining a specific object, such as the safe,  | EXPERIMENT"
c125a0f9,probe_tw,16,24,examine case,0.0,0,1,False,"belief=I am in a Studio with a case and a safe, and my next step is to examin | rule=I now hypothesize that examining the case, rather than the safe, might | EXPERIMENT"
c125a0f9,probe_tw,16,25,open case,0.0,0,1,False,"belief=I am in a Studio with a case and a safe, and my next step is to try op | rule=I now hypothesize that opening the case, rather than examining it, mig | EXPERIMENT"
c125a0f9,probe_tw,16,26,take kettle from case,0.0,0,1,False,"belief=I am in a Studio with a case containing a key, a kettle, and a keycard | rule=I now hypothesize that taking a specific object from the case, such as | EXPERIMENT"
c125a0f9,probe_tw,16,27,take key from case,0.0,0,1,False,belief=I am in a Studio with a case and a kettle in my inventory. My next ste | rule=I now hypothesize that using the kettle or combining it with another o | EXPERIMENT
c125a0f9,probe_tw,16,28,lock safe with key,0.0,0,1,False,"belief=I am in a Studio with a case, a kettle, and a key. My next step is to  | rule=I now hypothesize that the score rises when the safe is used correctly | EXPERIMENT"
c125a0f9,probe_tw,16,29,go east,0.0,0,1,False,"belief=I am in a Studio with a locked safe, a kettle, and a key. My next step | rule=I now hypothesize that the score rises when an object is used in a spe | EXPERIMENT"
c125a0f9,probe_tw,17,0,insert loaf of bread into suitcase,0.0,0,1,False,"belief={'situation': 'I am in a location with a suitcase and a loaf of bread, | rule=unknown; I do not yet know what earns score, so I must discover it by  | EXPERIMENT"
c125a0f9,probe_tw,17,1,examine loaf of bread,0.0,0,1,False,"belief={'situation': 'I am in a location with a suitcase and a loaf of bread, | rule=unknown; I do not yet know what earns score, so I must discover it by  | EXPERIMENT"
c125a0f9,probe_tw,17,2,go north,0.0,0,1,False,"belief={'situation': 'I am in a location with a suitcase and a loaf of bread, | rule=unknown; I do not yet know what earns score, so I must discover it by  | EXPERIMENT"
c125a0f9,probe_tw,17,3,take fly larva,0.0,0,1,False,belief=I am in a location with a fly larva and I need to experiment with move | rule=taking a fly larva might raise the score | EXPERIMENT
c125a0f9,probe_tw,17,4,examine fly larva,0.0,0,1,False,"belief=I am in the pantry with a fly larva, my next step is to examine the fl | rule=taking a fly larva might raise the score, but since the score hasn't c"
c125a0f9,probe_tw,17,5,drop fly larva,0.0,0,1,False,"belief=I am in the pantry with a fly larva, my next step is to drop the fly l | rule=taking a fly larva doesn't raise the score, examining a fly larva does"
c125a0f9,probe_tw,17,6,look,0.0,0,1,False,"belief=I am in the pantry with a dropped fly larva, my next step is to examin | rule=taking a fly larva doesn't raise the score, examining a fly larva does"
c125a0f9,probe_tw,17,7,go east,0.0,0,1,False,"belief=I am in the pantry with a dropped fly larva, my next step is to test i | rule=taking or examining objects doesn't raise the score, moving to a diffe | EXPERIMENT"
c125a0f9,probe_tw,17,8,take key from mantle,0.0,0,1,False,"belief=I am in the bar, and my next step is to test if taking an object affec | rule=I previously believed that moving to a different location or examining | EXPERIMENT"
c125a0f9,probe_tw,17,9,lock chest with key,1.0,1,1,True,"belief=I am in the bar with a key, and my next step is to test if using the k | rule=I previously believed that taking or examining objects would raise the | EXPERIMENT"
c125a0f9,probe_tw,18,0,put stick of butter on mantelpiece,0.0,0,1,False,belief=I am in a location with a mantelpiece and I have a stick of butter and | rule=I hypothesize that putting a specific object on the mantelpiece earns  | EXPERIMENT
c125a0f9,probe_tw,18,1,put type 6 keycard on mantelpiece,0.0,0,1,False,belief=I am in a location with a mantelpiece and I have a stick of butter and | rule=I hypothesize that putting a specific object on the mantelpiece earns 
c125a0f9,probe_tw,18,2,examine mantelpiece,0.0,0,1,False,"belief=I am in the Chamber location with a mantelpiece, and I have just put t | rule=I still hypothesize that putting a specific object on the mantelpiece "
c125a0f9,probe_tw,18,3,take stick of butter from mantelpiece,0.0,0,1,False,"belief=I am in the Chamber location with a mantelpiece, and I have just exami | rule=I hypothesize that removing a specific object from the mantelpiece ear"
c125a0f9,probe_tw,18,4,examine stick of butter,0.0,0,1,False,"belief=I am in the Chamber location with a mantelpiece, and I have just taken | rule=I hypothesize that removing a specific object from the mantelpiece or "
c125a0f9,probe_tw,18,5,examine type 6 keycard,0.0,0,1,False,"belief=I am in the Chamber location with a mantelpiece, and I have just taken | rule=I hypothesize that removing a specific object from the mantelpiece or "
c125a0f9,probe_tw,18,6,examine type 6 keycard,0.0,0,1,False,"belief=I am in the Chamber location with a mantelpiece, and I have just taken | rule=I hypothesize that removing a specific object from the mantelpiece or "
c125a0f9,probe_tw,18,7,go west,0.0,0,1,False,"belief=I am in the Chamber location with a mantelpiece, and I have just taken | rule=I hypothesize that moving to a specific location or using an object in | EXPERIMENT"
c125a0f9,probe_tw,18,8,examine type 6 chest,0.0,0,1,False,"belief=I am in the Studio location with a type 6 chest and a closed gate. My  | rule=I hypothesize that interacting with or using a specific object, such a | EXPERIMENT"
c125a0f9,probe_tw,18,9,eat stick of butter,0.0,0,1,False,"belief=I am in the Studio location with a type 6 chest and a closed gate. My  | rule=I hypothesize that using or consuming an object, such as the stick of  | EXPERIMENT"
c125a0f9,probe_tw,18,10,examine gate,0.0,0,1,False,belief=I am in the Studio location with a type 6 chest and a closed gate. My  | rule=I hypothesize that interacting with the environment or objects in a sp | EXPERIMENT
c125a0f9,probe_tw,18,11,go east,0.0,0,1,False,"belief=I am in the Studio location with a closed gate. My next step is to tes | rule=I hypothesize that moving to a new location, such as going east, earns | EXPERIMENT"
c125a0f9,probe_tw,18,12,take type 6 keycard from mantelpiece,0.0,0,1,False,"belief=I am in the Chamber location with a type 6 keycard on the mantelpiece. | rule=I hypothesize that taking a specific object, such as the type 6 keycar | EXPERIMENT"
c125a0f9,probe_tw,18,13,put type 6 keycard on mantelpiece,0.0,0,1,False,"belief=I am in the Chamber location with a type 6 keycard in my inventory. My | rule=I hypothesize that putting a specific object, such as the type 6 keyca | EXPERIMENT"
c125a0f9,probe_tw,18,14,examine mantelpiece,0.0,0,1,False,belief=I am in the Chamber location with a type 6 keycard on the mantelpiece. | rule=I hypothesize that examining a specific object or location earns score | EXPERIMENT
c125a0f9,probe_tw,18,15,take type 6 keycard from mantelpiece,0.0,0,1,False,belief=I am in the Chamber location with a type 6 keycard on the unstable man | rule=I hypothesize that taking a specific object and moving to a new locati | EXPERIMENT
c125a0f9,probe_tw,18,16,go west,0.0,0,1,False,belief=I am in the Chamber location with a type 6 keycard on the unstable man | rule=I hypothesize that taking a specific object and moving to a new locati | EXPERIMENT
c125a0f9,probe_tw,18,17,unlock type 6 chest with type 6 keycard,0.0,0,1,False,belief=I am in the Studio location with a type 6 keycard. My next step is to  | rule=I hypothesize that using a keycard to unlock a corresponding chest ear | EXPERIMENT
c125a0f9,probe_tw,18,18,open type 6 chest,0.0,0,1,False,belief=I am in the Studio location with a type 6 keycard and an unlocked type | rule=I hypothesize that opening a chest after unlocking it with a correspon | EXPERIMENT
c125a0f9,probe_tw,18,19,take shadfly from type 6 chest,1.0,1,1,True,belief=I am in the Studio location with a type 6 keycard and an unlocked type | rule=I hypothesize that taking a specific object from a chest after unlocki | EXPERIMENT
c125a0f9,probe_tw,19,0,unlock TextWorld limited edition safe with TextWorld limited edition passkey,0.0,0,1,False,"belief={'situation': 'I am in a location with a TextWorld limited edition saf | rule=unknown; I do not yet know what earns score, so I must discover it by  | EXPERIMENT"
c125a0f9,probe_tw,19,1,drop burger,0.0,0,1,False,"belief={'situation': 'I am in a location with a TextWorld limited edition saf | rule=unknown; I do not yet know what earns score, so I must discover it by  | EXPERIMENT"
c125a0f9,probe_tw,19,2,examine burger,0.0,0,1,False,"belief={'situation': 'I am in a location with a TextWorld limited edition saf | rule=unknown; I do not yet know what earns score, so I must discover it by  | EXPERIMENT"
c125a0f9,probe_tw,19,3,go west,0.0,0,1,False,"belief={'situation': 'I am in a location with a TextWorld limited edition saf | rule=unknown; I do not yet know what earns score, so I must discover it by  | EXPERIMENT"
c125a0f9,probe_tw,19,4,go east,0.0,0,1,False,belief=I am in a location with a TextWorld limited edition safe and I have a  | rule=I have ruled out that unlocking the safe and dropping the burger are e | EXPERIMENT
c125a0f9,probe_tw,19,5,go west,0.0,0,1,False,"belief=I am in the Laundry Place with a safe and a burger, and I plan to expl | rule=I believe that exploring new locations or finding specific objects may"
c125a0f9,probe_tw,19,6,examine toolbox,0.0,0,1,False,"belief=I am in a cubicle with a toolbox and a closed gate, and my next step i | rule=I believe that interacting with objects or exploring new locations may"
c125a0f9,probe_tw,19,7,open toolbox,0.0,0,1,False,"belief=I am in a cubicle with a toolbox and a closed gate, and my next step i | rule=I now believe that using or manipulating specific objects, such as the | EXPERIMENT"
c125a0f9,probe_tw,19,8,insert TextWorld limited edition passkey into toolbox,0.0,0,1,False,"belief=I am in a cubicle with an open toolbox and a closed gate, and my next  | rule=I now believe that combining or using specific objects in a particular | EXPERIMENT"
c125a0f9,probe_tw,19,9,take TextWorld limited edition passkey from toolbox,0.0,0,1,False,"belief=I am in a cubicle with an open toolbox and a closed gate, and my next  | rule=I now believe that taking or moving specific objects, such as the Text | EXPERIMENT"
c125a0f9,probe_tw,19,10,examine gate,0.0,0,1,False,"belief=I am in a cubicle with a TextWorld limited edition passkey and my next | rule=I now believe that examining specific objects or locations, such as th | EXPERIMENT"
c125a0f9,probe_tw,19,11,examine gate,0.0,0,1,False,"belief=I am in a cubicle with a TextWorld limited edition passkey and my next | rule=I now believe that examining specific objects or locations, such as th | EXPERIMENT"
c125a0f9,probe_tw,19,12,go east,0.0,0,1,False,belief=I am in a cubicle with a TextWorld limited edition passkey and my next | rule=I now believe that movement or exploration may be necessary to raise t | EXPERIMENT
c125a0f9,probe_tw,19,13,take burger,0.0,0,1,False,"belief=I am in the Laundry Place with a TextWorld limited edition passkey and | rule=I now believe that interacting with the burger, possibly by taking or  | EXPERIMENT"
c125a0f9,probe_tw,19,14,eat burger,0.0,0,1,False,belief=I am in the Laundry Place with a TextWorld limited edition passkey and | rule=I now believe that consuming or using the burger in a specific way may | EXPERIMENT
c125a0f9,probe_tw,19,15,lock TextWorld limited edition safe with TextWorld limited edition passkey,0.0,0,1,False,belief=I am in the Laundry Place with a TextWorld limited edition passkey and | rule=I now believe that using the TextWorld limited edition passkey with th | EXPERIMENT
c125a0f9,probe_tw,19,16,unlock TextWorld limited edition safe with TextWorld limited edition passkey,0.0,0,1,False,belief=I am in the Laundry Place with a TextWorld limited edition passkey and | rule=I now believe that unlocking the TextWorld limited edition safe may be | EXPERIMENT
c125a0f9,probe_tw,19,17,look,0.0,0,1,False,belief=I am in the Laundry Place with a TextWorld limited edition passkey and | rule=I now believe that interacting with a specific object or location in t | EXPERIMENT
c125a0f9,probe_tw,19,18,go west,0.0,0,1,False,belief=I am in the Laundry Place with a TextWorld limited edition passkey and | rule=I now believe that moving to a new location or exploring unguarded are | EXPERIMENT
c125a0f9,probe_tw,19,19,insert TextWorld limited edition passkey into toolbox,0.0,0,1,False,belief=I am in a cubicle with a TextWorld limited edition passkey and an empt | rule=I now believe that inserting or combining objects may be necessary to  | EXPERIMENT
c125a0f9,probe_tw,19,20,examine toolbox,0.0,0,1,False,belief=I am in a cubicle with a TextWorld limited edition passkey inserted in | rule=I now believe that examining specific objects or locations may be nece | EXPERIMENT
c125a0f9,probe_tw,19,21,look,0.0,0,1,False,belief=I am in a cubicle with a TextWorld limited edition passkey in an open  | rule=I now believe that taking specific objects from their current location | EXPERIMENT
c125a0f9,probe_tw,19,22,take TextWorld limited edition passkey from toolbox,0.0,0,1,False,belief=I am in a cubicle with a TextWorld limited edition passkey in an open  | rule=I now believe that taking specific objects from their current location | EXPERIMENT
c125a0f9,probe_tw,19,23,go east,0.0,0,1,False,belief=I am in a cubicle with a TextWorld limited edition passkey. My next st | rule=I now believe that using specific objects to interact with other objec | EXPERIMENT
c125a0f9,probe_tw,19,24,lock TextWorld limited edition safe with TextWorld limited edition passkey,0.0,0,1,False,belief=I am in a laundry place and I have a TextWorld limited edition passkey | rule=I now believe that using specific objects to interact with other objec | EXPERIMENT
c125a0f9,probe_tw,19,25,go west,0.0,0,1,False,belief=I am in a laundry place with a TextWorld limited edition passkey and a | rule=I now believe that changing locations or exploring new areas may be ne | EXPERIMENT
c125a0f9,probe_tw,19,26,examine gate,0.0,0,1,False,belief=I am in a cubicle with a TextWorld limited edition passkey and need to | rule=I now believe that interacting with specific objects or features in th | EXPERIMENT
c125a0f9,probe_tw,19,27,insert TextWorld limited edition passkey into toolbox,0.0,0,1,False,"belief=I am in a cubicle with a TextWorld limited edition passkey and need to | rule=I now believe that using the passkey in a specific way, such as insert | EXPERIMENT"
c125a0f9,probe_tw,19,28,inventory,0.0,0,1,False,belief=I am in a cubicle with a TextWorld limited edition passkey inserted in | rule=I now believe that the score may rise when I interact with my inventor | EXPERIMENT
c125a0f9,probe_tw,19,29,take TextWorld limited edition passkey from toolbox,0.0,0,1,False,belief=I am in a cubicle with a TextWorld limited edition passkey inserted in | rule=I now believe that the score may rise when I take an object from a con | EXPERIMENT
c125a0f9,probe_tw,20,0,unlock cuboid safe with cuboid latchkey,0.0,0,1,False,"belief={'situation': 'I am in a location with a bar, a cuboid safe, and I hav | rule=unknown; I do not yet know what earns score, so I must discover it by  | EXPERIMENT"
c125a0f9,probe_tw,20,1,examine bar,0.0,0,1,False,"belief={'situation': 'I am in a location with a bar, a cuboid safe, and I hav | rule=I hypothesize that examining objects or locations in detail may earn s | EXPERIMENT"
c125a0f9,probe_tw,20,2,examine cuboid latchkey,0.0,0,1,False,"belief={'situation': 'I am in a location with a bar, a cuboid safe, and I hav | rule=I hypothesize that examining objects or locations in detail may earn s"
c125a0f9,probe_tw,20,3,examine cuboid safe,0.0,0,1,False,"belief={'situation': 'I am in a Salon with a bar and a cuboid safe, and I hav | rule=I hypothesize that examining objects or locations in detail may earn s"
c125a0f9,probe_tw,20,4,open cuboid safe,0.0,0,1,False,"belief={'situation': 'I am in a Salon with a bar and a closed cuboid safe, an | rule=I hypothesize that examining objects or locations in detail may earn s"
c125a0f9,probe_tw,20,5,go north,0.0,0,1,False,"belief={'situation': 'I am in a Salon with a bar and an open cuboid safe, and | rule=I hypothesize that examining objects or locations in detail may earn s"
c125a0f9,probe_tw,20,6,examine passkey,0.0,0,1,False,"belief={'situation': 'I am in a Sauna with a safe, a passkey, and a worm. My  | rule=I hypothesize that examining objects or locations in detail may earn s"
c125a0f9,probe_tw,20,7,take passkey,0.0,0,1,False,"belief={'situation': 'I am in a Sauna with a safe, a passkey, and a worm. My  | rule=I hypothesize that examining objects or locations in detail may earn s | EXPERIMENT"
c125a0f9,probe_tw,20,8,take worm,0.0,0,1,False,"belief={'situation': 'I am in a Sauna with a safe, a passkey, a cuboid latchk | rule=I hypothesize that taking the worm may earn score, as previous actions | EXPERIMENT"
c125a0f9,probe_tw,20,9,go east,0.0,0,1,False,"belief={'situation': 'I am in a Sauna with a safe, a passkey, a cuboid latchk | rule=I hypothesize that moving to a specific location with the worm may ear | EXPERIMENT"
c125a0f9,probe_tw,20,10,go west,0.0,0,1,False,"belief={'situation': 'I am in a Garage with a passkey, a cuboid latchkey, and | rule=I hypothesize that moving to a specific location with the worm may ear | EXPERIMENT"
c125a0f9,probe_tw,20,11,examine cuboid latchkey,0.0,0,1,False,"belief={'situation': 'I am in a Sauna with a passkey, a cuboid latchkey, and  | rule=I hypothesize that using the cuboid latchkey, possibly to unlock somet | EXPERIMENT"
c125a0f9,probe_tw,20,12,unlock safe with passkey,0.0,0,1,False,"belief={'situation': 'I am in a Sauna with a passkey, a cuboid latchkey, and  | rule=I hypothesize that unlocking the safe, possibly with a specific key, m | EXPERIMENT"
c125a0f9,probe_tw,20,13,examine worm,0.0,0,1,False,"belief={'situation': 'I am in a Sauna with a passkey, a cuboid latchkey, and  | rule=I hypothesize that using the worm in a specific way, possibly in combi | EXPERIMENT"
c125a0f9,probe_tw,20,14,go north,0.0,0,1,False,"belief={'situation': 'I am in a Sauna with a passkey, a cuboid latchkey, and  | rule=I hypothesize that using the cuboid latchkey in a specific way, possib | EXPERIMENT"
c125a0f9,probe_tw,20,15,drop worm,0.0,0,1,False,"belief={'situation': 'I am in a Study with a passkey, a cuboid latchkey, and  | rule=I hypothesize that dropping a specific object, possibly the worm, in a | EXPERIMENT"
c125a0f9,probe_tw,20,16,take worm,0.0,0,1,False,"belief={'situation': 'I am in a Study with a passkey, a cuboid latchkey, and  | rule=I hypothesize that taking the worm after dropping it may earn score. I | EXPERIMENT"
c125a0f9,probe_tw,20,17,go south,0.0,0,1,False,"belief={'situation': 'I am in a Study with a passkey, a cuboid latchkey, and  | rule=I hypothesize that delivering the worm to a specific location, possibl | EXPERIMENT"
c125a0f9,probe_tw,20,18,go east,0.0,0,1,False,"belief={'situation': 'I am in a Sauna with a passkey, a cuboid latchkey, and  | rule=I hypothesize that moving to a specific location with all objects, pos | EXPERIMENT"
c125a0f9,probe_tw,20,19,examine passkey,0.0,0,1,False,"belief={'situation': 'I am in a Garage with a passkey, a cuboid latchkey, and | rule=I hypothesize that examining a specific object, possibly the worm, cub | EXPERIMENT"
c125a0f9,probe_tw,20,20,go west,0.0,0,1,False,"belief={'situation': 'I am in a Garage with a passkey, a cuboid latchkey, and | rule=I hypothesize that combining the worm with either the passkey or the c | EXPERIMENT"
c125a0f9,probe_tw,20,21,open safe,0.0,0,1,False,"belief={'situation': 'I am in a Sauna with a passkey, a cuboid latchkey, and  | rule=I hypothesize that combining the worm with either the passkey or the c | EXPERIMENT"
c125a0f9,probe_tw,20,22,insert worm into safe,0.0,0,1,False,"belief={'situation': 'I am in a Sauna with a passkey, a cuboid latchkey, and  | rule=I hypothesize that combining the worm with either the passkey or the c | EXPERIMENT"
c125a0f9,probe_tw,20,23,take worm from safe,0.0,0,1,False,"belief={'situation': ""I am in a Sauna with a passkey, a cuboid latchkey, and  | rule=I hypothesize that removing the worm from the safe, or using the cuboi | EXPERIMENT"
c125a0f9,probe_tw,20,24,examine cuboid latchkey,0.0,0,1,False,"belief={'situation': 'I am in a Sauna with a passkey, a cuboid latchkey, and  | rule=I hypothesize that removing the worm from the safe, or using the cuboi | EXPERIMENT"
c125a0f9,probe_tw,20,25,examine cuboid latchkey,0.0,0,1,False,"belief=I am in a Sauna with a passkey, a cuboid latchkey, and a worm. My next | rule=I hypothesize that removing the worm from the safe, or using the cuboi | EXPERIMENT"
c125a0f9,probe_tw,20,26,insert worm into safe,0.0,0,1,False,"belief=I am in a Sauna with a passkey, a cuboid latchkey, and a worm. My next | rule=I hypothesize that removing the worm from the safe, or using the cuboi | EXPERIMENT"
c125a0f9,probe_tw,20,27,examine safe,0.0,0,1,False,"belief=I am in a Sauna with a passkey, a cuboid latchkey, and a worm in the s | rule=I hypothesize that the score rises when a specific object is used in c | EXPERIMENT"
c125a0f9,probe_tw,20,28,go east,0.0,0,1,False,"belief=I am in a Sauna with a passkey, a cuboid latchkey, and a worm in the s | rule=I hypothesize that the score rises when the player moves to a specific | EXPERIMENT"
c125a0f9,probe_tw,20,29,drop cuboid latchkey,0.0,0,1,False,belief=I am in a Garage with a passkey and a cuboid latchkey. My next step is | rule=I hypothesize that the score rises when the player manipulates or uses | EXPERIMENT
c125a0f9,probe_tw,21,0,examine shadfly,0.0,0,1,False,"belief=I am in a location with a passageway and a chest, and my next step is  | rule=I hypothesize that examining or manipulating objects in the environmen | EXPERIMENT"
c125a0f9,probe_tw,21,1,examine passageway,0.0,0,1,False,"belief=I am in a kitchen with a shadfly, and my next step is to examine the p | rule=I hypothesize that examining or manipulating objects in the environmen"
c125a0f9,probe_tw,21,2,examine passageway,0.0,0,1,False,"belief=I am in a kitchen with a shadfly, and my next step is to examine the p | rule=I hypothesize that examining or manipulating objects in the environmen"
c125a0f9,probe_tw,21,3,open passageway,0.0,0,1,False,"belief=I am in a kitchen with a shadfly, and my next step is to try opening t | rule=I hypothesize that interacting with the environment in new ways, such "
c125a0f9,probe_tw,21,4,go north,0.0,0,1,False,"belief=I am in a kitchen with a shadfly and an open passageway, and my next s | rule=I still hypothesize that interacting with the environment in new ways,"
c125a0f9,probe_tw,21,5,go south,0.0,0,1,False,"belief=I am in a closet with a shadfly, a loaf of bread, and an open passagew | rule=I hypothesize that interacting with the environment in new ways, such "
c125a0f9,probe_tw,21,6,examine type 0 chest,0.0,0,1,False,"belief=I am in a kitchen with a shadfly, a type 0 chest, and passageways. My  | rule=I hypothesize that interacting with new objects, such as the type 0 ch"
c125a0f9,probe_tw,21,7,drop shadfly,0.0,0,1,False,"belief=I am in a kitchen with a shadfly, a type 0 chest, and passageways. My  | rule=I hypothesize that manipulating objects, such as dropping or combining | EXPERIMENT"
c125a0f9,probe_tw,21,8,take shadfly,0.0,0,1,False,"belief=I am in a kitchen with a shadfly on the ground, a type 0 chest, and pa | rule=I hypothesize that taking or picking up specific objects, such as the  | EXPERIMENT"
c125a0f9,probe_tw,21,9,examine shadfly,0.0,0,1,False,"belief=I am in a kitchen with a shadfly, a type 0 chest, and passageways. My  | rule=I hypothesize that examining specific objects, such as the shadfly, in | EXPERIMENT"
c125a0f9,probe_tw,21,10,examine passageway,0.0,0,1,False,"belief=I am in a kitchen with a shadfly, a type 0 chest, and passageways. My  | rule=I hypothesize that examining the environment or objects in a specific  | EXPERIMENT"
c125a0f9,probe_tw,21,11,go north,0.0,0,1,False,"belief=I am in a kitchen with a shadfly, a type 0 chest, and passageways. My  | rule=I hypothesize that moving to a specific location, such as the location | EXPERIMENT"
c125a0f9,probe_tw,21,12,take loaf of bread,0.0,0,1,False,"belief=I am in a closet with a shadfly, a shelf, and a loaf of bread. My next | rule=I hypothesize that taking or manipulating the loaf of bread may earn s | EXPERIMENT"
c125a0f9,probe_tw,21,13,put loaf of bread on shelf,0.0,0,1,False,"belief=I am in a closet with a shadfly, a shelf, and a loaf of bread. My next | rule=I hypothesize that placing the loaf of bread on the shelf may earn sco | EXPERIMENT"
c125a0f9,probe_tw,21,14,put shadfly on shelf,0.0,0,1,False,"belief=I am in a closet with a shadfly, a shelf, and a loaf of bread. My next | rule=I hypothesize that placing the shadfly on the shelf may earn score. I  | EXPERIMENT"
c125a0f9,probe_tw,21,15,go west,0.0,0,1,False,"belief=I am in a closet with a shadfly and a loaf of bread on the shelf. My n | rule=I hypothesize that moving to a specific location, such as 'west', may  | EXPERIMENT"
c125a0f9,probe_tw,21,16,go east,0.0,0,1,False,"belief=I am in a sauna with no clear objective, my next step is to explore th | rule=I hypothesize that interacting with the environment in a specific way, | EXPERIMENT"
c125a0f9,probe_tw,21,17,take loaf of bread from shelf,0.0,0,1,False,"belief=I am in a closet with a shelf containing a shadfly and a loaf of bread | rule=I hypothesize that taking a specific object from the shelf, such as th | EXPERIMENT"
c125a0f9,probe_tw,21,18,eat loaf of bread,0.0,0,1,False,"belief=I am in a closet with a shelf, my next step is to test if consuming th | rule=I hypothesize that consuming a specific object, such as the loaf of br | EXPERIMENT"
c125a0f9,probe_tw,21,19,examine shadfly,0.0,0,1,False,"belief=I am in a closet with a shelf, my next step is to test if examining ob | rule=I hypothesize that examining a specific object, such as the shadfly or | EXPERIMENT"
c125a0f9,probe_tw,21,20,examine passageway,0.0,0,1,False,"belief=I am in a closet with a shelf, my next step is to test if interacting  | rule=I hypothesize that interacting with the passageway, such as closing or | EXPERIMENT"
c125a0f9,probe_tw,21,21,close passageway,0.0,0,1,False,"belief=I am in a closet with a shelf and a passageway, my next step is to tes | rule=I hypothesize that closing or altering the state of the passageway may | EXPERIMENT"
c125a0f9,probe_tw,21,22,take shadfly from shelf,0.0,0,1,False,"belief=I am in a closet with a shelf and a closed passageway, my next step is | rule=I hypothesize that taking or manipulating the shadfly may earn score,  | EXPERIMENT"
c125a0f9,probe_tw,21,23,go west,0.0,0,1,False,"belief=I am in a closet with a shelf and a closed passageway, my next step is | rule=I hypothesize that moving to a new location may earn score, I have rul | EXPERIMENT"
c125a0f9,probe_tw,21,24,drop shadfly,0.0,0,1,False,"belief=I am in a sauna with a shadfly, my next step is to test if dropping an | rule=I hypothesize that dropping a specific object, such as the shadfly, ma | EXPERIMENT"
c125a0f9,probe_tw,21,25,look,0.0,0,1,False,"belief=I am in a sauna with a dropped shadfly, my next step is to test if exa | rule=I hypothesize that examining the environment or the situation may earn | EXPERIMENT"
c125a0f9,probe_tw,21,26,take shadfly,0.0,0,1,False,"belief=I am in a sauna with a dropped shadfly, my next step is to test if tak | rule=I hypothesize that taking a specific object, such as the shadfly, may  | EXPERIMENT"
c125a0f9,probe_tw,21,27,examine shadfly,0.0,0,1,False,"belief=I am in a sauna with a shadfly, my next step is to examine the shadfly | rule=I hypothesize that examining a specific object, such as the shadfly, m | EXPERIMENT"
c125a0f9,probe_tw,21,28,go east,0.0,0,1,False,"belief=I am in a sauna with a shadfly, my next step is to test if moving to a | rule=I hypothesize that moving to a specific location with the shadfly may  | EXPERIMENT"
c125a0f9,probe_tw,21,29,put shadfly on shelf,0.0,0,1,False,"belief=I am in a closet with a shadfly, my next step is to test if placing th | rule=I hypothesize that placing a specific object (the shadfly) on a specif | EXPERIMENT"
c125a0f9,probe_tw,22,0,examine butterfly,0.0,0,1,False,"belief=The situation is that I need to figure out what earns a score in this  | rule=I have ruled out that the score is earned by doing nothing, and my upd | EXPERIMENT"
c125a0f9,probe_tw,22,1,put butterfly on stand,0.0,0,1,False,belief=I am in a pantry with various objects and my next step is to try using | rule=I have ruled out that the score is earned by doing nothing or examinin
c125a0f9,probe_tw,22,2,put legume on stand,0.0,0,1,False,"belief=I am in a pantry with various objects and my next step is to try placi | rule=I have ruled out that the score is earned by doing nothing, examining "
c125a0f9,probe_tw,22,3,put sandwich on stand,0.0,0,1,False,"belief=I am in a pantry with various objects and my next step is to try placi | rule=I have ruled out that the score is earned by doing nothing, examining "
c125a0f9,probe_tw,22,4,examine stand,0.0,0,1,False,"belief=I am in a pantry with various objects and my next step is to examine t | rule=I have ruled out that the score is earned by doing nothing, examining "
c125a0f9,probe_tw,22,5,examine legume,0.0,0,1,False,"belief=I am in a pantry with various objects and my next step is to examine t | rule=I have ruled out that the score is earned by doing nothing, examining "
c125a0f9,probe_tw,22,6,examine glove,0.0,0,1,False,"belief=I am in a pantry with various objects and my next step is to examine t | rule=I have ruled out that the score is earned by doing nothing, examining "
c125a0f9,probe_tw,22,7,take glove,0.0,0,1,False,"belief=I am in a pantry with various objects and my next step is to take the  | rule=I have ruled out that the score is earned by examining objects, placin | EXPERIMENT"
c125a0f9,probe_tw,22,8,put glove on stand,0.0,0,1,False,"belief=I am in a pantry with various objects and my next step is to test the  | rule=I have ruled out that the score is earned by examining objects, placin | EXPERIMENT"
c125a0f9,probe_tw,22,9,examine passageway,0.0,0,1,False,"belief=I am in a pantry with various objects and my next step is to test a ne | rule=I have ruled out that the score is earned by examining objects, placin | EXPERIMENT"
c125a0f9,probe_tw,22,10,go south,0.0,0,1,False,"belief=I am in a pantry with various objects and my next step is to test a ne | rule=I have ruled out that the score is earned by examining objects, placin | EXPERIMENT"
c125a0f9,probe_tw,22,11,take iron,0.0,0,1,False,belief=I am in a laundromat with an iron on the floor and my next step is to  | rule=I have ruled out that the score is earned by simply being in the laund | EXPERIMENT
c125a0f9,probe_tw,22,12,inventory,0.0,0,1,False,belief=I am in a laundromat with an iron on the floor and my next step is to  | rule=I have ruled out that the score is earned by simply being in the laund | EXPERIMENT
c125a0f9,probe_tw,22,13,examine iron,0.0,0,1,False,belief=I am in a laundromat with an iron and my next step is to experiment wi | rule=I have ruled out that the score is earned by simply being in the laund | EXPERIMENT
c125a0f9,probe_tw,22,14,look,0.0,0,1,False,"belief=I am in a laundromat with an iron, and my next step is to look around  | rule=I have ruled out that the score is earned by simply being in the laund | EXPERIMENT"
c125a0f9,probe_tw,22,15,drop iron,0.0,0,1,False,"belief=I am in a laundromat with an iron, and my next step is to test the hyp | rule=I have ruled out that the score is earned by simply being in the laund | EXPERIMENT"
c125a0f9,probe_tw,22,16,go north,0.0,0,1,False,"belief=I am in a laundromat with an iron on the ground, and my next step is t | rule=I have ruled out that the score is earned by simply interacting with t | EXPERIMENT"
c125a0f9,probe_tw,22,17,take butterfly from stand,0.0,0,1,False,"belief=I am in a pantry with various objects on a stand, and my next step is  | rule=I have ruled out that the score is earned by simply being in the pantr | EXPERIMENT"
c125a0f9,probe_tw,22,18,put butterfly on stand,0.0,0,1,False,"belief=I am in a pantry with various objects on a stand, and my next step is  | rule=I have ruled out that the score is earned by simply taking an object.  | EXPERIMENT"
c125a0f9,probe_tw,22,19,examine glove,0.0,0,1,False,"belief=I am in a pantry with various objects on a stand, and my next step is  | rule=I have ruled out that the score is earned by simply placing an object  | EXPERIMENT"
c125a0f9,probe_tw,22,20,take glove from stand,0.0,0,1,False,"belief=I am in a pantry with various objects on a stand, and my next step is  | rule=I have ruled out that the score is earned by simply examining objects  | EXPERIMENT"
c125a0f9,probe_tw,22,21,go south,0.0,0,1,False,"belief=I am in a pantry with various objects on a stand, and my next step is  | rule=I have ruled out that the score is earned by simply examining objects, | EXPERIMENT"
c125a0f9,probe_tw,22,22,drop glove,0.0,0,1,False,"belief=I am in a laundromat with various objects, and my next step is to test | rule=I have ruled out that the score is earned by simply examining objects, | EXPERIMENT"
c125a0f9,probe_tw,22,23,go north,0.0,0,1,False,"belief=I am in a laundromat with various objects, and my next step is to inve | rule=I have ruled out that the score is earned by simply examining objects, | EXPERIMENT"
c125a0f9,probe_tw,22,24,take butterfly from stand,0.0,0,1,False,"belief=I am in a pantry with various objects, and my next step is to investig | rule=I have ruled out that the score is earned by simply examining objects  | EXPERIMENT"
c125a0f9,probe_tw,22,25,put butterfly on stand,0.0,0,1,False,"belief=I am in a pantry with various objects, and my next step is to test the | rule=I have ruled out that the score is earned by simply taking objects or  | EXPERIMENT"
c125a0f9,probe_tw,22,26,examine legume,0.0,0,1,False,"belief=I am in a pantry with various objects, and my next step is to test a n | rule=I have ruled out that the score is earned by putting an object back on | EXPERIMENT"
c125a0f9,probe_tw,22,27,examine butterfly,0.0,0,1,False,"belief=I am in a pantry with various objects, and my next step is to test a n | rule=I have ruled out that the score is earned by putting an object back on | EXPERIMENT"
c125a0f9,probe_tw,22,28,take sandwich from stand,0.0,0,1,False,"belief=I am in a pantry with various objects, and my next step is to test a n | rule=I have ruled out that the score is earned by examining objects or putt | EXPERIMENT"
c125a0f9,probe_tw,22,29,eat sandwich,0.0,0,1,False,"belief=I am in a pantry with various objects, and my next step is to test a n | rule=I have ruled out that the score is earned by examining objects, puttin | EXPERIMENT"
c125a0f9,probe_tw,23,0,examine formless chest,0.0,0,1,False,"belief={'situation': 'I am in an unknown location with a formless chest, tabl | rule=unknown; I do not yet know what earns score, so I must discover it by  | EXPERIMENT"
c125a0f9,probe_tw,23,1,examine table,0.0,0,1,False,"belief=I am in an unknown location with a formless chest, table, type X keyca | rule=The score rises when I find a useful item or clue, and I have ruled ou | EXPERIMENT"
c125a0f9,probe_tw,23,2,examine type X keycard,0.0,0,1,False,"belief=I am in a room with a table, formless chest, type X keycard, and type  | rule=The score rises when I interact with or examine specific objects, and "
c125a0f9,probe_tw,23,3,examine type X locker,0.0,0,1,False,"belief=I am in a room with a table, formless chest, type X keycard, and type  | rule=The score rises when I interact with or examine specific objects, and "
c125a0f9,probe_tw,23,4,open type X locker,0.0,0,1,False,belief=I am in a room with a type X locker and other objects. My next step is | rule=The score rises when I interact with specific objects in a certain way
c125a0f9,probe_tw,23,5,take formless key from type X locker,0.0,0,1,False,"belief=I am in a room with a type X locker, a formless key, and other objects | rule=The score rises when I interact with specific objects in a certain way"
c125a0f9,probe_tw,23,6,examine formless key,0.0,0,1,False,"belief=I am in a room with a type X locker, a formless key, and other objects | rule=The score rises when I interact with specific objects in a certain way"
c125a0f9,probe_tw,23,7,unlock formless chest with formless key,0.0,0,1,False,"belief=I am in a room with a type X locker, a formless key, and other objects | rule=The score rises when I use the formless key with a specific object, po | EXPERIMENT"
c125a0f9,probe_tw,23,8,examine formless chest,0.0,0,1,False,"belief=I am in a room with a formless chest, a type X locker, and other objec | rule=The score rises when a specific object is examined or interacted with  | EXPERIMENT"
c125a0f9,probe_tw,23,9,put formless key on table,0.0,0,1,False,"belief=I am in a room with a formless chest, a type X locker, and other objec | rule=The score rises when an object is placed or used in a specific locatio | EXPERIMENT"
c125a0f9,probe_tw,23,10,go west,0.0,0,1,False,"belief=I am in a room with a formless chest, a type X locker, and other objec | rule=The score rises when the player moves to a new location or explores a  | EXPERIMENT"
c125a0f9,probe_tw,23,11,go east,0.0,0,1,False,belief=The score rises when the player moves to a new location or explores a  | rule=The score rises when the player moves to a new location or explores a  | EXPERIMENT
c125a0f9,probe_tw,23,12,go west,0.0,0,1,False,belief=The score rises when the player moves to a new location or explores a  | rule=The score rises when the player moves to a new location or explores a  | EXPERIMENT
c125a0f9,probe_tw,23,13,open hatch,0.0,0,1,False,belief=I am in the bedroom and my next step is to experiment with the hatch t | rule=The score rises when the player interacts with specific objects or fea | EXPERIMENT
c125a0f9,probe_tw,23,14,close coffer,0.0,0,1,False,"belief=I am in the bedroom and my next step is to test the new rule hypothesi | rule=The score rises when the player closes specific objects or features, s | EXPERIMENT"
c125a0f9,probe_tw,23,15,examine coffer,0.0,0,1,False,"belief=I am in the bedroom and my next step is to test the new rule hypothesi | rule=The score rises when the player examines specific objects or features, | EXPERIMENT"
c125a0f9,probe_tw,23,16,examine hatch,0.0,0,1,False,belief=I am in the bedroom and my next step is to test the new rule hypothesi | rule=The score rises when the player examines specific objects or features  | EXPERIMENT
c125a0f9,probe_tw,23,17,open coffer,0.0,0,1,False,belief=I am in the bedroom and my next step is to test the new rule hypothesi | rule=The score rises when the player examines specific objects or features  | EXPERIMENT
c125a0f9,probe_tw,23,18,inventory,0.0,0,1,False,"belief=I am in the bedroom and my next step is to test the new rule hypothesi | rule=The score rises when the player takes, combines, or delivers specific  | EXPERIMENT"
c125a0f9,probe_tw,23,19,go east,0.0,0,1,False,belief=I am in the bedroom and my next step is to test the new rule hypothesi | rule=The score rises when the player explores new areas or finds specific o | EXPERIMENT
c125a0f9,probe_tw,23,20,close type X locker,0.0,0,1,False,belief=I am in the bedroom and my next step is to test the new rule hypothesi | rule=The score rises when the player explores new areas or finds specific o | EXPERIMENT
c125a0f9,probe_tw,23,21,examine formless key,0.0,0,1,False,belief=I am in a location with a type X locker and my next step is to test th | rule=The score rises when the player interacts with specific objects in a p | EXPERIMENT
c125a0f9,probe_tw,23,22,take formless key from table,0.0,0,1,False,"belief=The score rises when the player interacts with specific objects in a p | rule=I have ruled out exploring new areas, finding new objects, examining o | EXPERIMENT"
c125a0f9,probe_tw,23,23,lock formless chest with formless key,0.0,0,1,False,"belief=I am in a location with a formless key and need to find a way to raise | rule=I now suspect that using the formless key on a specific object, such a | EXPERIMENT"
c125a0f9,probe_tw,23,24,put formless key on table,0.0,0,1,False,belief=I am in a location with a formless key and need to find a way to raise | rule=I now suspect that putting the formless key on a specific object or lo | EXPERIMENT
c125a0f9,probe_tw,23,25,examine formless chest,0.0,0,1,False,belief=I am in a location with a formless key and need to find a way to raise | rule=I now suspect that examining a specific object is necessary to raise t | EXPERIMENT
c125a0f9,probe_tw,23,26,go west,0.0,0,1,False,belief=I am in a location with a formless chest and need to find a way to rai | rule=I now suspect that using a specific object or interacting with the env | EXPERIMENT
c125a0f9,probe_tw,23,27,go east,0.0,0,1,False,belief=I am in the bedroom with an empty coffer and need to find a way to rai | rule=I now suspect that moving to a specific location is necessary to raise | EXPERIMENT
c125a0f9,probe_tw,23,28,take type X keycard,0.0,0,1,False,belief=I am in the cookery with various objects and need to find a way to rai | rule=I suspect that taking the type X keycard is necessary to raise the sco | EXPERIMENT
c125a0f9,probe_tw,23,29,lock type X locker with type X keycard,0.0,0,1,False,belief=I am in the cookery with various objects and need to find a way to rai | rule=I suspect that using the type X keycard to unlock or open the type X l | EXPERIMENT
c125a0f9,probe_tw,24,0,unlock box with passkey,0.0,0,1,False,"belief=I am in a location with a box, chest, and passkey, and my next step is | rule=I hypothesize that using the passkey to unlock something earns score,  | EXPERIMENT"
c125a0f9,probe_tw,24,1,examine box,0.0,0,1,False,"belief=I am in a location with a box, chest, and passkey, and my next step is | rule=I hypothesize that using the passkey to unlock something or examining "
c125a0f9,probe_tw,24,2,examine chest,0.0,0,1,False,"belief=I am in a location with a box, chest, and passkey, and my next step is | rule=I hypothesize that using the passkey to unlock something, examining ob"
c125a0f9,probe_tw,24,3,examine passkey,0.0,0,1,False,"belief=I am in a location with a box, chest, and passkey, and my next step is | rule=I hypothesize that using the passkey to unlock something, examining ob"
c125a0f9,probe_tw,24,4,look,0.0,0,1,False,"belief=I am in a location with a passkey and my next step is to explore the s | rule=I hypothesize that exploring new locations, interacting with the envir"
c125a0f9,probe_tw,24,5,go west,0.0,0,1,False,"belief=I am in the study with a passkey and my next step is to explore the we | rule=I hypothesize that exploring new locations, interacting with the envir"
c125a0f9,probe_tw,24,6,go east,0.0,0,1,False,"belief=I am in the laundromat with a passkey and my next step is to explore t | rule=I hypothesize that exploring new locations, interacting with the envir"
c125a0f9,probe_tw,24,7,lock box with passkey,0.0,0,1,False,belief=I am in the study with a passkey and my next step is to experiment wit | rule=I hypothesize that using the passkey to lock or unlock specific object | EXPERIMENT
c125a0f9,probe_tw,24,8,unlock box with passkey,0.0,0,1,False,"belief=I am in the study with a passkey and my next step is to experiment wit | rule=I hypothesize that unlocking specific objects earns score, and I have  | EXPERIMENT"
c125a0f9,probe_tw,24,9,examine box,0.0,0,1,False,"belief=I am in the study with a passkey and an unlocked box, and my next step | rule=I hypothesize that examining the contents of unlocked objects or inter | EXPERIMENT"
c125a0f9,probe_tw,24,10,open box,0.0,0,1,False,"belief=I am in the study with a passkey and an unlocked box, and my next step | rule=I hypothesize that interacting with the box in a more direct way, such | EXPERIMENT"
c125a0f9,probe_tw,24,11,take latchkey from box,0.0,0,1,False,"belief=I am in the study with a passkey, an unlocked box, and a latchkey insi | rule=I hypothesize that taking a specific object, such as the latchkey, ear | EXPERIMENT"
c125a0f9,probe_tw,24,12,unlock chest with latchkey,1.0,1,1,True,"belief=I am in the study with a passkey, an unlocked box, and a latchkey. My  | rule=I hypothesize that using a specific object, such as the latchkey, on a | EXPERIMENT"
