run_id,variant,seed,step,command,reward,score,max_score,won,note
c0baa96f,reflexion_tw,25,0,examine candy bar,0.0,0,1,False,"reflection=The world may reward exploration and examination of objects, as I have not tried anything yet and my score is 0."
c0baa96f,reflexion_tw,25,1,examine cuboid safe,0.0,0,1,False,"reflection=The world may reward exploration and examination of objects, and possibly interaction with the environment. I'll keep trying different actions to see "
c0baa96f,reflexion_tw,25,2,go west,0.0,0,1,False,"reflection=The world may reward exploration of new locations, in addition to examination of objects and interaction with the environment."
c0baa96f,reflexion_tw,25,3,examine board,0.0,0,1,False,"reflection=The world may reward exploration of new locations, examination of objects, and interaction with the environment, possibly with a focus on objects that"
c0baa96f,reflexion_tw,25,4,examine cuboid keycard,0.0,0,1,False,"reflection=The world may reward examination of specific objects, particularly those that could be used or moved, and interacting with the environment in a meanin"
c0baa96f,reflexion_tw,25,5,take cuboid keycard from board,0.0,0,1,False,"reflection=The world may reward not just examination, but also manipulation of objects, such as taking or using them. I should focus on interacting with objects "
c0baa96f,reflexion_tw,25,6,examine gate,0.0,0,1,False,"reflection=The world may reward exploration and examination of new objects, as well as manipulation of objects in a physical way. I should continue to try new in"
c0baa96f,reflexion_tw,25,7,drop candy bar,0.0,0,1,False,"reflection=The world may reward exploration and examination of new objects, as well as manipulation of objects in a physical way. I should continue to try new in"
c0baa96f,reflexion_tw,25,8,examine candy bar,0.0,0,1,False,"reflection=The world may reward exploration and examination of new objects, as well as manipulation of objects in a physical way. I should continue to try new in"
c0baa96f,reflexion_tw,25,9,examine mat,0.0,0,1,False,"reflection=The world may reward exploration and examination of new objects, as well as manipulation of objects in a physical way. I should try new interactions a"
c0baa96f,reflexion_tw,25,10,go east,0.0,0,1,False,"reflection=The world may reward exploration and examination of new objects, as well as manipulation of objects in a physical way. I should continue to try new in"
c0baa96f,reflexion_tw,25,11,examine cuboid safe,0.0,0,1,False,"reflection=The world may reward exploration, examination, and manipulation of objects, as well as using items in a logical way, such as using a keycard to unlock"
c0baa96f,reflexion_tw,25,12,unlock cuboid safe with cuboid keycard,1.0,1,1,True,"reflection=The world may reward using items in a logical way to interact with objects, such as using a keycard to unlock a safe, and exploration of objects and t"
c0baa96f,reflexion_tw,26,0,look,0.0,0,1,False,"reflection=The score is currently 0, so I have no idea what this world rewards yet. I'll have to try different actions and observe the score feedback to learn mo"
c0baa96f,reflexion_tw,26,1,examine chest,0.0,0,1,False,"reflection=The score is still 0, so I still don't know what this world rewards, but trying to examine objects might give me a clue"
c0baa96f,reflexion_tw,26,2,go north,0.0,0,1,False,"reflection=The score doesn't seem to reward examining objects, so maybe it rewards exploration or movement"
c0baa96f,reflexion_tw,26,3,go south,0.0,0,1,False,"reflection=The score might reward exploration or movement, as examining objects didn't have an effect"
c0baa96f,reflexion_tw,26,4,close chest,0.0,0,1,False,"reflection=The score might reward interaction with objects or environments in ways beyond just examining them, such as closing or opening things, since basic mov"
c0baa96f,reflexion_tw,26,5,close gate,0.0,0,1,False,"reflection=The score might reward interaction with various objects or environments beyond basic examination, possibly requiring a sequence of actions or specific"
c0baa96f,reflexion_tw,26,6,open gate,0.0,0,1,False,"reflection=The world might reward reversing previous actions or exploring different states of objects, suggesting a trial-and-error approach to discover what aff"
c0baa96f,reflexion_tw,26,7,examine gate,0.0,0,1,False,"reflection=The world might reward interaction with objects or examining the environment closely, in addition to reversing previous actions or exploring different"
c0baa96f,reflexion_tw,26,8,look,0.0,0,1,False,"reflection=The world might reward exploration and examination of objects, but it's unclear what specific actions raise the score. Trying new commands and observi"
c0baa96f,reflexion_tw,26,9,examine chest,0.0,0,1,False,"reflection=The world might reward interaction with specific objects, such as the chest, rather than just exploring or examining generic features like gates or th"
c0baa96f,reflexion_tw,26,10,open chest,0.0,0,1,False,"reflection=The world might reward specific interactions with objects, especially those that seem significant like the chest, and not just generic actions or exam"
c0baa96f,reflexion_tw,26,11,examine chest,0.0,0,1,False,"reflection=The world seems to reward specific, targeted interactions rather than general actions. It's possible that each object or location has a specific seque"
c0baa96f,reflexion_tw,26,12,inventory,0.0,0,1,False,"reflection=The world seems to reward specific, targeted interactions rather than general actions, and it's possible that managing or checking one's inventory is "
c0baa96f,reflexion_tw,26,13,go north,0.0,0,1,False,"reflection=The world may reward exploration and movement between locations, as opposed to just interacting with objects in the current location."
c0baa96f,reflexion_tw,26,14,examine stand,0.0,0,1,False,"reflection=The world may reward exploration and movement between locations, as well as examining objects in the current location to gather more information."
c0baa96f,reflexion_tw,26,15,go south,0.0,0,1,False,"reflection=The world may reward exploration and movement between locations, as well as examining objects in the current location to gather more information. Move"
c0baa96f,reflexion_tw,26,16,examine gate,0.0,0,1,False,"reflection=The world may reward exploration and movement between locations, as well as examining objects in the current location to gather more information. Sinc"
c0baa96f,reflexion_tw,26,17,examine gate,0.0,0,1,False,"reflection=Trying new, unattempted actions in the current location could be key to increasing the score."
c0baa96f,reflexion_tw,26,18,close gate,0.0,0,1,False,"reflection=The world might reward interacting with objects in new ways, especially changing their state."
c0baa96f,reflexion_tw,26,19,examine chest,0.0,0,1,False,reflection=The world might reward interacting with new objects or changing the state of objects that I haven't tried before.
c0baa96f,reflexion_tw,26,20,close chest,0.0,0,1,False,"reflection=The world might reward changing the state of objects, especially if it's a new action on an object that I've already examined."
c0baa96f,reflexion_tw,26,21,open chest,0.0,0,1,False,"reflection=The world might reward changing the state of objects, especially if it's a new action on an object that I've already examined, and possibly favors ope"
c0baa96f,reflexion_tw,26,22,examine chest,0.0,0,1,False,"reflection=The world might reward interacting with objects in a sequence, such as opening followed by examining, and favors exploration over repetition."
c0baa96f,reflexion_tw,26,23,look,0.0,0,1,False,"reflection=The world might reward exploring different locations or interacting with various objects in a sequence, rather than repeating actions on the same obje"
c0baa96f,reflexion_tw,26,24,go north,0.0,0,1,False,"reflection=The world might reward exploring different locations, as repeating actions on the same object (like the chest) doesn't seem to yield progress or score"
c0baa96f,reflexion_tw,26,25,inventory,0.0,0,1,False,"reflection=The world might reward exploring different locations or trying new actions, as repetition doesn't seem to yield progress or score increases."
c0baa96f,reflexion_tw,26,26,examine stand,0.0,0,1,False,"reflection=The world might reward exploring different locations or interacting with new objects, as repetition of actions on the same object doesn't seem to yiel"
c0baa96f,reflexion_tw,26,27,go south,0.0,0,1,False,"reflection=The world seems to reward movement and exploration of new areas, as staying in one place and repeating actions doesn't increase the score."
c0baa96f,reflexion_tw,26,28,examine gate,0.0,0,1,False,"reflection=The world seems to reward movement and exploration of new areas, and possibly interacting with new objects or features, as staying in one place and re"
c0baa96f,reflexion_tw,26,29,open gate,0.0,0,1,False,"reflection=The world seems to reward movement, exploration, and interaction with new objects or features, possibly with a focus on progressing through obstacles "
c0baa96f,reflexion_tw,27,0,look,0.0,0,1,False,"reflection=The score is currently 0, so I have no indication of what raises the score yet. I'll start with a basic action like examining my environment."
c0baa96f,reflexion_tw,27,1,examine trunk,0.0,0,1,False,"reflection=So far, the score remains 0, suggesting that simply looking around doesn't raise the score. I'll update this as I try more actions."
c0baa96f,reflexion_tw,27,2,go east,0.0,0,1,False,"reflection=So far, the score remains 0, suggesting that simply looking around or examining objects doesn't raise the score. Movement or interaction with the envi"
c0baa96f,reflexion_tw,27,3,take non-euclidean passkey,0.0,0,1,False,"reflection=I suspect that taking or using unique items might raise the score, as simply looking around didn't have an effect. I'll update my understanding if the"
c0baa96f,reflexion_tw,27,4,lock non-euclidean chest with non-euclidean passkey,0.0,0,1,False,reflection=Using unique items in a way that seems intended or logical might raise the score.
c0baa96f,reflexion_tw,27,5,examine non-euclidean passkey,0.0,0,1,False,"reflection=Using unique items in a way that seems intended or logical might raise the score, but it's also possible that understanding the properties of these it"
c0baa96f,reflexion_tw,27,6,unlock non-euclidean chest with non-euclidean passkey,0.0,0,1,False,"reflection=Using unique items in a way that seems intended or logical might raise the score, and understanding the properties of these items is crucial before ta"
c0baa96f,reflexion_tw,27,7,open non-euclidean chest,0.0,0,1,False,"reflection=Using unique items in a way that seems intended or logical might raise the score, and understanding the properties of these items is crucial before ta"
c0baa96f,reflexion_tw,27,8,examine butterfly,0.0,0,1,False,"reflection=Using unique items in a way that seems intended or logical might raise the score, and understanding the properties of these items is crucial before ta"
c0baa96f,reflexion_tw,27,9,examine bowl,0.0,0,1,False,"reflection=Using unique items in a way that seems intended or logical might raise the score, and understanding the properties of these items is crucial before ta"
c0baa96f,reflexion_tw,27,10,put non-euclidean passkey on bowl,0.0,0,1,False,"reflection=Using unique items in a way that seems intended or logical might raise the score, and understanding the properties of these items is crucial before ta"
c0baa96f,reflexion_tw,27,11,examine bowl,0.0,0,1,False,"reflection=Using unique items in a way that seems intended or logical might raise the score, and understanding the properties of these items is crucial before ta"
c0baa96f,reflexion_tw,27,12,look,0.0,0,1,False,"reflection=Using unique items in a way that seems intended or logical might raise the score, and understanding the properties of these items is crucial before ta"
c0baa96f,reflexion_tw,27,13,examine gate,0.0,0,1,False,"reflection=Using unique items in a way that seems intended or logical might raise the score, and understanding the properties of these items is crucial before ta"
c0baa96f,reflexion_tw,27,14,open gate,0.0,0,1,False,"reflection=Understanding the properties of objects and locations is crucial, and interacting with them in a logical way may raise the score. I should continue to"
c0baa96f,reflexion_tw,27,15,go north,0.0,0,1,False,reflection=Exploring new locations and interacting with objects in a logical way may raise the score. I should continue to try new actions and observe the score 
c0baa96f,reflexion_tw,27,16,examine suitcase,0.0,0,1,False,"reflection=Exploring new locations, interacting with objects in a logical way, and examining objects in detail may raise the score. I should continue to try new "
c0baa96f,reflexion_tw,27,17,go east,0.0,0,1,False,"reflection=Exploring new locations, interacting with objects in a logical way, and examining objects in detail may raise the score, and it's possible that intera"
c0baa96f,reflexion_tw,27,18,go west,0.0,0,1,False,"reflection=Exploring new locations and following suggested actions may raise the score, in addition to interacting with objects in a logical way and examining ob"
c0baa96f,reflexion_tw,27,19,go south,0.0,0,1,False,"reflection=Exploring new locations, following suggested actions, and interacting with objects in a logical way may raise the score. The fact that examining the s"
c0baa96f,reflexion_tw,27,20,take non-euclidean passkey from bowl,0.0,0,1,False,"reflection=The world seems to reward interaction with unique objects and possibly movement towards unguarded or open paths, rather than just examining things."
c0baa96f,reflexion_tw,27,21,insert non-euclidean passkey into non-euclidean chest,0.0,0,1,False,"reflection=The world seems to reward interaction with unique objects, especially when using one unique object on another, and possibly movement towards unguarded"
c0baa96f,reflexion_tw,27,22,examine non-euclidean chest,0.0,0,1,False,"reflection=The world seems to reward interaction with unique objects, especially when using one unique object on another, and possibly movement towards unguarded"
c0baa96f,reflexion_tw,27,23,examine butterfly,0.0,0,1,False,"reflection=The world seems to reward interaction with unique objects, especially when using one unique object on another, and possibly movement towards unguarded"
c0baa96f,reflexion_tw,27,24,go north,0.0,0,1,False,"reflection=The score rises when you interact with unique objects, especially when using one unique object on another, and possibly movement towards unguarded or "
c0baa96f,reflexion_tw,27,25,close suitcase,0.0,0,1,False,"reflection=The score might rise when interacting with objects in a way that changes their state, such as closing an open object, in addition to using unique obje"
c0baa96f,reflexion_tw,27,26,examine gate,0.0,0,1,False,"reflection=The score might rise when interacting with objects in a way that changes their state or when exploring new paths, but examining objects might also be "
c0baa96f,reflexion_tw,27,27,close gate,0.0,0,1,False,"reflection=The score might rise when interacting with objects in a way that changes their state, such as opening or closing, and exploring new paths, but examini"
c0baa96f,reflexion_tw,27,28,open gate,0.0,0,1,False,"reflection=The world might reward altering the state of objects or exploring new areas, but so far, only a few actions have been tried without success, suggestin"
c0baa96f,reflexion_tw,27,29,go east,0.0,0,1,False,"reflection=The world might reward exploration of new areas or specific interactions with objects that haven't been tried yet, such as examining or opening the su"
c0baa96f,reflexion_tw,28,0,look,0.0,0,1,False,"reflection=The world might reward exploration and information gathering, as there's no clear objective given."
c0baa96f,reflexion_tw,28,1,examine cd,0.0,0,1,False,"reflection=The world might reward exploration, information gathering, and interaction with objects, as there's no clear objective given and I need to try differe"
c0baa96f,reflexion_tw,28,2,examine gateway,0.0,0,1,False,"reflection=The world might reward exploration and interaction with specific objects or areas, as examining the cd didn't yield any progress, suggesting that the "
c0baa96f,reflexion_tw,28,3,open gateway,0.0,0,1,False,"reflection=The world might reward exploration and interaction with specific objects or areas, particularly those that can be opened or manipulated, as simply exa"
c0baa96f,reflexion_tw,28,4,go south,0.0,0,1,False,"reflection=The world might reward exploration of new areas or interaction with specific objects like 'cd', as opening the gateway did not yield progress, suggest"
c0baa96f,reflexion_tw,28,5,go north,0.0,0,1,False,"reflection=The world might reward exploration of new areas, as the score didn't change after opening the gateway, suggesting that physical movement or discovery "
c0baa96f,reflexion_tw,28,6,go west,0.0,0,1,False,"reflection=The world might reward exploration of new areas or interaction with objects, as the score didn't change after opening the gateway."
c0baa96f,reflexion_tw,28,7,go east,0.0,0,1,False,"reflection=The world might reward interaction with specific objects or exploration of new areas, but it's unclear what specific actions are valued."
c0baa96f,reflexion_tw,28,8,examine cd,0.0,0,1,False,"reflection=The world might reward interaction with specific objects, such as the cd, and exploration of new areas, but it's still unclear what specific actions a"
c0baa96f,reflexion_tw,28,9,take cd,0.0,0,1,False,"reflection=The world might reward possession or manipulation of specific objects, such as the cd, in addition to exploration."
c0baa96f,reflexion_tw,28,10,examine gateway,0.0,0,1,False,"reflection=The world might reward exploration and examination of specific objects or locations, such as gateways, in addition to possession or manipulation of ob"
c0baa96f,reflexion_tw,28,11,go south,0.0,0,1,False,"reflection=The world might reward not just examination, but also interaction with objects or locations, and potentially, movement to new areas could uncover more"
c0baa96f,reflexion_tw,28,12,close gateway,0.0,0,1,False,"reflection=The world might reward not just examination and movement, but also manipulation of objects or environment, such as closing the gateway or dropping the"
c0baa96f,reflexion_tw,28,13,look,0.0,0,1,False,"reflection=The world might reward not just examination and movement, but also manipulation of objects or environment, and possibly interacting with objects in di"
c0baa96f,reflexion_tw,28,14,open gateway,0.0,0,1,False,"reflection=The world might reward interaction with the environment, such as opening closed pathways or examining locations thoroughly, in addition to manipulatin"
c0baa96f,reflexion_tw,28,15,examine cd,0.0,0,1,False,"reflection=The world might reward interaction with objects, especially those in the inventory, in addition to environmental interactions."
c0baa96f,reflexion_tw,28,16,go east,0.0,0,1,False,"reflection=The world might reward exploration and interaction with the environment, as my previous actions focusing on the inventory and examining objects didn't"
c0baa96f,reflexion_tw,28,17,put cd on mantle,0.0,0,1,False,"reflection=The world might reward intentional placement or arrangement of objects, in addition to exploration and interaction with the environment."
c0baa96f,reflexion_tw,28,18,examine mantle,0.0,0,1,False,"reflection=The world might reward intentional placement or arrangement of objects, in addition to exploration and interaction with the environment, and possibly "
c0baa96f,reflexion_tw,28,19,take cd from mantle,0.0,0,1,False,"reflection=The world might reward intentional placement or arrangement of objects, in addition to exploration and interaction with the environment, and possibly "
c0baa96f,reflexion_tw,28,20,examine armchair,0.0,0,1,False,"reflection=The world might reward exploration and examination of new objects, in addition to intentional placement or arrangement of objects."
c0baa96f,reflexion_tw,28,21,put cd on armchair,0.0,0,1,False,"reflection=The world might reward exploration, examination, and intentional placement of objects, especially when combining them in new ways."
c0baa96f,reflexion_tw,28,22,examine cd,0.0,0,1,False,"reflection=The world might reward exploration, examination, and intentional placement of objects, especially when combining them in new ways or examining them in"
c0baa96f,reflexion_tw,28,23,go west,0.0,0,1,False,"reflection=The world might reward exploration, examination, and intentional placement of objects, especially when combining them in new ways or examining them in"
c0baa96f,reflexion_tw,28,24,examine gateway,0.0,0,1,False,"reflection=The world might reward careful examination of objects and pathways before attempting to use them, as initial attempts at movement didn't yield progres"
c0baa96f,reflexion_tw,28,25,examine gateway,0.0,0,1,False,"reflection=The world might reward careful examination of objects and pathways before attempting to use them, and it's possible that examining the gateway again c"
c0baa96f,reflexion_tw,28,26,look,0.0,0,1,False,"reflection=The world might reward careful examination but also seems to value exploring different actions or locations, as repeated actions don't necessarily inc"
c0baa96f,reflexion_tw,28,27,go east,0.0,0,1,False,"reflection=The world seems to reward exploring different locations or trying new actions, as repeating the same actions or going to the same location doesn't inc"
c0baa96f,reflexion_tw,28,28,take cd from armchair,0.0,0,1,False,"reflection=The world seems to reward exploring different locations or trying new actions, and might also value interacting with different parts of the environmen"
c0baa96f,reflexion_tw,28,29,examine cd,0.0,0,1,False,"reflection=The world seems to reward exploring different locations, trying new actions, and interacting with objects and environments, especially those that have"
c0baa96f,reflexion_tw,29,0,examine chest,0.0,0,1,False,"reflection=The world might reward interaction with objects, especially those that seem to have a clear purpose or affinity, like a key and a lock."
c0baa96f,reflexion_tw,29,1,unlock chest with latchkey,0.0,0,1,False,"reflection=The world might reward interaction with objects, especially those that seem to have a clear purpose or affinity, like a key and a lock. Trying to use "
c0baa96f,reflexion_tw,29,2,open chest,0.0,0,1,False,"reflection=The world might reward sequential interactions with objects, where using an object on another leads to progress or new opportunities. Unlocking and th"
c0baa96f,reflexion_tw,29,3,take fresh laundry scented key from chest,0.0,0,1,False,"reflection=The world might reward sequential interactions with objects, where using an object on another leads to progress or new opportunities, and also might v"
c0baa96f,reflexion_tw,29,4,go west,0.0,0,1,False,"reflection=The world might reward sequential interactions with objects, where using an object on another leads to progress or new opportunities, and also might v"
c0baa96f,reflexion_tw,29,5,examine gate,0.0,0,1,False,"reflection=The world might reward sequential interactions with objects, where using an object on another leads to progress or new opportunities, and also might v"
c0baa96f,reflexion_tw,29,6,open gate,0.0,0,1,False,"reflection=The world might reward using objects in context, such as using keys on locked objects like gates. It also seems that exploration and examining objects"
c0baa96f,reflexion_tw,29,7,look,0.0,0,1,False,"reflection=The world might reward exploration and examining objects before use, and using objects in context. It's also possible that moving in certain direction"
c0baa96f,reflexion_tw,29,8,go east,0.0,0,1,False,"reflection=The world might reward exploration, examining objects before use, using objects in context, and potentially interacting with the environment in specif"
c0baa96f,reflexion_tw,29,9,examine chest,0.0,0,1,False,"reflection=The world might reward exploration, examining objects before use, using objects in context, and potentially interacting with the environment in specif"
c0baa96f,reflexion_tw,29,10,examine chest,0.0,0,1,False,reflection=The world rewards exploration and examining objects before use. It also values understanding the state of objects and their potential uses. I should c
c0baa96f,reflexion_tw,29,11,insert fresh laundry scented key into chest,0.0,0,1,False,"reflection=The world may reward using objects in context, such as using keys with locks or chests, in addition to exploration and examination."
c0baa96f,reflexion_tw,29,12,close chest,0.0,0,1,False,"reflection=The world may reward using objects in context and exploring different interactions with objects, such as opening or closing containers after inserting"
c0baa96f,reflexion_tw,29,13,lock chest with latchkey,0.0,0,1,False,"reflection=The world may reward using objects in context, especially using keys for locking or unlocking, and exploring different interactions with containers an"
c0baa96f,reflexion_tw,29,14,unlock chest with latchkey,0.0,0,1,False,"reflection=The world may reward using objects in context, especially using keys for locking or unlocking, and exploring different interactions with containers an"
c0baa96f,reflexion_tw,29,15,open chest,0.0,0,1,False,"reflection=The world may reward not just the use of objects in context but also the exploration of the consequences of those actions, such as what happens after "
c0baa96f,reflexion_tw,29,16,go west,0.0,0,1,False,"reflection=The world may reward exploration and the use of objects in different contexts, rather than just acquiring them."
c0baa96f,reflexion_tw,29,17,go south,0.0,0,1,False,"reflection=The world may reward exploration of new areas and using objects in different contexts, rather than just acquiring them. It doesn't seem to reward repe"
c0baa96f,reflexion_tw,29,18,put latchkey on mantelpiece,0.0,0,1,False,"reflection=The world may reward creative and contextual use of objects, rather than just carrying or acquiring them. Exploration of new areas is still a possibil"
c0baa96f,reflexion_tw,29,19,examine mantelpiece,0.0,0,1,False,"reflection=The world may reward creative and contextual use of objects, and also examining the consequences of previous actions to understand their impact."
c0baa96f,reflexion_tw,29,20,examine latchkey,0.0,0,1,False,"reflection=The world may reward examining objects in detail, especially after placing them in specific locations, to understand their properties and potential us"
c0baa96f,reflexion_tw,29,21,examine latchkey,0.0,0,1,False,"reflection=The world may reward examining objects in detail, especially after placing them in specific locations, and interacting with objects that are mentioned"
c0baa96f,reflexion_tw,29,22,look,0.0,0,1,False,"reflection=The world may reward examining objects in detail, especially after placing them in specific locations, and interacting with objects that are mentioned"
c0baa96f,reflexion_tw,29,23,take latchkey from mantelpiece,0.0,0,1,False,"reflection=The world may reward examining objects in detail, especially after placing them in specific locations, and interacting with objects that are mentioned"
c0baa96f,reflexion_tw,29,24,go north,0.0,0,1,False,"reflection=The world may reward examining objects in detail, exploring new locations, and interacting with previously untried objects, but it doesn't seem to rew"
c0baa96f,reflexion_tw,29,25,examine gate,0.0,0,1,False,"reflection=The world may reward examining objects in detail, exploring new locations, and interacting with previously untried objects, but it doesn't seem to rew"
c0baa96f,reflexion_tw,29,26,go east,0.0,0,1,False,"reflection=The world may reward exploring new locations and trying new actions, especially when the current location has been somewhat explored. Repeating action"
c0baa96f,reflexion_tw,29,27,take fresh laundry scented key from chest,0.0,0,1,False,"reflection=The world seems to reward exploring new locations and trying new, unique actions, especially when the current location has been somewhat explored. It "
c0baa96f,reflexion_tw,29,28,examine chest,0.0,0,1,False,"reflection=The world seems to reward exploring new locations, trying new unique actions, and interacting with objects in various ways. It also seems beneficial t"
c0baa96f,reflexion_tw,29,29,insert latchkey into chest,0.0,0,1,False,"reflection=The world seems to reward exploring new locations, trying new unique actions, and interacting with objects in various ways, especially using items in "
c0baa96f,reflexion_tw,30,0,look,0.0,0,1,False,reflection=I have learned that I need to examine the objects and environment to understand what this world rewards.
c0baa96f,reflexion_tw,30,1,examine safe,0.0,0,1,False,"reflection=I have learned that examining objects and environments is crucial, and now I suspect that interacting with the safe in a meaningful way might be rewar"
c0baa96f,reflexion_tw,30,2,open safe,0.0,0,1,False,reflection=I suspect that using items in my inventory to interact with objects in the environment might raise my score.
c0baa96f,reflexion_tw,30,3,examine blender,0.0,0,1,False,"reflection=I suspect that using items in my inventory to interact with objects in the environment, and examining newly revealed objects, might raise my score."
c0baa96f,reflexion_tw,30,4,take blender from safe,0.0,0,1,False,"reflection=Using items in my inventory to interact with objects in the environment, examining newly revealed objects, and possibly manipulating objects in the en"
c0baa96f,reflexion_tw,30,5,go west,0.0,0,1,False,"reflection=Using items in my inventory to interact with objects in the environment, examining newly revealed objects, and possibly manipulating objects in the en"
c0baa96f,reflexion_tw,30,6,examine trunk,0.0,0,1,False,"reflection=Using items in my inventory to interact with objects in the environment, examining newly revealed objects, and possibly manipulating objects in the en"
c0baa96f,reflexion_tw,30,7,open trunk,0.0,0,1,False,"reflection=Using items in my inventory to interact with objects in the environment, examining newly revealed objects, and possibly manipulating objects in the en"
c0baa96f,reflexion_tw,30,8,examine basket,0.0,0,1,False,"reflection=Using items in my inventory to interact with objects in the environment, examining newly revealed objects, and possibly manipulating objects in the en"
c0baa96f,reflexion_tw,30,9,insert blender into basket,1.0,1,1,True,"reflection=Using items in my inventory to interact with newly opened containers, like the basket, might be particularly rewarding and could raise my score. I sho"
c0baa96f,reflexion_tw,31,0,examine rectangular box,0.0,0,1,False,"reflection=The world may reward interaction with objects, especially using items in my inventory."
c0baa96f,reflexion_tw,31,1,open rectangular box,0.0,0,1,False,"reflection=The world may reward using items in my inventory on relevant objects, such as the rectangular latchkey on the rectangular box."
c0baa96f,reflexion_tw,31,2,examine key,0.0,0,1,False,"reflection=The world may reward using items in my inventory on relevant objects, such as the rectangular latchkey on the rectangular box, and examining items to "
c0baa96f,reflexion_tw,31,3,insert rectangular latchkey into rectangular box,0.0,0,1,False,"reflection=The world may reward using items in my inventory on relevant objects, such as the rectangular latchkey on the rectangular box, and examining items to "
c0baa96f,reflexion_tw,31,4,look,0.0,0,1,False,"reflection=The world may reward exploration and understanding of the environment, in addition to using items correctly. It's possible that the score will rise wh"
c0baa96f,reflexion_tw,31,5,take key from rectangular box,0.0,0,1,False,"reflection=The world may reward interacting with objects in a meaningful way, such as taking items, in addition to exploration and understanding the environment."
c0baa96f,reflexion_tw,31,6,go east,0.0,0,1,False,"reflection=The world may reward interacting with objects in a meaningful way and exploration, but taking a key alone might not be enough; using the key or moving"
c0baa96f,reflexion_tw,31,7,open safe,0.0,0,1,False,"reflection=The world may reward using objects for their intended purpose, such as using a key to unlock something, in addition to exploration."
c0baa96f,reflexion_tw,31,8,insert key into safe,0.0,0,1,False,reflection=Using objects for their intended purpose and exploration may raise the score.
c0baa96f,reflexion_tw,31,9,examine safe,0.0,0,1,False,"reflection=Using objects for their intended purpose, exploration, and examining objects after interacting with them may raise the score."
c0baa96f,reflexion_tw,31,10,examine key,0.0,0,1,False,"reflection=Using objects for their intended purpose, exploration, and examining objects after interacting with them may raise the score, and I should consider th"
c0baa96f,reflexion_tw,31,11,examine portal,0.0,0,1,False,"reflection=Using objects for their intended purpose, exploration, examining objects after interacting with them, and considering alternative uses for objects may"
c0baa96f,reflexion_tw,31,12,go west,0.0,0,1,False,"reflection=Exploration and considering alternative paths may raise the score, in addition to using objects for their intended purpose and examining objects after"
c0baa96f,reflexion_tw,31,13,examine rectangular box,0.0,0,1,False,"reflection=Exploration, examining objects, and using objects for their intended purpose may raise the score, and interacting with containers and their contents c"
c0baa96f,reflexion_tw,31,14,take rectangular latchkey from rectangular box,0.0,0,1,False,"reflection=Exploration, examining objects, and using objects for their intended purpose may raise the score, and interacting with containers and their contents c"
c0baa96f,reflexion_tw,31,15,examine rectangular latchkey,0.0,0,1,False,"reflection=Exploration, examining objects, using objects for their intended purpose, interacting with containers and their contents, and acquiring objects from c"
c0baa96f,reflexion_tw,31,16,go east,0.0,0,1,False,"reflection=Exploration and using objects for their intended purpose are likely key to progressing, and the score may also reward understanding the properties or "
c0baa96f,reflexion_tw,31,17,examine key,0.0,0,1,False,"reflection=Understanding the properties or functions of acquired items and interacting with new locations are likely key to progressing, and the score may also r"
c0baa96f,reflexion_tw,31,18,insert rectangular latchkey into safe,0.0,0,1,False,reflection=Understanding the properties or functions of acquired items and interacting with new locations or objects in contextually appropriate ways are likely 
c0baa96f,reflexion_tw,31,19,examine safe,0.0,0,1,False,"reflection=Understanding the properties or functions of acquired items, interacting with new locations or objects in contextually appropriate ways, and utilizing"
c0baa96f,reflexion_tw,31,20,examine portal,0.0,0,1,False,"reflection=The score may reward exploring new locations, utilizing items in their intended functions, and understanding the properties or functions of acquired i"
c0baa96f,reflexion_tw,31,21,examine portal,0.0,0,1,False,"reflection=The world may reward examining objects or locations to understand their properties or functions, especially when they are in a state that suggests int"
c0baa96f,reflexion_tw,31,22,look,0.0,0,1,False,"reflection=The world may reward examining objects or locations to understand their properties or functions, and also exploring the environment to find clues or u"
c0baa96f,reflexion_tw,31,23,take key from safe,0.0,0,1,False,"reflection=The world may reward examining objects or locations, exploring the environment, and interacting with objects in a meaningful way, such as taking items"
c0baa96f,reflexion_tw,31,24,examine key,0.0,0,1,False,"reflection=The world may reward examining objects or locations, exploring the environment, and interacting with objects in a meaningful way, such as taking items"
c0baa96f,reflexion_tw,31,25,examine key,0.0,0,1,False,"reflection=The world may reward examining objects or locations, especially when they have unique descriptions or properties, such as the key being heavier than i"
c0baa96f,reflexion_tw,31,26,go west,0.0,0,1,False,"reflection=The world may reward interacting with objects in meaningful ways, such as using keys or examining unique features, rather than simply examining the sa"
c0baa96f,reflexion_tw,31,27,insert key into rectangular box,0.0,0,1,False,"reflection=The world may reward using items in contextually appropriate ways, such as using a key with a lock or a box, rather than just carrying them around."
c0baa96f,reflexion_tw,31,28,examine rectangular box,0.0,0,1,False,reflection=The world may reward using items in contextually appropriate ways and examining objects after interacting with them to understand their state or to fi
c0baa96f,reflexion_tw,31,29,take key from rectangular box,0.0,0,1,False,"reflection=The world may reward using items in contextually appropriate ways, examining objects after interacting with them, and acquiring items from their conta"
c0baa96f,reflexion_tw,32,0,examine nest of insects,0.0,0,1,False,"reflection=I have no idea what this world rewards yet, so I'll start by examining the items in my inventory to gather more information."
c0baa96f,reflexion_tw,32,1,put nest of insects on mantelpiece,0.0,0,1,False,"reflection=So far, examining items doesn't seem to raise the score, but maybe interacting with the environment or arranging items will."
c0baa96f,reflexion_tw,32,2,open hatch,0.0,0,1,False,"reflection=So far, examining items doesn't seem to raise the score, but maybe interacting with the environment, such as opening or manipulating objects, will hav"
c0baa96f,reflexion_tw,32,3,go north,0.0,0,1,False,"reflection=Interacting with the environment, such as opening or manipulating objects, and possibly exploration, might have a positive effect on the score."
c0baa96f,reflexion_tw,32,4,examine durian,0.0,0,1,False,"reflection=Interacting with objects in the environment, such as examining or manipulating them, and possibly exploration, might have a positive effect on the sco"
c0baa96f,reflexion_tw,32,5,take durian,0.0,0,1,False,"reflection=Interacting with objects in the environment, such as examining, manipulating, or taking them, and possibly exploration, might have a positive effect o"
c0baa96f,reflexion_tw,32,6,put durian on board,0.0,0,1,False,"reflection=The world seems to reward interacting with objects in a meaningful way, possibly including using or placing them in specific locations, in addition to"
c0baa96f,reflexion_tw,32,7,examine board,0.0,0,1,False,"reflection=The world seems to reward interacting with objects in a meaningful way, possibly including using or placing them in specific locations, in addition to"
c0baa96f,reflexion_tw,32,8,take durian from board,0.0,0,1,False,"reflection=The world may reward specific interactions with objects or their placement in certain contexts, and exploration of the environment could also be key t"
c0baa96f,reflexion_tw,32,9,eat durian,1.0,1,1,True,"reflection=The world may reward interactions that involve using or consuming objects, in addition to exploring the environment and placing objects in specific co"
c0baa96f,reflexion_tw,33,0,examine locker,0.0,0,1,False,"reflection=The world might reward interaction with objects or exploration of the environment, as indicated by the presence of a latchkey and a locker."
c0baa96f,reflexion_tw,33,1,open locker,0.0,0,1,False,"reflection=The world might reward using items in inventory to interact with the environment, especially when there's a clear connection like a key and a lock."
c0baa96f,reflexion_tw,33,2,examine fly larva,0.0,0,1,False,"reflection=The world might reward using items in inventory to interact with the environment, and examining objects or creatures could provide clues or increase t"
c0baa96f,reflexion_tw,33,3,insert latchkey into locker,0.0,0,1,False,"reflection=The world might reward using items in inventory to interact with the environment in specific ways, such as unlocking or opening things, in addition to"
c0baa96f,reflexion_tw,33,4,take latchkey from locker,0.0,0,1,False,"reflection=The world might reward using items in inventory to interact with the environment in specific ways, such as unlocking or opening things, and also poten"
c0baa96f,reflexion_tw,33,5,examine latchkey,0.0,0,1,False,"reflection=The world might reward using items in inventory to interact with the environment in specific ways, such as unlocking or opening things, and also poten"
c0baa96f,reflexion_tw,33,6,go east,0.0,0,1,False,"reflection=The world might reward using items in inventory to interact with the environment in specific ways, such as unlocking or opening things, and also poten"
c0baa96f,reflexion_tw,33,7,go north,0.0,0,1,False,"reflection=The world might reward using items in inventory to interact with the environment in specific ways, such as unlocking or opening things, and also poten"
c0baa96f,reflexion_tw,33,8,take mug,0.0,0,1,False,"reflection=The world might reward using items in inventory to interact with the environment in specific ways, such as unlocking or opening things, and also poten"
c0baa96f,reflexion_tw,33,9,examine mug,0.0,0,1,False,"reflection=The world might reward using items in inventory to interact with the environment in specific ways, such as unlocking or opening things, and also poten"
c0baa96f,reflexion_tw,33,10,look,0.0,0,1,False,"reflection=The world might reward using items in inventory to interact with the environment in specific ways, such as unlocking or opening things, and also poten"
c0baa96f,reflexion_tw,33,11,go south,0.0,0,1,False,"reflection=The world might reward exploration of new locations, using items in inventory to interact with the environment, and manipulating objects in the enviro"
c0baa96f,reflexion_tw,33,12,go west,0.0,0,1,False,"reflection=The world might reward exploration of new locations, using items in inventory to interact with the environment, and manipulating objects in the enviro"
c0baa96f,reflexion_tw,33,13,go east,0.0,0,1,False,"reflection=The world might reward exploration of new locations, using items in inventory to interact with the environment, and manipulating objects in the enviro"
c0baa96f,reflexion_tw,33,14,examine latchkey,0.0,0,1,False,"reflection=The world might reward exploration of new locations, using items in inventory to interact with the environment, and manipulating objects in the enviro"
c0baa96f,reflexion_tw,33,15,go north,0.0,0,1,False,"reflection=The world might reward exploration of new locations, using items in inventory to interact with the environment, and manipulating objects in the enviro"
c0baa96f,reflexion_tw,33,16,drop latchkey,0.0,0,1,False,"reflection=The world might reward manipulation of items in the environment, such as dropping or using them in a specific context, rather than just carrying them "
c0baa96f,reflexion_tw,33,17,examine mug,0.0,0,1,False,"reflection=The world might reward specific interactions with items, such as examining or using them, rather than just carrying or dropping them."
c0baa96f,reflexion_tw,33,18,look,0.0,0,1,False,"reflection=The world might reward detailed examination or manipulation of objects, especially those that are described as having distinct characteristics, like t"
c0baa96f,reflexion_tw,33,19,take latchkey,0.0,0,1,False,"reflection=The world might reward collecting or manipulating objects, especially those that are mentioned as being on the floor or having a specific purpose, lik"
c0baa96f,reflexion_tw,33,20,go south,0.0,0,1,False,"reflection=The world might reward exploration and interacting with new locations or objects, in addition to collecting or manipulating items."
c0baa96f,reflexion_tw,33,21,go south,0.0,0,1,False,"reflection=The world might reward exploration of new locations, especially since interacting with items or going to previously tried locations didn't increase th"
c0baa96f,reflexion_tw,33,22,go north,0.0,0,1,False,reflection=The world likely rewards exploration of new locations and possibly interacting with new objects or environments.
c0baa96f,reflexion_tw,33,23,drop latchkey,0.0,0,1,False,"reflection=The world likely rewards exploration of new locations, interacting with new objects or environments, and possibly using items in my inventory in a mea"
c0baa96f,reflexion_tw,33,24,examine latchkey,0.0,0,1,False,"reflection=The world likely rewards exploration of new locations, interacting with new objects or environments, and possibly using items in my inventory in a mea"
c0baa96f,reflexion_tw,33,25,take latchkey,0.0,0,1,False,"reflection=The world likely rewards exploration of new locations, interacting with new objects or environments, and possibly using items in my inventory in a mea"
c0baa96f,reflexion_tw,33,26,go west,0.0,0,1,False,"reflection=The world likely rewards exploration of new locations, interacting with new objects or environments, using items in my inventory in a meaningful way, "
c0baa96f,reflexion_tw,33,27,examine pear,0.0,0,1,False,"reflection=The world likely rewards exploration of new locations, interacting with new objects or environments, using items in my inventory in a meaningful way, "
c0baa96f,reflexion_tw,33,28,take pear,0.0,0,1,False,"reflection=The world likely rewards exploration of new locations, interacting with new objects or environments, using items in my inventory in a meaningful way, "
c0baa96f,reflexion_tw,33,29,insert latchkey into locker,0.0,0,1,False,"reflection=The world likely rewards exploration of new locations, interacting with new objects or environments, using items in my inventory in a meaningful way, "
c0baa96f,reflexion_tw,34,0,look,0.0,0,1,False,"reflection=I have no idea what this world rewards yet, so I'll have to wait for score feedback to infer anything."
c0baa96f,reflexion_tw,34,1,take glass,0.0,0,1,False,"reflection=I still have no idea what this world rewards, but interacting with objects might be a good starting point"
c0baa96f,reflexion_tw,34,2,examine glass,0.0,0,1,False,"reflection=This world might reward examining or understanding the properties of objects, in addition to interacting with them."
c0baa96f,reflexion_tw,34,3,go north,0.0,0,1,False,reflection=This world might reward exploring new locations or interacting with the environment in addition to examining objects.
c0baa96f,reflexion_tw,34,4,go east,0.0,0,1,False,reflection=Exploring new locations or interacting with the environment might raise the score.
c0baa96f,reflexion_tw,34,5,examine gummy bear,0.0,0,1,False,"reflection=Exploring new locations or interacting with the environment, especially objects like the gummy bear, might raise the score."
c0baa96f,reflexion_tw,34,6,go west,0.0,0,1,False,"reflection=Exploring new locations or interacting with the environment, especially objects like the gummy bear or suitcase, might raise the score. The score seem"
c0baa96f,reflexion_tw,34,7,go south,0.0,0,1,False,reflection=The score seems to reward exploration and discovery of new areas or objects. Interacting with the environment in different ways might also be benefici
c0baa96f,reflexion_tw,34,8,look,0.0,0,1,False,"reflection=The score seems to reward exploration and discovery of new areas or objects, and possibly interacting with the environment in different ways. I should"
c0baa96f,reflexion_tw,34,9,examine glass,0.0,0,1,False,"reflection=The score seems to reward exploration and discovery of new areas or objects, and possibly interacting with the environment in different ways, especial"
c0baa96f,reflexion_tw,34,10,go north,0.0,0,1,False,"reflection=The score seems to reward exploration and discovery of new areas or objects, and possibly interacting with the environment in different ways, especial"
c0baa96f,reflexion_tw,34,11,drop glass,0.0,0,1,False,reflection=The world likely rewards not just movement but also manipulation of objects and possibly their placement or interaction with the environment. This cou
c0baa96f,reflexion_tw,34,12,take glass,0.0,0,1,False,"reflection=The world may reward specific interactions with objects in certain locations or the state of objects themselves, not just their presence or absence in"
c0baa96f,reflexion_tw,34,13,go east,0.0,0,1,False,"reflection=The world may reward exploration of new locations or interactions with objects in specific contexts, not just the objects themselves."
c0baa96f,reflexion_tw,34,14,take gummy bear from suitcase,0.0,0,1,False,"reflection=The world may reward specific interactions with objects, especially when those objects are in certain contexts or containers, and not just their exami"
c0baa96f,reflexion_tw,34,15,eat gummy bear,1.0,1,1,True,"reflection=The world may reward specific interactions with objects, especially when those objects are in certain contexts or containers, and not just their exami"
c0baa96f,reflexion_tw,35,0,look,0.0,0,1,False,"reflection=I have no idea what raises the score yet, but I'll start by exploring my environment and see if that gives me any clues."
c0baa96f,reflexion_tw,35,1,examine insect,0.0,0,1,False,"reflection=I still have no idea what raises the score, but exploring and examining objects might be a good starting point"
c0baa96f,reflexion_tw,35,2,look,0.0,0,1,False,"reflection=I still have no idea what raises the score, but exploring and examining objects might be a good starting point to learn what this world rewards."
c0baa96f,reflexion_tw,35,3,examine rack,0.0,0,1,False,"reflection=I still believe that exploring and examining objects might raise the score. I'll add that interacting with objects in their environment, like putting "
c0baa96f,reflexion_tw,35,4,put shadfly on rack,0.0,0,1,False,"reflection=I still believe that exploring, examining objects, and interacting with objects in their environment could raise the score, and now I'm adding testing"
c0baa96f,reflexion_tw,35,5,put knife on rack,0.0,0,1,False,"reflection=I still believe that exploring, examining objects, and interacting with objects in their environment could raise the score. Now, I'm focusing on testi"
c0baa96f,reflexion_tw,35,6,examine knife,0.0,0,1,False,"reflection=I still believe exploring and interacting with objects is key, and now I'm adding that examining objects after placing them in their environment could"
c0baa96f,reflexion_tw,35,7,go south,0.0,0,1,False,"reflection=I'm starting to think that this world rewards exploration and discovery of new areas or objects, rather than just examining or manipulating the ones a"
c0baa96f,reflexion_tw,35,8,go north,0.0,0,1,False,"reflection=I'm starting to think that this world rewards exploration and discovery of new areas or objects, and possibly interacting with specific objects or gat"
c0baa96f,reflexion_tw,35,9,take knife from rack,0.0,0,1,False,"reflection=This world might reward specific interactions with objects, particularly those that seem out of place or unusual, like the knife and shadfly in a stea"
c0baa96f,reflexion_tw,35,10,examine insect,0.0,0,1,False,"reflection=This world might reward specific interactions with objects or entities that seem unusual or out of place, and it may require exploring different combi"
c0baa96f,reflexion_tw,35,11,take insect,0.0,0,1,False,"reflection=This world might reward specific interactions with objects or entities that seem unusual or out of place, particularly when they are in a specific sta"
c0baa96f,reflexion_tw,35,12,put insect on rack,0.0,0,1,False,"reflection=This world might reward placing or arranging objects in specific locations or configurations, particularly if those objects are in a certain state or "
c0baa96f,reflexion_tw,35,13,look,0.0,0,1,False,"reflection=This world might reward specific interactions or arrangements of objects, particularly when those objects have been previously manipulated or examined"
c0baa96f,reflexion_tw,35,14,put knife on rack,0.0,0,1,False,"reflection=This world might reward specific interactions or arrangements of objects, particularly when those objects have been previously manipulated or examined"
c0baa96f,reflexion_tw,35,15,go south,0.0,0,1,False,"reflection=This world might reward specific interactions or arrangements of objects, particularly when those objects have been previously manipulated or examined"
c0baa96f,reflexion_tw,35,16,examine dresser,0.0,0,1,False,"reflection=This world may reward detailed examination and manipulation of objects, especially those with distinct characteristics like the vanilla scented gatewa"
c0baa96f,reflexion_tw,35,17,look,0.0,0,1,False,"reflection=This world may reward detailed examination, manipulation, and interaction with objects, especially those with distinct characteristics or potential us"
c0baa96f,reflexion_tw,35,18,examine vanilla scented gateway,0.0,0,1,False,"reflection=This world may reward exploration and interaction with unique or potentially useful objects and pathways, such as the vanilla scented gateway, which c"
c0baa96f,reflexion_tw,35,19,go north,0.0,0,1,False,"reflection=This world may reward persistence and thorough examination of unique features like the vanilla scented gateway, as well as exploring different directi"
c0baa96f,reflexion_tw,35,20,examine knife,0.0,0,1,False,"reflection=This world may reward interacting with specific objects in a particular way or sequence, as initial examinations and movements didn't affect the score"
c0baa96f,reflexion_tw,35,21,take knife from rack,0.0,0,1,False,"reflection=This world may reward specific interactions with objects, particularly taking or manipulating them in certain contexts, as mere examination doesn't se"
c0baa96f,reflexion_tw,35,22,look,0.0,0,1,False,"reflection=This world may reward specific interactions with objects, particularly taking, manipulating, or placing them in certain contexts, and possibly examini"
c0baa96f,reflexion_tw,35,23,take insect from rack,0.0,0,1,False,"reflection=This world may reward interactions with specific creatures or objects in certain contexts, such as taking or manipulating them, and possibly examining"
c0baa96f,reflexion_tw,35,24,examine insect,0.0,0,1,False,"reflection=This world may reward detailed examination of objects or creatures after they have been manipulated or taken, suggesting that understanding the proper"
c0baa96f,reflexion_tw,35,25,examine shadfly,0.0,0,1,False,"reflection=This world may reward detailed examination of various objects or creatures, especially after manipulating or taking them, to understand their properti"
c0baa96f,reflexion_tw,35,26,examine rack,0.0,0,1,False,"reflection=This world may reward detailed examination of various objects or creatures, especially after manipulating or taking them, to understand their properti"
c0baa96f,reflexion_tw,35,27,put insect on rack,0.0,0,1,False,reflection=This world may reward restoring objects to their original state or interacting with unstable environments in a way that stabilizes them
c0baa96f,reflexion_tw,35,28,examine knife,0.0,0,1,False,"reflection=This world may reward restoring objects to their original state, interacting with unstable environments in a way that stabilizes them, or examining ob"
c0baa96f,reflexion_tw,35,29,put knife on rack,0.0,0,1,False,"reflection=This world may reward restoring objects to their original state, interacting with unstable environments in a way that stabilizes them, or examining ob"
c0baa96f,reflexion_tw,36,0,look,0.0,0,1,False,"reflection=I have no idea what this world rewards yet, so I'll have to wait for score feedback to infer anything."
c0baa96f,reflexion_tw,36,1,eat cashew,0.0,0,1,False,"reflection=I still have no idea what this world rewards, but I'll try interacting with my inventory to see if that gives any feedback."
c0baa96f,reflexion_tw,36,2,examine Canadian limited edition gateway,0.0,0,1,False,"reflection=So far, interacting with consumables doesn't seem to raise the score, maybe examining objects or moving will have an effect."
c0baa96f,reflexion_tw,36,3,go north,0.0,0,1,False,"reflection=So far, interacting with objects or consumables doesn't seem to raise the score, maybe movement or exploring different areas will have an effect."
c0baa96f,reflexion_tw,36,4,go south,0.0,0,1,False,"reflection=So far, interacting with objects or consumables doesn't seem to raise the score, maybe movement or exploring different areas will have an effect. I'll"
c0baa96f,reflexion_tw,36,5,go north,0.0,0,1,False,"reflection=Movement or exploring different areas might raise the score, as interacting with objects or consumables didn't have an effect."
c0baa96f,reflexion_tw,36,6,examine Canadian limited edition keycard,0.0,0,1,False,"reflection=Movement or exploring different areas might raise the score, as interacting with objects or consumables didn't have an effect. Trying a new direction "
c0baa96f,reflexion_tw,36,7,look,0.0,0,1,False,"reflection=Trying a new direction or action might be beneficial, as the current actions have not yet progressed the score."
c0baa96f,reflexion_tw,36,8,examine stick of butter,0.0,0,1,False,"reflection=The world might reward interacting with unusual or out-of-place objects, like the stick of butter on a rack."
c0baa96f,reflexion_tw,36,9,take stick of butter from rack,0.0,0,1,False,"reflection=The world might reward interacting with unusual or out-of-place objects in various ways, not just examination. Taking unusual items could be key to pr"
c0baa96f,reflexion_tw,36,10,eat stick of butter,0.0,0,1,False,"reflection=The world might reward unusual or creative interactions with objects, especially those that are out of place or have been recently acquired."
c0baa96f,reflexion_tw,36,11,examine rack,0.0,0,1,False,"reflection=The world might reward unusual or creative interactions with objects, especially those that are out of place or have been recently acquired. Eating th"
c0baa96f,reflexion_tw,36,12,look,0.0,0,1,False,"reflection=The world might reward acquiring or manipulating unusual or unique items, such as the Canadian limited edition keycard, in addition to creative intera"
c0baa96f,reflexion_tw,36,13,look,0.0,0,1,False,"reflection=The world seems to reward acquiring or manipulating unique items, and possibly preparing for future interactions by collecting items that could be use"
c0baa96f,reflexion_tw,36,14,take Canadian limited edition keycard,0.0,0,1,False,"reflection=The world seems to reward acquiring or manipulating unique items, and possibly preparing for future interactions by collecting items that could be use"
c0baa96f,reflexion_tw,36,15,examine Canadian limited edition keycard,0.0,0,1,False,"reflection=The world seems to reward acquiring or manipulating unique items. Examining items might also be beneficial, as it could reveal more information or tri"
c0baa96f,reflexion_tw,36,16,put Canadian limited edition keycard on rack,0.0,0,1,False,"reflection=The world seems to reward acquiring or manipulating unique items, and possibly using them in specific contexts or locations, such as putting items on "
c0baa96f,reflexion_tw,36,17,go south,0.0,0,1,False,"reflection=The world seems to reward acquiring or manipulating unique items, and possibly using them in specific contexts or locations, such as putting items on "
c0baa96f,reflexion_tw,36,18,examine Canadian limited edition gateway,0.0,0,1,False,"reflection=The score rises when you do the right things, and it seems that acquiring or manipulating unique items is important. I need to learn from the score fe"
c0baa96f,reflexion_tw,36,19,inventory,0.0,0,1,False,"reflection=The score seems to reward interaction with unique items and exploration, but it may also require specific actions or combinations of items to progress"
c0baa96f,reflexion_tw,36,20,go north,0.0,0,1,False,reflection=The score may reward exploration of new locations and interaction with unique items or environments.
c0baa96f,reflexion_tw,36,21,take Canadian limited edition keycard from rack,0.0,0,1,False,"reflection=The score may reward exploration of new locations, interaction with unique items or environments, and possibly manipulating objects in the environment"
c0baa96f,reflexion_tw,36,22,examine Canadian limited edition keycard,0.0,0,1,False,"reflection=The score may reward exploration of new locations, interaction with unique items or environments, and possibly manipulating or examining objects in th"
c0baa96f,reflexion_tw,36,23,examine rack,0.0,0,1,False,"reflection=The score may reward interaction with unique items or environments, especially when those items are manipulated or examined in different contexts or l"
c0baa96f,reflexion_tw,36,24,put Canadian limited edition keycard on rack,0.0,0,1,False,"reflection=The score may reward interaction with unique items or environments, especially when those items are manipulated or examined in different contexts or l"
c0baa96f,reflexion_tw,36,25,look,0.0,0,1,False,"reflection=The score may reward thorough examination of environments and items, especially after manipulating them, and not just the manipulation itself."
c0baa96f,reflexion_tw,36,26,examine rack,0.0,0,1,False,"reflection=The score may reward thorough examination of environments and items, especially after manipulating them, and not just the manipulation itself. It's al"
c0baa96f,reflexion_tw,36,27,go south,0.0,0,1,False,"reflection=The score may also reward exploration of the environment, discovering new locations or items could be key to increasing the score."
c0baa96f,reflexion_tw,36,28,look,0.0,0,1,False,"reflection=The score may reward methodical exploration and checking all available options, even if they seem unfruitful at first glance, like examining empty inv"
c0baa96f,reflexion_tw,36,29,inventory,0.0,0,1,False,"reflection=The game may reward meticulousness and attention to detail, including checking seemingly irrelevant or empty items and locations, as this could be a w"
c0baa96f,reflexion_tw,37,0,examine cuboid key,0.0,0,1,False,"reflection=The world may reward interaction with objects and exploration of the environment, as indicated by the presence of examinable objects and a portal that"
c0baa96f,reflexion_tw,37,1,look,0.0,0,1,False,"reflection=The world may reward interaction with specific objects, exploration of new areas, or using items in a meaningful way, as indicated by the presence of "
c0baa96f,reflexion_tw,37,2,go north,0.0,0,1,False,"reflection=The world may reward using items to unlock or interact with objects, as well as exploration of new areas."
c0baa96f,reflexion_tw,37,3,put cuboid key on mantelpiece,0.0,0,1,False,"reflection=The world may reward using items to unlock or interact with objects, as well as exploration of new areas. It's also possible that placing items on spe"
c0baa96f,reflexion_tw,37,4,examine mantelpiece,0.0,0,1,False,"reflection=The world may reward exploration and interaction with specific objects or surfaces, and it's possible that certain items need to be placed on specific"
c0baa96f,reflexion_tw,37,5,put mouse on mantelpiece,0.0,0,1,False,"reflection=The world may reward placing specific items on certain surfaces, such as the mantelpiece, to trigger a score increase."
c0baa96f,reflexion_tw,37,6,examine mouse,0.0,0,1,False,reflection=The world may reward placing specific items on certain surfaces or examining specific items after placing them on surfaces to trigger a score increase
c0baa96f,reflexion_tw,37,7,examine shelf,0.0,0,1,False,"reflection=The world may reward examining specific objects or surfaces in the room, particularly those that haven't been tried yet, to trigger a score increase."
c0baa96f,reflexion_tw,37,8,go south,0.0,0,1,False,"reflection=The world may reward exploring new locations or trying new actions, in addition to examining specific objects or surfaces."
c0baa96f,reflexion_tw,37,9,examine cuboid portal,0.0,0,1,False,"reflection=The world may reward examining specific objects or surfaces, especially those that are closed or seem important like the cuboid portal."
c0baa96f,reflexion_tw,37,10,look,0.0,0,1,False,"reflection=The world may reward examining specific objects or surfaces and possibly interacting with them in various ways, especially those that are closed or se"
c0baa96f,reflexion_tw,37,11,inventory,0.0,0,1,False,"reflection=The world may reward examining specific objects or surfaces and possibly interacting with them in various ways, especially those that are closed or se"
c0baa96f,reflexion_tw,37,12,go north,0.0,0,1,False,"reflection=The world may reward exploring different locations and examining various objects or surfaces, especially those that are new or unexplored. It's also p"
c0baa96f,reflexion_tw,37,13,examine cuboid key,0.0,0,1,False,"reflection=The world may reward examining and interacting with objects, especially those that are mentioned specifically, like the cuboid key and the mouse, whic"
c0baa96f,reflexion_tw,37,14,look,0.0,0,1,False,"reflection=The world may reward examining and interacting with objects, especially those that are mentioned specifically, like the cuboid key, and possibly rewar"
c0baa96f,reflexion_tw,37,15,take cuboid key from mantelpiece,0.0,0,1,False,"reflection=The world may reward not just examining objects, but also taking or manipulating them, especially those highlighted like the cuboid key."
c0baa96f,reflexion_tw,37,16,examine mantelpiece,0.0,0,1,False,"reflection=The world may reward examining specific objects or taking/manipulating highlighted objects, but it's unclear what specific actions are valued."
c0baa96f,reflexion_tw,37,17,examine mouse,0.0,0,1,False,"reflection=The world may reward examining specific objects, especially those highlighted or newly introduced, such as the mouse. It seems that taking or manipula"
c0baa96f,reflexion_tw,37,18,examine mouse,0.0,0,1,False,"reflection=The world may reward examining specific objects, especially those highlighted or newly introduced, such as the mouse, and possibly interacting with th"
c0baa96f,reflexion_tw,37,19,go south,0.0,0,1,False,"reflection=The world may reward exploring new areas or interacting with objects in a meaningful way, such as using the cuboid key or examining other objects like"
c0baa96f,reflexion_tw,37,20,unlock cuboid portal with cuboid key,0.0,0,1,False,"reflection=The world may reward solving puzzles or unlocking new paths, such as using the correct key for a locked door or portal, in addition to exploring new a"
c0baa96f,reflexion_tw,37,21,examine cuboid portal,0.0,0,1,False,"reflection=The world may reward not just unlocking new paths, but also examining or interacting with objects and areas in a more detailed way after initial acces"
c0baa96f,reflexion_tw,37,22,open cuboid portal,0.0,0,1,False,"reflection=The world seems to reward detailed interaction with objects and areas after initial access has been granted, and possibly exploring new areas or paths"
c0baa96f,reflexion_tw,37,23,go east,0.0,0,1,False,"reflection=The world seems to reward detailed interaction with objects and areas after initial access has been granted, and possibly exploring new areas or paths"
c0baa96f,reflexion_tw,37,24,examine coffee cup,0.0,0,1,False,"reflection=The world seems to reward detailed interaction with objects and areas after initial access has been granted, and possibly exploring new areas or paths"
c0baa96f,reflexion_tw,37,25,examine loaf of bread,0.0,0,1,False,"reflection=The world seems to reward detailed interaction with objects and areas after initial access has been granted, and possibly exploring new areas or paths"
c0baa96f,reflexion_tw,37,26,take loaf of bread,0.0,0,1,False,"reflection=The world seems to reward detailed interaction with objects and areas after initial access has been granted, and possibly exploring new areas or paths"
c0baa96f,reflexion_tw,37,27,go north,0.0,0,1,False,"reflection=The world seems to reward detailed interaction with objects and areas after initial access has been granted, and possibly exploring new areas or paths"
c0baa96f,reflexion_tw,37,28,examine cuboid key,0.0,0,1,False,"reflection=The world seems to reward detailed interaction with objects and areas after initial access has been granted, and possibly exploring new areas or paths"
c0baa96f,reflexion_tw,37,29,look,0.0,0,1,False,"reflection=The world seems to reward detailed interaction with objects and areas after initial access has been granted, and possibly exploring new areas or paths"
c0baa96f,reflexion_tw,38,0,look,0.0,0,1,False,"reflection=I have no idea what this world rewards yet, so I'll start with basic exploration."
c0baa96f,reflexion_tw,38,1,unlock Microsoft chest with Microsoft latchkey,0.0,0,1,False,"reflection=This world might reward interacting with objects in a meaningful way, such as using keys to unlock chests"
c0baa96f,reflexion_tw,38,2,examine Microsoft chest,0.0,0,1,False,"reflection=This world might reward interacting with objects in a meaningful way, such as using keys to unlock chests, and possibly examining or using the content"
c0baa96f,reflexion_tw,38,3,examine Microsoft latchkey,0.0,0,1,False,"reflection=This world might reward careful examination of objects and using items in creative ways, in addition to interacting with objects in a meaningful way."
c0baa96f,reflexion_tw,38,4,examine gateway,0.0,0,1,False,"reflection=This world might reward careful examination of objects, using items in creative ways, interacting with objects in a meaningful way, and exploring new "
c0baa96f,reflexion_tw,38,5,examine potato,0.0,0,1,False,"reflection=This world might reward careful examination of objects, using items in creative ways, interacting with objects in a meaningful way, and exploring new "
c0baa96f,reflexion_tw,38,6,go north,0.0,0,1,False,"reflection=This world might reward exploration and trying new paths, in addition to careful examination of objects and creative item usage."
c0baa96f,reflexion_tw,38,7,go south,0.0,0,1,False,"reflection=This world might reward exploration and trying new paths, in addition to careful examination of objects and creative item usage. The score rises when "
c0baa96f,reflexion_tw,38,8,open Microsoft chest,0.0,0,1,False,"reflection=This world might reward exploration, trying new paths, and solving puzzles by using items creatively, such as unlocking chests with matching keys."
c0baa96f,reflexion_tw,38,9,examine Microsoft latchkey,0.0,0,1,False,"reflection=This world might reward exploration, trying new paths, and solving puzzles by using items creatively, such as unlocking chests with matching keys. It "
c0baa96f,reflexion_tw,38,10,insert Microsoft latchkey into Microsoft chest,0.0,0,1,False,"reflection=This world might reward using items for their intended purpose, such as unlocking chests with matching keys, and exploring the consequences of using i"
c0baa96f,reflexion_tw,38,11,examine Microsoft chest,0.0,0,1,False,"reflection=This world might reward using items for their intended purpose and exploring the consequences of using items in creative ways, and also potentially re"
c0baa96f,reflexion_tw,38,12,take Microsoft latchkey from Microsoft chest,0.0,0,1,False,"reflection=This world might reward using items for their intended purpose, exploring the consequences of using items in creative ways, examining objects after in"
c0baa96f,reflexion_tw,38,13,examine gateway,0.0,0,1,False,"reflection=This world might reward using items for their intended purpose, exploring the consequences of using items in creative ways, examining objects after in"
c0baa96f,reflexion_tw,38,14,examine gateway,0.0,0,1,False,"reflection=This world might reward using items for their intended purpose, exploring the consequences of using items in creative ways, examining objects after in"
c0baa96f,reflexion_tw,38,15,go north,0.0,0,1,False,"reflection=This world might reward using items for their intended purpose, exploring the consequences of using items in creative ways, examining objects after in"
c0baa96f,reflexion_tw,38,16,take sandwich,0.0,0,1,False,"reflection=This world might reward interacting with new objects or environments, and examining the consequences of using or manipulating items in creative ways. "
c0baa96f,reflexion_tw,38,17,eat sandwich,0.0,0,1,False,"reflection=This world might reward consuming or using items for their intended purpose, in addition to interacting with new objects or environments."
c0baa96f,reflexion_tw,38,18,examine Microsoft latchkey,0.0,0,1,False,"reflection=This world might reward consuming or using items for their intended purpose, examining items to understand their properties, and interacting with new "
c0baa96f,reflexion_tw,38,19,look,0.0,0,1,False,"reflection=This world might reward consuming or using items for their intended purpose, examining items to understand their properties, interacting with new obje"
c0baa96f,reflexion_tw,38,20,go south,0.0,0,1,False,"reflection=This world might reward consuming or using items for their intended purpose, examining items to understand their properties, interacting with new obje"
c0baa96f,reflexion_tw,38,21,examine gateway,0.0,0,1,False,"reflection=This world might reward using items in a specific context, examining objects to understand their purpose, and following environmental hints. The prese"
c0baa96f,reflexion_tw,38,22,examine gateway,0.0,0,1,False,"reflection=This world might reward using items in a specific context, examining objects to understand their purpose, and following environmental hints. The lack "
c0baa96f,reflexion_tw,38,23,examine gateway,0.0,0,1,False,"reflection=This world might reward using items in a specific context, examining objects to understand their purpose, and following environmental hints. The lack "
c0baa96f,reflexion_tw,38,24,go north,0.0,0,1,False,"reflection=This world might reward creative use of items, understanding the specific context of objects, and possibly interacting with the environment in unconve"
c0baa96f,reflexion_tw,38,25,examine Microsoft latchkey,0.0,0,1,False,"reflection=This world might reward creative use of items, understanding the specific context of objects, and possibly interacting with the environment in unconve"
c0baa96f,reflexion_tw,38,26,look,0.0,0,1,False,reflection=This world seems to reward persistence and creative interaction with the environment and items. The fact that score hasn't changed yet suggests that p
c0baa96f,reflexion_tw,38,27,eat potato,0.0,0,1,False,"reflection=This world might reward using items in creative ways or interacting with the environment in a less straightforward manner, as simple actions like exam"
c0baa96f,reflexion_tw,38,28,examine Microsoft latchkey,0.0,0,1,False,"reflection=This world might reward using items in creative ways or interacting with the environment in a less straightforward manner, and possibly using items on"
c0baa96f,reflexion_tw,38,29,look,0.0,0,1,False,"reflection=This world might reward using items in creative ways or interacting with the environment in a less straightforward manner, possibly using items on spe"
c0baa96f,reflexion_tw,39,0,look,0.0,0,1,False,"reflection=I have no idea what raises the score yet, so I'll try to interact with objects and observe the score feedback."
c0baa96f,reflexion_tw,39,1,examine Microsoft limited edition box,0.0,0,1,False,"reflection=I still have no idea what raises the score, but interacting with unique objects might be a good starting point."
c0baa96f,reflexion_tw,39,2,unlock Microsoft limited edition box with Microsoft limited edition latchkey,0.0,0,1,False,"reflection=I still have no idea what raises the score, but interacting with unique objects and using items for their intended purpose might be a good starting po"
c0baa96f,reflexion_tw,39,3,open Microsoft limited edition box,0.0,0,1,False,reflection=I still believe that interacting with unique objects and using items for their intended purpose might raise the score. Opening the box is a natural pr
c0baa96f,reflexion_tw,39,4,examine loaf of bread,0.0,0,1,False,"reflection=I still believe interacting with unique objects and using items for their intended purpose might raise the score, and now I also think examining newly"
c0baa96f,reflexion_tw,39,5,examine mug,0.0,0,1,False,"reflection=I believe interacting with unique objects and using items for their intended purpose might raise the score, and now I also think examining newly revea"
c0baa96f,reflexion_tw,39,6,examine cashew,0.0,0,1,False,"reflection=I believe interacting with unique objects, using items for their intended purpose, examining newly revealed objects, and examining all objects in my i"
c0baa96f,reflexion_tw,39,7,eat cashew,0.0,0,1,False,"reflection=I believe interacting with unique objects, using items for their intended purpose, examining newly revealed objects, examining all objects in my inven"
c0baa96f,reflexion_tw,39,8,examine Microsoft limited edition latchkey,0.0,0,1,False,"reflection=I believe interacting with unique objects, using items for their intended purpose, examining newly revealed objects, examining all objects in my inven"
c0baa96f,reflexion_tw,39,9,insert Microsoft limited edition latchkey into Microsoft limited edition box,0.0,0,1,False,"reflection=I believe interacting with unique objects, using items for their intended purpose, examining newly revealed objects, examining all objects in my inven"
c0baa96f,reflexion_tw,39,10,examine Microsoft limited edition box,0.0,0,1,False,"reflection=I believe interacting with unique objects, using items for their intended purpose, examining newly revealed objects, examining all objects in my inven"
c0baa96f,reflexion_tw,39,11,examine loaf of bread,0.0,0,1,False,reflection=I believe that interacting with unique objects and using items for their intended purpose could be beneficial for raising the score. I should focus on
c0baa96f,reflexion_tw,39,12,examine mug,0.0,0,1,False,reflection=I believe that interacting with unique objects and using items for their intended purpose could be beneficial for raising the score. I should focus on
c0baa96f,reflexion_tw,39,13,look,0.0,0,1,False,reflection=I believe that interacting with unique objects and using items for their intended purpose could be beneficial for raising the score. I should focus on
c0baa96f,reflexion_tw,39,14,take Microsoft limited edition latchkey from Microsoft limited edition box,0.0,0,1,False,"reflection=I believe that interacting with unique objects, using items for their intended purpose, and exploring the environment could raise the score. I should "
c0baa96f,reflexion_tw,39,15,go west,0.0,0,1,False,"reflection=I believe that interacting with unique objects, using items for their intended purpose, and exploring the environment could raise the score. I should "
c0baa96f,reflexion_tw,39,16,examine candy bar,0.0,0,1,False,"reflection=I believe that interacting with unique objects, using items for their intended purpose, and exploring the environment could raise the score. I should "
c0baa96f,reflexion_tw,39,17,examine passageway,0.0,0,1,False,"reflection=I believe that interacting with unique objects, using items for their intended purpose, and exploring the environment could raise the score. I should "
c0baa96f,reflexion_tw,39,18,look,0.0,0,1,False,"reflection=I continue to believe that interacting with unique objects, using items for their intended purpose, and exploring the environment are key to raising t"
c0baa96f,reflexion_tw,39,19,open passageway,0.0,0,1,False,"reflection=I continue to believe that interacting with unique objects, using items for their intended purpose, and exploring the environment are key to raising t"
c0baa96f,reflexion_tw,39,20,go south,0.0,0,1,False,"reflection=I continue to believe that interacting with unique objects, using items for their intended purpose, and exploring the environment are key to raising t"
c0baa96f,reflexion_tw,39,21,go north,0.0,0,1,False,reflection=I continue to believe that interacting with unique objects and exploring the environment are key to raising the score. The presence of a latchkey stil
c0baa96f,reflexion_tw,39,22,take candy bar,0.0,0,1,False,reflection=I continue to believe that interacting with unique objects and exploring the environment are key to raising the score. The presence of a latchkey stil
c0baa96f,reflexion_tw,39,23,examine candy bar,0.0,0,1,False,reflection=I continue to believe that interacting with unique objects and exploring the environment are key to raising the score. The presence of a latchkey stil
c0baa96f,reflexion_tw,39,24,examine Microsoft limited edition latchkey,0.0,0,1,False,"reflection=I continue to believe that interacting with unique objects, exploring the environment, and examining objects are key to raising the score. Unlocking m"
c0baa96f,reflexion_tw,39,25,go east,0.0,0,1,False,"reflection=I continue to believe that interacting with unique objects, exploring the environment, and examining objects are key to raising the score. Unlocking m"
c0baa96f,reflexion_tw,39,26,examine loaf of bread,0.0,0,1,False,"reflection=I continue to believe that interacting with unique objects, exploring the environment, and examining objects are key to raising the score. Unlocking m"
c0baa96f,reflexion_tw,39,27,insert Microsoft limited edition latchkey into Microsoft limited edition box,0.0,0,1,False,"reflection=I continue to believe that interacting with unique objects, exploring the environment, and examining objects are key to raising the score. Unlocking a"
c0baa96f,reflexion_tw,39,28,close Microsoft limited edition box,0.0,0,1,False,"reflection=I continue to believe that interacting with unique objects, exploring the environment, and examining objects are key to raising the score. Unlocking a"
c0baa96f,reflexion_tw,39,29,open Microsoft limited edition box,0.0,0,1,False,"reflection=I continue to believe that interacting with unique objects, exploring the environment, and examining objects are key to raising the score. Unlocking a"
c0baa96f,reflexion_tw,40,0,examine gate,0.0,0,1,False,"reflection=I have no idea what this world rewards yet, so I'll have to wait for score feedback to inform my next steps."
c0baa96f,reflexion_tw,40,1,examine soap scented passkey,0.0,0,1,False,"reflection=I still have no idea what this world rewards, but trying new actions may give me a score increase, which will help me learn more about the world."
c0baa96f,reflexion_tw,40,2,take soap scented passkey,0.0,0,1,False,"reflection=I still have no idea what this world rewards, but trying new actions and interacting with objects may give me a score increase, which will help me lea"
c0baa96f,reflexion_tw,40,3,unlock soap scented safe with soap scented passkey,0.0,0,1,False,"reflection=I still have no idea what this world rewards, but trying new actions and interacting with objects may give me a score increase, which will help me lea"
c0baa96f,reflexion_tw,40,4,examine soap scented safe,0.0,0,1,False,"reflection=Using items in my inventory to interact with objects in the environment seems to be a key part of progressing, and examining objects after interacting"
c0baa96f,reflexion_tw,40,5,open soap scented safe,0.0,0,1,False,reflection=Using items in my inventory to interact with objects in the environment and then performing actions on those objects may be key to progressing and inc
c0baa96f,reflexion_tw,40,6,take pair of headphones from soap scented safe,1.0,1,1,True,"reflection=The world may reward using items in my inventory to interact with objects in the environment, and then performing actions on those objects."
c0baa96f,reflexion_tw,41,0,examine cookie,0.0,0,1,False,"reflection=I have no idea what raises the score yet, so I'll start with a basic action and see if it has any effect."
c0baa96f,reflexion_tw,41,1,eat cookie,0.0,0,1,False,"reflection=The score didn't change with examination, so perhaps the world rewards actions that involve using or consuming items."
c0baa96f,reflexion_tw,41,2,look,0.0,0,1,False,"reflection=The world might reward actions that involve using or consuming items, or perhaps interacting with the environment in a more significant way than just "
c0baa96f,reflexion_tw,41,3,go east,0.0,0,1,False,"reflection=The world might reward exploration or actions that involve movement and interacting with different parts of the environment, rather than just focusing"
c0baa96f,reflexion_tw,41,4,go west,0.0,0,1,False,"reflection=The world might reward exploration or specific interactions with objects, particularly those that involve movement or accessing new areas, as my initi"
c0baa96f,reflexion_tw,41,5,look,0.0,0,1,False,"reflection=The world might reward more detailed examination or interaction with specific objects rather than just movement, as my initial movements didn't affect"
c0baa96f,reflexion_tw,41,6,inventory,0.0,0,1,False,"reflection=The world might reward examining or interacting with specific objects or the environment in a more detailed way, as initial movements and basic looks "
c0baa96f,reflexion_tw,41,7,look,0.0,0,1,False,"reflection=The world might reward detailed examination or interaction with specific objects or areas, rather than just general movements or observations."
c0baa96f,reflexion_tw,41,8,look,0.0,0,1,False,"reflection=The world might reward more specific interactions or examinations of details within the environment, rather than general movements or observations."
c0baa96f,reflexion_tw,41,9,look,0.0,0,1,False,reflection=The world likely rewards detailed examinations or interactions with specific objects or features within the location.
c0baa96f,reflexion_tw,41,10,look,0.0,0,1,False,"reflection=The world likely rewards interactions with specific objects or features within the location, rather than just moving or checking inventory."
c0baa96f,reflexion_tw,41,11,look,0.0,0,1,False,"reflection=The world likely rewards specific, detailed interactions with objects or features within the location, rather than general actions like moving or chec"
c0baa96f,reflexion_tw,41,12,look,0.0,0,1,False,"reflection=The world likely rewards specific, detailed interactions with objects or features within the location, and may require examining or manipulating items"
c0baa96f,reflexion_tw,41,13,look,0.0,0,1,False,"reflection=The world likely rewards specific interactions with objects or features within the location, possibly requiring examination or manipulation of items n"
c0baa96f,reflexion_tw,41,14,look,0.0,0,1,False,"reflection=The world likely rewards specific, detailed interactions with the environment, possibly requiring examination or manipulation of items not immediately"
c0baa96f,reflexion_tw,41,15,look,0.0,0,1,False,"reflection=The world likely rewards meticulous examination and interaction with the environment, possibly requiring the discovery of hidden objects or subtle det"
c0baa96f,reflexion_tw,41,16,look,0.0,0,1,False,"reflection=The world likely rewards more complex or specific interactions, and the basic commands provided may not be sufficient to increase the score, indicatin"
c0baa96f,reflexion_tw,41,17,look,0.0,0,1,False,"reflection=The world likely rewards more complex or specific interactions, and the basic commands provided may not be sufficient to increase the score, indicatin"
c0baa96f,reflexion_tw,41,18,look,0.0,0,1,False,"reflection=The world seems to reward persistence and attention to detail, as repeating the 'look' command may eventually yield new information or a hidden detail"
c0baa96f,reflexion_tw,41,19,go east,0.0,0,1,False,"reflection=The world may reward exploration and trying different commands in various locations, as simply repeating the same actions in one spot doesn't seem to "
c0baa96f,reflexion_tw,41,20,examine TextWorld safe,0.0,0,1,False,"reflection=The world may reward interacting with objects, especially since looking and basic movement didn't yield progress, suggesting that more specific action"
c0baa96f,reflexion_tw,41,21,examine fridge,0.0,0,1,False,"reflection=The world may reward exploring and interacting with various objects in the environment, suggesting that a broader examination of available items could"
c0baa96f,reflexion_tw,41,22,examine portal,0.0,0,1,False,"reflection=The world may reward exploring other objects or taking different actions, such as opening the fridge or examining the portal."
c0baa96f,reflexion_tw,41,23,open fridge,0.0,0,1,False,"reflection=The world may reward interacting with objects in new ways, such as opening or manipulating them, rather than just examining them."
c0baa96f,reflexion_tw,41,24,take TextWorld keycard from fridge,0.0,0,1,False,"reflection=The world may reward acquiring or possessing objects, in addition to interacting with them in new ways."
c0baa96f,reflexion_tw,41,25,examine TextWorld keycard,0.0,0,1,False,"reflection=The world may reward not just acquiring objects, but also using them appropriately or interacting with other objects in meaningful ways."
c0baa96f,reflexion_tw,41,26,unlock TextWorld safe with TextWorld keycard,1.0,1,1,True,"reflection=The world may reward using acquired objects for their intended purpose, such as unlocking doors or safes."
c0baa96f,reflexion_tw,42,0,look,0.0,0,1,False,"reflection=I have no initial reflection, but I will update based on the score feedback after taking an action."
c0baa96f,reflexion_tw,42,1,examine fudge scented keycard,0.0,0,1,False,"reflection=I have no initial reflection, but I expect the score to change after taking this action, which will help me infer what this world rewards."
c0baa96f,reflexion_tw,42,2,take fudge scented keycard,0.0,0,1,False,"reflection=Initially, I believe this world might reward collecting or utilizing items that seem useful or have a distinct description, such as the fudge scented "
c0baa96f,reflexion_tw,42,3,unlock fudge scented box with fudge scented keycard,0.0,0,1,False,"reflection=I believe this world rewards utilizing items in a way that seems logical or purposeful, such as using a keycard to unlock a box or door, especially wh"
c0baa96f,reflexion_tw,42,4,open fudge scented box,0.0,0,1,False,"reflection=I believe this world rewards utilizing items in a way that seems logical or purposeful, such as using a keycard to unlock a box or door, and now possi"
c0baa96f,reflexion_tw,42,5,examine nest of ticks,0.0,0,1,False,"reflection=I believe this world rewards utilizing items in a way that seems logical or purposeful, such as using a keycard to unlock a box or door, and now possi"
c0baa96f,reflexion_tw,42,6,take nest of ticks from fudge scented box,1.0,1,1,True,"reflection=I believe this world rewards utilizing items in a way that seems logical or purposeful, and also rewards curiosity and investigation, such as examinin"
c0baa96f,reflexion_tw,43,0,examine passkey,0.0,0,1,False,"reflection=So far, the score hasn't changed, so I don't know what this world rewards. I'll have to try different actions and see what happens."
c0baa96f,reflexion_tw,43,1,go north,0.0,0,1,False,"reflection=So far, examining objects doesn't seem to raise the score. Maybe interacting with the environment or moving to new locations will have an effect."
c0baa96f,reflexion_tw,43,2,go east,0.0,0,1,False,"reflection=So far, examining objects doesn't seem to raise the score, but maybe interacting with the environment or moving to new locations will have an effect. "
c0baa96f,reflexion_tw,43,3,go west,0.0,0,1,False,"reflection=So far, examining objects doesn't seem to raise the score, but moving to new locations might have an effect"
c0baa96f,reflexion_tw,43,4,go south,0.0,0,1,False,"reflection=So far, examining objects doesn't seem to raise the score, but moving to new, untried locations might have an effect."
c0baa96f,reflexion_tw,43,5,go north,0.0,0,1,False,"reflection=Moving to new, untried locations, especially those hinted at for progression like finding an unguarded exit, seems to be what this world rewards."
c0baa96f,reflexion_tw,43,6,examine chair,0.0,0,1,False,"reflection=This world may reward interaction with objects or using items in creative ways, rather than just moving to new locations."
c0baa96f,reflexion_tw,43,7,put passkey on chair,0.0,0,1,False,"reflection=This world may reward using items in specific contexts or solving puzzles, in addition to interacting with objects."
c0baa96f,reflexion_tw,43,8,examine passageway,0.0,0,1,False,"reflection=This world may reward using items in specific contexts, solving puzzles, interacting with objects, and possibly exploring or examining the environment"
c0baa96f,reflexion_tw,43,9,go east,0.0,0,1,False,"reflection=This world may reward exploration and investigating new locations, in addition to using items in specific contexts and solving puzzles."
c0baa96f,reflexion_tw,43,10,examine bureau,0.0,0,1,False,"reflection=This world may reward exploration and investigating new locations, in addition to using items in specific contexts and solving puzzles, and possibly i"
c0baa96f,reflexion_tw,43,11,examine desk,0.0,0,1,False,"reflection=This world may reward exploration and investigating new locations, in addition to using items in specific contexts and solving puzzles, and possibly i"
c0baa96f,reflexion_tw,43,12,go south,0.0,0,1,False,"reflection=Exploration and investigation of new locations, using items in specific contexts, and solving puzzles may raise the score, and interacting with object"
c0baa96f,reflexion_tw,43,13,look,0.0,0,1,False,"reflection=Exploration and investigation of new locations, using items in specific contexts, and solving puzzles may raise the score, and interacting with object"
c0baa96f,reflexion_tw,43,14,go north,0.0,0,1,False,"reflection=Exploration of new locations might be key to raising the score, as the environment and available actions could change, offering new opportunities for "
c0baa96f,reflexion_tw,43,15,close passageway,0.0,0,1,False,"reflection=Exploration of new, unguarded locations and examining previously unexplored objects or areas might be crucial for raising the score, as it could lead "
c0baa96f,reflexion_tw,43,16,examine passageway,0.0,0,1,False,"reflection=Exploration of new states or previously unexplored objects/areas, and possibly interacting with them in different ways, seems crucial for raising the "
c0baa96f,reflexion_tw,43,17,open passageway,0.0,0,1,False,"reflection=The game might reward interacting with objects or areas in different ways, especially when they are in a 'closed' or 'locked' state, suggesting that c"
c0baa96f,reflexion_tw,43,18,examine bureau,0.0,0,1,False,"reflection=The game might reward careful examination of objects before attempting to change their state, suggesting that gathering information is a prerequisite "
c0baa96f,reflexion_tw,43,19,examine table,0.0,0,1,False,"reflection=The game might reward careful and systematic examination of all objects before attempting any actions that could alter their state, suggesting a metho"
c0baa96f,reflexion_tw,43,20,examine table,0.0,0,1,False,"reflection=The game might reward detailed examination or study of objects, suggesting that commands which allow for closer inspection or learning about objects c"
c0baa96f,reflexion_tw,43,21,examine safe,0.0,0,1,False,"reflection=The game might reward detailed examination or study of various objects, not just repetition on the same object, suggesting that commands which allow f"
c0baa96f,reflexion_tw,43,22,examine desk,0.0,0,1,False,"reflection=The game might reward detailed examination or study of various objects, not just repetition on the same object, suggesting that commands which allow f"
c0baa96f,reflexion_tw,43,23,examine desk,0.0,0,1,False,"reflection=The game might reward interaction with objects that have notable states or issues, such as the unstable desk, suggesting that addressing or examining "
c0baa96f,reflexion_tw,43,24,examine passageway,0.0,0,1,False,"reflection=The game might reward problem-solving and addressing issues with objects, such as stabilizing the unstable desk. It also might require exploring the e"
c0baa96f,reflexion_tw,43,25,go south,0.0,0,1,False,"reflection=The game might reward exploration and movement through the environment to discover new objects or areas, in addition to problem-solving and examining "
c0baa96f,reflexion_tw,43,26,inventory,0.0,0,1,False,"reflection=The game might reward exploration, movement, and examining objects, but also potentially managing or utilizing items, which could be hinted at through"
c0baa96f,reflexion_tw,43,27,go north,0.0,0,1,False,"reflection=The game might reward exploration and movement, as examining objects and checking inventory didn't change the score. Trying new paths could be key."
c0baa96f,reflexion_tw,43,28,close safe,0.0,0,1,False,"reflection=The game likely rewards exploration and movement, particularly trying new, unguarded exits as hinted by the text."
c0baa96f,reflexion_tw,43,29,go west,0.0,0,1,False,"reflection=The game likely rewards exploration and interaction with new objects or areas, as initial movements and actions did not yield a score change. Trying u"
c0baa96f,reflexion_tw,44,0,put nest of grubs on shelf,0.0,0,1,False,"reflection=The world might reward organizing or using items in a specific way, such as placing items on a shelf."
c0baa96f,reflexion_tw,44,1,examine shelf,0.0,0,1,False,"reflection=The world might reward organizing or using items in a specific way, and examining objects could provide clues about what raises the score."
c0baa96f,reflexion_tw,44,2,examine American style latchkey,0.0,0,1,False,"reflection=The world might reward organizing or using items in a specific way, examining objects could provide clues, and interacting with objects on the shelf m"
c0baa96f,reflexion_tw,44,3,examine American style chest,0.0,0,1,False,"reflection=The world might reward examining and understanding the properties and potential uses of objects in the environment, as well as exploring different loc"
c0baa96f,reflexion_tw,44,4,go east,0.0,0,1,False,"reflection=The world might reward exploring different locations, as I haven't tried moving to a new location yet, and interacting with objects in a specific way,"
c0baa96f,reflexion_tw,44,5,go west,0.0,0,1,False,"reflection=The world might reward exploring different locations, especially when hinted at, and interacting with the environment in a way that progresses through"
c0baa96f,reflexion_tw,44,6,go north,0.0,0,1,False,"reflection=The world might reward exploring different locations, especially when hinted at, and interacting with the environment in a way that progresses through"
c0baa96f,reflexion_tw,44,7,go south,0.0,0,1,False,reflection=Exploring different locations and interacting with the environment might be the key to progressing through the space and raising the score.
c0baa96f,reflexion_tw,44,8,take American style latchkey from shelf,0.0,0,1,False,"reflection=Exploring different locations and interacting with the environment might be the key to progressing through the space and raising the score, possibly t"
c0baa96f,reflexion_tw,44,9,unlock American style chest with American style latchkey,0.0,0,1,False,"reflection=Exploring different locations, interacting with the environment, and using items in context might be key to progressing and raising the score, possibl"
c0baa96f,reflexion_tw,44,10,open American style chest,0.0,0,1,False,"reflection=Exploring different locations, interacting with the environment, and using items in context might be key to progressing and raising the score, possibl"
c0baa96f,reflexion_tw,44,11,examine American style chest,0.0,0,1,False,"reflection=Exploring different locations, interacting with the environment, and using items in context are key to progressing. Specifically, using keys to unlock"
c0baa96f,reflexion_tw,44,12,examine nest of grubs,0.0,0,1,False,"reflection=Exploring different locations, interacting with the environment, and using items in context are key to progressing. Using keys to unlock chests and ex"
c0baa96f,reflexion_tw,44,13,go east,0.0,0,1,False,"reflection=Exploring different locations and trying new actions in various contexts seem to be key. The score might rise when discovering new areas, interacting "
c0baa96f,reflexion_tw,44,14,examine American style latchkey,0.0,0,1,False,"reflection=The score might rise when re-examining previously interacted objects or locations, as the context or environment could have changed, offering new oppo"
c0baa96f,reflexion_tw,44,15,examine American style latchkey,0.0,0,1,False,"reflection=The world might reward careful examination of objects, especially after changing locations or contexts"
c0baa96f,reflexion_tw,44,16,look,0.0,0,1,False,"reflection=The world might reward careful examination of objects and environments, especially after changing locations or contexts, and exploring new areas thoro"
c0baa96f,reflexion_tw,44,17,look,0.0,0,1,False,"reflection=The world might reward careful examination of objects and environments, especially after changing locations or contexts, and exploring new areas thoro"
c0baa96f,reflexion_tw,44,18,drop American style latchkey,0.0,0,1,False,"reflection=The world might reward careful examination of objects and environments, exploring new areas thoroughly, and adapting to new information or context. Re"
c0baa96f,reflexion_tw,44,19,take American style latchkey,0.0,0,1,False,"reflection=The world might reward careful examination of objects and environments, exploring new areas thoroughly, and adapting to new information or context. It"
c0baa96f,reflexion_tw,44,20,go west,0.0,0,1,False,"reflection=The world might reward exploration of new areas, as examining and dropping the latchkey didn't provide progress, suggesting that interacting with the "
c0baa96f,reflexion_tw,44,21,go east,0.0,0,1,False,"reflection=The world might reward exploration of new areas and interaction with various objects or creatures within the environment, rather than focusing solely "
c0baa96f,reflexion_tw,44,22,inventory,0.0,0,1,False,"reflection=The world might reward persistence in exploration and interaction with the environment, particularly when hints are given about specific actions like "
c0baa96f,reflexion_tw,44,23,examine American style latchkey,0.0,0,1,False,"reflection=The world might reward careful examination and interaction with objects in the environment, in addition to exploration."
c0baa96f,reflexion_tw,44,24,look,0.0,0,1,False,"reflection=The world might reward careful examination and interaction with objects in the environment, as well as exploration of the surroundings, not just the o"
c0baa96f,reflexion_tw,44,25,look,0.0,0,1,False,"reflection=The world might reward careful examination and interaction with objects in the environment, as well as exploration of the surroundings, and possibly u"
c0baa96f,reflexion_tw,44,26,examine American style latchkey,0.0,0,1,False,"reflection=The world might reward careful examination and interaction with objects in the environment, as well as exploration of the surroundings, and possibly u"
c0baa96f,reflexion_tw,44,27,go west,0.0,0,1,False,"reflection=The world might reward using items in my inventory to interact with the environment, especially to unlock or access new areas, in addition to careful "
c0baa96f,reflexion_tw,44,28,insert American style latchkey into American style chest,0.0,0,1,False,"reflection=The world seems to reward using items in my inventory to interact with the environment, especially to unlock or access new areas. It also might reward"
c0baa96f,reflexion_tw,44,29,examine American style chest,0.0,0,1,False,"reflection=The world seems to reward using items in my inventory to interact with the environment, especially to unlock or access new areas. It also might reward"
c0baa96f,reflexion_tw,45,0,look,0.0,0,1,False,"reflection=The score is currently 0, so I have no indication of what raises the score yet. I'll have to try different actions and observe the score feedback."
c0baa96f,reflexion_tw,45,1,take keycard from stand,0.0,0,1,False,"reflection=The score is still 0, so I have no indication of what raises the score yet. I'll try taking the keycard to see if it has any effect."
c0baa96f,reflexion_tw,45,2,examine keycard,0.0,0,1,False,"reflection=So far, taking an object doesn't seem to raise the score. I'll need to try other actions to see what has an effect."
c0baa96f,reflexion_tw,45,3,go east,0.0,0,1,False,"reflection=So far, taking an object and examining objects don't seem to raise the score. Maybe movement or interacting with the environment in other ways will ha"
c0baa96f,reflexion_tw,45,4,go north,0.0,0,1,False,"reflection=The score rises when you do the right things, and so far, taking an object and examining objects don't seem to raise the score. Maybe movement or inte"
c0baa96f,reflexion_tw,45,5,go south,0.0,0,1,False,"reflection=The score might rise when interacting with the environment in a way that progresses through the space or uses items in a meaningful way, rather than j"
c0baa96f,reflexion_tw,45,6,go west,0.0,0,1,False,"reflection=The score might rise when exploring new areas or using items in a way that unlocks progress, rather than repeating actions or examining things multipl"
c0baa96f,reflexion_tw,45,7,go east,0.0,0,1,False,"reflection=The score might rise when exploring new, suggested areas or using items in a way that unlocks progress, rather than repeating actions or examining thi"
c0baa96f,reflexion_tw,45,8,examine portal,0.0,0,1,False,"reflection=The score might rise when interacting with new or suggested elements in the environment, such as portals, rather than repeating movements or examining"
c0baa96f,reflexion_tw,45,9,close portal,0.0,0,1,False,"reflection=The score might rise when using items in context or interacting with new elements in a meaningful way, not just examining them."
c0baa96f,reflexion_tw,45,10,look,0.0,0,1,False,"reflection=The score might rise when using items in context, interacting with new elements in a meaningful way, or exploring unvisited areas, not just examining "
c0baa96f,reflexion_tw,45,11,open portal,0.0,0,1,False,reflection=The world might reward using items in context to unlock new areas or interact with environment elements in a purposeful manner.
c0baa96f,reflexion_tw,45,12,examine keycard,0.0,0,1,False,reflection=The world might reward using items in context to unlock new areas or interact with environment elements in a purposeful manner.
c0baa96f,reflexion_tw,45,13,go north,0.0,0,1,False,"reflection=The world might reward using items in context to unlock new areas or interact with environment elements in a purposeful manner, especially when the it"
c0baa96f,reflexion_tw,45,14,unlock chest with keycard,1.0,1,1,True,"reflection=Using items in context might unlock new areas or provide progress, so using the keycard on the chest could be a good idea."
c0baa96f,reflexion_tw,46,0,look,0.0,0,1,False,"reflection=The score is currently 0, so I have no idea what raises the score yet. I'll have to try different actions and observe the score feedback."
c0baa96f,reflexion_tw,46,1,put loaf of bread on plate,0.0,0,1,False,"reflection=I still have no idea what raises the score, but I'll try using my inventory items to interact with the environment to see if that gives a score increa"
c0baa96f,reflexion_tw,46,2,put garlic clove on plate,0.0,0,1,False,"reflection=I still have no idea what raises the score, but I'll continue to try using my inventory items to interact with the environment"
c0baa96f,reflexion_tw,46,3,examine garlic clove,0.0,0,1,False,"reflection=I still have no idea what raises the score, but I'm starting to think it might have something to do with preparing a meal or using the items in a spec"
c0baa96f,reflexion_tw,46,4,examine loaf of bread,0.0,0,1,False,"reflection=I'm starting to think that the score might be related to preparing a meal, and examining the ingredients or the plate might give me clues on how to pr"
c0baa96f,reflexion_tw,46,5,examine plate,0.0,0,1,False,"reflection=I'm starting to think that the score might be related to preparing a meal, and examining the ingredients, the plate, or the surroundings might give me"
c0baa96f,reflexion_tw,46,6,examine portal,0.0,0,1,False,reflection=The score seems to require more than just observation; it might involve manipulation of objects or movement through the space to find clues or complet
c0baa96f,reflexion_tw,46,7,go east,0.0,0,1,False,"reflection=The score might be related to exploring the environment, finding ingredients or cooking tools, and possibly preparing a meal, as hinted by the 'Cooker"
c0baa96f,reflexion_tw,46,8,go west,0.0,0,1,False,"reflection=The world might reward exploration and interaction with objects, as there are several objects and exits mentioned."
c0baa96f,reflexion_tw,46,9,take garlic clove from plate,0.0,0,1,False,"reflection=The world might reward manipulation of objects, in addition to exploration and interaction."
c0baa96f,reflexion_tw,46,10,examine garlic clove,0.0,0,1,False,"reflection=The world might reward manipulation and examination of objects, as well as exploration and interaction, and possibly using objects in a specific way o"
c0baa96f,reflexion_tw,46,11,put garlic clove on plate,0.0,0,1,False,"reflection=The world might reward manipulation and examination of objects, as well as exploration and interaction, and possibly using objects in a specific way o"
c0baa96f,reflexion_tw,46,12,examine plate,0.0,0,1,False,"reflection=The world might reward manipulation and examination of objects, as well as exploration and interaction, and possibly using objects in a specific way o"
c0baa96f,reflexion_tw,46,13,examine loaf of bread,0.0,0,1,False,"reflection=The world might reward examining objects in different contexts or states, and interacting with objects in a way that addresses their described conditi"
c0baa96f,reflexion_tw,46,14,examine loaf of bread,0.0,0,1,False,"reflection=The world might reward examining objects that are described with positive adjectives, such as 'heavenly', in addition to interacting with objects in a"
c0baa96f,reflexion_tw,46,15,take loaf of bread from plate,0.0,0,1,False,"reflection=The world might reward not just examining objects described with positive adjectives, but also taking or acquiring them, especially if they are descri"
c0baa96f,reflexion_tw,46,16,eat loaf of bread,0.0,0,1,False,"reflection=The world might reward not just acquiring desirable objects, but also using them appropriately or performing actions that are contextually relevant."
c0baa96f,reflexion_tw,46,17,examine portal,0.0,0,1,False,"reflection=The world might reward interacting with objects in a way that shows understanding of their potential use or significance, beyond just acquiring or con"
c0baa96f,reflexion_tw,46,18,examine portal,0.0,0,1,False,"reflection=The world might reward demonstrating an understanding of objects' purposes or functions, especially when they are not immediately usable, like the clo"
c0baa96f,reflexion_tw,46,19,examine garlic clove,0.0,0,1,False,"reflection=The world might reward demonstrating an understanding of objects' purposes or functions, and exploring the environment thoroughly, even if the objects"
c0baa96f,reflexion_tw,46,20,take garlic clove from plate,0.0,0,1,False,"reflection=The world might reward interacting with objects in a way that demonstrates an understanding of their potential uses or properties, beyond just examini"
c0baa96f,reflexion_tw,46,21,eat garlic clove,0.0,0,1,False,"reflection=The world might reward interacting with objects in a way that demonstrates an understanding of their potential uses or properties, particularly relate"
c0baa96f,reflexion_tw,46,22,examine plate,0.0,0,1,False,"reflection=The world might reward examining and understanding the properties or potential uses of objects related to cooking or food preparation, particularly wh"
c0baa96f,reflexion_tw,46,23,look,0.0,0,1,False,"reflection=The world might reward examining and understanding the properties or potential uses of objects related to cooking or food preparation, particularly wh"
c0baa96f,reflexion_tw,46,24,go east,0.0,0,1,False,"reflection=The world might reward exploring the environment to find new objects or clues, and interacting with objects in a meaningful way, rather than just exam"
c0baa96f,reflexion_tw,46,25,take passkey,0.0,0,1,False,"reflection=The world might reward interacting with objects in a meaningful way, such as taking or examining them, especially if they seem like they could be used"
c0baa96f,reflexion_tw,46,26,insert passkey into safe,0.0,0,1,False,"reflection=The world might reward using objects in a way that seems purposeful, especially if it involves combining them with other objects or using them to unlo"
c0baa96f,reflexion_tw,46,27,examine safe,0.0,0,1,False,"reflection=The world might reward using objects in a way that seems purposeful, especially if it involves combining them with other objects or using them to unlo"
c0baa96f,reflexion_tw,46,28,examine passkey,0.0,0,1,False,"reflection=The world might reward using objects in a way that seems purposeful, especially if it involves combining them with other objects or using them to unlo"
c0baa96f,reflexion_tw,46,29,examine top hat,0.0,0,1,False,"reflection=The world might reward using objects in a way that seems purposeful, especially if it involves combining them with other objects or using them to unlo"
c0baa96f,reflexion_tw,47,0,look,0.0,0,1,False,"reflection=The score didn't change, so I don't have any lessons to update yet. I'll keep trying different actions to see what affects the score."
c0baa96f,reflexion_tw,47,1,examine gate,0.0,0,1,False,"reflection=No updates yet, still exploring"
c0baa96f,reflexion_tw,47,2,examine stick of butter,0.0,0,1,False,"reflection=The world might reward interacting with unique items or using them in a specific way, as simply looking at the environment didn't change the score."
c0baa96f,reflexion_tw,47,3,eat stick of butter,0.0,0,1,False,"reflection=The world might reward unique interactions with items, such as using or consuming them, rather than just examining them."
c0baa96f,reflexion_tw,47,4,go north,0.0,0,1,False,"reflection=The world might reward exploration and unique interactions with items or environments, rather than just examining them."
c0baa96f,reflexion_tw,47,5,take keycard from board,0.0,0,1,False,"reflection=The world might reward exploration, unique interactions with items, and acquiring or manipulating objects, rather than just examining them."
c0baa96f,reflexion_tw,47,6,insert keycard into case,0.0,0,1,False,"reflection=The world might reward exploration, unique interactions with items, and acquiring or manipulating objects, rather than just examining them. Using item"
c0baa96f,reflexion_tw,47,7,examine case,0.0,0,1,False,"reflection=The world might reward exploration, unique interactions with items, and acquiring or manipulating objects, rather than just examining them. Using item"
c0baa96f,reflexion_tw,47,8,close case,0.0,0,1,False,"reflection=The world seems to reward not just acquiring or using items, but also completing actions or cycles with those items, such as opening and then closing."
c0baa96f,reflexion_tw,47,9,examine board,0.0,0,1,False,"reflection=The world seems to reward not just acquiring or using items, but also completing actions or cycles with those items, such as opening and then closing."
c0baa96f,reflexion_tw,47,10,go south,0.0,0,1,False,"reflection=The world may reward exploration and interaction with different objects or areas, as well as completing cycles or actions with items, and examining ob"
c0baa96f,reflexion_tw,47,11,go north,0.0,0,1,False,"reflection=The world may reward exploration of new areas, especially when they are described as unguarded or open, as this could indicate a lack of obstacles or "
c0baa96f,reflexion_tw,47,12,open case,0.0,0,1,False,"reflection=The world may reward exploration of new areas and interaction with objects, especially when they are described as closed or unexamined, as this could "
c0baa96f,reflexion_tw,47,13,examine keycard,0.0,0,1,False,"reflection=The world may reward exploration of new areas, interaction with objects, and examining or taking items that are newly revealed or accessible, as these"
c0baa96f,reflexion_tw,47,14,take keycard from case,0.0,0,1,False,"reflection=The world may reward exploration of new areas, interaction with objects, and examining or taking items that are newly revealed or accessible, as these"
c0baa96f,reflexion_tw,47,15,go south,0.0,0,1,False,"reflection=The world may reward exploration of new areas, interaction with objects, and examining or taking items that are newly revealed or accessible. It seems"
c0baa96f,reflexion_tw,47,16,unlock gate with keycard,1.0,1,1,True,"reflection=The world may reward using items in context, such as unlocking doors with keycards, in addition to exploration and interaction with objects."
c0baa96f,reflexion_tw,48,0,examine door,0.0,0,1,False,reflection=The world may reward exploration and understanding of the environment and objects.
c0baa96f,reflexion_tw,48,1,open door,0.0,0,1,False,"reflection=The world may reward exploration and interaction with the environment, such as opening doors or manipulating objects, in addition to understanding the"
c0baa96f,reflexion_tw,48,2,go east,0.0,0,1,False,"reflection=The world may reward exploration and interaction with the environment, such as moving to new locations or manipulating objects, in addition to underst"
c0baa96f,reflexion_tw,48,3,examine keyboard,0.0,0,1,False,"reflection=The world may reward interaction with specific objects or understanding their purpose, in addition to exploration."
c0baa96f,reflexion_tw,48,4,take keyboard from mantelpiece,0.0,0,1,False,"reflection=The world may reward interaction with specific objects or understanding their purpose, in addition to exploration, and possibly manipulating objects i"
c0baa96f,reflexion_tw,48,5,put keyboard on mantelpiece,0.0,0,1,False,"reflection=The world may reward interaction with specific objects or understanding their purpose, in addition to exploration, and possibly manipulating objects i"
c0baa96f,reflexion_tw,48,6,examine mantelpiece,0.0,0,1,False,"reflection=The world may reward interaction with specific objects or understanding their purpose, in addition to exploration, and possibly manipulating objects i"
c0baa96f,reflexion_tw,48,7,put sponge on mantelpiece,0.0,0,1,False,"reflection=The world may reward restoring objects to their original state, and using items in a way that addresses environmental issues, such as instability."
c0baa96f,reflexion_tw,48,8,examine sponge,0.0,0,1,False,"reflection=The world may reward restoring objects to their original state, using items to address environmental issues, and examining objects to understand their"
c0baa96f,reflexion_tw,48,9,look,0.0,0,1,False,"reflection=The world may reward restoring objects to their original state, using items to address environmental issues, examining objects to understand their pur"
c0baa96f,reflexion_tw,48,10,examine stand,0.0,0,1,False,"reflection=The world may reward examining objects to understand their purpose or state, and possibly maintaining cleanliness or order. It doesn't seem to reward "
c0baa96f,reflexion_tw,48,11,examine door,0.0,0,1,False,"reflection=The world may reward examining objects to understand their purpose or state, and possibly maintaining cleanliness or order. It doesn't seem to reward "
c0baa96f,reflexion_tw,48,12,examine door,0.0,0,1,False,"reflection=The world may reward examining new objects or areas to understand their purpose or state, especially if they seem unusual or noteworthy."
c0baa96f,reflexion_tw,48,13,go north,0.0,0,1,False,"reflection=The world may reward exploring new areas or interacting with different objects to understand their purpose or state, especially if they seem unusual o"
c0baa96f,reflexion_tw,48,14,go south,0.0,0,1,False,"reflection=The world may reward exploring new areas or interacting with different objects to understand their purpose or state, especially if they seem unusual o"
c0baa96f,reflexion_tw,48,15,go west,0.0,0,1,False,"reflection=The world may reward exploring new, unvisited areas, as my attempts to examine objects or move to previously visited locations have not increased my s"
c0baa96f,reflexion_tw,48,16,go east,0.0,0,1,False,"reflection=The world may reward exploring new, unvisited areas or trying previously unattempted actions in familiar areas."
c0baa96f,reflexion_tw,48,17,take keyboard from mantelpiece,0.0,0,1,False,"reflection=The world may reward interacting with objects in new ways, such as taking them, rather than just examining them or moving between locations."
c0baa96f,reflexion_tw,48,18,examine keyboard,0.0,0,1,False,"reflection=The world may reward interacting with objects in new ways, such as taking them, examining them, or using them, rather than just moving between locatio"
c0baa96f,reflexion_tw,48,19,put keyboard on stand,1.0,1,1,True,"reflection=The world may reward interacting with objects in new ways, such as taking them, examining them, or using them, rather than just moving between locatio"
c0baa96f,reflexion_tw,49,0,look,0.0,0,1,False,reflection=The world may reward exploration and information gathering.
c0baa96f,reflexion_tw,49,1,take latchkey,0.0,0,1,False,"reflection=The world may reward exploration, information gathering, and interacting with objects in the environment, such as picking up items that could be usefu"
c0baa96f,reflexion_tw,49,2,unlock safe with latchkey,0.0,0,1,False,"reflection=The world may reward exploration, information gathering, interacting with objects, and using items in a way that seems logical or intended, such as un"
c0baa96f,reflexion_tw,49,3,examine safe,0.0,0,1,False,"reflection=The world may reward exploration, information gathering, interacting with objects, and using items in a way that seems logical or intended, such as un"
c0baa96f,reflexion_tw,49,4,open safe,0.0,0,1,False,"reflection=The world may reward exploration, information gathering, interacting with objects, and using items in a way that seems logical or intended. It also se"
c0baa96f,reflexion_tw,49,5,examine Comic Strip Calendar,0.0,0,1,False,"reflection=The world seems to reward exploration and interaction with objects in a logical manner, but not all actions are immediately rewarded, suggesting a nee"
c0baa96f,reflexion_tw,49,6,examine portal,0.0,0,1,False,"reflection=The world seems to reward exploration and interaction with objects in a logical manner, and it's possible that certain locations or objects are more s"
c0baa96f,reflexion_tw,49,7,examine portal,0.0,0,1,False,"reflection=The world seems to reward detailed examination of significant objects and locations, suggesting that thorough investigation of the portal could lead t"
c0baa96f,reflexion_tw,49,8,examine latchkey,0.0,0,1,False,"reflection=The world seems to reward detailed examination and interaction with significant objects and locations, suggesting that manipulating the portal could l"
c0baa96f,reflexion_tw,49,9,examine coffer,0.0,0,1,False,"reflection=The world seems to reward detailed examination and interaction with significant objects and locations, and it might also reward exploring new location"
c0baa96f,reflexion_tw,49,10,examine coffer,0.0,0,1,False,"reflection=The world seems to reward detailed examination and interaction with significant objects and locations, and it might also reward exploring new location"
c0baa96f,reflexion_tw,49,11,insert latchkey into safe,0.0,0,1,False,reflection=The world seems to reward detailed examination and interaction with significant objects and locations. It also might reward using items in the invento
c0baa96f,reflexion_tw,49,12,examine safe,0.0,0,1,False,"reflection=The world seems to reward detailed examination and interaction with significant objects and locations, especially after using items in the inventory i"
c0baa96f,reflexion_tw,49,13,examine Comic Strip Calendar,0.0,0,1,False,"reflection=The world seems to reward detailed examination and interaction with significant objects and locations, especially after using items in the inventory i"
c0baa96f,reflexion_tw,49,14,examine Comic Strip Calendar,0.0,0,1,False,"reflection=The world seems to reward detailed examination and interaction with significant objects and locations, especially after using items in the inventory i"
c0baa96f,reflexion_tw,49,15,examine backup calendar,0.0,0,1,False,"reflection=The world seems to reward detailed examination and interaction with significant objects and locations, especially after using items in the inventory i"
c0baa96f,reflexion_tw,49,16,examine backup calendar,0.0,0,1,False,"reflection=The world seems to reward detailed examination and interaction with significant objects and locations, especially after using items in the inventory i"
c0baa96f,reflexion_tw,49,17,insert backup calendar into safe,0.0,0,1,False,"reflection=The world seems to reward detailed examination and interaction with significant objects and locations, especially after using items in the inventory i"
c0baa96f,reflexion_tw,49,18,examine coffer,0.0,0,1,False,"reflection=The world seems to reward detailed examination and interaction with significant objects and locations, especially after using items in the inventory i"
c0baa96f,reflexion_tw,49,19,examine latchkey,0.0,0,1,False,"reflection=The world seems to reward detailed examination and interaction with significant objects and locations, especially after using items in the inventory i"
c0baa96f,reflexion_tw,49,20,take latchkey from safe,0.0,0,1,False,"reflection=The world seems to reward detailed examination and interaction with significant objects and locations, especially after using items in the inventory i"
c0baa96f,reflexion_tw,49,21,examine latchkey,0.0,0,1,False,"reflection=The world seems to reward detailed examination and interaction with significant objects and locations, especially after using items in the inventory i"
c0baa96f,reflexion_tw,49,22,insert latchkey into safe,0.0,0,1,False,"reflection=The world seems to reward detailed examination and interaction with significant objects and locations, especially after using items in the inventory i"
c0baa96f,reflexion_tw,49,23,examine safe,0.0,0,1,False,"reflection=The world seems to reward detailed examination and interaction with significant objects and locations, especially after using items in the inventory i"
c0baa96f,reflexion_tw,49,24,examine Comic Strip Calendar,0.0,0,1,False,"reflection=The world seems to reward detailed examination and interaction with significant objects and locations, especially after using items in the inventory i"
c0baa96f,reflexion_tw,49,25,examine Comic Strip Calendar,0.0,0,1,False,"reflection=The world seems to reward detailed examination and interaction with significant objects and locations, especially after using items in the inventory i"
c0baa96f,reflexion_tw,49,26,examine backup calendar,0.0,0,1,False,"reflection=The world seems to reward detailed examination and interaction with significant objects and locations, especially after using items in the inventory i"
c0baa96f,reflexion_tw,49,27,take backup calendar from safe,0.0,0,1,False,"reflection=The world seems to reward detailed examination and interaction with significant objects and locations, especially after using items in the inventory i"
c0baa96f,reflexion_tw,49,28,examine coffer,0.0,0,1,False,"reflection=The world seems to reward detailed examination and interaction with significant objects and locations, especially after using items in the inventory i"
c0baa96f,reflexion_tw,49,29,go south,0.0,0,1,False,"reflection=The world seems to reward detailed examination and interaction with significant objects and locations, especially after using items in the inventory i"
